"#  (c) Copyright 2016 Xilinx, Inc. All rights reserved."
"# "
"#  This file contains confidential and proprietary information"
"#  of Xilinx, Inc. and is protected under U.S. and"
"#  international copyright and other intellectual property"
"#  laws."
"# "
"#  DISCLAIMER"
"#  This disclaimer is not a license and does not grant any"
"#  rights to the materials distributed herewith. Except as"
"#  otherwise provided in a valid license issued to you by"
"#  Xilinx, and to the maximum extent permitted by applicable"
"#  law: (1) THESE MATERIALS ARE MADE AVAILABLE ""AS IS"" AND"
"#  WITH ALL FAULTS, AND XILINX HEREBY DISCLAIMS ALL WARRANTIES"
"#  AND CONDITIONS, EXPRESS, IMPLIED, OR STATUTORY, INCLUDING"
"#  BUT NOT LIMITED TO WARRANTIES OF MERCHANTABILITY, NON-"
"#  INFRINGEMENT, OR FITNESS FOR ANY PARTICULAR PURPOSE; and"
"#  (2) Xilinx shall not be liable (whether in contract or tort,"
"#  including negligence, or under any other theory of"
"#  liability) for any loss or damage of any kind or nature"
"#  related to, arising under or in connection with these"
"#  materials, including for any direct, or any indirect,"
"#  special, incidental, or consequential loss or damage"
"#  (including loss of data, profits, goodwill, or any type of"
"#  loss or damage suffered as a result of any action brought"
"#  by a third party) even if such damage or loss was"
"#  reasonably foreseeable or Xilinx had been advised of the"
"#  possibility of the same."
"# "
"#  CRITICAL APPLICATIONS"
"#  Xilinx products are not designed or intended to be fail-"
"#  safe, or for use in any application requiring fail-safe"
"#  performance, such as life-support or safety devices or"
"#  systems, Class III medical devices, nuclear facilities,"
"#  applications related to the deployment of airbags, or any"
"#  other applications that could lead to death, personal"
"#  injury, or severe property or environmental damage"
"#  (individually and collectively, ""Critical"
"#  Applications""). Customer assumes the sole risk and"
"#  liability of any use of Xilinx products in Critical"
"#  Applications, subject only to applicable laws and"
"#  regulations governing limitations on product liability."
"# "
"#  THIS COPYRIGHT NOTICE AND DISCLAIMER MUST BE RETAINED AS"
"#  PART OF THIS FILE AT ALL TIMES."
"# "
"#----------------------------------------------------------------------"
"#  ASCII Pinout File"
"# "
"#  Device   : xczu7egffvc1156"
"#  Date     : 11/29/2016 16:10:10"
"#  Revision : 1.0"
"#  Status   : Engineering Sample"
"# "
"#  Engineering Sample pkg specifications are based on a released"
"#  package design and validated with ES engineering sample"
"#  (ES) devices. Package specifications with this designation"
"#  are considered stable, however some pinout and mechanical"
"#  specifications might change prior to the production release"
"#  of the particular device. Package pinouts with this"
"#  designation are to be used for PCB and Vivado designs"
"#  using ES devices."
"# "
"#----------------------------------------------------------------------"
"#  Modification History"
"#  | Date    : 10/6/2016"
"#  | Revision: 0.1"
"#  | Status  : Evaluation Only"
"#  | Details : Initial creation."
"#----------------------------------------------------------------------"
"#  | Date    : 11/29/2016"
"#  | Revision: 1.0"
"#  | Status  : Engineering Sample"
"#  | Details : Updated Status from Evaluation_Only to Engineering_Sample"
"#----------------------------------------------------------------------"
,,,,,
Pin,Pin Name,Memory Byte Group,Bank,I/O Type,Super Logic Region
V17,DXN,NA,NA,NA,NA
V18,DXP,NA,NA,NA,NA
R17,GNDADC,NA,NA,NA,NA
AA12,POR_OVERRIDE,NA,NA,NA,NA
AA13,PUDC_B,NA,0,CONFIG,NA
R18,VCCADC,NA,NA,NA,NA
U17,VN,NA,NA,NA,NA
T18,VP,NA,NA,NA,NA
T17,VREFN,NA,NA,NA,NA
U18,VREFP,NA,NA,NA,NA
B21,IO_L24N_T3U_N11_28,3U,28,HP,NA
B20,IO_L24P_T3U_N10_28,3U,28,HP,NA
A23,IO_L23N_T3U_N9_28,3U,28,HP,NA
A22,IO_L23P_T3U_N8_28,3U,28,HP,NA
B19,IO_L22N_T3U_N7_DBC_AD0N_28,3U,28,HP,NA
B18,IO_L22P_T3U_N6_DBC_AD0P_28,3U,28,HP,NA
A21,IO_L21N_T3L_N5_AD8N_28,3L,28,HP,NA
A20,IO_L21P_T3L_N4_AD8P_28,3L,28,HP,NA
C19,IO_L20N_T3L_N3_AD1N_28,3L,28,HP,NA
C18,IO_L20P_T3L_N2_AD1P_28,3L,28,HP,NA
A19,IO_L19N_T3L_N1_DBC_AD9N_28,3L,28,HP,NA
A18,IO_L19P_T3L_N0_DBC_AD9P_28,3L,28,HP,NA
B23,IO_T3U_N12_28,3U,28,HP,NA
F25,IO_T2U_N12_28,2U,28,HP,NA
G26,IO_L18N_T2U_N11_AD2N_28,2U,28,HP,NA
G25,IO_L18P_T2U_N10_AD2P_28,2U,28,HP,NA
C23,IO_L17N_T2U_N9_AD10N_28,2U,28,HP,NA
D22,IO_L17P_T2U_N8_AD10P_28,2U,28,HP,NA
D24,IO_L16N_T2U_N7_QBC_AD3N_28,2U,28,HP,NA
E24,IO_L16P_T2U_N6_QBC_AD3P_28,2U,28,HP,NA
C22,IO_L15N_T2L_N5_AD11N_28,2L,28,HP,NA
C21,IO_L15P_T2L_N4_AD11P_28,2L,28,HP,NA
G24,IO_L14N_T2L_N3_GC_28,2L,28,HP,NA
G23,IO_L14P_T2L_N2_GC_28,2L,28,HP,NA
E23,IO_L13N_T2L_N1_GC_QBC_28,2L,28,HP,NA
F23,IO_L13P_T2L_N0_GC_QBC_28,2L,28,HP,NA
F21,IO_L12N_T1U_N11_GC_28,1U,28,HP,NA
G21,IO_L12P_T1U_N10_GC_28,1U,28,HP,NA
E22,IO_L11N_T1U_N9_GC_28,1U,28,HP,NA
F22,IO_L11P_T1U_N8_GC_28,1U,28,HP,NA
F20,IO_L10N_T1U_N7_QBC_AD4N_28,1U,28,HP,NA
G20,IO_L10P_T1U_N6_QBC_AD4P_28,1U,28,HP,NA
D21,IO_L9N_T1L_N5_AD12N_28,1L,28,HP,NA
D20,IO_L9P_T1L_N4_AD12P_28,1L,28,HP,NA
H22,IO_L8N_T1L_N3_AD5N_28,1L,28,HP,NA
H21,IO_L8P_T1L_N2_AD5P_28,1L,28,HP,NA
D19,IO_L7N_T1L_N1_QBC_AD13N_28,1L,28,HP,NA
E19,IO_L7P_T1L_N0_QBC_AD13P_28,1L,28,HP,NA
E20,IO_T1U_N12_28,1U,28,HP,NA
H23,IO_T0U_N12_VRP_28,0U,28,HP,NA
H24,IO_L6N_T0U_N11_AD6N_28,0U,28,HP,NA
J24,IO_L6P_T0U_N10_AD6P_28,0U,28,HP,NA
H26,IO_L5N_T0U_N9_AD14N_28,0U,28,HP,NA
J25,IO_L5P_T0U_N8_AD14P_28,0U,28,HP,NA
K23,IO_L4N_T0U_N7_DBC_AD7N_28,0U,28,HP,NA
K22,IO_L4P_T0U_N6_DBC_AD7P_28,0U,28,HP,NA
J22,IO_L3N_T0L_N5_AD15N_28,0L,28,HP,NA
J21,IO_L3P_T0L_N4_AD15P_28,0L,28,HP,NA
K24,IO_L2N_T0L_N3_28,0L,28,HP,NA
L23,IO_L2P_T0L_N2_28,0L,28,HP,NA
L22,IO_L1N_T0L_N1_DBC_28,0L,28,HP,NA
L21,IO_L1P_T0L_N0_DBC_28,0L,28,HP,NA
M23,VREF_28,NA,28,HP,NA
A11,IO_L24N_T3U_N11_68,3U,68,HP,NA
B11,IO_L24P_T3U_N10_68,3U,68,HP,NA
A7,IO_L23N_T3U_N9_68,3U,68,HP,NA
A8,IO_L23P_T3U_N8_68,3U,68,HP,NA
A10,IO_L22N_T3U_N7_DBC_AD0N_68,3U,68,HP,NA
B10,IO_L22P_T3U_N6_DBC_AD0P_68,3U,68,HP,NA
A6,IO_L21N_T3L_N5_AD8N_68,3L,68,HP,NA
B6,IO_L21P_T3L_N4_AD8P_68,3L,68,HP,NA
B8,IO_L20N_T3L_N3_AD1N_68,3L,68,HP,NA
B9,IO_L20P_T3L_N2_AD1P_68,3L,68,HP,NA
C6,IO_L19N_T3L_N1_DBC_AD9N_68,3L,68,HP,NA
C7,IO_L19P_T3L_N0_DBC_AD9P_68,3L,68,HP,NA
A9,IO_T3U_N12_68,3U,68,HP,NA
G13,IO_T2U_N12_68,2U,68,HP,NA
C11,IO_L18N_T2U_N11_AD2N_68,2U,68,HP,NA
D12,IO_L18P_T2U_N10_AD2P_68,2U,68,HP,NA
E12,IO_L17N_T2U_N9_AD10N_68,2U,68,HP,NA
F12,IO_L17P_T2U_N8_AD10P_68,2U,68,HP,NA
D10,IO_L16N_T2U_N7_QBC_AD3N_68,2U,68,HP,NA
D11,IO_L16P_T2U_N6_QBC_AD3P_68,2U,68,HP,NA
H12,IO_L15N_T2L_N5_AD11N_68,2L,68,HP,NA
H13,IO_L15P_T2L_N4_AD11P_68,2L,68,HP,NA
E10,IO_L14N_T2L_N3_GC_68,2L,68,HP,NA
F11,IO_L14P_T2L_N2_GC_68,2L,68,HP,NA
G11,IO_L13N_T2L_N1_GC_QBC_68,2L,68,HP,NA
H11,IO_L13P_T2L_N0_GC_QBC_68,2L,68,HP,NA
F10,IO_L12N_T1U_N11_GC_68,1U,68,HP,NA
G10,IO_L12P_T1U_N10_GC_68,1U,68,HP,NA
G9,IO_L11N_T1U_N9_GC_68,1U,68,HP,NA
H9,IO_L11P_T1U_N8_GC_68,1U,68,HP,NA
D9,IO_L10N_T1U_N7_QBC_AD4N_68,1U,68,HP,NA
E9,IO_L10P_T1U_N6_QBC_AD4P_68,1U,68,HP,NA
E8,IO_L9N_T1L_N5_AD12N_68,1L,68,HP,NA
F8,IO_L9P_T1L_N4_AD12P_68,1L,68,HP,NA
C8,IO_L8N_T1L_N3_AD5N_68,1L,68,HP,NA
C9,IO_L8P_T1L_N2_AD5P_68,1L,68,HP,NA
E7,IO_L7N_T1L_N1_QBC_AD13N_68,1L,68,HP,NA
F7,IO_L7P_T1L_N0_QBC_AD13P_68,1L,68,HP,NA
D7,IO_T1U_N12_68,1U,68,HP,NA
H14,IO_T0U_N12_VRP_68,0U,68,HP,NA
K13,IO_L6N_T0U_N11_AD6N_68,0U,68,HP,NA
L14,IO_L6P_T0U_N10_AD6P_68,0U,68,HP,NA
J14,IO_L5N_T0U_N9_AD14N_68,0U,68,HP,NA
K14,IO_L5P_T0U_N8_AD14P_68,0U,68,HP,NA
J11,IO_L4N_T0U_N7_DBC_AD7N_68,0U,68,HP,NA
K12,IO_L4P_T0U_N6_DBC_AD7P_68,0U,68,HP,NA
L11,IO_L3N_T0L_N5_AD15N_68,0L,68,HP,NA
L12,IO_L3P_T0L_N4_AD15P_68,0L,68,HP,NA
J10,IO_L2N_T0L_N3_68,0L,68,HP,NA
K10,IO_L2P_T0L_N2_68,0L,68,HP,NA
L13,IO_L1N_T0L_N1_DBC_68,0L,68,HP,NA
M13,IO_L1P_T0L_N0_DBC_68,0L,68,HP,NA
J12,VREF_68,NA,68,HP,NA
L16,IO_L24N_T3U_N11_67,3U,67,HP,NA
L17,IO_L24P_T3U_N10_67,3U,67,HP,NA
K18,IO_L23N_T3U_N9_67,3U,67,HP,NA
K19,IO_L23P_T3U_N8_67,3U,67,HP,NA
K15,IO_L22N_T3U_N7_DBC_AD0N_67,3U,67,HP,NA
L15,IO_L22P_T3U_N6_DBC_AD0P_67,3U,67,HP,NA
J17,IO_L21N_T3L_N5_AD8N_67,3L,67,HP,NA
K17,IO_L21P_T3L_N4_AD8P_67,3L,67,HP,NA
J15,IO_L20N_T3L_N3_AD1N_67,3L,67,HP,NA
J16,IO_L20P_T3L_N2_AD1P_67,3L,67,HP,NA
K20,IO_L19N_T3L_N1_DBC_AD9N_67,3L,67,HP,NA
L20,IO_L19P_T3L_N0_DBC_AD9P_67,3L,67,HP,NA
J20,IO_T3U_N12_67,3U,67,HP,NA
J19,IO_T2U_N12_67,2U,67,HP,NA
G16,IO_L18N_T2U_N11_AD2N_67,2U,67,HP,NA
H16,IO_L18P_T2U_N10_AD2P_67,2U,67,HP,NA
F18,IO_L17N_T2U_N9_AD10N_67,2U,67,HP,NA
G18,IO_L17P_T2U_N8_AD10P_67,2U,67,HP,NA
H17,IO_L16N_T2U_N7_QBC_AD3N_67,2U,67,HP,NA
H18,IO_L16P_T2U_N6_QBC_AD3P_67,2U,67,HP,NA
G19,IO_L15N_T2L_N5_AD11N_67,2L,67,HP,NA
H19,IO_L15P_T2L_N4_AD11P_67,2L,67,HP,NA
F15,IO_L14N_T2L_N3_GC_67,2L,67,HP,NA
G15,IO_L14P_T2L_N2_GC_67,2L,67,HP,NA
F16,IO_L13N_T2L_N1_GC_QBC_67,2L,67,HP,NA
F17,IO_L13P_T2L_N0_GC_QBC_67,2L,67,HP,NA
E14,IO_L12N_T1U_N11_GC_67,1U,67,HP,NA
E15,IO_L12P_T1U_N10_GC_67,1U,67,HP,NA
D14,IO_L11N_T1U_N9_GC_67,1U,67,HP,NA
D15,IO_L11P_T1U_N8_GC_67,1U,67,HP,NA
F13,IO_L10N_T1U_N7_QBC_AD4N_67,1U,67,HP,NA
G14,IO_L10P_T1U_N6_QBC_AD4P_67,1U,67,HP,NA
E17,IO_L9N_T1L_N5_AD12N_67,1L,67,HP,NA
E18,IO_L9P_T1L_N4_AD12P_67,1L,67,HP,NA
C17,IO_L8N_T1L_N3_AD5N_67,1L,67,HP,NA
D17,IO_L8P_T1L_N2_AD5P_67,1L,67,HP,NA
C16,IO_L7N_T1L_N1_QBC_AD13N_67,1L,67,HP,NA
D16,IO_L7P_T1L_N0_QBC_AD13P_67,1L,67,HP,NA
E13,IO_T1U_N12_67,1U,67,HP,NA
C14,IO_T0U_N12_VRP_67,0U,67,HP,NA
C12,IO_L6N_T0U_N11_AD6N_67,0U,67,HP,NA
C13,IO_L6P_T0U_N10_AD6P_67,0U,67,HP,NA
A12,IO_L5N_T0U_N9_AD14N_67,0U,67,HP,NA
A13,IO_L5P_T0U_N8_AD14P_67,0U,67,HP,NA
B13,IO_L4N_T0U_N7_DBC_AD7N_67,0U,67,HP,NA
B14,IO_L4P_T0U_N6_DBC_AD7P_67,0U,67,HP,NA
A14,IO_L3N_T0L_N5_AD15N_67,0L,67,HP,NA
A15,IO_L3P_T0L_N4_AD15P_67,0L,67,HP,NA
B15,IO_L2N_T0L_N3_67,0L,67,HP,NA
B16,IO_L2P_T0L_N2_67,0L,67,HP,NA
A16,IO_L1N_T0L_N1_DBC_67,0L,67,HP,NA
A17,IO_L1P_T0L_N0_DBC_67,0L,67,HP,NA
L18,VREF_67,NA,67,HP,NA
AC13,IO_L24N_T3U_N11_66,3U,66,HP,NA
AB13,IO_L24P_T3U_N10_66,3U,66,HP,NA
AF12,IO_L23N_T3U_N9_66,3U,66,HP,NA
AE12,IO_L23P_T3U_N8_66,3U,66,HP,NA
AD12,IO_L22N_T3U_N7_DBC_AD0N_66,3U,66,HP,NA
AC12,IO_L22P_T3U_N6_DBC_AD0P_66,3U,66,HP,NA
AF13,IO_L21N_T3L_N5_AD8N_66,3L,66,HP,NA
AE13,IO_L21P_T3L_N4_AD8P_66,3L,66,HP,NA
AE14,IO_L20N_T3L_N3_AD1N_66,3L,66,HP,NA
AD14,IO_L20P_T3L_N2_AD1P_66,3L,66,HP,NA
AF10,IO_L19N_T3L_N1_DBC_AD9N_66,3L,66,HP,NA
AF11,IO_L19P_T3L_N0_DBC_AD9P_66,3L,66,HP,NA
AC14,IO_T3U_N12_66,3U,66,HP,NA
AH8,IO_T2U_N12_66,2U,66,HP,NA
AG8,IO_L18N_T2U_N11_AD2N_66,2U,66,HP,NA
AF8,IO_L18P_T2U_N10_AD2P_66,2U,66,HP,NA
AG10,IO_L17N_T2U_N9_AD10N_66,2U,66,HP,NA
AG11,IO_L17P_T2U_N8_AD10P_66,2U,66,HP,NA
AH9,IO_L16N_T2U_N7_QBC_AD3N_66,2U,66,HP,NA
AG9,IO_L16P_T2U_N6_QBC_AD3P_66,2U,66,HP,NA
AH13,IO_L15N_T2L_N5_AD11N_66,2L,66,HP,NA
AG13,IO_L15P_T2L_N4_AD11P_66,2L,66,HP,NA
AJ11,IO_L14N_T2L_N3_GC_66,2L,66,HP,NA
AH11,IO_L14P_T2L_N2_GC_66,2L,66,HP,NA
AJ12,IO_L13N_T2L_N1_GC_QBC_66,2L,66,HP,NA
AH12,IO_L13P_T2L_N0_GC_QBC_66,2L,66,HP,NA
AK9,IO_L12N_T1U_N11_GC_66,1U,66,HP,NA
AJ9,IO_L12P_T1U_N10_GC_66,1U,66,HP,NA
AK10,IO_L11N_T1U_N9_GC_66,1U,66,HP,NA
AJ10,IO_L11P_T1U_N8_GC_66,1U,66,HP,NA
AL8,IO_L10N_T1U_N7_QBC_AD4N_66,1U,66,HP,NA
AK8,IO_L10P_T1U_N6_QBC_AD4P_66,1U,66,HP,NA
AL12,IO_L9N_T1L_N5_AD12N_66,1L,66,HP,NA
AK12,IO_L9P_T1L_N4_AD12P_66,1L,66,HP,NA
AL10,IO_L8N_T1L_N3_AD5N_66,1L,66,HP,NA
AL11,IO_L8P_T1L_N2_AD5P_66,1L,66,HP,NA
AL13,IO_L7N_T1L_N1_QBC_AD13N_66,1L,66,HP,NA
AK13,IO_L7P_T1L_N0_QBC_AD13P_66,1L,66,HP,NA
AM13,IO_T1U_N12_66,1U,66,HP,NA
AP8,IO_T0U_N12_VRP_66,0U,66,HP,NA
AM8,IO_L6N_T0U_N11_AD6N_66,0U,66,HP,NA
AM9,IO_L6P_T0U_N10_AD6P_66,0U,66,HP,NA
AM10,IO_L5N_T0U_N9_AD14N_66,0U,66,HP,NA
AM11,IO_L5P_T0U_N8_AD14P_66,0U,66,HP,NA
AN8,IO_L4N_T0U_N7_DBC_AD7N_66,0U,66,HP,NA
AN9,IO_L4P_T0U_N6_DBC_AD7P_66,0U,66,HP,NA
AP11,IO_L3N_T0L_N5_AD15N_66,0L,66,HP,NA
AN11,IO_L3P_T0L_N4_AD15P_66,0L,66,HP,NA
AP9,IO_L2N_T0L_N3_66,0L,66,HP,NA
AP10,IO_L2P_T0L_N2_66,0L,66,HP,NA
AP12,IO_L1N_T0L_N1_DBC_66,0L,66,HP,NA
AN12,IO_L1P_T0L_N0_DBC_66,0L,66,HP,NA
AB12,VREF_66,NA,66,HP,NA
AA20,IO_L24N_T3U_N11_PERSTN0_65,3U,65,HP,NA
AA19,IO_L24P_T3U_N10_PERSTN1_I2C_SDA_65,3U,65,HP,NA
AD19,IO_L23N_T3U_N9_65,3U,65,HP,NA
AC18,IO_L23P_T3U_N8_I2C_SCLK_65,3U,65,HP,NA
AB18,IO_L22N_T3U_N7_DBC_AD0N_65,3U,65,HP,NA
AA18,IO_L22P_T3U_N6_DBC_AD0P_65,3U,65,HP,NA
AE20,IO_L21N_T3L_N5_AD8N_65,3L,65,HP,NA
AD20,IO_L21P_T3L_N4_AD8P_65,3L,65,HP,NA
AC19,IO_L20N_T3L_N3_AD1N_65,3L,65,HP,NA
AB19,IO_L20P_T3L_N2_AD1P_65,3L,65,HP,NA
AE19,IO_L19N_T3L_N1_DBC_AD9N_65,3L,65,HP,NA
AE18,IO_L19P_T3L_N0_DBC_AD9P_65,3L,65,HP,NA
AE22,IO_T3U_N12_65,3U,65,HP,NA
AF20,IO_T2U_N12_65,2U,65,HP,NA
AE24,IO_L18N_T2U_N11_AD2N_65,2U,65,HP,NA
AE23,IO_L18P_T2U_N10_AD2P_65,2U,65,HP,NA
AF22,IO_L17N_T2U_N9_AD10N_65,2U,65,HP,NA
AF21,IO_L17P_T2U_N8_AD10P_65,2U,65,HP,NA
AG23,IO_L16N_T2U_N7_QBC_AD3N_65,2U,65,HP,NA
AF23,IO_L16P_T2U_N6_QBC_AD3P_65,2U,65,HP,NA
AG20,IO_L15N_T2L_N5_AD11N_65,2L,65,HP,NA
AG19,IO_L15P_T2L_N4_AD11P_65,2L,65,HP,NA
AH21,IO_L14N_T2L_N3_GC_65,2L,65,HP,NA
AG21,IO_L14P_T2L_N2_GC_65,2L,65,HP,NA
AH23,IO_L13N_T2L_N1_GC_QBC_65,2L,65,HP,NA
AH22,IO_L13P_T2L_N0_GC_QBC_65,2L,65,HP,NA
AJ22,IO_L12N_T1U_N11_GC_65,1U,65,HP,NA
AJ21,IO_L12P_T1U_N10_GC_65,1U,65,HP,NA
AK20,IO_L11N_T1U_N9_GC_65,1U,65,HP,NA
AJ20,IO_L11P_T1U_N8_GC_65,1U,65,HP,NA
AK23,IO_L10N_T1U_N7_QBC_AD4N_65,1U,65,HP,NA
AK22,IO_L10P_T1U_N6_QBC_AD4P_65,1U,65,HP,NA
AK19,IO_L9N_T1L_N5_AD12N_65,1L,65,HP,NA
AJ19,IO_L9P_T1L_N4_AD12P_65,1L,65,HP,NA
AL23,IO_L8N_T1L_N3_AD5N_65,1L,65,HP,NA
AL22,IO_L8P_T1L_N2_AD5P_65,1L,65,HP,NA
AL21,IO_L7N_T1L_N1_QBC_AD13N_65,1L,65,HP,NA
AL20,IO_L7P_T1L_N0_QBC_AD13P_65,1L,65,HP,NA
AH19,IO_T1U_N12_65,1U,65,HP,NA
AM20,IO_T0U_N12_VRP_65,0U,65,HP,NA
AN23,IO_L6N_T0U_N11_AD6N_65,0U,65,HP,NA
AM23,IO_L6P_T0U_N10_AD6P_65,0U,65,HP,NA
AP23,IO_L5N_T0U_N9_AD14N_65,0U,65,HP,NA
AN22,IO_L5P_T0U_N8_AD14P_65,0U,65,HP,NA
AN21,IO_L4N_T0U_N7_DBC_AD7N_65,0U,65,HP,NA
AM21,IO_L4P_T0U_N6_DBC_AD7P_SMBALERT_65,0U,65,HP,NA
AP22,IO_L3N_T0L_N5_AD15N_65,0L,65,HP,NA
AP21,IO_L3P_T0L_N4_AD15P_65,0L,65,HP,NA
AN19,IO_L2N_T0L_N3_65,0L,65,HP,NA
AM19,IO_L2P_T0L_N2_65,0L,65,HP,NA
AP20,IO_L1N_T0L_N1_DBC_65,0L,65,HP,NA
AP19,IO_L1P_T0L_N0_DBC_65,0L,65,HP,NA
AB20,VREF_65,NA,65,HP,NA
AD16,IO_L24N_T3U_N11_64,3U,64,HP,NA
AD17,IO_L24P_T3U_N10_64,3U,64,HP,NA
AB14,IO_L23N_T3U_N9_64,3U,64,HP,NA
AA14,IO_L23P_T3U_N8_64,3U,64,HP,NA
AA15,IO_L22N_T3U_N7_DBC_AD0N_64,3U,64,HP,NA
AA16,IO_L22P_T3U_N6_DBC_AD0P_64,3U,64,HP,NA
AB15,IO_L21N_T3L_N5_AD8N_64,3L,64,HP,NA
AB16,IO_L21P_T3L_N4_AD8P_64,3L,64,HP,NA
AC16,IO_L20N_T3L_N3_AD1N_64,3L,64,HP,NA
AC17,IO_L20P_T3L_N2_AD1P_64,3L,64,HP,NA
AE15,IO_L19N_T3L_N1_DBC_AD9N_64,3L,64,HP,NA
AD15,IO_L19P_T3L_N0_DBC_AD9P_64,3L,64,HP,NA
AA17,IO_T3U_N12_64,3U,64,HP,NA
AH16,IO_T2U_N12_64,2U,64,HP,NA
AG14,IO_L18N_T2U_N11_AD2N_64,2U,64,HP,NA
AG15,IO_L18P_T2U_N10_AD2P_64,2U,64,HP,NA
AF15,IO_L17N_T2U_N9_AD10N_64,2U,64,HP,NA
AF16,IO_L17P_T2U_N8_AD10P_64,2U,64,HP,NA
AJ14,IO_L16N_T2U_N7_QBC_AD3N_64,2U,64,HP,NA
AH14,IO_L16P_T2U_N6_QBC_AD3P_64,2U,64,HP,NA
AF17,IO_L15N_T2L_N5_AD11N_64,2L,64,HP,NA
AE17,IO_L15P_T2L_N4_AD11P_64,2L,64,HP,NA
AG18,IO_L14N_T2L_N3_GC_64,2L,64,HP,NA
AF18,IO_L14P_T2L_N2_GC_64,2L,64,HP,NA
AH17,IO_L13N_T2L_N1_GC_QBC_64,2L,64,HP,NA
AH18,IO_L13P_T2L_N0_GC_QBC_64,2L,64,HP,NA
AJ15,IO_L12N_T1U_N11_GC_64,1U,64,HP,NA
AJ16,IO_L12P_T1U_N10_GC_64,1U,64,HP,NA
AK17,IO_L11N_T1U_N9_GC_64,1U,64,HP,NA
AJ17,IO_L11P_T1U_N8_GC_64,1U,64,HP,NA
AK14,IO_L10N_T1U_N7_QBC_AD4N_64,1U,64,HP,NA
AK15,IO_L10P_T1U_N6_QBC_AD4P_64,1U,64,HP,NA
AL18,IO_L9N_T1L_N5_AD12N_64,1L,64,HP,NA
AK18,IO_L9P_T1L_N4_AD12P_64,1L,64,HP,NA
AL15,IO_L8N_T1L_N3_AD5N_64,1L,64,HP,NA
AL16,IO_L8P_T1L_N2_AD5P_64,1L,64,HP,NA
AM15,IO_L7N_T1L_N1_QBC_AD13N_64,1L,64,HP,NA
AM16,IO_L7P_T1L_N0_QBC_AD13P_64,1L,64,HP,NA
AL17,IO_T1U_N12_64,1U,64,HP,NA
AP14,IO_T0U_N12_VRP_64,0U,64,HP,NA
AN16,IO_L6N_T0U_N11_AD6N_64,0U,64,HP,NA
AN17,IO_L6P_T0U_N10_AD6P_64,0U,64,HP,NA
AP15,IO_L5N_T0U_N9_AD14N_64,0U,64,HP,NA
AP16,IO_L5P_T0U_N8_AD14P_64,0U,64,HP,NA
AN14,IO_L4N_T0U_N7_DBC_AD7N_64,0U,64,HP,NA
AM14,IO_L4P_T0U_N6_DBC_AD7P_64,0U,64,HP,NA
AN18,IO_L3N_T0L_N5_AD15N_64,0L,64,HP,NA
AM18,IO_L3P_T0L_N4_AD15P_64,0L,64,HP,NA
AP13,IO_L2N_T0L_N3_64,0L,64,HP,NA
AN13,IO_L2P_T0L_N2_64,0L,64,HP,NA
AP17,IO_L1N_T0L_N1_DBC_64,0L,64,HP,NA
AP18,IO_L1P_T0L_N0_DBC_64,0L,64,HP,NA
AG16,VREF_64,NA,64,HP,NA
E5,IO_L12N_AD8N_88,NA,88,HD,NA
F6,IO_L12P_AD8P_88,NA,88,HD,NA
D5,IO_L11N_AD9N_88,NA,88,HD,NA
D6,IO_L11P_AD9P_88,NA,88,HD,NA
A5,IO_L10N_AD10N_88,NA,88,HD,NA
B5,IO_L10P_AD10P_88,NA,88,HD,NA
F4,IO_L9N_AD11N_88,NA,88,HD,NA
F5,IO_L9P_AD11P_88,NA,88,HD,NA
D4,IO_L8N_HDGC_88,NA,88,HD,NA
E4,IO_L8P_HDGC_88,NA,88,HD,NA
B4,IO_L7N_HDGC_88,NA,88,HD,NA
C4,IO_L7P_HDGC_88,NA,88,HD,NA
B3,IO_L6N_HDGC_88,NA,88,HD,NA
C3,IO_L6P_HDGC_88,NA,88,HD,NA
C2,IO_L5N_HDGC_88,NA,88,HD,NA
D2,IO_L5P_HDGC_88,NA,88,HD,NA
E2,IO_L4N_AD12N_88,NA,88,HD,NA
E3,IO_L4P_AD12P_88,NA,88,HD,NA
A2,IO_L3N_AD13N_88,NA,88,HD,NA
A3,IO_L3P_AD13P_88,NA,88,HD,NA
B1,IO_L2N_AD14N_88,NA,88,HD,NA
C1,IO_L2P_AD14P_88,NA,88,HD,NA
D1,IO_L1N_AD15N_88,NA,88,HD,NA
E1,IO_L1P_AD15P_88,NA,88,HD,NA
G8,IO_L12N_AD0N_87,NA,87,HD,NA
H8,IO_L12P_AD0P_87,NA,87,HD,NA
G7,IO_L11N_AD1N_87,NA,87,HD,NA
H7,IO_L11P_AD1P_87,NA,87,HD,NA
G6,IO_L10N_AD2N_87,NA,87,HD,NA
H6,IO_L10P_AD2P_87,NA,87,HD,NA
J6,IO_L9N_AD3N_87,NA,87,HD,NA
J7,IO_L9P_AD3P_87,NA,87,HD,NA
J9,IO_L8N_HDGC_AD4N_87,NA,87,HD,NA
K9,IO_L8P_HDGC_AD4P_87,NA,87,HD,NA
K8,IO_L7N_HDGC_AD5N_87,NA,87,HD,NA
L8,IO_L7P_HDGC_AD5P_87,NA,87,HD,NA
L10,IO_L6N_HDGC_AD6N_87,NA,87,HD,NA
M10,IO_L6P_HDGC_AD6P_87,NA,87,HD,NA
M8,IO_L5N_HDGC_AD7N_87,NA,87,HD,NA
M9,IO_L5P_HDGC_AD7P_87,NA,87,HD,NA
M11,IO_L4N_AD8N_87,NA,87,HD,NA
N11,IO_L4P_AD8P_87,NA,87,HD,NA
M12,IO_L3N_AD9N_87,NA,87,HD,NA
N13,IO_L3P_AD9P_87,NA,87,HD,NA
N8,IO_L2N_AD10N_87,NA,87,HD,NA
N9,IO_L2P_AD10P_87,NA,87,HD,NA
N12,IO_L1N_AD11N_87,NA,87,HD,NA
P12,IO_L1P_AD11P_87,NA,87,HD,NA
AP3,MGTHRXN0_223,NA,223,GTH,NA
AN1,MGTHRXN1_223,NA,223,GTH,NA
AL1,MGTHRXN2_223,NA,223,GTH,NA
AK3,MGTHRXN3_223,NA,223,GTH,NA
AP4,MGTHRXP0_223,NA,223,GTH,NA
AN2,MGTHRXP1_223,NA,223,GTH,NA
AL2,MGTHRXP2_223,NA,223,GTH,NA
AK4,MGTHRXP3_223,NA,223,GTH,NA
AN5,MGTHTXN0_223,NA,223,GTH,NA
AM3,MGTHTXN1_223,NA,223,GTH,NA
AL5,MGTHTXN2_223,NA,223,GTH,NA
AJ5,MGTHTXN3_223,NA,223,GTH,NA
AN6,MGTHTXP0_223,NA,223,GTH,NA
AM4,MGTHTXP1_223,NA,223,GTH,NA
AL6,MGTHTXP2_223,NA,223,GTH,NA
AJ6,MGTHTXP3_223,NA,223,GTH,NA
AD7,MGTREFCLK0N_223,NA,223,GTH,NA
AD8,MGTREFCLK0P_223,NA,223,GTH,NA
AC9,MGTREFCLK1N_223,NA,223,GTH,NA
AC10,MGTREFCLK1P_223,NA,223,GTH,NA
AJ1,MGTHRXN0_224,NA,224,GTH,NA
AG1,MGTHRXN1_224,NA,224,GTH,NA
AF3,MGTHRXN2_224,NA,224,GTH,NA
AE1,MGTHRXN3_224,NA,224,GTH,NA
AJ2,MGTHRXP0_224,NA,224,GTH,NA
AG2,MGTHRXP1_224,NA,224,GTH,NA
AF4,MGTHRXP2_224,NA,224,GTH,NA
AE2,MGTHRXP3_224,NA,224,GTH,NA
AH3,MGTHTXN0_224,NA,224,GTH,NA
AG5,MGTHTXN1_224,NA,224,GTH,NA
AE5,MGTHTXN2_224,NA,224,GTH,NA
AD3,MGTHTXN3_224,NA,224,GTH,NA
AH4,MGTHTXP0_224,NA,224,GTH,NA
AG6,MGTHTXP1_224,NA,224,GTH,NA
AE6,MGTHTXP2_224,NA,224,GTH,NA
AD4,MGTHTXP3_224,NA,224,GTH,NA
AB7,MGTREFCLK0N_224,NA,224,GTH,NA
AB8,MGTREFCLK0P_224,NA,224,GTH,NA
AA9,MGTREFCLK1N_224,NA,224,GTH,NA
AA10,MGTREFCLK1P_224,NA,224,GTH,NA
AD9,MGTAVTTRCAL_R,NA,NA,NA,NA
AD10,MGTRREF_R,NA,NA,NA,NA
AC1,MGTHRXN0_225,NA,225,GTH,NA
AB3,MGTHRXN1_225,NA,225,GTH,NA
AA1,MGTHRXN2_225,NA,225,GTH,NA
W1,MGTHRXN3_225,NA,225,GTH,NA
AC2,MGTHRXP0_225,NA,225,GTH,NA
AB4,MGTHRXP1_225,NA,225,GTH,NA
AA2,MGTHRXP2_225,NA,225,GTH,NA
W2,MGTHRXP3_225,NA,225,GTH,NA
AC5,MGTHTXN0_225,NA,225,GTH,NA
AA5,MGTHTXN1_225,NA,225,GTH,NA
Y3,MGTHTXN2_225,NA,225,GTH,NA
W5,MGTHTXN3_225,NA,225,GTH,NA
AC6,MGTHTXP0_225,NA,225,GTH,NA
AA6,MGTHTXP1_225,NA,225,GTH,NA
Y4,MGTHTXP2_225,NA,225,GTH,NA
W6,MGTHTXP3_225,NA,225,GTH,NA
Y7,MGTREFCLK0N_225,NA,225,GTH,NA
Y8,MGTREFCLK0P_225,NA,225,GTH,NA
W9,MGTREFCLK1N_225,NA,225,GTH,NA
W10,MGTREFCLK1P_225,NA,225,GTH,NA
V3,MGTHRXN0_226,NA,226,GTH,NA
U1,MGTHRXN1_226,NA,226,GTH,NA
R1,MGTHRXN2_226,NA,226,GTH,NA
P3,MGTHRXN3_226,NA,226,GTH,NA
V4,MGTHRXP0_226,NA,226,GTH,NA
U2,MGTHRXP1_226,NA,226,GTH,NA
R2,MGTHRXP2_226,NA,226,GTH,NA
P4,MGTHRXP3_226,NA,226,GTH,NA
U5,MGTHTXN0_226,NA,226,GTH,NA
T3,MGTHTXN1_226,NA,226,GTH,NA
R5,MGTHTXN2_226,NA,226,GTH,NA
N5,MGTHTXN3_226,NA,226,GTH,NA
U6,MGTHTXP0_226,NA,226,GTH,NA
T4,MGTHTXP1_226,NA,226,GTH,NA
R6,MGTHTXP2_226,NA,226,GTH,NA
N6,MGTHTXP3_226,NA,226,GTH,NA
V7,MGTREFCLK0N_226,NA,226,GTH,NA
V8,MGTREFCLK0P_226,NA,226,GTH,NA
U9,MGTREFCLK1N_226,NA,226,GTH,NA
U10,MGTREFCLK1P_226,NA,226,GTH,NA
N1,MGTHRXN0_227,NA,227,GTH,NA
L1,MGTHRXN1_227,NA,227,GTH,NA
J1,MGTHRXN2_227,NA,227,GTH,NA
G1,MGTHRXN3_227,NA,227,GTH,NA
N2,MGTHRXP0_227,NA,227,GTH,NA
L2,MGTHRXP1_227,NA,227,GTH,NA
J2,MGTHRXP2_227,NA,227,GTH,NA
G2,MGTHRXP3_227,NA,227,GTH,NA
M3,MGTHTXN0_227,NA,227,GTH,NA
L5,MGTHTXN1_227,NA,227,GTH,NA
K3,MGTHTXN2_227,NA,227,GTH,NA
H3,MGTHTXN3_227,NA,227,GTH,NA
M4,MGTHTXP0_227,NA,227,GTH,NA
L6,MGTHTXP1_227,NA,227,GTH,NA
K4,MGTHTXP2_227,NA,227,GTH,NA
H4,MGTHTXP3_227,NA,227,GTH,NA
T7,MGTREFCLK0N_227,NA,227,GTH,NA
T8,MGTREFCLK0P_227,NA,227,GTH,NA
R9,MGTREFCLK1N_227,NA,227,GTH,NA
R10,MGTREFCLK1P_227,NA,227,GTH,NA
A24,PS_MIO0,NA,500,PSMIO,NA
C24,PS_MIO1,NA,500,PSMIO,NA
F26,PS_MIO10,NA,500,PSMIO,NA
B26,PS_MIO11,NA,500,PSMIO,NA
C27,PS_MIO12,NA,500,PSMIO,NA
D27,PS_MIO13,NA,500,PSMIO,NA
A27,PS_MIO14,NA,500,PSMIO,NA
E27,PS_MIO15,NA,500,PSMIO,NA
A28,PS_MIO16,NA,500,PSMIO,NA
C29,PS_MIO17,NA,500,PSMIO,NA
F27,PS_MIO18,NA,500,PSMIO,NA
B28,PS_MIO19,NA,500,PSMIO,NA
B24,PS_MIO2,NA,500,PSMIO,NA
E29,PS_MIO20,NA,500,PSMIO,NA
C28,PS_MIO21,NA,500,PSMIO,NA
F28,PS_MIO22,NA,500,PSMIO,NA
B29,PS_MIO23,NA,500,PSMIO,NA
E28,PS_MIO24,NA,500,PSMIO,NA
D29,PS_MIO25,NA,500,PSMIO,NA
E25,PS_MIO3,NA,500,PSMIO,NA
A25,PS_MIO4,NA,500,PSMIO,NA
D25,PS_MIO5,NA,500,PSMIO,NA
A26,PS_MIO6,NA,500,PSMIO,NA
B25,PS_MIO7,NA,500,PSMIO,NA
D26,PS_MIO8,NA,500,PSMIO,NA
C26,PS_MIO9,NA,500,PSMIO,NA
AA25,VCC_PSADC,NA,500,PSMIO,NA
AA24,GND_PSADC,NA,500,PSMIO,NA
A29,PS_MIO26,NA,501,PSMIO,NA
A30,PS_MIO27,NA,501,PSMIO,NA
A31,PS_MIO28,NA,501,PSMIO,NA
A32,PS_MIO29,NA,501,PSMIO,NA
A33,PS_MIO30,NA,501,PSMIO,NA
B30,PS_MIO31,NA,501,PSMIO,NA
B31,PS_MIO32,NA,501,PSMIO,NA
B33,PS_MIO33,NA,501,PSMIO,NA
B34,PS_MIO34,NA,501,PSMIO,NA
C31,PS_MIO35,NA,501,PSMIO,NA
C32,PS_MIO36,NA,501,PSMIO,NA
C33,PS_MIO37,NA,501,PSMIO,NA
C34,PS_MIO38,NA,501,PSMIO,NA
D30,PS_MIO39,NA,501,PSMIO,NA
D31,PS_MIO40,NA,501,PSMIO,NA
D32,PS_MIO41,NA,501,PSMIO,NA
D34,PS_MIO42,NA,501,PSMIO,NA
E30,PS_MIO43,NA,501,PSMIO,NA
E32,PS_MIO44,NA,501,PSMIO,NA
E33,PS_MIO45,NA,501,PSMIO,NA
E34,PS_MIO46,NA,501,PSMIO,NA
F30,PS_MIO47,NA,501,PSMIO,NA
F31,PS_MIO48,NA,501,PSMIO,NA
F32,PS_MIO49,NA,501,PSMIO,NA
F33,PS_MIO50,NA,501,PSMIO,NA
F34,PS_MIO51,NA,501,PSMIO,NA
G29,PS_MIO52,NA,502,PSMIO,NA
G30,PS_MIO53,NA,502,PSMIO,NA
G31,PS_MIO54,NA,502,PSMIO,NA
G33,PS_MIO55,NA,502,PSMIO,NA
G34,PS_MIO56,NA,502,PSMIO,NA
H29,PS_MIO57,NA,502,PSMIO,NA
H31,PS_MIO58,NA,502,PSMIO,NA
H32,PS_MIO59,NA,502,PSMIO,NA
H33,PS_MIO60,NA,502,PSMIO,NA
H34,PS_MIO61,NA,502,PSMIO,NA
J29,PS_MIO62,NA,502,PSMIO,NA
J30,PS_MIO63,NA,502,PSMIO,NA
J31,PS_MIO64,NA,502,PSMIO,NA
J32,PS_MIO65,NA,502,PSMIO,NA
J34,PS_MIO66,NA,502,PSMIO,NA
K28,PS_MIO67,NA,502,PSMIO,NA
K29,PS_MIO68,NA,502,PSMIO,NA
K30,PS_MIO69,NA,502,PSMIO,NA
K31,PS_MIO70,NA,502,PSMIO,NA
K32,PS_MIO71,NA,502,PSMIO,NA
K33,PS_MIO72,NA,502,PSMIO,NA
K34,PS_MIO73,NA,502,PSMIO,NA
L29,PS_MIO74,NA,502,PSMIO,NA
L30,PS_MIO75,NA,502,PSMIO,NA
L33,PS_MIO76,NA,502,PSMIO,NA
L34,PS_MIO77,NA,502,PSMIO,NA
N24,PS_DONE,NA,503,PSCONFIG,NA
T25,PS_ERROR_OUT,NA,503,PSCONFIG,NA
R25,PS_ERROR_STATUS,NA,503,PSCONFIG,NA
P24,PS_INIT_B,NA,503,PSCONFIG,NA
K27,PS_JTAG_TCK,NA,503,PSCONFIG,NA
J27,PS_JTAG_TDI,NA,503,PSCONFIG,NA
G28,PS_JTAG_TDO,NA,503,PSCONFIG,NA
H28,PS_JTAG_TMS,NA,503,PSCONFIG,NA
H27,PS_MODE0,NA,503,PSCONFIG,NA
J26,PS_MODE1,NA,503,PSCONFIG,NA
K26,PS_MODE2,NA,503,PSCONFIG,NA
K25,PS_MODE3,NA,503,PSCONFIG,NA
M25,PS_PADI,NA,503,PSCONFIG,NA
L25,PS_PADO,NA,503,PSCONFIG,NA
M24,PS_POR_B,NA,503,PSCONFIG,NA
T24,PS_PROG_B,NA,503,PSCONFIG,NA
R24,PS_REF_CLK,NA,503,PSCONFIG,NA
P25,PS_SRST_B,NA,503,PSCONFIG,NA
AN34,PS_DDR_A0,NA,504,PSDDR,NA
AM34,PS_DDR_A1,NA,504,PSDDR,NA
AG31,PS_DDR_A10,NA,504,PSDDR,NA
AF31,PS_DDR_A11,NA,504,PSDDR,NA
AG30,PS_DDR_A12,NA,504,PSDDR,NA
AF30,PS_DDR_A13,NA,504,PSDDR,NA
AG29,PS_DDR_A14,NA,504,PSDDR,NA
AG28,PS_DDR_A15,NA,504,PSDDR,NA
AF28,PS_DDR_A16,NA,504,PSDDR,NA
AF26,PS_DDR_A17,NA,504,PSDDR,NA
AM33,PS_DDR_A2,NA,504,PSDDR,NA
AL34,PS_DDR_A3,NA,504,PSDDR,NA
AL33,PS_DDR_A4,NA,504,PSDDR,NA
AK33,PS_DDR_A5,NA,504,PSDDR,NA
AK30,PS_DDR_A6,NA,504,PSDDR,NA
AJ30,PS_DDR_A7,NA,504,PSDDR,NA
AJ31,PS_DDR_A8,NA,504,PSDDR,NA
AH31,PS_DDR_A9,NA,504,PSDDR,NA
AE25,PS_DDR_ACT_N,NA,504,PSDDR,NA
AB26,PS_DDR_ALERT_N,NA,504,PSDDR,NA
AE27,PS_DDR_BA0,NA,504,PSDDR,NA
AE28,PS_DDR_BA1,NA,504,PSDDR,NA
AD27,PS_DDR_BG0,NA,504,PSDDR,NA
AF27,PS_DDR_BG1,NA,504,PSDDR,NA
AL31,PS_DDR_CK0,NA,504,PSDDR,NA
AL30,PS_DDR_CK1,NA,504,PSDDR,NA
AN33,PS_DDR_CKE0,NA,504,PSDDR,NA
AH32,PS_DDR_CKE1,NA,504,PSDDR,NA
AN32,PS_DDR_CK_N0,NA,504,PSDDR,NA
AL32,PS_DDR_CK_N1,NA,504,PSDDR,NA
AP33,PS_DDR_CS_N0,NA,504,PSDDR,NA
AK32,PS_DDR_CS_N1,NA,504,PSDDR,NA
AN24,PS_DDR_DM0,NA,504,PSDDR,NA
AM29,PS_DDR_DM1,NA,504,PSDDR,NA
AH24,PS_DDR_DM2,NA,504,PSDDR,NA
AJ29,PS_DDR_DM3,NA,504,PSDDR,NA
AD29,PS_DDR_DM4,NA,504,PSDDR,NA
Y29,PS_DDR_DM5,NA,504,PSDDR,NA
AC32,PS_DDR_DM6,NA,504,PSDDR,NA
Y32,PS_DDR_DM7,NA,504,PSDDR,NA
AF34,PS_DDR_DM8,NA,504,PSDDR,NA
AP27,PS_DDR_DQ0,NA,504,PSDDR,NA
AP25,PS_DDR_DQ1,NA,504,PSDDR,NA
AP29,PS_DDR_DQ10,NA,504,PSDDR,NA
AP28,PS_DDR_DQ11,NA,504,PSDDR,NA
AM31,PS_DDR_DQ12,NA,504,PSDDR,NA
AP31,PS_DDR_DQ13,NA,504,PSDDR,NA
AN31,PS_DDR_DQ14,NA,504,PSDDR,NA
AM30,PS_DDR_DQ15,NA,504,PSDDR,NA
AF25,PS_DDR_DQ16,NA,504,PSDDR,NA
AG25,PS_DDR_DQ17,NA,504,PSDDR,NA
AG26,PS_DDR_DQ18,NA,504,PSDDR,NA
AJ25,PS_DDR_DQ19,NA,504,PSDDR,NA
AP26,PS_DDR_DQ2,NA,504,PSDDR,NA
AG24,PS_DDR_DQ20,NA,504,PSDDR,NA
AK25,PS_DDR_DQ21,NA,504,PSDDR,NA
AJ24,PS_DDR_DQ22,NA,504,PSDDR,NA
AK24,PS_DDR_DQ23,NA,504,PSDDR,NA
AH28,PS_DDR_DQ24,NA,504,PSDDR,NA
AH27,PS_DDR_DQ25,NA,504,PSDDR,NA
AJ27,PS_DDR_DQ26,NA,504,PSDDR,NA
AK27,PS_DDR_DQ27,NA,504,PSDDR,NA
AL26,PS_DDR_DQ28,NA,504,PSDDR,NA
AL27,PS_DDR_DQ29,NA,504,PSDDR,NA
AM26,PS_DDR_DQ3,NA,504,PSDDR,NA
AH29,PS_DDR_DQ30,NA,504,PSDDR,NA
AL28,PS_DDR_DQ31,NA,504,PSDDR,NA
AB29,PS_DDR_DQ32,NA,504,PSDDR,NA
AB30,PS_DDR_DQ33,NA,504,PSDDR,NA
AC29,PS_DDR_DQ34,NA,504,PSDDR,NA
AD32,PS_DDR_DQ35,NA,504,PSDDR,NA
AC31,PS_DDR_DQ36,NA,504,PSDDR,NA
AE30,PS_DDR_DQ37,NA,504,PSDDR,NA
AC28,PS_DDR_DQ38,NA,504,PSDDR,NA
AE29,PS_DDR_DQ39,NA,504,PSDDR,NA
AP24,PS_DDR_DQ4,NA,504,PSDDR,NA
AC27,PS_DDR_DQ40,NA,504,PSDDR,NA
AA27,PS_DDR_DQ41,NA,504,PSDDR,NA
AA28,PS_DDR_DQ42,NA,504,PSDDR,NA
AB28,PS_DDR_DQ43,NA,504,PSDDR,NA
W27,PS_DDR_DQ44,NA,504,PSDDR,NA
W29,PS_DDR_DQ45,NA,504,PSDDR,NA
W28,PS_DDR_DQ46,NA,504,PSDDR,NA
V27,PS_DDR_DQ47,NA,504,PSDDR,NA
AA32,PS_DDR_DQ48,NA,504,PSDDR,NA
AA33,PS_DDR_DQ49,NA,504,PSDDR,NA
AL25,PS_DDR_DQ5,NA,504,PSDDR,NA
AA34,PS_DDR_DQ50,NA,504,PSDDR,NA
AE34,PS_DDR_DQ51,NA,504,PSDDR,NA
AD34,PS_DDR_DQ52,NA,504,PSDDR,NA
AB31,PS_DDR_DQ53,NA,504,PSDDR,NA
AC34,PS_DDR_DQ54,NA,504,PSDDR,NA
AC33,PS_DDR_DQ55,NA,504,PSDDR,NA
AA30,PS_DDR_DQ56,NA,504,PSDDR,NA
Y30,PS_DDR_DQ57,NA,504,PSDDR,NA
AA31,PS_DDR_DQ58,NA,504,PSDDR,NA
W30,PS_DDR_DQ59,NA,504,PSDDR,NA
AM25,PS_DDR_DQ6,NA,504,PSDDR,NA
Y33,PS_DDR_DQ60,NA,504,PSDDR,NA
W33,PS_DDR_DQ61,NA,504,PSDDR,NA
W34,PS_DDR_DQ62,NA,504,PSDDR,NA
Y34,PS_DDR_DQ63,NA,504,PSDDR,NA
AF32,PS_DDR_DQ64,NA,504,PSDDR,NA
AE32,PS_DDR_DQ65,NA,504,PSDDR,NA
AH33,PS_DDR_DQ66,NA,504,PSDDR,NA
AE33,PS_DDR_DQ67,NA,504,PSDDR,NA
AF33,PS_DDR_DQ68,NA,504,PSDDR,NA
AH34,PS_DDR_DQ69,NA,504,PSDDR,NA
AM24,PS_DDR_DQ7,NA,504,PSDDR,NA
AJ34,PS_DDR_DQ70,NA,504,PSDDR,NA
AK34,PS_DDR_DQ71,NA,504,PSDDR,NA
AM28,PS_DDR_DQ8,NA,504,PSDDR,NA
AN28,PS_DDR_DQ9,NA,504,PSDDR,NA
AN27,PS_DDR_DQS_N0,NA,504,PSDDR,NA
AP30,PS_DDR_DQS_N1,NA,504,PSDDR,NA
AJ26,PS_DDR_DQS_N2,NA,504,PSDDR,NA
AK29,PS_DDR_DQS_N3,NA,504,PSDDR,NA
AD31,PS_DDR_DQS_N4,NA,504,PSDDR,NA
Y28,PS_DDR_DQS_N5,NA,504,PSDDR,NA
AB34,PS_DDR_DQS_N6,NA,504,PSDDR,NA
W32,PS_DDR_DQS_N7,NA,504,PSDDR,NA
AG34,PS_DDR_DQS_N8,NA,504,PSDDR,NA
AN26,PS_DDR_DQS_P0,NA,504,PSDDR,NA
AN29,PS_DDR_DQS_P1,NA,504,PSDDR,NA
AH26,PS_DDR_DQS_P2,NA,504,PSDDR,NA
AK28,PS_DDR_DQS_P3,NA,504,PSDDR,NA
AD30,PS_DDR_DQS_P4,NA,504,PSDDR,NA
Y27,PS_DDR_DQS_P5,NA,504,PSDDR,NA
AB33,PS_DDR_DQS_P6,NA,504,PSDDR,NA
W31,PS_DDR_DQS_P7,NA,504,PSDDR,NA
AG33,PS_DDR_DQS_P8,NA,504,PSDDR,NA
AP32,PS_DDR_ODT0,NA,504,PSDDR,NA
AJ32,PS_DDR_ODT1,NA,504,PSDDR,NA
AA26,PS_DDR_PARITY,NA,504,PSDDR,NA
AD26,PS_DDR_RAM_RST_N,NA,504,PSDDR,NA
AC26,PS_DDR_ZQ,NA,504,PSDDR,NA
U34,PS_MGTRRXN0_505,NA,505,PSGTR,NA
T32,PS_MGTRRXN1_505,NA,505,PSGTR,NA
R34,PS_MGTRRXN2_505,NA,505,PSGTR,NA
N34,PS_MGTRRXN3_505,NA,505,PSGTR,NA
U33,PS_MGTRRXP0_505,NA,505,PSGTR,NA
T31,PS_MGTRRXP1_505,NA,505,PSGTR,NA
R33,PS_MGTRRXP2_505,NA,505,PSGTR,NA
N33,PS_MGTRRXP3_505,NA,505,PSGTR,NA
U30,PS_MGTRTXN0_505,NA,505,PSGTR,NA
R30,PS_MGTRTXN1_505,NA,505,PSGTR,NA
P32,PS_MGTRTXN2_505,NA,505,PSGTR,NA
N30,PS_MGTRTXN3_505,NA,505,PSGTR,NA
U29,PS_MGTRTXP0_505,NA,505,PSGTR,NA
R29,PS_MGTRTXP1_505,NA,505,PSGTR,NA
P31,PS_MGTRTXP2_505,NA,505,PSGTR,NA
N29,PS_MGTRTXP3_505,NA,505,PSGTR,NA
T28,PS_MGTREFCLK0N_505,NA,505,PSGTR,NA
T27,PS_MGTREFCLK0P_505,NA,505,PSGTR,NA
P28,PS_MGTREFCLK1N_505,NA,505,PSGTR,NA
P27,PS_MGTREFCLK1P_505,NA,505,PSGTR,NA
M28,PS_MGTREFCLK2N_505,NA,505,PSGTR,NA
M27,PS_MGTREFCLK2P_505,NA,505,PSGTR,NA
M32,PS_MGTREFCLK3N_505,NA,505,PSGTR,NA
M31,PS_MGTREFCLK3P_505,NA,505,PSGTR,NA
U31,PS_MGTRREF_505,NA,NA,NA,NA
AE16,VCCO_64,NA,64,NA,NA
AH15,VCCO_64,NA,64,NA,NA
AJ18,VCCO_64,NA,64,NA,NA
AF19,VCCO_65,NA,65,NA,NA
AG22,VCCO_65,NA,65,NA,NA
AK21,VCCO_65,NA,65,NA,NA
AF9,VCCO_66,NA,66,NA,NA
AG12,VCCO_66,NA,66,NA,NA
AK11,VCCO_66,NA,66,NA,NA
E21,VCCO_28,NA,28,NA,NA
F24,VCCO_28,NA,28,NA,NA
H20,VCCO_28,NA,28,NA,NA
D13,VCCO_67,NA,67,NA,NA
E16,VCCO_67,NA,67,NA,NA
H15,VCCO_67,NA,67,NA,NA
F9,VCCO_68,NA,68,NA,NA
G12,VCCO_68,NA,68,NA,NA
K11,VCCO_68,NA,68,NA,NA
J8,VCCO_87,NA,87,NA,NA
N10,VCCO_87,NA,87,NA,NA
D3,VCCO_88,NA,88,NA,NA
E6,VCCO_88,NA,88,NA,NA
C25,VCCO_PSIO0_500,NA,500,NA,NA
D28,VCCO_PSIO0_500,NA,500,NA,NA
B32,VCCO_PSIO1_501,NA,501,NA,NA
E31,VCCO_PSIO1_501,NA,501,NA,NA
H30,VCCO_PSIO2_502,NA,502,NA,NA
J33,VCCO_PSIO2_502,NA,502,NA,NA
G27,VCCO_PSIO3_503,NA,503,NA,NA
N25,VCCO_PSIO3_503,NA,503,NA,NA
AE26,VCCO_PSDDR_504,NA,504,NA,NA
AE31,VCCO_PSDDR_504,NA,504,NA,NA
AG27,VCCO_PSDDR_504,NA,504,NA,NA
AG32,VCCO_PSDDR_504,NA,504,NA,NA
AJ28,VCCO_PSDDR_504,NA,504,NA,NA
AJ33,VCCO_PSDDR_504,NA,504,NA,NA
AL29,VCCO_PSDDR_504,NA,504,NA,NA
A1,GND,NA,NA,NA,NA
A34,GND,NA,NA,NA,NA
A4,GND,NA,NA,NA,NA
AA11,GND,NA,NA,NA,NA
AA21,GND,NA,NA,NA,NA
AA29,GND,NA,NA,NA,NA
AA3,GND,NA,NA,NA,NA
AA4,GND,NA,NA,NA,NA
AA7,GND,NA,NA,NA,NA
AB1,GND,NA,NA,NA,NA
AB11,GND,NA,NA,NA,NA
AB17,GND,NA,NA,NA,NA
AB2,GND,NA,NA,NA,NA
AB27,GND,NA,NA,NA,NA
AB32,GND,NA,NA,NA,NA
AB5,GND,NA,NA,NA,NA
AB9,GND,NA,NA,NA,NA
AC11,GND,NA,NA,NA,NA
AC15,GND,NA,NA,NA,NA
AC20,GND,NA,NA,NA,NA
AC23,GND,NA,NA,NA,NA
AC3,GND,NA,NA,NA,NA
AC30,GND,NA,NA,NA,NA
AC4,GND,NA,NA,NA,NA
AC7,GND,NA,NA,NA,NA
AD1,GND,NA,NA,NA,NA
AD11,GND,NA,NA,NA,NA
AD13,GND,NA,NA,NA,NA
AD18,GND,NA,NA,NA,NA
AD2,GND,NA,NA,NA,NA
AD25,GND,NA,NA,NA,NA
AD28,GND,NA,NA,NA,NA
AD33,GND,NA,NA,NA,NA
AD5,GND,NA,NA,NA,NA
AE10,GND,NA,NA,NA,NA
AE11,GND,NA,NA,NA,NA
AE21,GND,NA,NA,NA,NA
AE3,GND,NA,NA,NA,NA
AE4,GND,NA,NA,NA,NA
AE7,GND,NA,NA,NA,NA
AE8,GND,NA,NA,NA,NA
AE9,GND,NA,NA,NA,NA
AF1,GND,NA,NA,NA,NA
AF14,GND,NA,NA,NA,NA
AF2,GND,NA,NA,NA,NA
AF24,GND,NA,NA,NA,NA
AF29,GND,NA,NA,NA,NA
AF5,GND,NA,NA,NA,NA
AF7,GND,NA,NA,NA,NA
AG17,GND,NA,NA,NA,NA
AG3,GND,NA,NA,NA,NA
AG4,GND,NA,NA,NA,NA
AG7,GND,NA,NA,NA,NA
AH1,GND,NA,NA,NA,NA
AH10,GND,NA,NA,NA,NA
AH2,GND,NA,NA,NA,NA
AH20,GND,NA,NA,NA,NA
AH25,GND,NA,NA,NA,NA
AH30,GND,NA,NA,NA,NA
AH5,GND,NA,NA,NA,NA
AH7,GND,NA,NA,NA,NA
AJ13,GND,NA,NA,NA,NA
AJ23,GND,NA,NA,NA,NA
AJ3,GND,NA,NA,NA,NA
AJ4,GND,NA,NA,NA,NA
AJ7,GND,NA,NA,NA,NA
AJ8,GND,NA,NA,NA,NA
AK1,GND,NA,NA,NA,NA
AK16,GND,NA,NA,NA,NA
AK2,GND,NA,NA,NA,NA
AK26,GND,NA,NA,NA,NA
AK31,GND,NA,NA,NA,NA
AK5,GND,NA,NA,NA,NA
AK7,GND,NA,NA,NA,NA
AL14,GND,NA,NA,NA,NA
AL19,GND,NA,NA,NA,NA
AL24,GND,NA,NA,NA,NA
AL3,GND,NA,NA,NA,NA
AL4,GND,NA,NA,NA,NA
AL7,GND,NA,NA,NA,NA
AL9,GND,NA,NA,NA,NA
AM1,GND,NA,NA,NA,NA
AM12,GND,NA,NA,NA,NA
AM17,GND,NA,NA,NA,NA
AM2,GND,NA,NA,NA,NA
AM22,GND,NA,NA,NA,NA
AM27,GND,NA,NA,NA,NA
AM32,GND,NA,NA,NA,NA
AM5,GND,NA,NA,NA,NA
AM7,GND,NA,NA,NA,NA
AN10,GND,NA,NA,NA,NA
AN15,GND,NA,NA,NA,NA
AN20,GND,NA,NA,NA,NA
AN25,GND,NA,NA,NA,NA
AN3,GND,NA,NA,NA,NA
AN30,GND,NA,NA,NA,NA
AN4,GND,NA,NA,NA,NA
AN7,GND,NA,NA,NA,NA
AP1,GND,NA,NA,NA,NA
AP2,GND,NA,NA,NA,NA
AP34,GND,NA,NA,NA,NA
AP5,GND,NA,NA,NA,NA
AP7,GND,NA,NA,NA,NA
B12,GND,NA,NA,NA,NA
B17,GND,NA,NA,NA,NA
B2,GND,NA,NA,NA,NA
B22,GND,NA,NA,NA,NA
B27,GND,NA,NA,NA,NA
B7,GND,NA,NA,NA,NA
C10,GND,NA,NA,NA,NA
C15,GND,NA,NA,NA,NA
C20,GND,NA,NA,NA,NA
C30,GND,NA,NA,NA,NA
C5,GND,NA,NA,NA,NA
D18,GND,NA,NA,NA,NA
D23,GND,NA,NA,NA,NA
D33,GND,NA,NA,NA,NA
D8,GND,NA,NA,NA,NA
E11,GND,NA,NA,NA,NA
E26,GND,NA,NA,NA,NA
F1,GND,NA,NA,NA,NA
F14,GND,NA,NA,NA,NA
F19,GND,NA,NA,NA,NA
F2,GND,NA,NA,NA,NA
F29,GND,NA,NA,NA,NA
F3,GND,NA,NA,NA,NA
G17,GND,NA,NA,NA,NA
G22,GND,NA,NA,NA,NA
G3,GND,NA,NA,NA,NA
G32,GND,NA,NA,NA,NA
G4,GND,NA,NA,NA,NA
G5,GND,NA,NA,NA,NA
H1,GND,NA,NA,NA,NA
H10,GND,NA,NA,NA,NA
H2,GND,NA,NA,NA,NA
H25,GND,NA,NA,NA,NA
H5,GND,NA,NA,NA,NA
J13,GND,NA,NA,NA,NA
J18,GND,NA,NA,NA,NA
J23,GND,NA,NA,NA,NA
J28,GND,NA,NA,NA,NA
J3,GND,NA,NA,NA,NA
J4,GND,NA,NA,NA,NA
J5,GND,NA,NA,NA,NA
K1,GND,NA,NA,NA,NA
K16,GND,NA,NA,NA,NA
K2,GND,NA,NA,NA,NA
K21,GND,NA,NA,NA,NA
K5,GND,NA,NA,NA,NA
K6,GND,NA,NA,NA,NA
K7,GND,NA,NA,NA,NA
L19,GND,NA,NA,NA,NA
L24,GND,NA,NA,NA,NA
L26,GND,NA,NA,NA,NA
L27,GND,NA,NA,NA,NA
L28,GND,NA,NA,NA,NA
L3,GND,NA,NA,NA,NA
L31,GND,NA,NA,NA,NA
L32,GND,NA,NA,NA,NA
L4,GND,NA,NA,NA,NA
L7,GND,NA,NA,NA,NA
L9,GND,NA,NA,NA,NA
M1,GND,NA,NA,NA,NA
M14,GND,NA,NA,NA,NA
M16,GND,NA,NA,NA,NA
M18,GND,NA,NA,NA,NA
M2,GND,NA,NA,NA,NA
M20,GND,NA,NA,NA,NA
M22,GND,NA,NA,NA,NA
M26,GND,NA,NA,NA,NA
M29,GND,NA,NA,NA,NA
M30,GND,NA,NA,NA,NA
M33,GND,NA,NA,NA,NA
M34,GND,NA,NA,NA,NA
M5,GND,NA,NA,NA,NA
M7,GND,NA,NA,NA,NA
N15,GND,NA,NA,NA,NA
N17,GND,NA,NA,NA,NA
N19,GND,NA,NA,NA,NA
N21,GND,NA,NA,NA,NA
N23,GND,NA,NA,NA,NA
N26,GND,NA,NA,NA,NA
N28,GND,NA,NA,NA,NA
N3,GND,NA,NA,NA,NA
N32,GND,NA,NA,NA,NA
N4,GND,NA,NA,NA,NA
N7,GND,NA,NA,NA,NA
P1,GND,NA,NA,NA,NA
P10,GND,NA,NA,NA,NA
P11,GND,NA,NA,NA,NA
P14,GND,NA,NA,NA,NA
P16,GND,NA,NA,NA,NA
P18,GND,NA,NA,NA,NA
P2,GND,NA,NA,NA,NA
P20,GND,NA,NA,NA,NA
P22,GND,NA,NA,NA,NA
P26,GND,NA,NA,NA,NA
P30,GND,NA,NA,NA,NA
P33,GND,NA,NA,NA,NA
P34,GND,NA,NA,NA,NA
P5,GND,NA,NA,NA,NA
P7,GND,NA,NA,NA,NA
P8,GND,NA,NA,NA,NA
P9,GND,NA,NA,NA,NA
R11,GND,NA,NA,NA,NA
R13,GND,NA,NA,NA,NA
R15,GND,NA,NA,NA,NA
R19,GND,NA,NA,NA,NA
R21,GND,NA,NA,NA,NA
R26,GND,NA,NA,NA,NA
R28,GND,NA,NA,NA,NA
R3,GND,NA,NA,NA,NA
R31,GND,NA,NA,NA,NA
R32,GND,NA,NA,NA,NA
R4,GND,NA,NA,NA,NA
R7,GND,NA,NA,NA,NA
T1,GND,NA,NA,NA,NA
T11,GND,NA,NA,NA,NA
T14,GND,NA,NA,NA,NA
T16,GND,NA,NA,NA,NA
T2,GND,NA,NA,NA,NA
T20,GND,NA,NA,NA,NA
T23,GND,NA,NA,NA,NA
T26,GND,NA,NA,NA,NA
T30,GND,NA,NA,NA,NA
T33,GND,NA,NA,NA,NA
T34,GND,NA,NA,NA,NA
T5,GND,NA,NA,NA,NA
T9,GND,NA,NA,NA,NA
U11,GND,NA,NA,NA,NA
U12,GND,NA,NA,NA,NA
U15,GND,NA,NA,NA,NA
U19,GND,NA,NA,NA,NA
U21,GND,NA,NA,NA,NA
U24,GND,NA,NA,NA,NA
U26,GND,NA,NA,NA,NA
U27,GND,NA,NA,NA,NA
U28,GND,NA,NA,NA,NA
U3,GND,NA,NA,NA,NA
U32,GND,NA,NA,NA,NA
U4,GND,NA,NA,NA,NA
U7,GND,NA,NA,NA,NA
V1,GND,NA,NA,NA,NA
V11,GND,NA,NA,NA,NA
V14,GND,NA,NA,NA,NA
V16,GND,NA,NA,NA,NA
V2,GND,NA,NA,NA,NA
V20,GND,NA,NA,NA,NA
V28,GND,NA,NA,NA,NA
V29,GND,NA,NA,NA,NA
V30,GND,NA,NA,NA,NA
V31,GND,NA,NA,NA,NA
V32,GND,NA,NA,NA,NA
V33,GND,NA,NA,NA,NA
V34,GND,NA,NA,NA,NA
V5,GND,NA,NA,NA,NA
V9,GND,NA,NA,NA,NA
W11,GND,NA,NA,NA,NA
W13,GND,NA,NA,NA,NA
W15,GND,NA,NA,NA,NA
W17,GND,NA,NA,NA,NA
W19,GND,NA,NA,NA,NA
W23,GND,NA,NA,NA,NA
W3,GND,NA,NA,NA,NA
W4,GND,NA,NA,NA,NA
W7,GND,NA,NA,NA,NA
Y1,GND,NA,NA,NA,NA
Y11,GND,NA,NA,NA,NA
Y12,GND,NA,NA,NA,NA
Y14,GND,NA,NA,NA,NA
Y16,GND,NA,NA,NA,NA
Y18,GND,NA,NA,NA,NA
Y2,GND,NA,NA,NA,NA
Y20,GND,NA,NA,NA,NA
Y26,GND,NA,NA,NA,NA
Y31,GND,NA,NA,NA,NA
Y5,GND,NA,NA,NA,NA
Y9,GND,NA,NA,NA,NA
AA8,MGTAVCC_R,NA,NA,NA,NA
AB10,MGTAVCC_R,NA,NA,NA,NA
AC8,MGTAVCC_R,NA,NA,NA,NA
R8,MGTAVCC_R,NA,NA,NA,NA
T10,MGTAVCC_R,NA,NA,NA,NA
U8,MGTAVCC_R,NA,NA,NA,NA
W8,MGTAVCC_R,NA,NA,NA,NA
AB6,MGTAVTT_R,NA,NA,NA,NA
AD6,MGTAVTT_R,NA,NA,NA,NA
AF6,MGTAVTT_R,NA,NA,NA,NA
AH6,MGTAVTT_R,NA,NA,NA,NA
AK6,MGTAVTT_R,NA,NA,NA,NA
AM6,MGTAVTT_R,NA,NA,NA,NA
AP6,MGTAVTT_R,NA,NA,NA,NA
M6,MGTAVTT_R,NA,NA,NA,NA
P6,MGTAVTT_R,NA,NA,NA,NA
T6,MGTAVTT_R,NA,NA,NA,NA
V6,MGTAVTT_R,NA,NA,NA,NA
Y6,MGTAVTT_R,NA,NA,NA,NA
V10,MGTVCCAUX_R,NA,NA,NA,NA
Y10,MGTVCCAUX_R,NA,NA,NA,NA
N27,PS_MGTRAVCC,NA,NA,NA,NA
R27,PS_MGTRAVCC,NA,NA,NA,NA
N31,PS_MGTRAVTT,NA,NA,NA,NA
P29,PS_MGTRAVTT,NA,NA,NA,NA
T29,PS_MGTRAVTT,NA,NA,NA,NA
P23,VCCAUX,NA,NA,NA,NA
R23,VCCAUX,NA,NA,NA,NA
U23,VCCAUX,NA,NA,NA,NA
V23,VCCAUX,NA,NA,NA,NA
N22,VCCAUX_IO,NA,NA,NA,NA
R22,VCCAUX_IO,NA,NA,NA,NA
T22,VCCAUX_IO,NA,NA,NA,NA
U22,VCCAUX_IO,NA,NA,NA,NA
R12,VCCBRAM,NA,NA,NA,NA
T12,VCCBRAM,NA,NA,NA,NA
V12,VCCBRAM,NA,NA,NA,NA
W12,VCCBRAM,NA,NA,NA,NA
M15,VCCINT,NA,NA,NA,NA
M17,VCCINT,NA,NA,NA,NA
M19,VCCINT,NA,NA,NA,NA
M21,VCCINT,NA,NA,NA,NA
N14,VCCINT,NA,NA,NA,NA
N16,VCCINT,NA,NA,NA,NA
N18,VCCINT,NA,NA,NA,NA
N20,VCCINT,NA,NA,NA,NA
P15,VCCINT,NA,NA,NA,NA
P17,VCCINT,NA,NA,NA,NA
P19,VCCINT,NA,NA,NA,NA
P21,VCCINT,NA,NA,NA,NA
R14,VCCINT,NA,NA,NA,NA
R16,VCCINT,NA,NA,NA,NA
R20,VCCINT,NA,NA,NA,NA
T15,VCCINT,NA,NA,NA,NA
T19,VCCINT,NA,NA,NA,NA
T21,VCCINT,NA,NA,NA,NA
U14,VCCINT,NA,NA,NA,NA
U16,VCCINT,NA,NA,NA,NA
U20,VCCINT,NA,NA,NA,NA
V15,VCCINT,NA,NA,NA,NA
V19,VCCINT,NA,NA,NA,NA
V21,VCCINT,NA,NA,NA,NA
W14,VCCINT,NA,NA,NA,NA
W16,VCCINT,NA,NA,NA,NA
W18,VCCINT,NA,NA,NA,NA
W20,VCCINT,NA,NA,NA,NA
Y15,VCCINT,NA,NA,NA,NA
Y17,VCCINT,NA,NA,NA,NA
Y19,VCCINT,NA,NA,NA,NA
P13,VCCINT_IO,NA,NA,NA,NA
T13,VCCINT_IO,NA,NA,NA,NA
U13,VCCINT_IO,NA,NA,NA,NA
V13,VCCINT_IO,NA,NA,NA,NA
Y13,VCCINT_IO,NA,NA,NA,NA
V26,VCC_PSAUX,NA,NA,NA,NA
W25,VCC_PSAUX,NA,NA,NA,NA
W26,VCC_PSAUX,NA,NA,NA,NA
Y25,VCC_PSAUX,NA,NA,NA,NA
Y23,VCC_PSBATT,NA,NA,NA,NA
U25,VCC_PSDDR_PLL,NA,NA,NA,NA
V25,VCC_PSDDR_PLL,NA,NA,NA,NA
AA23,VCC_PSINTFP,NA,NA,NA,NA
AB21,VCC_PSINTFP,NA,NA,NA,NA
AB22,VCC_PSINTFP,NA,NA,NA,NA
AB23,VCC_PSINTFP,NA,NA,NA,NA
AB24,VCC_PSINTFP,NA,NA,NA,NA
AC21,VCC_PSINTFP,NA,NA,NA,NA
AC22,VCC_PSINTFP,NA,NA,NA,NA
AB25,VCC_PSINTFP_DDR,NA,NA,NA,NA
AC24,VCC_PSINTFP_DDR,NA,NA,NA,NA
AC25,VCC_PSINTFP_DDR,NA,NA,NA,NA
AA22,VCC_PSINTLP,NA,NA,NA,NA
V22,VCC_PSINTLP,NA,NA,NA,NA
W21,VCC_PSINTLP,NA,NA,NA,NA
W22,VCC_PSINTLP,NA,NA,NA,NA
Y21,VCC_PSINTLP,NA,NA,NA,NA
Y22,VCC_PSINTLP,NA,NA,NA,NA
V24,VCC_PSPLL,NA,NA,NA,NA
W24,VCC_PSPLL,NA,NA,NA,NA
Y24,VCC_PSPLL,NA,NA,NA,NA
AD21,RSVDGND,NA,NA,NA,NA
AD22,RSVDGND,NA,NA,NA,NA
AD23,RSVDGND,NA,NA,NA,NA
AD24,RSVDGND,NA,NA,NA,NA
,,,,,
Total Number of Pins,1156,,,,
