"#  (c) Copyright 2016 Xilinx, Inc. All rights reserved."
"# "
"#  This file contains confidential and proprietary information"
"#  of Xilinx, Inc. and is protected under U.S. and"
"#  international copyright and other intellectual property"
"#  laws."
"# "
"#  DISCLAIMER"
"#  This disclaimer is not a license and does not grant any"
"#  rights to the materials distributed herewith. Except as"
"#  otherwise provided in a valid license issued to you by"
"#  Xilinx, and to the maximum extent permitted by applicable"
"#  law: (1) THESE MATERIALS ARE MADE AVAILABLE ""AS IS"" AND"
"#  WITH ALL FAULTS, AND XILINX HEREBY DISCLAIMS ALL WARRANTIES"
"#  AND CONDITIONS, EXPRESS, IMPLIED, OR STATUTORY, INCLUDING"
"#  BUT NOT LIMITED TO WARRANTIES OF MERCHANTABILITY, NON-"
"#  INFRINGEMENT, OR FITNESS FOR ANY PARTICULAR PURPOSE; and"
"#  (2) Xilinx shall not be liable (whether in contract or tort,"
"#  including negligence, or under any other theory of"
"#  liability) for any loss or damage of any kind or nature"
"#  related to, arising under or in connection with these"
"#  materials, including for any direct, or any indirect,"
"#  special, incidental, or consequential loss or damage"
"#  (including loss of data, profits, goodwill, or any type of"
"#  loss or damage suffered as a result of any action brought"
"#  by a third party) even if such damage or loss was"
"#  reasonably foreseeable or Xilinx had been advised of the"
"#  possibility of the same."
"# "
"#  CRITICAL APPLICATIONS"
"#  Xilinx products are not designed or intended to be fail-"
"#  safe, or for use in any application requiring fail-safe"
"#  performance, such as life-support or safety devices or"
"#  systems, Class III medical devices, nuclear facilities,"
"#  applications related to the deployment of airbags, or any"
"#  other applications that could lead to death, personal"
"#  injury, or severe property or environmental damage"
"#  (individually and collectively, ""Critical"
"#  Applications""). Customer assumes the sole risk and"
"#  liability of any use of Xilinx products in Critical"
"#  Applications, subject only to applicable laws and"
"#  regulations governing limitations on product liability."
"# "
"#  THIS COPYRIGHT NOTICE AND DISCLAIMER MUST BE RETAINED AS"
"#  PART OF THIS FILE AT ALL TIMES."
"# "
"#----------------------------------------------------------------------"
"#  ASCII Pinout File"
"# "
"#  Device   : xczu7egffvf1517"
"#  Date     : 10/26/2017 11:24:44"
"#  Revision : 1.1"
"#  Status   : Production"
"# "
"#  Production package specifications are released coincident"
"#  with production release of a particular device."
"# "
"#----------------------------------------------------------------------"
"#  Modification History"
"#  | Date    : 10/6/2016"
"#  | Revision: 0.1"
"#  | Status  : Evaluation Only"
"#  | Details : Initial creation."
"#----------------------------------------------------------------------"
"#  | Date    : 11/9/2016"
"#  | Revision: 0.2"
"#  | Status  : Evaluation Only"
"#  | Details : updated pinmap from DA8_FFVF1517"
"#----------------------------------------------------------------------"
"#  | Date    : 11/23/2016"
"#  | Revision: 0.3"
"#  | Status  : Evaluation Only"
"#  | Details : Updated 4 pins swaps from PKG Engineering AK29,AL33,AN34,AU35"
"#----------------------------------------------------------------------"
"#  | Date    : 12/13/2016"
"#  | Revision: 1.0"
"#  | Status  : Engineering Sample"
"#  | Details : Updated DA6_FFVF1517 to Engineering_Sample with some pins swap"
"#----------------------------------------------------------------------"
"#  | Date    : 10/26/2017"
"#  | Revision: 1.1"
"#  | Status  : Production"
"#  | Details : Updated XCZU7EV/EG/CG PKG files to Production"
"#----------------------------------------------------------------------"
,,,,,
Pin,Pin Name,Memory Byte Group,Bank,I/O Type,Super Logic Region
AA19,DXN,NA,NA,NA,NA
AA20,DXP,NA,NA,NA,NA
V19,GNDADC,NA,NA,NA,NA
AG14,POR_OVERRIDE,NA,NA,NA,NA
AG15,PUDC_B,NA,0,CONFIG,NA
V20,VCCADC,NA,NA,NA,NA
Y19,VN,NA,NA,NA,NA
W20,VP,NA,NA,NA,NA
W19,VREFN,NA,NA,NA,NA
Y20,VREFP,NA,NA,NA,NA
L25,IO_L24N_T3U_N11_28,3U,28,HP,NA
M25,IO_L24P_T3U_N10_28,3U,28,HP,NA
L28,IO_L23N_T3U_N9_28,3U,28,HP,NA
L27,IO_L23P_T3U_N8_28,3U,28,HP,NA
L26,IO_L22N_T3U_N7_DBC_AD0N_28,3U,28,HP,NA
M26,IO_L22P_T3U_N6_DBC_AD0P_28,3U,28,HP,NA
J29,IO_L21N_T3L_N5_AD8N_28,3L,28,HP,NA
K28,IO_L21P_T3L_N4_AD8P_28,3L,28,HP,NA
J25,IO_L20N_T3L_N3_AD1N_28,3L,28,HP,NA
K25,IO_L20P_T3L_N2_AD1P_28,3L,28,HP,NA
K30,IO_L19N_T3L_N1_DBC_AD9N_28,3L,28,HP,NA
K29,IO_L19P_T3L_N0_DBC_AD9P_28,3L,28,HP,NA
K27,IO_T3U_N12_28,3U,28,HP,NA
J30,IO_T2U_N12_28,2U,28,HP,NA
J27,IO_L18N_T2U_N11_AD2N_28,2U,28,HP,NA
J26,IO_L18P_T2U_N10_AD2P_28,2U,28,HP,NA
F26,IO_L17N_T2U_N9_AD10N_28,2U,28,HP,NA
G26,IO_L17P_T2U_N8_AD10P_28,2U,28,HP,NA
H27,IO_L16N_T2U_N7_QBC_AD3N_28,2U,28,HP,NA
H26,IO_L16P_T2U_N6_QBC_AD3P_28,2U,28,HP,NA
G31,IO_L15N_T2L_N5_AD11N_28,2L,28,HP,NA
G30,IO_L15P_T2L_N4_AD11P_28,2L,28,HP,NA
H29,IO_L14N_T2L_N3_GC_28,2L,28,HP,NA
H28,IO_L14P_T2L_N2_GC_28,2L,28,HP,NA
G29,IO_L13N_T2L_N1_GC_QBC_28,2L,28,HP,NA
G28,IO_L13P_T2L_N0_GC_QBC_28,2L,28,HP,NA
E28,IO_L12N_T1U_N11_GC_28,1U,28,HP,NA
E27,IO_L12P_T1U_N10_GC_28,1U,28,HP,NA
F28,IO_L11N_T1U_N9_GC_28,1U,28,HP,NA
F27,IO_L11P_T1U_N8_GC_28,1U,28,HP,NA
D27,IO_L10N_T1U_N7_QBC_AD4N_28,1U,28,HP,NA
D26,IO_L10P_T1U_N6_QBC_AD4P_28,1U,28,HP,NA
D30,IO_L9N_T1L_N5_AD12N_28,1L,28,HP,NA
D29,IO_L9P_T1L_N4_AD12P_28,1L,28,HP,NA
E30,IO_L8N_T1L_N3_AD5N_28,1L,28,HP,NA
E29,IO_L8P_T1L_N2_AD5P_28,1L,28,HP,NA
F31,IO_L7N_T1L_N1_QBC_AD13N_28,1L,28,HP,NA
F30,IO_L7P_T1L_N0_QBC_AD13P_28,1L,28,HP,NA
D31,IO_T1U_N12_28,1U,28,HP,NA
C26,IO_T0U_N12_VRP_28,0U,28,HP,NA
B28,IO_L6N_T0U_N11_AD6N_28,0U,28,HP,NA
C27,IO_L6P_T0U_N10_AD6P_28,0U,28,HP,NA
B30,IO_L5N_T0U_N9_AD14N_28,0U,28,HP,NA
B29,IO_L5P_T0U_N8_AD14P_28,0U,28,HP,NA
C29,IO_L4N_T0U_N7_DBC_AD7N_28,0U,28,HP,NA
C28,IO_L4P_T0U_N6_DBC_AD7P_28,0U,28,HP,NA
A31,IO_L3N_T0L_N5_AD15N_28,0L,28,HP,NA
A30,IO_L3P_T0L_N4_AD15P_28,0L,28,HP,NA
A28,IO_L2N_T0L_N3_28,0L,28,HP,NA
A27,IO_L2P_T0L_N2_28,0L,28,HP,NA
B31,IO_L1N_T0L_N1_DBC_28,0L,28,HP,NA
C31,IO_L1P_T0L_N0_DBC_28,0L,28,HP,NA
M24,VREF_28,NA,28,HP,NA
A38,IO_L24N_T3U_N11_27,3U,27,HP,NA
A37,IO_L24P_T3U_N10_27,3U,27,HP,NA
B35,IO_L23N_T3U_N9_27,3U,27,HP,NA
C34,IO_L23P_T3U_N8_27,3U,27,HP,NA
A36,IO_L22N_T3U_N7_DBC_AD0N_27,3U,27,HP,NA
A35,IO_L22P_T3U_N6_DBC_AD0P_27,3U,27,HP,NA
B38,IO_L21N_T3L_N5_AD8N_27,3L,27,HP,NA
C37,IO_L21P_T3L_N4_AD8P_27,3L,27,HP,NA
C39,IO_L20N_T3L_N3_AD1N_27,3L,27,HP,NA
C38,IO_L20P_T3L_N2_AD1P_27,3L,27,HP,NA
C36,IO_L19N_T3L_N1_DBC_AD9N_27,3L,27,HP,NA
D36,IO_L19P_T3L_N0_DBC_AD9P_27,3L,27,HP,NA
B36,IO_T3U_N12_27,3U,27,HP,NA
C33,IO_T2U_N12_27,2U,27,HP,NA
A33,IO_L18N_T2U_N11_AD2N_27,2U,27,HP,NA
A32,IO_L18P_T2U_N10_AD2P_27,2U,27,HP,NA
C32,IO_L17N_T2U_N9_AD10N_27,2U,27,HP,NA
D32,IO_L17P_T2U_N8_AD10P_27,2U,27,HP,NA
B34,IO_L16N_T2U_N7_QBC_AD3N_27,2U,27,HP,NA
B33,IO_L16P_T2U_N6_QBC_AD3P_27,2U,27,HP,NA
E33,IO_L15N_T2L_N5_AD11N_27,2L,27,HP,NA
E32,IO_L15P_T2L_N4_AD11P_27,2L,27,HP,NA
D34,IO_L14N_T2L_N3_GC_27,2L,27,HP,NA
E34,IO_L14P_T2L_N2_GC_27,2L,27,HP,NA
D35,IO_L13N_T2L_N1_GC_QBC_27,2L,27,HP,NA
E35,IO_L13P_T2L_N0_GC_QBC_27,2L,27,HP,NA
F36,IO_L12N_T1U_N11_GC_27,1U,27,HP,NA
F35,IO_L12P_T1U_N10_GC_27,1U,27,HP,NA
G36,IO_L11N_T1U_N9_GC_27,1U,27,HP,NA
G35,IO_L11P_T1U_N8_GC_27,1U,27,HP,NA
F33,IO_L10N_T1U_N7_QBC_AD4N_27,1U,27,HP,NA
F32,IO_L10P_T1U_N6_QBC_AD4P_27,1U,27,HP,NA
G34,IO_L9N_T1L_N5_AD12N_27,1L,27,HP,NA
G33,IO_L9P_T1L_N4_AD12P_27,1L,27,HP,NA
H32,IO_L8N_T1L_N3_AD5N_27,1L,27,HP,NA
H31,IO_L8P_T1L_N2_AD5P_27,1L,27,HP,NA
H33,IO_L7N_T1L_N1_QBC_AD13N_27,1L,27,HP,NA
J32,IO_L7P_T1L_N0_QBC_AD13P_27,1L,27,HP,NA
H34,IO_T1U_N12_27,1U,27,HP,NA
D37,IO_T0U_N12_VRP_27,0U,27,HP,NA
E37,IO_L6N_T0U_N11_AD6N_27,0U,27,HP,NA
F37,IO_L6P_T0U_N10_AD6P_27,0U,27,HP,NA
G39,IO_L5N_T0U_N9_AD14N_27,0U,27,HP,NA
G38,IO_L5P_T0U_N8_AD14P_27,0U,27,HP,NA
D39,IO_L4N_T0U_N7_DBC_AD7N_27,0U,27,HP,NA
E39,IO_L4P_T0U_N6_DBC_AD7P_27,0U,27,HP,NA
H37,IO_L3N_T0L_N5_AD15N_27,0L,27,HP,NA
H36,IO_L3P_T0L_N4_AD15P_27,0L,27,HP,NA
E38,IO_L2N_T0L_N3_27,0L,27,HP,NA
F38,IO_L2P_T0L_N2_27,0L,27,HP,NA
H39,IO_L1N_T0L_N1_DBC_27,0L,27,HP,NA
H38,IO_L1P_T0L_N0_DBC_27,0L,27,HP,NA
J31,VREF_27,NA,27,HP,NA
N23,IO_L24N_T3U_N11_68,3U,68,HP,NA
N22,IO_L24P_T3U_N10_68,3U,68,HP,NA
K20,IO_L23N_T3U_N9_68,3U,68,HP,NA
L20,IO_L23P_T3U_N8_68,3U,68,HP,NA
L23,IO_L22N_T3U_N7_DBC_AD0N_68,3U,68,HP,NA
L22,IO_L22P_T3U_N6_DBC_AD0P_68,3U,68,HP,NA
L21,IO_L21N_T3L_N5_AD8N_68,3L,68,HP,NA
M20,IO_L21P_T3L_N4_AD8P_68,3L,68,HP,NA
K24,IO_L20N_T3L_N3_AD1N_68,3L,68,HP,NA
K23,IO_L20P_T3L_N2_AD1P_68,3L,68,HP,NA
M21,IO_L19N_T3L_N1_DBC_AD9N_68,3L,68,HP,NA
N21,IO_L19P_T3L_N0_DBC_AD9P_68,3L,68,HP,NA
K22,IO_T3U_N12_68,3U,68,HP,NA
J20,IO_T2U_N12_68,2U,68,HP,NA
H22,IO_L18N_T2U_N11_AD2N_68,2U,68,HP,NA
J22,IO_L18P_T2U_N10_AD2P_68,2U,68,HP,NA
H21,IO_L17N_T2U_N9_AD10N_68,2U,68,HP,NA
J21,IO_L17P_T2U_N8_AD10P_68,2U,68,HP,NA
H24,IO_L16N_T2U_N7_QBC_AD3N_68,2U,68,HP,NA
J24,IO_L16P_T2U_N6_QBC_AD3P_68,2U,68,HP,NA
G21,IO_L15N_T2L_N5_AD11N_68,2L,68,HP,NA
G20,IO_L15P_T2L_N4_AD11P_68,2L,68,HP,NA
G25,IO_L14N_T2L_N3_GC_68,2L,68,HP,NA
G24,IO_L14P_T2L_N2_GC_68,2L,68,HP,NA
G23,IO_L13N_T2L_N1_GC_QBC_68,2L,68,HP,NA
H23,IO_L13P_T2L_N0_GC_QBC_68,2L,68,HP,NA
E23,IO_L12N_T1U_N11_GC_68,1U,68,HP,NA
F23,IO_L12P_T1U_N10_GC_68,1U,68,HP,NA
F22,IO_L11N_T1U_N9_GC_68,1U,68,HP,NA
F21,IO_L11P_T1U_N8_GC_68,1U,68,HP,NA
C24,IO_L10N_T1U_N7_QBC_AD4N_68,1U,68,HP,NA
D24,IO_L10P_T1U_N6_QBC_AD4P_68,1U,68,HP,NA
D22,IO_L9N_T1L_N5_AD12N_68,1L,68,HP,NA
D21,IO_L9P_T1L_N4_AD12P_68,1L,68,HP,NA
E25,IO_L8N_T1L_N3_AD5N_68,1L,68,HP,NA
F25,IO_L8P_T1L_N2_AD5P_68,1L,68,HP,NA
D25,IO_L7N_T1L_N1_QBC_AD13N_68,1L,68,HP,NA
E24,IO_L7P_T1L_N0_QBC_AD13P_68,1L,68,HP,NA
E22,IO_T1U_N12_68,1U,68,HP,NA
C23,IO_T0U_N12_VRP_68,0U,68,HP,NA
B24,IO_L6N_T0U_N11_AD6N_68,0U,68,HP,NA
B23,IO_L6P_T0U_N10_AD6P_68,0U,68,HP,NA
C22,IO_L5N_T0U_N9_AD14N_68,0U,68,HP,NA
C21,IO_L5P_T0U_N8_AD14P_68,0U,68,HP,NA
A26,IO_L4N_T0U_N7_DBC_AD7N_68,0U,68,HP,NA
A25,IO_L4P_T0U_N6_DBC_AD7P_68,0U,68,HP,NA
A21,IO_L3N_T0L_N5_AD15N_68,0L,68,HP,NA
B21,IO_L3P_T0L_N4_AD15P_68,0L,68,HP,NA
B26,IO_L2N_T0L_N3_68,0L,68,HP,NA
B25,IO_L2P_T0L_N2_68,0L,68,HP,NA
A23,IO_L1N_T0L_N1_DBC_68,0L,68,HP,NA
A22,IO_L1P_T0L_N0_DBC_68,0L,68,HP,NA
M23,VREF_68,NA,68,HP,NA
A20,IO_L24N_T3U_N11_67,3U,67,HP,NA
B20,IO_L24P_T3U_N10_67,3U,67,HP,NA
A16,IO_L23N_T3U_N9_67,3U,67,HP,NA
B16,IO_L23P_T3U_N8_67,3U,67,HP,NA
A17,IO_L22N_T3U_N7_DBC_AD0N_67,3U,67,HP,NA
A18,IO_L22P_T3U_N6_DBC_AD0P_67,3U,67,HP,NA
C16,IO_L21N_T3L_N5_AD8N_67,3L,67,HP,NA
C17,IO_L21P_T3L_N4_AD8P_67,3L,67,HP,NA
B18,IO_L20N_T3L_N3_AD1N_67,3L,67,HP,NA
B19,IO_L20P_T3L_N2_AD1P_67,3L,67,HP,NA
C18,IO_L19N_T3L_N1_DBC_AD9N_67,3L,67,HP,NA
C19,IO_L19P_T3L_N0_DBC_AD9P_67,3L,67,HP,NA
D20,IO_T3U_N12_67,3U,67,HP,NA
D19,IO_T2U_N12_67,2U,67,HP,NA
E20,IO_L18N_T2U_N11_AD2N_67,2U,67,HP,NA
F20,IO_L18P_T2U_N10_AD2P_67,2U,67,HP,NA
D16,IO_L17N_T2U_N9_AD10N_67,2U,67,HP,NA
D17,IO_L17P_T2U_N8_AD10P_67,2U,67,HP,NA
E18,IO_L16N_T2U_N7_QBC_AD3N_67,2U,67,HP,NA
E19,IO_L16P_T2U_N6_QBC_AD3P_67,2U,67,HP,NA
E17,IO_L15N_T2L_N5_AD11N_67,2L,67,HP,NA
F18,IO_L15P_T2L_N4_AD11P_67,2L,67,HP,NA
G18,IO_L14N_T2L_N3_GC_67,2L,67,HP,NA
G19,IO_L14P_T2L_N2_GC_67,2L,67,HP,NA
F16,IO_L13N_T2L_N1_GC_QBC_67,2L,67,HP,NA
F17,IO_L13P_T2L_N0_GC_QBC_67,2L,67,HP,NA
H18,IO_L12N_T1U_N11_GC_67,1U,67,HP,NA
H19,IO_L12P_T1U_N10_GC_67,1U,67,HP,NA
G16,IO_L11N_T1U_N9_GC_67,1U,67,HP,NA
H17,IO_L11P_T1U_N8_GC_67,1U,67,HP,NA
J19,IO_L10N_T1U_N7_QBC_AD4N_67,1U,67,HP,NA
K19,IO_L10P_T1U_N6_QBC_AD4P_67,1U,67,HP,NA
H16,IO_L9N_T1L_N5_AD12N_67,1L,67,HP,NA
J16,IO_L9P_T1L_N4_AD12P_67,1L,67,HP,NA
J17,IO_L8N_T1L_N3_AD5N_67,1L,67,HP,NA
K17,IO_L8P_T1L_N2_AD5P_67,1L,67,HP,NA
J15,IO_L7N_T1L_N1_QBC_AD13N_67,1L,67,HP,NA
K15,IO_L7P_T1L_N0_QBC_AD13P_67,1L,67,HP,NA
K18,IO_T1U_N12_67,1U,67,HP,NA
N17,IO_T0U_N12_VRP_67,0U,67,HP,NA
L18,IO_L6N_T0U_N11_AD6N_67,0U,67,HP,NA
M18,IO_L6P_T0U_N10_AD6P_67,0U,67,HP,NA
L15,IO_L5N_T0U_N9_AD14N_67,0U,67,HP,NA
M15,IO_L5P_T0U_N8_AD14P_67,0U,67,HP,NA
L16,IO_L4N_T0U_N7_DBC_AD7N_67,0U,67,HP,NA
L17,IO_L4P_T0U_N6_DBC_AD7P_67,0U,67,HP,NA
M16,IO_L3N_T0L_N5_AD15N_67,0L,67,HP,NA
N16,IO_L3P_T0L_N4_AD15P_67,0L,67,HP,NA
N18,IO_L2N_T0L_N3_67,0L,67,HP,NA
N19,IO_L2P_T0L_N2_67,0L,67,HP,NA
M14,IO_L1N_T0L_N1_DBC_67,0L,67,HP,NA
N14,IO_L1P_T0L_N0_DBC_67,0L,67,HP,NA
M19,VREF_67,NA,67,HP,NA
AN11,IO_L24N_T3U_N11_66,3U,66,HP,NA
AM11,IO_L24P_T3U_N10_66,3U,66,HP,NA
AL10,IO_L23N_T3U_N9_66,3U,66,HP,NA
AK10,IO_L23P_T3U_N8_66,3U,66,HP,NA
AP10,IO_L22N_T3U_N7_DBC_AD0N_66,3U,66,HP,NA
AP11,IO_L22P_T3U_N6_DBC_AD0P_66,3U,66,HP,NA
AM10,IO_L21N_T3L_N5_AD8N_66,3L,66,HP,NA
AL11,IO_L21P_T3L_N4_AD8P_66,3L,66,HP,NA
AR9,IO_L20N_T3L_N3_AD1N_66,3L,66,HP,NA
AR10,IO_L20P_T3L_N2_AD1P_66,3L,66,HP,NA
AP8,IO_L19N_T3L_N1_DBC_AD9N_66,3L,66,HP,NA
AP9,IO_L19P_T3L_N0_DBC_AD9P_66,3L,66,HP,NA
AR8,IO_T3U_N12_66,3U,66,HP,NA
AP6,IO_T2U_N12_66,2U,66,HP,NA
AP4,IO_L18N_T2U_N11_AD2N_66,2U,66,HP,NA
AP5,IO_L18P_T2U_N10_AD2P_66,2U,66,HP,NA
AR7,IO_L17N_T2U_N9_AD10N_66,2U,66,HP,NA
AP7,IO_L17P_T2U_N8_AD10P_66,2U,66,HP,NA
AR4,IO_L16N_T2U_N7_QBC_AD3N_66,2U,66,HP,NA
AR5,IO_L16P_T2U_N6_QBC_AD3P_66,2U,66,HP,NA
AU8,IO_L15N_T2L_N5_AD11N_66,2L,66,HP,NA
AU9,IO_L15P_T2L_N4_AD11P_66,2L,66,HP,NA
AT5,IO_L14N_T2L_N3_GC_66,2L,66,HP,NA
AT6,IO_L14P_T2L_N2_GC_66,2L,66,HP,NA
AT7,IO_L13N_T2L_N1_GC_QBC_66,2L,66,HP,NA
AT8,IO_L13P_T2L_N0_GC_QBC_66,2L,66,HP,NA
AV7,IO_L12N_T1U_N11_GC_66,1U,66,HP,NA
AV8,IO_L12P_T1U_N10_GC_66,1U,66,HP,NA
AV6,IO_L11N_T1U_N9_GC_66,1U,66,HP,NA
AU6,IO_L11P_T1U_N8_GC_66,1U,66,HP,NA
AW4,IO_L10N_T1U_N7_QBC_AD4N_66,1U,66,HP,NA
AV4,IO_L10P_T1U_N6_QBC_AD4P_66,1U,66,HP,NA
AU4,IO_L9N_T1L_N5_AD12N_66,1L,66,HP,NA
AU5,IO_L9P_T1L_N4_AD12P_66,1L,66,HP,NA
AW6,IO_L8N_T1L_N3_AD5N_66,1L,66,HP,NA
AW7,IO_L8P_T1L_N2_AD5P_66,1L,66,HP,NA
AW9,IO_L7N_T1L_N1_QBC_AD13N_66,1L,66,HP,NA
AV9,IO_L7P_T1L_N0_QBC_AD13P_66,1L,66,HP,NA
AW5,IO_T1U_N12_66,1U,66,HP,NA
AP3,IO_T0U_N12_VRP_66,0U,66,HP,NA
AP1,IO_L6N_T0U_N11_AD6N_66,0U,66,HP,NA
AP2,IO_L6P_T0U_N10_AD6P_66,0U,66,HP,NA
AT3,IO_L5N_T0U_N9_AD14N_66,0U,66,HP,NA
AR3,IO_L5P_T0U_N8_AD14P_66,0U,66,HP,NA
AU1,IO_L4N_T0U_N7_DBC_AD7N_66,0U,66,HP,NA
AT1,IO_L4P_T0U_N6_DBC_AD7P_66,0U,66,HP,NA
AT2,IO_L3N_T0L_N5_AD15N_66,0L,66,HP,NA
AR2,IO_L3P_T0L_N4_AD15P_66,0L,66,HP,NA
AW2,IO_L2N_T0L_N3_66,0L,66,HP,NA
AV2,IO_L2P_T0L_N2_66,0L,66,HP,NA
AV3,IO_L1N_T0L_N1_DBC_66,0L,66,HP,NA
AU3,IO_L1P_T0L_N0_DBC_66,0L,66,HP,NA
AK11,VREF_66,NA,66,HP,NA
AK15,IO_L24N_T3U_N11_PERSTN0_65,3U,65,HP,NA
AJ15,IO_L24P_T3U_N10_PERSTN1_I2C_SDA_65,3U,65,HP,NA
AJ14,IO_L23N_T3U_N9_65,3U,65,HP,NA
AH14,IO_L23P_T3U_N8_I2C_SCLK_65,3U,65,HP,NA
AJ16,IO_L22N_T3U_N7_DBC_AD0N_65,3U,65,HP,NA
AH16,IO_L22P_T3U_N6_DBC_AD0P_65,3U,65,HP,NA
AK12,IO_L21N_T3L_N5_AD8N_65,3L,65,HP,NA
AJ12,IO_L21P_T3L_N4_AD8P_65,3L,65,HP,NA
AK17,IO_L20N_T3L_N3_AD1N_65,3L,65,HP,NA
AJ17,IO_L20P_T3L_N2_AD1P_65,3L,65,HP,NA
AK13,IO_L19N_T3L_N1_DBC_AD9N_65,3L,65,HP,NA
AK14,IO_L19P_T3L_N0_DBC_AD9P_65,3L,65,HP,NA
AH17,IO_T3U_N12_65,3U,65,HP,NA
AL12,IO_T2U_N12_65,2U,65,HP,NA
AM16,IO_L18N_T2U_N11_AD2N_65,2U,65,HP,NA
AL16,IO_L18P_T2U_N10_AD2P_65,2U,65,HP,NA
AM13,IO_L17N_T2U_N9_AD10N_65,2U,65,HP,NA
AL13,IO_L17P_T2U_N8_AD10P_65,2U,65,HP,NA
AN14,IO_L16N_T2U_N7_QBC_AD3N_65,2U,65,HP,NA
AM15,IO_L16P_T2U_N6_QBC_AD3P_65,2U,65,HP,NA
AM14,IO_L15N_T2L_N5_AD11N_65,2L,65,HP,NA
AL15,IO_L15P_T2L_N4_AD11P_65,2L,65,HP,NA
AP16,IO_L14N_T2L_N3_GC_65,2L,65,HP,NA
AN16,IO_L14P_T2L_N2_GC_65,2L,65,HP,NA
AN12,IO_L13N_T2L_N1_GC_QBC_65,2L,65,HP,NA
AN13,IO_L13P_T2L_N0_GC_QBC_65,2L,65,HP,NA
AR15,IO_L12N_T1U_N11_GC_65,1U,65,HP,NA
AP15,IO_L12P_T1U_N10_GC_65,1U,65,HP,NA
AR14,IO_L11N_T1U_N9_GC_65,1U,65,HP,NA
AP14,IO_L11P_T1U_N8_GC_65,1U,65,HP,NA
AT13,IO_L10N_T1U_N7_QBC_AD4N_65,1U,65,HP,NA
AR13,IO_L10P_T1U_N6_QBC_AD4P_65,1U,65,HP,NA
AR12,IO_L9N_T1L_N5_AD12N_65,1L,65,HP,NA
AP12,IO_L9P_T1L_N4_AD12P_65,1L,65,HP,NA
AT11,IO_L8N_T1L_N3_AD5N_65,1L,65,HP,NA
AT12,IO_L8P_T1L_N2_AD5P_65,1L,65,HP,NA
AU10,IO_L7N_T1L_N1_QBC_AD13N_65,1L,65,HP,NA
AT10,IO_L7P_T1L_N0_QBC_AD13P_65,1L,65,HP,NA
AT15,IO_T1U_N12_65,1U,65,HP,NA
AU15,IO_T0U_N12_VRP_65,0U,65,HP,NA
AW12,IO_L6N_T0U_N11_AD6N_65,0U,65,HP,NA
AV12,IO_L6P_T0U_N10_AD6P_65,0U,65,HP,NA
AU13,IO_L5N_T0U_N9_AD14N_65,0U,65,HP,NA
AU14,IO_L5P_T0U_N8_AD14P_65,0U,65,HP,NA
AV13,IO_L4N_T0U_N7_DBC_AD7N_65,0U,65,HP,NA
AV14,IO_L4P_T0U_N6_DBC_AD7P_SMBALERT_65,0U,65,HP,NA
AW10,IO_L3N_T0L_N5_AD15N_65,0L,65,HP,NA
AW11,IO_L3P_T0L_N4_AD15P_65,0L,65,HP,NA
AW14,IO_L2N_T0L_N3_65,0L,65,HP,NA
AW15,IO_L2P_T0L_N2_65,0L,65,HP,NA
AV11,IO_L1N_T0L_N1_DBC_65,0L,65,HP,NA
AU11,IO_L1P_T0L_N0_DBC_65,0L,65,HP,NA
AG16,VREF_65,NA,65,HP,NA
AK23,IO_L24N_T3U_N11_64,3U,64,HP,NA
AK22,IO_L24P_T3U_N10_64,3U,64,HP,NA
AJ24,IO_L23N_T3U_N9_64,3U,64,HP,NA
AH24,IO_L23P_T3U_N8_64,3U,64,HP,NA
AJ22,IO_L22N_T3U_N7_DBC_AD0N_64,3U,64,HP,NA
AH22,IO_L22P_T3U_N6_DBC_AD0P_64,3U,64,HP,NA
AJ26,IO_L21N_T3L_N5_AD8N_64,3L,64,HP,NA
AJ25,IO_L21P_T3L_N4_AD8P_64,3L,64,HP,NA
AG23,IO_L20N_T3L_N3_AD1N_64,3L,64,HP,NA
AG22,IO_L20P_T3L_N2_AD1P_64,3L,64,HP,NA
AK25,IO_L19N_T3L_N1_DBC_AD9N_64,3L,64,HP,NA
AK24,IO_L19P_T3L_N0_DBC_AD9P_64,3L,64,HP,NA
AH23,IO_T3U_N12_64,3U,64,HP,NA
AL26,IO_T2U_N12_64,2U,64,HP,NA
AM24,IO_L18N_T2U_N11_AD2N_64,2U,64,HP,NA
AM23,IO_L18P_T2U_N10_AD2P_64,2U,64,HP,NA
AM25,IO_L17N_T2U_N9_AD10N_64,2U,64,HP,NA
AL25,IO_L17P_T2U_N8_AD10P_64,2U,64,HP,NA
AL23,IO_L16N_T2U_N7_QBC_AD3N_64,2U,64,HP,NA
AL22,IO_L16P_T2U_N6_QBC_AD3P_64,2U,64,HP,NA
AN26,IO_L15N_T2L_N5_AD11N_64,2L,64,HP,NA
AM26,IO_L15P_T2L_N4_AD11P_64,2L,64,HP,NA
AP22,IO_L14N_T2L_N3_GC_64,2L,64,HP,NA
AN22,IO_L14P_T2L_N2_GC_64,2L,64,HP,NA
AN24,IO_L13N_T2L_N1_GC_QBC_64,2L,64,HP,NA
AN23,IO_L13P_T2L_N0_GC_QBC_64,2L,64,HP,NA
AR24,IO_L12N_T1U_N11_GC_64,1U,64,HP,NA
AP24,IO_L12P_T1U_N10_GC_64,1U,64,HP,NA
AP26,IO_L11N_T1U_N9_GC_64,1U,64,HP,NA
AP25,IO_L11P_T1U_N8_GC_64,1U,64,HP,NA
AT23,IO_L10N_T1U_N7_QBC_AD4N_64,1U,64,HP,NA
AR23,IO_L10P_T1U_N6_QBC_AD4P_64,1U,64,HP,NA
AT25,IO_L9N_T1L_N5_AD12N_64,1L,64,HP,NA
AR25,IO_L9P_T1L_N4_AD12P_64,1L,64,HP,NA
AT22,IO_L8N_T1L_N3_AD5N_64,1L,64,HP,NA
AR22,IO_L8P_T1L_N2_AD5P_64,1L,64,HP,NA
AU26,IO_L7N_T1L_N1_QBC_AD13N_64,1L,64,HP,NA
AT26,IO_L7P_T1L_N0_QBC_AD13P_64,1L,64,HP,NA
AT27,IO_T1U_N12_64,1U,64,HP,NA
AU23,IO_T0U_N12_VRP_64,0U,64,HP,NA
AV24,IO_L6N_T0U_N11_AD6N_64,0U,64,HP,NA
AV23,IO_L6P_T0U_N10_AD6P_64,0U,64,HP,NA
AU25,IO_L5N_T0U_N9_AD14N_64,0U,64,HP,NA
AU24,IO_L5P_T0U_N8_AD14P_64,0U,64,HP,NA
AW25,IO_L4N_T0U_N7_DBC_AD7N_64,0U,64,HP,NA
AW24,IO_L4P_T0U_N6_DBC_AD7P_64,0U,64,HP,NA
AV27,IO_L3N_T0L_N5_AD15N_64,0L,64,HP,NA
AV26,IO_L3P_T0L_N4_AD15P_64,0L,64,HP,NA
AW22,IO_L2N_T0L_N3_64,0L,64,HP,NA
AV22,IO_L2P_T0L_N2_64,0L,64,HP,NA
AW27,IO_L1N_T0L_N1_DBC_64,0L,64,HP,NA
AW26,IO_L1P_T0L_N0_DBC_64,0L,64,HP,NA
AG24,VREF_64,NA,64,HP,NA
AK18,IO_L24N_T3U_N11_63,3U,63,HP,NA
AK19,IO_L24P_T3U_N10_63,3U,63,HP,NA
AH21,IO_L23N_T3U_N9_63,3U,63,HP,NA
AG21,IO_L23P_T3U_N8_63,3U,63,HP,NA
AJ19,IO_L22N_T3U_N7_DBC_AD0N_63,3U,63,HP,NA
AH19,IO_L22P_T3U_N6_DBC_AD0P_63,3U,63,HP,NA
AJ20,IO_L21N_T3L_N5_AD8N_63,3L,63,HP,NA
AJ21,IO_L21P_T3L_N4_AD8P_63,3L,63,HP,NA
AG19,IO_L20N_T3L_N3_AD1N_63,3L,63,HP,NA
AG20,IO_L20P_T3L_N2_AD1P_63,3L,63,HP,NA
AL20,IO_L19N_T3L_N1_DBC_AD9N_63,3L,63,HP,NA
AK20,IO_L19P_T3L_N0_DBC_AD9P_63,3L,63,HP,NA
AH18,IO_T3U_N12_63,3U,63,HP,NA
AR17,IO_T2U_N12_63,2U,63,HP,NA
AU20,IO_L18N_T2U_N11_AD2N_63,2U,63,HP,NA
AT20,IO_L18P_T2U_N10_AD2P_63,2U,63,HP,NA
AT16,IO_L17N_T2U_N9_AD10N_63,2U,63,HP,NA
AT17,IO_L17P_T2U_N8_AD10P_63,2U,63,HP,NA
AU21,IO_L16N_T2U_N7_QBC_AD3N_63,2U,63,HP,NA
AT21,IO_L16P_T2U_N6_QBC_AD3P_63,2U,63,HP,NA
AT18,IO_L15N_T2L_N5_AD11N_63,2L,63,HP,NA
AR18,IO_L15P_T2L_N4_AD11P_63,2L,63,HP,NA
AR20,IO_L14N_T2L_N3_GC_63,2L,63,HP,NA
AP20,IO_L14P_T2L_N2_GC_63,2L,63,HP,NA
AR19,IO_L13N_T2L_N1_GC_QBC_63,2L,63,HP,NA
AP19,IO_L13P_T2L_N0_GC_QBC_63,2L,63,HP,NA
AN18,IO_L12N_T1U_N11_GC_63,1U,63,HP,NA
AN19,IO_L12P_T1U_N10_GC_63,1U,63,HP,NA
AP17,IO_L11N_T1U_N9_GC_63,1U,63,HP,NA
AN17,IO_L11P_T1U_N8_GC_63,1U,63,HP,NA
AP21,IO_L10N_T1U_N7_QBC_AD4N_63,1U,63,HP,NA
AN21,IO_L10P_T1U_N6_QBC_AD4P_63,1U,63,HP,NA
AL17,IO_L9N_T1L_N5_AD12N_63,1L,63,HP,NA
AL18,IO_L9P_T1L_N4_AD12P_63,1L,63,HP,NA
AM21,IO_L8N_T1L_N3_AD5N_63,1L,63,HP,NA
AL21,IO_L8P_T1L_N2_AD5P_63,1L,63,HP,NA
AM18,IO_L7N_T1L_N1_QBC_AD13N_63,1L,63,HP,NA
AM19,IO_L7P_T1L_N0_QBC_AD13P_63,1L,63,HP,NA
AM20,IO_T1U_N12_63,1U,63,HP,NA
AU16,IO_T0U_N12_VRP_63,0U,63,HP,NA
AV19,IO_L6N_T0U_N11_AD6N_63,0U,63,HP,NA
AU19,IO_L6P_T0U_N10_AD6P_63,0U,63,HP,NA
AW16,IO_L5N_T0U_N9_AD14N_63,0U,63,HP,NA
AV16,IO_L5P_T0U_N8_AD14P_63,0U,63,HP,NA
AW19,IO_L4N_T0U_N7_DBC_AD7N_63,0U,63,HP,NA
AW20,IO_L4P_T0U_N6_DBC_AD7P_63,0U,63,HP,NA
AW17,IO_L3N_T0L_N5_AD15N_63,0L,63,HP,NA
AV17,IO_L3P_T0L_N4_AD15P_63,0L,63,HP,NA
AW21,IO_L2N_T0L_N3_63,0L,63,HP,NA
AV21,IO_L2P_T0L_N2_63,0L,63,HP,NA
AV18,IO_L1N_T0L_N1_DBC_63,0L,63,HP,NA
AU18,IO_L1P_T0L_N0_DBC_63,0L,63,HP,NA
AG18,VREF_63,NA,63,HP,NA
A15,IO_L12N_AD8N_88,NA,88,HD,NA
B15,IO_L12P_AD8P_88,NA,88,HD,NA
A13,IO_L11N_AD9N_88,NA,88,HD,NA
B13,IO_L11P_AD9P_88,NA,88,HD,NA
B14,IO_L10N_AD10N_88,NA,88,HD,NA
C14,IO_L10P_AD10P_88,NA,88,HD,NA
C13,IO_L9N_AD11N_88,NA,88,HD,NA
D14,IO_L9P_AD11P_88,NA,88,HD,NA
D15,IO_L8N_HDGC_88,NA,88,HD,NA
E15,IO_L8P_HDGC_88,NA,88,HD,NA
E13,IO_L7N_HDGC_88,NA,88,HD,NA
E14,IO_L7P_HDGC_88,NA,88,HD,NA
F15,IO_L6N_HDGC_88,NA,88,HD,NA
G15,IO_L6P_HDGC_88,NA,88,HD,NA
F13,IO_L5N_HDGC_88,NA,88,HD,NA
G13,IO_L5P_HDGC_88,NA,88,HD,NA
G14,IO_L4N_AD12N_88,NA,88,HD,NA
H14,IO_L4P_AD12P_88,NA,88,HD,NA
H13,IO_L3N_AD13N_88,NA,88,HD,NA
J14,IO_L3P_AD13P_88,NA,88,HD,NA
K13,IO_L2N_AD14N_88,NA,88,HD,NA
K14,IO_L2P_AD14P_88,NA,88,HD,NA
L12,IO_L1N_AD15N_88,NA,88,HD,NA
L13,IO_L1P_AD15P_88,NA,88,HD,NA
A11,IO_L12N_AD0N_87,NA,87,HD,NA
A12,IO_L12P_AD0P_87,NA,87,HD,NA
A10,IO_L11N_AD1N_87,NA,87,HD,NA
B10,IO_L11P_AD1P_87,NA,87,HD,NA
B11,IO_L10N_AD2N_87,NA,87,HD,NA
C11,IO_L10P_AD2P_87,NA,87,HD,NA
C12,IO_L9N_AD3N_87,NA,87,HD,NA
D12,IO_L9P_AD3P_87,NA,87,HD,NA
D10,IO_L8N_HDGC_AD4N_87,NA,87,HD,NA
D11,IO_L8P_HDGC_AD4P_87,NA,87,HD,NA
E12,IO_L7N_HDGC_AD5N_87,NA,87,HD,NA
F12,IO_L7P_HDGC_AD5P_87,NA,87,HD,NA
E10,IO_L6N_HDGC_AD6N_87,NA,87,HD,NA
F10,IO_L6P_HDGC_AD6P_87,NA,87,HD,NA
F11,IO_L5N_HDGC_AD7N_87,NA,87,HD,NA
G11,IO_L5P_HDGC_AD7P_87,NA,87,HD,NA
G10,IO_L4N_AD8N_87,NA,87,HD,NA
H11,IO_L4P_AD8P_87,NA,87,HD,NA
H12,IO_L3N_AD9N_87,NA,87,HD,NA
J12,IO_L3P_AD9P_87,NA,87,HD,NA
J11,IO_L2N_AD10N_87,NA,87,HD,NA
K12,IO_L2P_AD10P_87,NA,87,HD,NA
J10,IO_L1N_AD11N_87,NA,87,HD,NA
K10,IO_L1P_AD11P_87,NA,87,HD,NA
AM1,MGTHRXN0_223,NA,223,GTH,NA
AL3,MGTHRXN1_223,NA,223,GTH,NA
AK1,MGTHRXN2_223,NA,223,GTH,NA
AJ3,MGTHRXN3_223,NA,223,GTH,NA
AM2,MGTHRXP0_223,NA,223,GTH,NA
AL4,MGTHRXP1_223,NA,223,GTH,NA
AK2,MGTHRXP2_223,NA,223,GTH,NA
AJ4,MGTHRXP3_223,NA,223,GTH,NA
AM5,MGTHTXN0_223,NA,223,GTH,NA
AL7,MGTHTXN1_223,NA,223,GTH,NA
AK5,MGTHTXN2_223,NA,223,GTH,NA
AJ7,MGTHTXN3_223,NA,223,GTH,NA
AM6,MGTHTXP0_223,NA,223,GTH,NA
AL8,MGTHTXP1_223,NA,223,GTH,NA
AK6,MGTHTXP2_223,NA,223,GTH,NA
AJ8,MGTHTXP3_223,NA,223,GTH,NA
AH9,MGTREFCLK0N_223,NA,223,GTH,NA
AH10,MGTREFCLK0P_223,NA,223,GTH,NA
AG11,MGTREFCLK1N_223,NA,223,GTH,NA
AG12,MGTREFCLK1P_223,NA,223,GTH,NA
AC11,MGTAVTTRCAL_R,NA,NA,NA,NA
AH1,MGTHRXN0_224,NA,224,GTH,NA
AG3,MGTHRXN1_224,NA,224,GTH,NA
AF1,MGTHRXN2_224,NA,224,GTH,NA
AE3,MGTHRXN3_224,NA,224,GTH,NA
AH2,MGTHRXP0_224,NA,224,GTH,NA
AG4,MGTHRXP1_224,NA,224,GTH,NA
AF2,MGTHRXP2_224,NA,224,GTH,NA
AE4,MGTHRXP3_224,NA,224,GTH,NA
AH5,MGTHTXN0_224,NA,224,GTH,NA
AG7,MGTHTXN1_224,NA,224,GTH,NA
AF5,MGTHTXN2_224,NA,224,GTH,NA
AE7,MGTHTXN3_224,NA,224,GTH,NA
AH6,MGTHTXP0_224,NA,224,GTH,NA
AG8,MGTHTXP1_224,NA,224,GTH,NA
AF6,MGTHTXP2_224,NA,224,GTH,NA
AE8,MGTHTXP3_224,NA,224,GTH,NA
AF9,MGTREFCLK0N_224,NA,224,GTH,NA
AF10,MGTREFCLK0P_224,NA,224,GTH,NA
AE11,MGTREFCLK1N_224,NA,224,GTH,NA
AE12,MGTREFCLK1P_224,NA,224,GTH,NA
AC12,MGTRREF_R,NA,NA,NA,NA
AD1,MGTHRXN0_225,NA,225,GTH,NA
AC3,MGTHRXN1_225,NA,225,GTH,NA
AB1,MGTHRXN2_225,NA,225,GTH,NA
AA3,MGTHRXN3_225,NA,225,GTH,NA
AD2,MGTHRXP0_225,NA,225,GTH,NA
AC4,MGTHRXP1_225,NA,225,GTH,NA
AB2,MGTHRXP2_225,NA,225,GTH,NA
AA4,MGTHRXP3_225,NA,225,GTH,NA
AD5,MGTHTXN0_225,NA,225,GTH,NA
AC7,MGTHTXN1_225,NA,225,GTH,NA
AB5,MGTHTXN2_225,NA,225,GTH,NA
AA7,MGTHTXN3_225,NA,225,GTH,NA
AD6,MGTHTXP0_225,NA,225,GTH,NA
AC8,MGTHTXP1_225,NA,225,GTH,NA
AB6,MGTHTXP2_225,NA,225,GTH,NA
AA8,MGTHTXP3_225,NA,225,GTH,NA
AD9,MGTREFCLK0N_225,NA,225,GTH,NA
AD10,MGTREFCLK0P_225,NA,225,GTH,NA
AB9,MGTREFCLK1N_225,NA,225,GTH,NA
AB10,MGTREFCLK1P_225,NA,225,GTH,NA
Y1,MGTHRXN0_226,NA,226,GTH,NA
W3,MGTHRXN1_226,NA,226,GTH,NA
V1,MGTHRXN2_226,NA,226,GTH,NA
U3,MGTHRXN3_226,NA,226,GTH,NA
Y2,MGTHRXP0_226,NA,226,GTH,NA
W4,MGTHRXP1_226,NA,226,GTH,NA
V2,MGTHRXP2_226,NA,226,GTH,NA
U4,MGTHRXP3_226,NA,226,GTH,NA
Y5,MGTHTXN0_226,NA,226,GTH,NA
W7,MGTHTXN1_226,NA,226,GTH,NA
V5,MGTHTXN2_226,NA,226,GTH,NA
U7,MGTHTXN3_226,NA,226,GTH,NA
Y6,MGTHTXP0_226,NA,226,GTH,NA
W8,MGTHTXP1_226,NA,226,GTH,NA
V6,MGTHTXP2_226,NA,226,GTH,NA
U8,MGTHTXP3_226,NA,226,GTH,NA
AA11,MGTREFCLK0N_226,NA,226,GTH,NA
AA12,MGTREFCLK0P_226,NA,226,GTH,NA
Y9,MGTREFCLK1N_226,NA,226,GTH,NA
Y10,MGTREFCLK1P_226,NA,226,GTH,NA
T1,MGTHRXN0_227,NA,227,GTH,NA
R3,MGTHRXN1_227,NA,227,GTH,NA
P1,MGTHRXN2_227,NA,227,GTH,NA
N3,MGTHRXN3_227,NA,227,GTH,NA
T2,MGTHRXP0_227,NA,227,GTH,NA
R4,MGTHRXP1_227,NA,227,GTH,NA
P2,MGTHRXP2_227,NA,227,GTH,NA
N4,MGTHRXP3_227,NA,227,GTH,NA
T5,MGTHTXN0_227,NA,227,GTH,NA
R7,MGTHTXN1_227,NA,227,GTH,NA
P5,MGTHTXN2_227,NA,227,GTH,NA
N7,MGTHTXN3_227,NA,227,GTH,NA
T6,MGTHTXP0_227,NA,227,GTH,NA
R8,MGTHTXP1_227,NA,227,GTH,NA
P6,MGTHTXP2_227,NA,227,GTH,NA
N8,MGTHTXP3_227,NA,227,GTH,NA
W11,MGTREFCLK0N_227,NA,227,GTH,NA
W12,MGTREFCLK0P_227,NA,227,GTH,NA
V9,MGTREFCLK1N_227,NA,227,GTH,NA
V10,MGTREFCLK1P_227,NA,227,GTH,NA
M1,MGTHRXN0_228,NA,228,GTH,NA
L3,MGTHRXN1_228,NA,228,GTH,NA
K1,MGTHRXN2_228,NA,228,GTH,NA
J3,MGTHRXN3_228,NA,228,GTH,NA
M2,MGTHRXP0_228,NA,228,GTH,NA
L4,MGTHRXP1_228,NA,228,GTH,NA
K2,MGTHRXP2_228,NA,228,GTH,NA
J4,MGTHRXP3_228,NA,228,GTH,NA
M5,MGTHTXN0_228,NA,228,GTH,NA
L7,MGTHTXN1_228,NA,228,GTH,NA
K5,MGTHTXN2_228,NA,228,GTH,NA
J7,MGTHTXN3_228,NA,228,GTH,NA
M6,MGTHTXP0_228,NA,228,GTH,NA
L8,MGTHTXP1_228,NA,228,GTH,NA
K6,MGTHTXP2_228,NA,228,GTH,NA
J8,MGTHTXP3_228,NA,228,GTH,NA
U11,MGTREFCLK0N_228,NA,228,GTH,NA
U12,MGTREFCLK0P_228,NA,228,GTH,NA
T9,MGTREFCLK1N_228,NA,228,GTH,NA
T10,MGTREFCLK1P_228,NA,228,GTH,NA
Y29,PS_MIO0,NA,500,PSMIO,NA
R28,PS_MIO1,NA,500,PSMIO,NA
Y28,PS_MIO10,NA,500,PSMIO,NA
T30,PS_MIO11,NA,500,PSMIO,NA
M29,PS_MIO12,NA,500,PSMIO,NA
R29,PS_MIO13,NA,500,PSMIO,NA
M28,PS_MIO14,NA,500,PSMIO,NA
T28,PS_MIO15,NA,500,PSMIO,NA
R27,PS_MIO16,NA,500,PSMIO,NA
AA30,PS_MIO17,NA,500,PSMIO,NA
N28,PS_MIO18,NA,500,PSMIO,NA
Y30,PS_MIO19,NA,500,PSMIO,NA
V27,PS_MIO2,NA,500,PSMIO,NA
P27,PS_MIO20,NA,500,PSMIO,NA
V28,PS_MIO21,NA,500,PSMIO,NA
V29,PS_MIO22,NA,500,PSMIO,NA
U28,PS_MIO23,NA,500,PSMIO,NA
N29,PS_MIO24,NA,500,PSMIO,NA
T27,PS_MIO25,NA,500,PSMIO,NA
N27,PS_MIO3,NA,500,PSMIO,NA
U30,PS_MIO4,NA,500,PSMIO,NA
P29,PS_MIO5,NA,500,PSMIO,NA
W29,PS_MIO6,NA,500,PSMIO,NA
W27,PS_MIO7,NA,500,PSMIO,NA
W30,PS_MIO8,NA,500,PSMIO,NA
U29,PS_MIO9,NA,500,PSMIO,NA
AC28,VCC_PSADC,NA,500,PSMIO,NA
AB28,GND_PSADC,NA,500,PSMIO,NA
K37,PS_MIO26,NA,501,PSMIO,NA
L33,PS_MIO27,NA,501,PSMIO,NA
K38,PS_MIO28,NA,501,PSMIO,NA
K32,PS_MIO29,NA,501,PSMIO,NA
M34,PS_MIO30,NA,501,PSMIO,NA
M35,PS_MIO31,NA,501,PSMIO,NA
M36,PS_MIO32,NA,501,PSMIO,NA
L30,PS_MIO33,NA,501,PSMIO,NA
L32,PS_MIO34,NA,501,PSMIO,NA
K34,PS_MIO35,NA,501,PSMIO,NA
K35,PS_MIO36,NA,501,PSMIO,NA
M33,PS_MIO37,NA,501,PSMIO,NA
L36,PS_MIO38,NA,501,PSMIO,NA
L37,PS_MIO39,NA,501,PSMIO,NA
J35,PS_MIO40,NA,501,PSMIO,NA
J34,PS_MIO41,NA,501,PSMIO,NA
L38,PS_MIO42,NA,501,PSMIO,NA
L35,PS_MIO43,NA,501,PSMIO,NA
K33,PS_MIO44,NA,501,PSMIO,NA
J37,PS_MIO45,NA,501,PSMIO,NA
J39,PS_MIO46,NA,501,PSMIO,NA
L31,PS_MIO47,NA,501,PSMIO,NA
M38,PS_MIO48,NA,501,PSMIO,NA
M39,PS_MIO49,NA,501,PSMIO,NA
K39,PS_MIO50,NA,501,PSMIO,NA
J36,PS_MIO51,NA,501,PSMIO,NA
N31,PS_MIO52,NA,502,PSMIO,NA
P34,PS_MIO53,NA,502,PSMIO,NA
P39,PS_MIO54,NA,502,PSMIO,NA
R38,PS_MIO55,NA,502,PSMIO,NA
R35,PS_MIO56,NA,502,PSMIO,NA
M31,PS_MIO57,NA,502,PSMIO,NA
N39,PS_MIO58,NA,502,PSMIO,NA
N37,PS_MIO59,NA,502,PSMIO,NA
N38,PS_MIO60,NA,502,PSMIO,NA
P37,PS_MIO61,NA,502,PSMIO,NA
N33,PS_MIO62,NA,502,PSMIO,NA
N36,PS_MIO63,NA,502,PSMIO,NA
P36,PS_MIO64,NA,502,PSMIO,NA
R30,PS_MIO65,NA,502,PSMIO,NA
P32,PS_MIO66,NA,502,PSMIO,NA
M30,PS_MIO67,NA,502,PSMIO,NA
R33,PS_MIO68,NA,502,PSMIO,NA
P35,PS_MIO69,NA,502,PSMIO,NA
R34,PS_MIO70,NA,502,PSMIO,NA
R37,PS_MIO71,NA,502,PSMIO,NA
P30,PS_MIO72,NA,502,PSMIO,NA
N34,PS_MIO73,NA,502,PSMIO,NA
P31,PS_MIO74,NA,502,PSMIO,NA
R39,PS_MIO75,NA,502,PSMIO,NA
N32,PS_MIO76,NA,502,PSMIO,NA
R32,PS_MIO77,NA,502,PSMIO,NA
AJ31,PS_DONE,NA,503,PSCONFIG,NA
AH32,PS_ERROR_OUT,NA,503,PSCONFIG,NA
AH31,PS_ERROR_STATUS,NA,503,PSCONFIG,NA
AK30,PS_INIT_B,NA,503,PSCONFIG,NA
AG31,PS_JTAG_TCK,NA,503,PSCONFIG,NA
AE30,PS_JTAG_TDI,NA,503,PSCONFIG,NA
AF31,PS_JTAG_TDO,NA,503,PSCONFIG,NA
AE29,PS_JTAG_TMS,NA,503,PSCONFIG,NA
AH27,PS_MODE0,NA,503,PSCONFIG,NA
AH28,PS_MODE1,NA,503,PSCONFIG,NA
AJ27,PS_MODE2,NA,503,PSCONFIG,NA
AH29,PS_MODE3,NA,503,PSCONFIG,NA
AJ30,PS_PADI,NA,503,PSCONFIG,NA
AJ29,PS_PADO,NA,503,PSCONFIG,NA
AF30,PS_POR_B,NA,503,PSCONFIG,NA
AG30,PS_PROG_B,NA,503,PSCONFIG,NA
AG28,PS_REF_CLK,NA,503,PSCONFIG,NA
AG29,PS_SRST_B,NA,503,PSCONFIG,NA
AT36,PS_DDR_A0,NA,504,PSDDR,NA
AU36,PS_DDR_A1,NA,504,PSDDR,NA
AR34,PS_DDR_A10,NA,504,PSDDR,NA
AR37,PS_DDR_A11,NA,504,PSDDR,NA
AR38,PS_DDR_A12,NA,504,PSDDR,NA
AR39,PS_DDR_A13,NA,504,PSDDR,NA
AP37,PS_DDR_A14,NA,504,PSDDR,NA
AP36,PS_DDR_A15,NA,504,PSDDR,NA
AN33,PS_DDR_A16,NA,504,PSDDR,NA
AJ32,PS_DDR_A17,NA,504,PSDDR,NA
AU38,PS_DDR_A2,NA,504,PSDDR,NA
AT38,PS_DDR_A3,NA,504,PSDDR,NA
AT37,PS_DDR_A4,NA,504,PSDDR,NA
AU39,PS_DDR_A5,NA,504,PSDDR,NA
AK32,PS_DDR_A6,NA,504,PSDDR,NA
AL31,PS_DDR_A7,NA,504,PSDDR,NA
AM30,PS_DDR_A8,NA,504,PSDDR,NA
AM31,PS_DDR_A9,NA,504,PSDDR,NA
AK29,PS_DDR_RAM_RST_N,NA,504,PSDDR,NA
AM34,PS_DDR_ALERT_N,NA,504,PSDDR,NA
AN36,PS_DDR_BA0,NA,504,PSDDR,NA
AU35,PS_DDR_ODT1,NA,504,PSDDR,NA
AN32,PS_DDR_BG0,NA,504,PSDDR,NA
AL32,PS_DDR_BG1,NA,504,PSDDR,NA
AV37,PS_DDR_CK0,NA,504,PSDDR,NA
AR35,PS_DDR_CK1,NA,504,PSDDR,NA
AV36,PS_DDR_CKE0,NA,504,PSDDR,NA
AT35,PS_DDR_CKE1,NA,504,PSDDR,NA
AV38,PS_DDR_CK_N0,NA,504,PSDDR,NA
AP35,PS_DDR_CK_N1,NA,504,PSDDR,NA
AW36,PS_DDR_CS_N0,NA,504,PSDDR,NA
AP34,PS_DDR_CS_N1,NA,504,PSDDR,NA
AU30,PS_DDR_DM0,NA,504,PSDDR,NA
AW32,PS_DDR_DM1,NA,504,PSDDR,NA
AM29,PS_DDR_DM2,NA,504,PSDDR,NA
AR30,PS_DDR_DM3,NA,504,PSDDR,NA
AJ35,PS_DDR_DM4,NA,504,PSDDR,NA
AE34,PS_DDR_DM5,NA,504,PSDDR,NA
AJ37,PS_DDR_DM6,NA,504,PSDDR,NA
AF37,PS_DDR_DM7,NA,504,PSDDR,NA
AL38,PS_DDR_DM8,NA,504,PSDDR,NA
AW30,PS_DDR_DQ0,NA,504,PSDDR,NA
AR29,PS_DDR_DQ1,NA,504,PSDDR,NA
AW34,PS_DDR_DQ10,NA,504,PSDDR,NA
AU34,PS_DDR_DQ11,NA,504,PSDDR,NA
AW31,PS_DDR_DQ12,NA,504,PSDDR,NA
AW35,PS_DDR_DQ13,NA,504,PSDDR,NA
AV34,PS_DDR_DQ14,NA,504,PSDDR,NA
AU31,PS_DDR_DQ15,NA,504,PSDDR,NA
AP29,PS_DDR_DQ16,NA,504,PSDDR,NA
AN27,PS_DDR_DQ17,NA,504,PSDDR,NA
AL28,PS_DDR_DQ18,NA,504,PSDDR,NA
AP27,PS_DDR_DQ19,NA,504,PSDDR,NA
AR28,PS_DDR_DQ2,NA,504,PSDDR,NA
AN29,PS_DDR_DQ20,NA,504,PSDDR,NA
AK28,PS_DDR_DQ21,NA,504,PSDDR,NA
AK27,PS_DDR_DQ22,NA,504,PSDDR,NA
AL27,PS_DDR_DQ23,NA,504,PSDDR,NA
AP31,PS_DDR_DQ24,NA,504,PSDDR,NA
AP32,PS_DDR_DQ25,NA,504,PSDDR,NA
AN31,PS_DDR_DQ26,NA,504,PSDDR,NA
AP30,PS_DDR_DQ27,NA,504,PSDDR,NA
AT33,PS_DDR_DQ28,NA,504,PSDDR,NA
AT32,PS_DDR_DQ29,NA,504,PSDDR,NA
AV29,PS_DDR_DQ3,NA,504,PSDDR,NA
AT31,PS_DDR_DQ30,NA,504,PSDDR,NA
AT30,PS_DDR_DQ31,NA,504,PSDDR,NA
AL35,PS_DDR_DQ32,NA,504,PSDDR,NA
AM36,PS_DDR_DQ33,NA,504,PSDDR,NA
AM35,PS_DDR_DQ34,NA,504,PSDDR,NA
AH33,PS_DDR_DQ35,NA,504,PSDDR,NA
AK33,PS_DDR_DQ36,NA,504,PSDDR,NA
AJ34,PS_DDR_DQ37,NA,504,PSDDR,NA
AH34,PS_DDR_DQ38,NA,504,PSDDR,NA
AL36,PS_DDR_DQ39,NA,504,PSDDR,NA
AR27,PS_DDR_DQ4,NA,504,PSDDR,NA
AE32,PS_DDR_DQ40,NA,504,PSDDR,NA
AF32,PS_DDR_DQ41,NA,504,PSDDR,NA
AD32,PS_DDR_DQ42,NA,504,PSDDR,NA
AG33,PS_DDR_DQ43,NA,504,PSDDR,NA
AF35,PS_DDR_DQ44,NA,504,PSDDR,NA
AD34,PS_DDR_DQ45,NA,504,PSDDR,NA
AD31,PS_DDR_DQ46,NA,504,PSDDR,NA
AG34,PS_DDR_DQ47,NA,504,PSDDR,NA
AG36,PS_DDR_DQ48,NA,504,PSDDR,NA
AG39,PS_DDR_DQ49,NA,504,PSDDR,NA
AT28,PS_DDR_DQ5,NA,504,PSDDR,NA
AJ39,PS_DDR_DQ50,NA,504,PSDDR,NA
AH39,PS_DDR_DQ51,NA,504,PSDDR,NA
AH36,PS_DDR_DQ52,NA,504,PSDDR,NA
AG35,PS_DDR_DQ53,NA,504,PSDDR,NA
AG38,PS_DDR_DQ54,NA,504,PSDDR,NA
AJ36,PS_DDR_DQ55,NA,504,PSDDR,NA
AD36,PS_DDR_DQ56,NA,504,PSDDR,NA
AD35,PS_DDR_DQ57,NA,504,PSDDR,NA
AE35,PS_DDR_DQ58,NA,504,PSDDR,NA
AF36,PS_DDR_DQ59,NA,504,PSDDR,NA
AV28,PS_DDR_DQ6,NA,504,PSDDR,NA
AE38,PS_DDR_DQ60,NA,504,PSDDR,NA
AE39,PS_DDR_DQ61,NA,504,PSDDR,NA
AF38,PS_DDR_DQ62,NA,504,PSDDR,NA
AD39,PS_DDR_DQ63,NA,504,PSDDR,NA
AK38,PS_DDR_DQ64,NA,504,PSDDR,NA
AK39,PS_DDR_DQ65,NA,504,PSDDR,NA
AN39,PS_DDR_DQ66,NA,504,PSDDR,NA
AP39,PS_DDR_DQ67,NA,504,PSDDR,NA
AN38,PS_DDR_DQ68,NA,504,PSDDR,NA
AN37,PS_DDR_DQ69,NA,504,PSDDR,NA
AW29,PS_DDR_DQ7,NA,504,PSDDR,NA
AL37,PS_DDR_DQ70,NA,504,PSDDR,NA
AK37,PS_DDR_DQ71,NA,504,PSDDR,NA
AV31,PS_DDR_DQ8,NA,504,PSDDR,NA
AV32,PS_DDR_DQ9,NA,504,PSDDR,NA
AU29,PS_DDR_DQS_N0,NA,504,PSDDR,NA
AV33,PS_DDR_DQS_N1,NA,504,PSDDR,NA
AN28,PS_DDR_DQS_N2,NA,504,PSDDR,NA
AR33,PS_DDR_DQS_N3,NA,504,PSDDR,NA
AK35,PS_DDR_DQS_N4,NA,504,PSDDR,NA
AF33,PS_DDR_DQS_N5,NA,504,PSDDR,NA
AH38,PS_DDR_DQS_N6,NA,504,PSDDR,NA
AE37,PS_DDR_DQS_N7,NA,504,PSDDR,NA
AM39,PS_DDR_DQS_N8,NA,504,PSDDR,NA
AU28,PS_DDR_DQS_P0,NA,504,PSDDR,NA
AU33,PS_DDR_DQS_P1,NA,504,PSDDR,NA
AM28,PS_DDR_DQS_P2,NA,504,PSDDR,NA
AR32,PS_DDR_DQS_P3,NA,504,PSDDR,NA
AK34,PS_DDR_DQS_P4,NA,504,PSDDR,NA
AE33,PS_DDR_DQS_P5,NA,504,PSDDR,NA
AH37,PS_DDR_DQS_P6,NA,504,PSDDR,NA
AD37,PS_DDR_DQS_P7,NA,504,PSDDR,NA
AM38,PS_DDR_DQS_P8,NA,504,PSDDR,NA
AW37,PS_DDR_ODT0,NA,504,PSDDR,NA
AN34,PS_DDR_BA1,NA,504,PSDDR,NA
AM33,PS_DDR_PARITY,NA,504,PSDDR,NA
AL33,PS_DDR_ACT_N,NA,504,PSDDR,NA
AL30,PS_DDR_ZQ,NA,504,PSDDR,NA
AA39,PS_MGTRRXN0_505,NA,505,PSGTR,NA
W39,PS_MGTRRXN1_505,NA,505,PSGTR,NA
V37,PS_MGTRRXN2_505,NA,505,PSGTR,NA
U39,PS_MGTRRXN3_505,NA,505,PSGTR,NA
AA38,PS_MGTRRXP0_505,NA,505,PSGTR,NA
W38,PS_MGTRRXP1_505,NA,505,PSGTR,NA
V36,PS_MGTRRXP2_505,NA,505,PSGTR,NA
U38,PS_MGTRRXP3_505,NA,505,PSGTR,NA
AB37,PS_MGTRTXN0_505,NA,505,PSGTR,NA
Y37,PS_MGTRTXN1_505,NA,505,PSGTR,NA
W35,PS_MGTRTXN2_505,NA,505,PSGTR,NA
U35,PS_MGTRTXN3_505,NA,505,PSGTR,NA
AB36,PS_MGTRTXP0_505,NA,505,PSGTR,NA
Y36,PS_MGTRTXP1_505,NA,505,PSGTR,NA
W34,PS_MGTRTXP2_505,NA,505,PSGTR,NA
U34,PS_MGTRTXP3_505,NA,505,PSGTR,NA
AB33,PS_MGTREFCLK0N_505,NA,505,PSGTR,NA
AB32,PS_MGTREFCLK0P_505,NA,505,PSGTR,NA
AA35,PS_MGTREFCLK1N_505,NA,505,PSGTR,NA
AA34,PS_MGTREFCLK1P_505,NA,505,PSGTR,NA
Y33,PS_MGTREFCLK2N_505,NA,505,PSGTR,NA
Y32,PS_MGTREFCLK2P_505,NA,505,PSGTR,NA
V33,PS_MGTREFCLK3N_505,NA,505,PSGTR,NA
V32,PS_MGTREFCLK3P_505,NA,505,PSGTR,NA
U33,PS_MGTRREF_505,NA,NA,NA,NA
AL19,VCCO_63,NA,63,NA,NA
AP18,VCCO_63,NA,63,NA,NA
AU17,VCCO_63,NA,63,NA,NA
AK16,VCCO_65,NA,65,NA,NA
AN15,VCCO_65,NA,65,NA,NA
AT14,VCCO_65,NA,65,NA,NA
AN10,VCCO_66,NA,66,NA,NA
AR6,VCCO_66,NA,66,NA,NA
AT9,VCCO_66,NA,66,NA,NA
AL24,VCCO_64,NA,64,NA,NA
AP23,VCCO_64,NA,64,NA,NA
AU22,VCCO_64,NA,64,NA,NA
D33,VCCO_27,NA,27,NA,NA
E36,VCCO_27,NA,27,NA,NA
G32,VCCO_27,NA,27,NA,NA
C30,VCCO_28,NA,28,NA,NA
F29,VCCO_28,NA,28,NA,NA
J28,VCCO_28,NA,28,NA,NA
C20,VCCO_67,NA,67,NA,NA
F19,VCCO_67,NA,67,NA,NA
J18,VCCO_67,NA,67,NA,NA
C25,VCCO_68,NA,68,NA,NA
F24,VCCO_68,NA,68,NA,NA
J23,VCCO_68,NA,68,NA,NA
E11,VCCO_87,NA,87,NA,NA
H10,VCCO_87,NA,87,NA,NA
F14,VCCO_88,NA,88,NA,NA
J13,VCCO_88,NA,88,NA,NA
P28,VCCO_PSIO0_500,NA,500,NA,NA
W28,VCCO_PSIO0_500,NA,500,NA,NA
J38,VCCO_PSIO1_501,NA,501,NA,NA
L34,VCCO_PSIO1_501,NA,501,NA,NA
P33,VCCO_PSIO2_502,NA,502,NA,NA
P38,VCCO_PSIO2_502,NA,502,NA,NA
AF29,VCCO_PSIO3_503,NA,503,NA,NA
AJ28,VCCO_PSIO3_503,NA,503,NA,NA
AL34,VCCO_PSDDR_504,NA,504,NA,NA
AP33,VCCO_PSDDR_504,NA,504,NA,NA
AP38,VCCO_PSDDR_504,NA,504,NA,NA
AT34,VCCO_PSDDR_504,NA,504,NA,NA
AT39,VCCO_PSDDR_504,NA,504,NA,NA
AV35,VCCO_PSDDR_504,NA,504,NA,NA
A14,GND,NA,NA,NA,NA
A19,GND,NA,NA,NA,NA
A2,GND,NA,NA,NA,NA
A24,GND,NA,NA,NA,NA
A29,GND,NA,NA,NA,NA
A34,GND,NA,NA,NA,NA
A5,GND,NA,NA,NA,NA
A9,GND,NA,NA,NA,NA
AA1,GND,NA,NA,NA,NA
AA13,GND,NA,NA,NA,NA
AA14,GND,NA,NA,NA,NA
AA16,GND,NA,NA,NA,NA
AA18,GND,NA,NA,NA,NA
AA2,GND,NA,NA,NA,NA
AA22,GND,NA,NA,NA,NA
AA24,GND,NA,NA,NA,NA
AA29,GND,NA,NA,NA,NA
AA31,GND,NA,NA,NA,NA
AA33,GND,NA,NA,NA,NA
AA37,GND,NA,NA,NA,NA
AA5,GND,NA,NA,NA,NA
AA9,GND,NA,NA,NA,NA
AB11,GND,NA,NA,NA,NA
AB13,GND,NA,NA,NA,NA
AB15,GND,NA,NA,NA,NA
AB17,GND,NA,NA,NA,NA
AB19,GND,NA,NA,NA,NA
AB21,GND,NA,NA,NA,NA
AB27,GND,NA,NA,NA,NA
AB3,GND,NA,NA,NA,NA
AB30,GND,NA,NA,NA,NA
AB31,GND,NA,NA,NA,NA
AB35,GND,NA,NA,NA,NA
AB38,GND,NA,NA,NA,NA
AB39,GND,NA,NA,NA,NA
AB4,GND,NA,NA,NA,NA
AB7,GND,NA,NA,NA,NA
AC1,GND,NA,NA,NA,NA
AC13,GND,NA,NA,NA,NA
AC14,GND,NA,NA,NA,NA
AC16,GND,NA,NA,NA,NA
AC18,GND,NA,NA,NA,NA
AC2,GND,NA,NA,NA,NA
AC20,GND,NA,NA,NA,NA
AC22,GND,NA,NA,NA,NA
AC25,GND,NA,NA,NA,NA
AC30,GND,NA,NA,NA,NA
AC31,GND,NA,NA,NA,NA
AC32,GND,NA,NA,NA,NA
AC33,GND,NA,NA,NA,NA
AC34,GND,NA,NA,NA,NA
AC35,GND,NA,NA,NA,NA
AC36,GND,NA,NA,NA,NA
AC37,GND,NA,NA,NA,NA
AC38,GND,NA,NA,NA,NA
AC39,GND,NA,NA,NA,NA
AC5,GND,NA,NA,NA,NA
AC9,GND,NA,NA,NA,NA
AD11,GND,NA,NA,NA,NA
AD13,GND,NA,NA,NA,NA
AD15,GND,NA,NA,NA,NA
AD17,GND,NA,NA,NA,NA
AD19,GND,NA,NA,NA,NA
AD21,GND,NA,NA,NA,NA
AD23,GND,NA,NA,NA,NA
AD28,GND,NA,NA,NA,NA
AD3,GND,NA,NA,NA,NA
AD33,GND,NA,NA,NA,NA
AD38,GND,NA,NA,NA,NA
AD4,GND,NA,NA,NA,NA
AD7,GND,NA,NA,NA,NA
AE1,GND,NA,NA,NA,NA
AE13,GND,NA,NA,NA,NA
AE14,GND,NA,NA,NA,NA
AE16,GND,NA,NA,NA,NA
AE18,GND,NA,NA,NA,NA
AE2,GND,NA,NA,NA,NA
AE20,GND,NA,NA,NA,NA
AE22,GND,NA,NA,NA,NA
AE26,GND,NA,NA,NA,NA
AE31,GND,NA,NA,NA,NA
AE36,GND,NA,NA,NA,NA
AE5,GND,NA,NA,NA,NA
AE9,GND,NA,NA,NA,NA
AF11,GND,NA,NA,NA,NA
AF13,GND,NA,NA,NA,NA
AF15,GND,NA,NA,NA,NA
AF17,GND,NA,NA,NA,NA
AF19,GND,NA,NA,NA,NA
AF21,GND,NA,NA,NA,NA
AF24,GND,NA,NA,NA,NA
AF28,GND,NA,NA,NA,NA
AF3,GND,NA,NA,NA,NA
AF34,GND,NA,NA,NA,NA
AF39,GND,NA,NA,NA,NA
AF4,GND,NA,NA,NA,NA
AF7,GND,NA,NA,NA,NA
AG1,GND,NA,NA,NA,NA
AG13,GND,NA,NA,NA,NA
AG17,GND,NA,NA,NA,NA
AG2,GND,NA,NA,NA,NA
AG27,GND,NA,NA,NA,NA
AG32,GND,NA,NA,NA,NA
AG37,GND,NA,NA,NA,NA
AG5,GND,NA,NA,NA,NA
AG9,GND,NA,NA,NA,NA
AH11,GND,NA,NA,NA,NA
AH12,GND,NA,NA,NA,NA
AH13,GND,NA,NA,NA,NA
AH15,GND,NA,NA,NA,NA
AH20,GND,NA,NA,NA,NA
AH25,GND,NA,NA,NA,NA
AH26,GND,NA,NA,NA,NA
AH3,GND,NA,NA,NA,NA
AH30,GND,NA,NA,NA,NA
AH35,GND,NA,NA,NA,NA
AH4,GND,NA,NA,NA,NA
AH7,GND,NA,NA,NA,NA
AJ1,GND,NA,NA,NA,NA
AJ10,GND,NA,NA,NA,NA
AJ11,GND,NA,NA,NA,NA
AJ13,GND,NA,NA,NA,NA
AJ18,GND,NA,NA,NA,NA
AJ2,GND,NA,NA,NA,NA
AJ23,GND,NA,NA,NA,NA
AJ33,GND,NA,NA,NA,NA
AJ38,GND,NA,NA,NA,NA
AJ5,GND,NA,NA,NA,NA
AJ9,GND,NA,NA,NA,NA
AK21,GND,NA,NA,NA,NA
AK26,GND,NA,NA,NA,NA
AK3,GND,NA,NA,NA,NA
AK31,GND,NA,NA,NA,NA
AK36,GND,NA,NA,NA,NA
AK4,GND,NA,NA,NA,NA
AK7,GND,NA,NA,NA,NA
AK9,GND,NA,NA,NA,NA
AL1,GND,NA,NA,NA,NA
AL14,GND,NA,NA,NA,NA
AL2,GND,NA,NA,NA,NA
AL29,GND,NA,NA,NA,NA
AL39,GND,NA,NA,NA,NA
AL5,GND,NA,NA,NA,NA
AL9,GND,NA,NA,NA,NA
AM12,GND,NA,NA,NA,NA
AM17,GND,NA,NA,NA,NA
AM22,GND,NA,NA,NA,NA
AM27,GND,NA,NA,NA,NA
AM3,GND,NA,NA,NA,NA
AM32,GND,NA,NA,NA,NA
AM37,GND,NA,NA,NA,NA
AM4,GND,NA,NA,NA,NA
AM7,GND,NA,NA,NA,NA
AM9,GND,NA,NA,NA,NA
AN1,GND,NA,NA,NA,NA
AN2,GND,NA,NA,NA,NA
AN20,GND,NA,NA,NA,NA
AN25,GND,NA,NA,NA,NA
AN3,GND,NA,NA,NA,NA
AN30,GND,NA,NA,NA,NA
AN35,GND,NA,NA,NA,NA
AN4,GND,NA,NA,NA,NA
AN5,GND,NA,NA,NA,NA
AN6,GND,NA,NA,NA,NA
AN7,GND,NA,NA,NA,NA
AN8,GND,NA,NA,NA,NA
AN9,GND,NA,NA,NA,NA
AP13,GND,NA,NA,NA,NA
AP28,GND,NA,NA,NA,NA
AR1,GND,NA,NA,NA,NA
AR11,GND,NA,NA,NA,NA
AR16,GND,NA,NA,NA,NA
AR21,GND,NA,NA,NA,NA
AR26,GND,NA,NA,NA,NA
AR31,GND,NA,NA,NA,NA
AR36,GND,NA,NA,NA,NA
AT19,GND,NA,NA,NA,NA
AT24,GND,NA,NA,NA,NA
AT29,GND,NA,NA,NA,NA
AT4,GND,NA,NA,NA,NA
AU12,GND,NA,NA,NA,NA
AU2,GND,NA,NA,NA,NA
AU27,GND,NA,NA,NA,NA
AU32,GND,NA,NA,NA,NA
AU37,GND,NA,NA,NA,NA
AU7,GND,NA,NA,NA,NA
AV1,GND,NA,NA,NA,NA
AV10,GND,NA,NA,NA,NA
AV15,GND,NA,NA,NA,NA
AV20,GND,NA,NA,NA,NA
AV25,GND,NA,NA,NA,NA
AV30,GND,NA,NA,NA,NA
AV39,GND,NA,NA,NA,NA
AV5,GND,NA,NA,NA,NA
AW13,GND,NA,NA,NA,NA
AW18,GND,NA,NA,NA,NA
AW23,GND,NA,NA,NA,NA
AW28,GND,NA,NA,NA,NA
AW3,GND,NA,NA,NA,NA
AW33,GND,NA,NA,NA,NA
AW38,GND,NA,NA,NA,NA
AW8,GND,NA,NA,NA,NA
B12,GND,NA,NA,NA,NA
B17,GND,NA,NA,NA,NA
B22,GND,NA,NA,NA,NA
B27,GND,NA,NA,NA,NA
B3,GND,NA,NA,NA,NA
B32,GND,NA,NA,NA,NA
B37,GND,NA,NA,NA,NA
B39,GND,NA,NA,NA,NA
B4,GND,NA,NA,NA,NA
B7,GND,NA,NA,NA,NA
B9,GND,NA,NA,NA,NA
C1,GND,NA,NA,NA,NA
C10,GND,NA,NA,NA,NA
C15,GND,NA,NA,NA,NA
C2,GND,NA,NA,NA,NA
C35,GND,NA,NA,NA,NA
C5,GND,NA,NA,NA,NA
C9,GND,NA,NA,NA,NA
D13,GND,NA,NA,NA,NA
D18,GND,NA,NA,NA,NA
D23,GND,NA,NA,NA,NA
D28,GND,NA,NA,NA,NA
D3,GND,NA,NA,NA,NA
D38,GND,NA,NA,NA,NA
D4,GND,NA,NA,NA,NA
D7,GND,NA,NA,NA,NA
D9,GND,NA,NA,NA,NA
E1,GND,NA,NA,NA,NA
E16,GND,NA,NA,NA,NA
E2,GND,NA,NA,NA,NA
E21,GND,NA,NA,NA,NA
E26,GND,NA,NA,NA,NA
E31,GND,NA,NA,NA,NA
E5,GND,NA,NA,NA,NA
E9,GND,NA,NA,NA,NA
F3,GND,NA,NA,NA,NA
F34,GND,NA,NA,NA,NA
F39,GND,NA,NA,NA,NA
F4,GND,NA,NA,NA,NA
F7,GND,NA,NA,NA,NA
F9,GND,NA,NA,NA,NA
G1,GND,NA,NA,NA,NA
G12,GND,NA,NA,NA,NA
G17,GND,NA,NA,NA,NA
G2,GND,NA,NA,NA,NA
G22,GND,NA,NA,NA,NA
G27,GND,NA,NA,NA,NA
G37,GND,NA,NA,NA,NA
G5,GND,NA,NA,NA,NA
G9,GND,NA,NA,NA,NA
H15,GND,NA,NA,NA,NA
H20,GND,NA,NA,NA,NA
H25,GND,NA,NA,NA,NA
H3,GND,NA,NA,NA,NA
H30,GND,NA,NA,NA,NA
H35,GND,NA,NA,NA,NA
H4,GND,NA,NA,NA,NA
H7,GND,NA,NA,NA,NA
H9,GND,NA,NA,NA,NA
J1,GND,NA,NA,NA,NA
J2,GND,NA,NA,NA,NA
J33,GND,NA,NA,NA,NA
J5,GND,NA,NA,NA,NA
J9,GND,NA,NA,NA,NA
K11,GND,NA,NA,NA,NA
K16,GND,NA,NA,NA,NA
K21,GND,NA,NA,NA,NA
K26,GND,NA,NA,NA,NA
K3,GND,NA,NA,NA,NA
K31,GND,NA,NA,NA,NA
K36,GND,NA,NA,NA,NA
K4,GND,NA,NA,NA,NA
K7,GND,NA,NA,NA,NA
K9,GND,NA,NA,NA,NA
L1,GND,NA,NA,NA,NA
L10,GND,NA,NA,NA,NA
L11,GND,NA,NA,NA,NA
L14,GND,NA,NA,NA,NA
L19,GND,NA,NA,NA,NA
L2,GND,NA,NA,NA,NA
L24,GND,NA,NA,NA,NA
L29,GND,NA,NA,NA,NA
L39,GND,NA,NA,NA,NA
L5,GND,NA,NA,NA,NA
L9,GND,NA,NA,NA,NA
M11,GND,NA,NA,NA,NA
M12,GND,NA,NA,NA,NA
M13,GND,NA,NA,NA,NA
M17,GND,NA,NA,NA,NA
M22,GND,NA,NA,NA,NA
M27,GND,NA,NA,NA,NA
M3,GND,NA,NA,NA,NA
M32,GND,NA,NA,NA,NA
M37,GND,NA,NA,NA,NA
M4,GND,NA,NA,NA,NA
M7,GND,NA,NA,NA,NA
N1,GND,NA,NA,NA,NA
N13,GND,NA,NA,NA,NA
N15,GND,NA,NA,NA,NA
N2,GND,NA,NA,NA,NA
N20,GND,NA,NA,NA,NA
N24,GND,NA,NA,NA,NA
N25,GND,NA,NA,NA,NA
N26,GND,NA,NA,NA,NA
N30,GND,NA,NA,NA,NA
N35,GND,NA,NA,NA,NA
N5,GND,NA,NA,NA,NA
N9,GND,NA,NA,NA,NA
P11,GND,NA,NA,NA,NA
P13,GND,NA,NA,NA,NA
P15,GND,NA,NA,NA,NA
P17,GND,NA,NA,NA,NA
P19,GND,NA,NA,NA,NA
P21,GND,NA,NA,NA,NA
P23,GND,NA,NA,NA,NA
P3,GND,NA,NA,NA,NA
P4,GND,NA,NA,NA,NA
P7,GND,NA,NA,NA,NA
R1,GND,NA,NA,NA,NA
R13,GND,NA,NA,NA,NA
R14,GND,NA,NA,NA,NA
R16,GND,NA,NA,NA,NA
R18,GND,NA,NA,NA,NA
R2,GND,NA,NA,NA,NA
R20,GND,NA,NA,NA,NA
R22,GND,NA,NA,NA,NA
R24,GND,NA,NA,NA,NA
R26,GND,NA,NA,NA,NA
R31,GND,NA,NA,NA,NA
R36,GND,NA,NA,NA,NA
R5,GND,NA,NA,NA,NA
R9,GND,NA,NA,NA,NA
T11,GND,NA,NA,NA,NA
T13,GND,NA,NA,NA,NA
T15,GND,NA,NA,NA,NA
T17,GND,NA,NA,NA,NA
T19,GND,NA,NA,NA,NA
T21,GND,NA,NA,NA,NA
T23,GND,NA,NA,NA,NA
T25,GND,NA,NA,NA,NA
T29,GND,NA,NA,NA,NA
T3,GND,NA,NA,NA,NA
T31,GND,NA,NA,NA,NA
T32,GND,NA,NA,NA,NA
T33,GND,NA,NA,NA,NA
T34,GND,NA,NA,NA,NA
T35,GND,NA,NA,NA,NA
T36,GND,NA,NA,NA,NA
T37,GND,NA,NA,NA,NA
T38,GND,NA,NA,NA,NA
T39,GND,NA,NA,NA,NA
T4,GND,NA,NA,NA,NA
T7,GND,NA,NA,NA,NA
U1,GND,NA,NA,NA,NA
U13,GND,NA,NA,NA,NA
U14,GND,NA,NA,NA,NA
U16,GND,NA,NA,NA,NA
U18,GND,NA,NA,NA,NA
U2,GND,NA,NA,NA,NA
U20,GND,NA,NA,NA,NA
U22,GND,NA,NA,NA,NA
U24,GND,NA,NA,NA,NA
U26,GND,NA,NA,NA,NA
U27,GND,NA,NA,NA,NA
U31,GND,NA,NA,NA,NA
U32,GND,NA,NA,NA,NA
U37,GND,NA,NA,NA,NA
U5,GND,NA,NA,NA,NA
U9,GND,NA,NA,NA,NA
V11,GND,NA,NA,NA,NA
V13,GND,NA,NA,NA,NA
V15,GND,NA,NA,NA,NA
V17,GND,NA,NA,NA,NA
V21,GND,NA,NA,NA,NA
V23,GND,NA,NA,NA,NA
V25,GND,NA,NA,NA,NA
V3,GND,NA,NA,NA,NA
V30,GND,NA,NA,NA,NA
V31,GND,NA,NA,NA,NA
V35,GND,NA,NA,NA,NA
V38,GND,NA,NA,NA,NA
V39,GND,NA,NA,NA,NA
V4,GND,NA,NA,NA,NA
V7,GND,NA,NA,NA,NA
W1,GND,NA,NA,NA,NA
W13,GND,NA,NA,NA,NA
W14,GND,NA,NA,NA,NA
W16,GND,NA,NA,NA,NA
W18,GND,NA,NA,NA,NA
W2,GND,NA,NA,NA,NA
W22,GND,NA,NA,NA,NA
W24,GND,NA,NA,NA,NA
W26,GND,NA,NA,NA,NA
W31,GND,NA,NA,NA,NA
W33,GND,NA,NA,NA,NA
W37,GND,NA,NA,NA,NA
W5,GND,NA,NA,NA,NA
W9,GND,NA,NA,NA,NA
Y11,GND,NA,NA,NA,NA
Y13,GND,NA,NA,NA,NA
Y15,GND,NA,NA,NA,NA
Y17,GND,NA,NA,NA,NA
Y21,GND,NA,NA,NA,NA
Y23,GND,NA,NA,NA,NA
Y25,GND,NA,NA,NA,NA
Y27,GND,NA,NA,NA,NA
Y3,GND,NA,NA,NA,NA
Y31,GND,NA,NA,NA,NA
Y35,GND,NA,NA,NA,NA
Y38,GND,NA,NA,NA,NA
Y39,GND,NA,NA,NA,NA
Y4,GND,NA,NA,NA,NA
Y7,GND,NA,NA,NA,NA
U36,GND,NA,NA,NA,NA
W36,GND,NA,NA,NA,NA
H8,MGTAVCC_RN,NA,NA,NA,NA
K8,MGTAVCC_RN,NA,NA,NA,NA
M8,MGTAVCC_RN,NA,NA,NA,NA
N10,MGTAVCC_RN,NA,NA,NA,NA
P12,MGTAVCC_RN,NA,NA,NA,NA
R10,MGTAVCC_RN,NA,NA,NA,NA
U10,MGTAVCC_RN,NA,NA,NA,NA
W10,MGTAVCC_RN,NA,NA,NA,NA
AA10,MGTAVCC_RS,NA,NA,NA,NA
AC10,MGTAVCC_RS,NA,NA,NA,NA
AE10,MGTAVCC_RS,NA,NA,NA,NA
AG10,MGTAVCC_RS,NA,NA,NA,NA
AH8,MGTAVCC_RS,NA,NA,NA,NA
AK8,MGTAVCC_RS,NA,NA,NA,NA
AM8,MGTAVCC_RS,NA,NA,NA,NA
A6,MGTAVTT_RN,NA,NA,NA,NA
B8,MGTAVTT_RN,NA,NA,NA,NA
C6,MGTAVTT_RN,NA,NA,NA,NA
D8,MGTAVTT_RN,NA,NA,NA,NA
E6,MGTAVTT_RN,NA,NA,NA,NA
F8,MGTAVTT_RN,NA,NA,NA,NA
G6,MGTAVTT_RN,NA,NA,NA,NA
J6,MGTAVTT_RN,NA,NA,NA,NA
L6,MGTAVTT_RN,NA,NA,NA,NA
N6,MGTAVTT_RN,NA,NA,NA,NA
P8,MGTAVTT_RN,NA,NA,NA,NA
R6,MGTAVTT_RN,NA,NA,NA,NA
T8,MGTAVTT_RN,NA,NA,NA,NA
AA6,MGTAVTT_RS,NA,NA,NA,NA
AB8,MGTAVTT_RS,NA,NA,NA,NA
AC6,MGTAVTT_RS,NA,NA,NA,NA
AD8,MGTAVTT_RS,NA,NA,NA,NA
AE6,MGTAVTT_RS,NA,NA,NA,NA
AF8,MGTAVTT_RS,NA,NA,NA,NA
AG6,MGTAVTT_RS,NA,NA,NA,NA
AJ6,MGTAVTT_RS,NA,NA,NA,NA
AL6,MGTAVTT_RS,NA,NA,NA,NA
U6,MGTAVTT_RS,NA,NA,NA,NA
V8,MGTAVTT_RS,NA,NA,NA,NA
W6,MGTAVTT_RS,NA,NA,NA,NA
Y8,MGTAVTT_RS,NA,NA,NA,NA
T12,MGTVCCAUX_RN,NA,NA,NA,NA
V12,MGTVCCAUX_RN,NA,NA,NA,NA
Y12,MGTVCCAUX_RN,NA,NA,NA,NA
AB12,MGTVCCAUX_RS,NA,NA,NA,NA
AD12,MGTVCCAUX_RS,NA,NA,NA,NA
AF12,MGTVCCAUX_RS,NA,NA,NA,NA
AA32,PS_MGTRAVCC,NA,NA,NA,NA
AB34,PS_MGTRAVCC,NA,NA,NA,NA
W32,PS_MGTRAVCC,NA,NA,NA,NA
Y34,PS_MGTRAVTT,NA,NA,NA,NA
AA36,PS_MGTRAVTT,NA,NA,NA,NA
V34,PS_MGTRAVTT,NA,NA,NA,NA
P26,VCCAUX,NA,NA,NA,NA
T26,VCCAUX,NA,NA,NA,NA
V26,VCCAUX,NA,NA,NA,NA
Y26,VCCAUX,NA,NA,NA,NA
P25,VCCAUX_IO,NA,NA,NA,NA
R25,VCCAUX_IO,NA,NA,NA,NA
U25,VCCAUX_IO,NA,NA,NA,NA
W25,VCCAUX_IO,NA,NA,NA,NA
AA15,VCCBRAM,NA,NA,NA,NA
AC15,VCCBRAM,NA,NA,NA,NA
U15,VCCBRAM,NA,NA,NA,NA
W15,VCCBRAM,NA,NA,NA,NA
AA17,VCCINT,NA,NA,NA,NA
AA21,VCCINT,NA,NA,NA,NA
AB16,VCCINT,NA,NA,NA,NA
AB18,VCCINT,NA,NA,NA,NA
AB20,VCCINT,NA,NA,NA,NA
AB22,VCCINT,NA,NA,NA,NA
AC17,VCCINT,NA,NA,NA,NA
AC19,VCCINT,NA,NA,NA,NA
AC21,VCCINT,NA,NA,NA,NA
AD14,VCCINT,NA,NA,NA,NA
AD16,VCCINT,NA,NA,NA,NA
AD18,VCCINT,NA,NA,NA,NA
AD20,VCCINT,NA,NA,NA,NA
AD22,VCCINT,NA,NA,NA,NA
AE15,VCCINT,NA,NA,NA,NA
AE17,VCCINT,NA,NA,NA,NA
AE19,VCCINT,NA,NA,NA,NA
AE21,VCCINT,NA,NA,NA,NA
AF14,VCCINT,NA,NA,NA,NA
AF16,VCCINT,NA,NA,NA,NA
AF18,VCCINT,NA,NA,NA,NA
AF20,VCCINT,NA,NA,NA,NA
AF22,VCCINT,NA,NA,NA,NA
P14,VCCINT,NA,NA,NA,NA
P16,VCCINT,NA,NA,NA,NA
P18,VCCINT,NA,NA,NA,NA
P20,VCCINT,NA,NA,NA,NA
P22,VCCINT,NA,NA,NA,NA
P24,VCCINT,NA,NA,NA,NA
R15,VCCINT,NA,NA,NA,NA
R17,VCCINT,NA,NA,NA,NA
R19,VCCINT,NA,NA,NA,NA
R21,VCCINT,NA,NA,NA,NA
R23,VCCINT,NA,NA,NA,NA
T16,VCCINT,NA,NA,NA,NA
T18,VCCINT,NA,NA,NA,NA
T20,VCCINT,NA,NA,NA,NA
T22,VCCINT,NA,NA,NA,NA
T24,VCCINT,NA,NA,NA,NA
U17,VCCINT,NA,NA,NA,NA
U19,VCCINT,NA,NA,NA,NA
U21,VCCINT,NA,NA,NA,NA
U23,VCCINT,NA,NA,NA,NA
V16,VCCINT,NA,NA,NA,NA
V18,VCCINT,NA,NA,NA,NA
V22,VCCINT,NA,NA,NA,NA
V24,VCCINT,NA,NA,NA,NA
W17,VCCINT,NA,NA,NA,NA
W21,VCCINT,NA,NA,NA,NA
W23,VCCINT,NA,NA,NA,NA
Y16,VCCINT,NA,NA,NA,NA
Y18,VCCINT,NA,NA,NA,NA
Y22,VCCINT,NA,NA,NA,NA
Y24,VCCINT,NA,NA,NA,NA
AB14,VCCINT_IO,NA,NA,NA,NA
T14,VCCINT_IO,NA,NA,NA,NA
V14,VCCINT_IO,NA,NA,NA,NA
Y14,VCCINT_IO,NA,NA,NA,NA
AB29,VCC_PSAUX,NA,NA,NA,NA
AC29,VCC_PSAUX,NA,NA,NA,NA
AD29,VCC_PSAUX,NA,NA,NA,NA
AD30,VCC_PSAUX,NA,NA,NA,NA
AC27,VCC_PSBATT,NA,NA,NA,NA
AA27,VCC_PSDDR_PLL,NA,NA,NA,NA
AA28,VCC_PSDDR_PLL,NA,NA,NA,NA
AC26,VCC_PSINTFP,NA,NA,NA,NA
AD24,VCC_PSINTFP,NA,NA,NA,NA
AD25,VCC_PSINTFP,NA,NA,NA,NA
AD26,VCC_PSINTFP,NA,NA,NA,NA
AD27,VCC_PSINTFP,NA,NA,NA,NA
AE23,VCC_PSINTFP,NA,NA,NA,NA
AE24,VCC_PSINTFP,NA,NA,NA,NA
AE25,VCC_PSINTFP_DDR,NA,NA,NA,NA
AE27,VCC_PSINTFP_DDR,NA,NA,NA,NA
AE28,VCC_PSINTFP_DDR,NA,NA,NA,NA
AB23,VCC_PSINTLP,NA,NA,NA,NA
AB24,VCC_PSINTLP,NA,NA,NA,NA
AB25,VCC_PSINTLP,NA,NA,NA,NA
AB26,VCC_PSINTLP,NA,NA,NA,NA
AC23,VCC_PSINTLP,NA,NA,NA,NA
AC24,VCC_PSINTLP,NA,NA,NA,NA
AA23,VCC_PSPLL,NA,NA,NA,NA
AA25,VCC_PSPLL,NA,NA,NA,NA
AA26,VCC_PSPLL,NA,NA,NA,NA
AF23,RSVDGND,NA,NA,NA,NA
AF25,RSVDGND,NA,NA,NA,NA
AF26,RSVDGND,NA,NA,NA,NA
AF27,RSVDGND,NA,NA,NA,NA
AG25,RSVDGND,NA,NA,NA,NA
AG26,RSVDGND,NA,NA,NA,NA
H1,NC,NA,NA,NA,NA
G3,NC,NA,NA,NA,NA
F1,NC,NA,NA,NA,NA
E3,NC,NA,NA,NA,NA
H2,NC,NA,NA,NA,NA
G4,NC,NA,NA,NA,NA
F2,NC,NA,NA,NA,NA
E4,NC,NA,NA,NA,NA
H5,NC,NA,NA,NA,NA
G7,NC,NA,NA,NA,NA
F5,NC,NA,NA,NA,NA
E7,NC,NA,NA,NA,NA
H6,NC,NA,NA,NA,NA
G8,NC,NA,NA,NA,NA
F6,NC,NA,NA,NA,NA
E8,NC,NA,NA,NA,NA
R11,NC,NA,NA,NA,NA
R12,NC,NA,NA,NA,NA
P9,NC,NA,NA,NA,NA
P10,NC,NA,NA,NA,NA
D1,NC,NA,NA,NA,NA
C3,NC,NA,NA,NA,NA
B1,NC,NA,NA,NA,NA
A3,NC,NA,NA,NA,NA
D2,NC,NA,NA,NA,NA
C4,NC,NA,NA,NA,NA
B2,NC,NA,NA,NA,NA
A4,NC,NA,NA,NA,NA
D5,NC,NA,NA,NA,NA
C7,NC,NA,NA,NA,NA
B5,NC,NA,NA,NA,NA
A7,NC,NA,NA,NA,NA
D6,NC,NA,NA,NA,NA
C8,NC,NA,NA,NA,NA
B6,NC,NA,NA,NA,NA
A8,NC,NA,NA,NA,NA
N11,NC,NA,NA,NA,NA
N12,NC,NA,NA,NA,NA
M9,NC,NA,NA,NA,NA
M10,NC,NA,NA,NA,NA
,,,,,
Total Number of Pins,1517,,,,
