"#  (c) Copyright 2016 Xilinx, Inc. All rights reserved."
"# "
"#  This file contains confidential and proprietary information"
"#  of Xilinx, Inc. and is protected under U.S. and"
"#  international copyright and other intellectual property"
"#  laws."
"# "
"#  DISCLAIMER"
"#  This disclaimer is not a license and does not grant any"
"#  rights to the materials distributed herewith. Except as"
"#  otherwise provided in a valid license issued to you by"
"#  Xilinx, and to the maximum extent permitted by applicable"
"#  law: (1) THESE MATERIALS ARE MADE AVAILABLE ""AS IS"" AND"
"#  WITH ALL FAULTS, AND XILINX HEREBY DISCLAIMS ALL WARRANTIES"
"#  AND CONDITIONS, EXPRESS, IMPLIED, OR STATUTORY, INCLUDING"
"#  BUT NOT LIMITED TO WARRANTIES OF MERCHANTABILITY, NON-"
"#  INFRINGEMENT, OR FITNESS FOR ANY PARTICULAR PURPOSE; and"
"#  (2) Xilinx shall not be liable (whether in contract or tort,"
"#  including negligence, or under any other theory of"
"#  liability) for any loss or damage of any kind or nature"
"#  related to, arising under or in connection with these"
"#  materials, including for any direct, or any indirect,"
"#  special, incidental, or consequential loss or damage"
"#  (including loss of data, profits, goodwill, or any type of"
"#  loss or damage suffered as a result of any action brought"
"#  by a third party) even if such damage or loss was"
"#  reasonably foreseeable or Xilinx had been advised of the"
"#  possibility of the same."
"# "
"#  CRITICAL APPLICATIONS"
"#  Xilinx products are not designed or intended to be fail-"
"#  safe, or for use in any application requiring fail-safe"
"#  performance, such as life-support or safety devices or"
"#  systems, Class III medical devices, nuclear facilities,"
"#  applications related to the deployment of airbags, or any"
"#  other applications that could lead to death, personal"
"#  injury, or severe property or environmental damage"
"#  (individually and collectively, ""Critical"
"#  Applications""). Customer assumes the sole risk and"
"#  liability of any use of Xilinx products in Critical"
"#  Applications, subject only to applicable laws and"
"#  regulations governing limitations on product liability."
"# "
"#  THIS COPYRIGHT NOTICE AND DISCLAIMER MUST BE RETAINED AS"
"#  PART OF THIS FILE AT ALL TIMES."
"# "
"#----------------------------------------------------------------------"
"#  ASCII Pinout File"
"# "
"#  Device   : xczu19egffvd1760"
"#  Date     : 6/23/2017 13:37:30"
"#  Revision : 1.1"
"#  Status   : Production"
"# "
"#  Production package specifications are released coincident"
"#  with production release of a particular device."
"# "
"#----------------------------------------------------------------------"
"#  Modification History"
"#  | Date    : 10/6/2016"
"#  | Revision: 1.0"
"#  | Status  : Engineering Sample"
"#  | Details : Initial creation."
"#----------------------------------------------------------------------"
"#  | Date    : 6/23/2017"
"#  | Revision: 1.1"
"#  | Status  : Production"
"#  | Details : Updated DA11 FFVB1517,FFVC1760,FFVD1760,FFVE1924 to Production"
"#----------------------------------------------------------------------"
,,,,,
Pin,Pin Name,Memory Byte Group,Bank,I/O Type,Super Logic Region
AC20,DXN,NA,NA,NA,NA
AC21,DXP,NA,NA,NA,NA
Y21,GNDADC,NA,NA,NA,NA
AG14,POR_OVERRIDE,NA,NA,NA,NA
AG15,PUDC_B,NA,0,CONFIG,NA
Y20,VCCADC,NA,NA,NA,NA
AB20,VN,NA,NA,NA,NA
AA21,VP,NA,NA,NA,NA
AA20,VREFN,NA,NA,NA,NA
AB21,VREFP,NA,NA,NA,NA
A16,IO_L24N_T3U_N11_71,3U,71,HP,NA
B16,IO_L24P_T3U_N10_71,3U,71,HP,NA
A18,IO_L23N_T3U_N9_71,3U,71,HP,NA
A19,IO_L23P_T3U_N8_71,3U,71,HP,NA
B17,IO_L22N_T3U_N7_DBC_AD0N_71,3U,71,HP,NA
B18,IO_L22P_T3U_N6_DBC_AD0P_71,3U,71,HP,NA
B19,IO_L21N_T3L_N5_AD8N_71,3L,71,HP,NA
C19,IO_L21P_T3L_N4_AD8P_71,3L,71,HP,NA
C16,IO_L20N_T3L_N3_AD1N_71,3L,71,HP,NA
C17,IO_L20P_T3L_N2_AD1P_71,3L,71,HP,NA
D17,IO_L19N_T3L_N1_DBC_AD9N_71,3L,71,HP,NA
D18,IO_L19P_T3L_N0_DBC_AD9P_71,3L,71,HP,NA
D19,IO_T3U_N12_71,3U,71,HP,NA
E16,IO_T2U_N12_71,2U,71,HP,NA
E17,IO_L18N_T2U_N11_AD2N_71,2U,71,HP,NA
E18,IO_L18P_T2U_N10_AD2P_71,2U,71,HP,NA
F16,IO_L17N_T2U_N9_AD10N_71,2U,71,HP,NA
G16,IO_L17P_T2U_N8_AD10P_71,2U,71,HP,NA
F18,IO_L16N_T2U_N7_QBC_AD3N_71,2U,71,HP,NA
F19,IO_L16P_T2U_N6_QBC_AD3P_71,2U,71,HP,NA
G17,IO_L15N_T2L_N5_AD11N_71,2L,71,HP,NA
G18,IO_L15P_T2L_N4_AD11P_71,2L,71,HP,NA
G19,IO_L14N_T2L_N3_GC_71,2L,71,HP,NA
H19,IO_L14P_T2L_N2_GC_71,2L,71,HP,NA
H16,IO_L13N_T2L_N1_GC_QBC_71,2L,71,HP,NA
H17,IO_L13P_T2L_N0_GC_QBC_71,2L,71,HP,NA
J17,IO_L12N_T1U_N11_GC_71,1U,71,HP,NA
K18,IO_L12P_T1U_N10_GC_71,1U,71,HP,NA
J18,IO_L11N_T1U_N9_GC_71,1U,71,HP,NA
J19,IO_L11P_T1U_N8_GC_71,1U,71,HP,NA
K16,IO_L10N_T1U_N7_QBC_AD4N_71,1U,71,HP,NA
K17,IO_L10P_T1U_N6_QBC_AD4P_71,1U,71,HP,NA
L16,IO_L9N_T1L_N5_AD12N_71,1L,71,HP,NA
M16,IO_L9P_T1L_N4_AD12P_71,1L,71,HP,NA
L18,IO_L8N_T1L_N3_AD5N_71,1L,71,HP,NA
M19,IO_L8P_T1L_N2_AD5P_71,1L,71,HP,NA
L19,IO_L7N_T1L_N1_QBC_AD13N_71,1L,71,HP,NA
L20,IO_L7P_T1L_N0_QBC_AD13P_71,1L,71,HP,NA
M17,IO_T1U_N12_71,1U,71,HP,NA
M18,IO_T0U_N12_VRP_71,0U,71,HP,NA
N16,IO_L6N_T0U_N11_AD6N_71,0U,71,HP,NA
N17,IO_L6P_T0U_N10_AD6P_71,0U,71,HP,NA
N19,IO_L5N_T0U_N9_AD14N_71,0U,71,HP,NA
N20,IO_L5P_T0U_N8_AD14P_71,0U,71,HP,NA
P18,IO_L4N_T0U_N7_DBC_AD7N_71,0U,71,HP,NA
P19,IO_L4P_T0U_N6_DBC_AD7P_71,0U,71,HP,NA
P17,IO_L3N_T0L_N5_AD15N_71,0L,71,HP,NA
R18,IO_L3P_T0L_N4_AD15P_71,0L,71,HP,NA
P20,IO_L2N_T0L_N3_71,0L,71,HP,NA
R20,IO_L2P_T0L_N2_71,0L,71,HP,NA
R16,IO_L1N_T0L_N1_DBC_71,0L,71,HP,NA
R17,IO_L1P_T0L_N0_DBC_71,0L,71,HP,NA
R19,VREF_71,NA,71,HP,NA
A21,IO_L24N_T3U_N11_70,3U,70,HP,NA
A20,IO_L24P_T3U_N10_70,3U,70,HP,NA
A23,IO_L23N_T3U_N9_70,3U,70,HP,NA
B22,IO_L23P_T3U_N8_70,3U,70,HP,NA
B21,IO_L22N_T3U_N7_DBC_AD0N_70,3U,70,HP,NA
C20,IO_L22P_T3U_N6_DBC_AD0P_70,3U,70,HP,NA
B23,IO_L21N_T3L_N5_AD8N_70,3L,70,HP,NA
C22,IO_L21P_T3L_N4_AD8P_70,3L,70,HP,NA
C21,IO_L20N_T3L_N3_AD1N_70,3L,70,HP,NA
D20,IO_L20P_T3L_N2_AD1P_70,3L,70,HP,NA
D23,IO_L19N_T3L_N1_DBC_AD9N_70,3L,70,HP,NA
D22,IO_L19P_T3L_N0_DBC_AD9P_70,3L,70,HP,NA
E20,IO_T3U_N12_70,3U,70,HP,NA
E21,IO_T2U_N12_70,2U,70,HP,NA
F21,IO_L18N_T2U_N11_AD2N_70,2U,70,HP,NA
F20,IO_L18P_T2U_N10_AD2P_70,2U,70,HP,NA
E23,IO_L17N_T2U_N9_AD10N_70,2U,70,HP,NA
E22,IO_L17P_T2U_N8_AD10P_70,2U,70,HP,NA
F24,IO_L16N_T2U_N7_QBC_AD3N_70,2U,70,HP,NA
F23,IO_L16P_T2U_N6_QBC_AD3P_70,2U,70,HP,NA
G22,IO_L15N_T2L_N5_AD11N_70,2L,70,HP,NA
G21,IO_L15P_T2L_N4_AD11P_70,2L,70,HP,NA
G24,IO_L14N_T2L_N3_GC_70,2L,70,HP,NA
G23,IO_L14P_T2L_N2_GC_70,2L,70,HP,NA
H21,IO_L13N_T2L_N1_GC_QBC_70,2L,70,HP,NA
H20,IO_L13P_T2L_N0_GC_QBC_70,2L,70,HP,NA
H22,IO_L12N_T1U_N11_GC_70,1U,70,HP,NA
J22,IO_L12P_T1U_N10_GC_70,1U,70,HP,NA
H24,IO_L11N_T1U_N9_GC_70,1U,70,HP,NA
J23,IO_L11P_T1U_N8_GC_70,1U,70,HP,NA
J20,IO_L10N_T1U_N7_QBC_AD4N_70,1U,70,HP,NA
K20,IO_L10P_T1U_N6_QBC_AD4P_70,1U,70,HP,NA
J24,IO_L9N_T1L_N5_AD12N_70,1L,70,HP,NA
K23,IO_L9P_T1L_N4_AD12P_70,1L,70,HP,NA
K22,IO_L8N_T1L_N3_AD5N_70,1L,70,HP,NA
K21,IO_L8P_T1L_N2_AD5P_70,1L,70,HP,NA
L21,IO_L7N_T1L_N1_QBC_AD13N_70,1L,70,HP,NA
M21,IO_L7P_T1L_N0_QBC_AD13P_70,1L,70,HP,NA
L23,IO_T1U_N12_70,1U,70,HP,NA
L24,IO_T0U_N12_VRP_70,0U,70,HP,NA
M23,IO_L6N_T0U_N11_AD6N_70,0U,70,HP,NA
M22,IO_L6P_T0U_N10_AD6P_70,0U,70,HP,NA
M24,IO_L5N_T0U_N9_AD14N_70,0U,70,HP,NA
N24,IO_L5P_T0U_N8_AD14P_70,0U,70,HP,NA
N22,IO_L4N_T0U_N7_DBC_AD7N_70,0U,70,HP,NA
N21,IO_L4P_T0U_N6_DBC_AD7P_70,0U,70,HP,NA
P23,IO_L3N_T0L_N5_AD15N_70,0L,70,HP,NA
P22,IO_L3P_T0L_N4_AD15P_70,0L,70,HP,NA
R23,IO_L2N_T0L_N3_70,0L,70,HP,NA
R22,IO_L2P_T0L_N2_70,0L,70,HP,NA
P24,IO_L1N_T0L_N1_DBC_70,0L,70,HP,NA
R24,IO_L1P_T0L_N0_DBC_70,0L,70,HP,NA
R21,VREF_70,NA,70,HP,NA
A25,IO_L24N_T3U_N11_69,3U,69,HP,NA
A24,IO_L24P_T3U_N10_69,3U,69,HP,NA
A26,IO_L23N_T3U_N9_69,3U,69,HP,NA
B26,IO_L23P_T3U_N8_69,3U,69,HP,NA
A28,IO_L22N_T3U_N7_DBC_AD0N_69,3U,69,HP,NA
B27,IO_L22P_T3U_N6_DBC_AD0P_69,3U,69,HP,NA
B24,IO_L21N_T3L_N5_AD8N_69,3L,69,HP,NA
C24,IO_L21P_T3L_N4_AD8P_69,3L,69,HP,NA
B28,IO_L20N_T3L_N3_AD1N_69,3L,69,HP,NA
C27,IO_L20P_T3L_N2_AD1P_69,3L,69,HP,NA
C26,IO_L19N_T3L_N1_DBC_AD9N_69,3L,69,HP,NA
C25,IO_L19P_T3L_N0_DBC_AD9P_69,3L,69,HP,NA
D24,IO_T3U_N12_69,3U,69,HP,NA
D25,IO_T2U_N12_69,2U,69,HP,NA
D28,IO_L18N_T2U_N11_AD2N_69,2U,69,HP,NA
D27,IO_L18P_T2U_N10_AD2P_69,2U,69,HP,NA
E26,IO_L17N_T2U_N9_AD10N_69,2U,69,HP,NA
E25,IO_L17P_T2U_N8_AD10P_69,2U,69,HP,NA
E28,IO_L16N_T2U_N7_QBC_AD3N_69,2U,69,HP,NA
E27,IO_L16P_T2U_N6_QBC_AD3P_69,2U,69,HP,NA
F26,IO_L15N_T2L_N5_AD11N_69,2L,69,HP,NA
F25,IO_L15P_T2L_N4_AD11P_69,2L,69,HP,NA
F28,IO_L14N_T2L_N3_GC_69,2L,69,HP,NA
G27,IO_L14P_T2L_N2_GC_69,2L,69,HP,NA
G26,IO_L13N_T2L_N1_GC_QBC_69,2L,69,HP,NA
H25,IO_L13P_T2L_N0_GC_QBC_69,2L,69,HP,NA
G28,IO_L12N_T1U_N11_GC_69,1U,69,HP,NA
H27,IO_L12P_T1U_N10_GC_69,1U,69,HP,NA
H26,IO_L11N_T1U_N9_GC_69,1U,69,HP,NA
J25,IO_L11P_T1U_N8_GC_69,1U,69,HP,NA
J28,IO_L10N_T1U_N7_QBC_AD4N_69,1U,69,HP,NA
J27,IO_L10P_T1U_N6_QBC_AD4P_69,1U,69,HP,NA
K26,IO_L9N_T1L_N5_AD12N_69,1L,69,HP,NA
K25,IO_L9P_T1L_N4_AD12P_69,1L,69,HP,NA
K28,IO_L8N_T1L_N3_AD5N_69,1L,69,HP,NA
K27,IO_L8P_T1L_N2_AD5P_69,1L,69,HP,NA
L26,IO_L7N_T1L_N1_QBC_AD13N_69,1L,69,HP,NA
L25,IO_L7P_T1L_N0_QBC_AD13P_69,1L,69,HP,NA
L28,IO_T1U_N12_69,1U,69,HP,NA
M26,IO_T0U_N12_VRP_69,0U,69,HP,NA
M28,IO_L6N_T0U_N11_AD6N_69,0U,69,HP,NA
M27,IO_L6P_T0U_N10_AD6P_69,0U,69,HP,NA
N27,IO_L5N_T0U_N9_AD14N_69,0U,69,HP,NA
N26,IO_L5P_T0U_N8_AD14P_69,0U,69,HP,NA
N25,IO_L4N_T0U_N7_DBC_AD7N_69,0U,69,HP,NA
P25,IO_L4P_T0U_N6_DBC_AD7P_69,0U,69,HP,NA
P26,IO_L3N_T0L_N5_AD15N_69,0L,69,HP,NA
R26,IO_L3P_T0L_N4_AD15P_69,0L,69,HP,NA
P28,IO_L2N_T0L_N3_69,0L,69,HP,NA
P27,IO_L2P_T0L_N2_69,0L,69,HP,NA
R28,IO_L1N_T0L_N1_DBC_69,0L,69,HP,NA
R27,IO_L1P_T0L_N0_DBC_69,0L,69,HP,NA
R25,VREF_69,NA,69,HP,NA
AJ14,IO_L24N_T3U_N11_66,3U,66,HP,NA
AH14,IO_L24P_T3U_N10_66,3U,66,HP,NA
AK15,IO_L23N_T3U_N9_66,3U,66,HP,NA
AJ16,IO_L23P_T3U_N8_66,3U,66,HP,NA
AL14,IO_L22N_T3U_N7_DBC_AD0N_66,3U,66,HP,NA
AK14,IO_L22P_T3U_N6_DBC_AD0P_66,3U,66,HP,NA
AL15,IO_L21N_T3L_N5_AD8N_66,3L,66,HP,NA
AK16,IO_L21P_T3L_N4_AD8P_66,3L,66,HP,NA
AM14,IO_L20N_T3L_N3_AD1N_66,3L,66,HP,NA
AM15,IO_L20P_T3L_N2_AD1P_66,3L,66,HP,NA
AN14,IO_L19N_T3L_N1_DBC_AD9N_66,3L,66,HP,NA
AN15,IO_L19P_T3L_N0_DBC_AD9P_66,3L,66,HP,NA
AN13,IO_T3U_N12_66,3U,66,HP,NA
AN12,IO_T2U_N12_66,2U,66,HP,NA
AP13,IO_L18N_T2U_N11_AD2N_66,2U,66,HP,NA
AP14,IO_L18P_T2U_N10_AD2P_66,2U,66,HP,NA
AR12,IO_L17N_T2U_N9_AD10N_66,2U,66,HP,NA
AP12,IO_L17P_T2U_N8_AD10P_66,2U,66,HP,NA
AR14,IO_L16N_T2U_N7_QBC_AD3N_66,2U,66,HP,NA
AR15,IO_L16P_T2U_N6_QBC_AD3P_66,2U,66,HP,NA
AT12,IO_L15N_T2L_N5_AD11N_66,2L,66,HP,NA
AT13,IO_L15P_T2L_N4_AD11P_66,2L,66,HP,NA
AT14,IO_L14N_T2L_N3_GC_66,2L,66,HP,NA
AT15,IO_L14P_T2L_N2_GC_66,2L,66,HP,NA
AU12,IO_L13N_T2L_N1_GC_QBC_66,2L,66,HP,NA
AU13,IO_L13P_T2L_N0_GC_QBC_66,2L,66,HP,NA
AV14,IO_L12N_T1U_N11_GC_66,1U,66,HP,NA
AU15,IO_L12P_T1U_N10_GC_66,1U,66,HP,NA
AV10,IO_L11N_T1U_N9_GC_66,1U,66,HP,NA
AV11,IO_L11P_T1U_N8_GC_66,1U,66,HP,NA
AW12,IO_L10N_T1U_N7_QBC_AD4N_66,1U,66,HP,NA
AV13,IO_L10P_T1U_N6_QBC_AD4P_66,1U,66,HP,NA
AW14,IO_L9N_T1L_N5_AD12N_66,1L,66,HP,NA
AV15,IO_L9P_T1L_N4_AD12P_66,1L,66,HP,NA
AW10,IO_L8N_T1L_N3_AD5N_66,1L,66,HP,NA
AW11,IO_L8P_T1L_N2_AD5P_66,1L,66,HP,NA
AY12,IO_L7N_T1L_N1_QBC_AD13N_66,1L,66,HP,NA
AW13,IO_L7P_T1L_N0_QBC_AD13P_66,1L,66,HP,NA
AY10,IO_T1U_N12_66,1U,66,HP,NA
AY11,IO_T0U_N12_VRP_66,0U,66,HP,NA
AY14,IO_L6N_T0U_N11_AD6N_66,0U,66,HP,NA
AY15,IO_L6P_T0U_N10_AD6P_66,0U,66,HP,NA
BB10,IO_L5N_T0U_N9_AD14N_66,0U,66,HP,NA
BA10,IO_L5P_T0U_N8_AD14P_66,0U,66,HP,NA
BA13,IO_L4N_T0U_N7_DBC_AD7N_66,0U,66,HP,NA
BA14,IO_L4P_T0U_N6_DBC_AD7P_66,0U,66,HP,NA
BB12,IO_L3N_T0L_N5_AD15N_66,0L,66,HP,NA
BB13,IO_L3P_T0L_N4_AD15P_66,0L,66,HP,NA
BB11,IO_L2N_T0L_N3_66,0L,66,HP,NA
BA12,IO_L2P_T0L_N2_66,0L,66,HP,NA
BB15,IO_L1N_T0L_N1_DBC_66,0L,66,HP,NA
BA15,IO_L1P_T0L_N0_DBC_66,0L,66,HP,NA
AH15,VREF_66,NA,66,HP,NA
AH17,IO_L24N_T3U_N11_65,3U,65,HP,NA
AH18,IO_L24P_T3U_N10_65,3U,65,HP,NA
AJ18,IO_L23N_T3U_N9_PERSTN1_I2C_SDA_65,3U,65,HP,NA
AH19,IO_L23P_T3U_N8_I2C_SCLK_65,3U,65,HP,NA
AK17,IO_L22N_T3U_N7_DBC_AD0N_65,3U,65,HP,NA
AJ17,IO_L22P_T3U_N6_DBC_AD0P_65,3U,65,HP,NA
AK19,IO_L21N_T3L_N5_AD8N_65,3L,65,HP,NA
AJ19,IO_L21P_T3L_N4_AD8P_65,3L,65,HP,NA
AL17,IO_L20N_T3L_N3_AD1N_65,3L,65,HP,NA
AL18,IO_L20P_T3L_N2_AD1P_65,3L,65,HP,NA
AM18,IO_L19N_T3L_N1_DBC_AD9N_65,3L,65,HP,NA
AL19,IO_L19P_T3L_N0_DBC_AD9P_65,3L,65,HP,NA
AM16,IO_T3U_N12_PERSTN0_65,3U,65,HP,NA
AM17,IO_T2U_N12_65,2U,65,HP,NA
AP16,IO_L18N_T2U_N11_AD2N_65,2U,65,HP,NA
AN16,IO_L18P_T2U_N10_AD2P_65,2U,65,HP,NA
AN18,IO_L17N_T2U_N9_AD10N_65,2U,65,HP,NA
AN19,IO_L17P_T2U_N8_AD10P_65,2U,65,HP,NA
AP17,IO_L16N_T2U_N7_QBC_AD3N_65,2U,65,HP,NA
AP18,IO_L16P_T2U_N6_QBC_AD3P_65,2U,65,HP,NA
AR19,IO_L15N_T2L_N5_AD11N_65,2L,65,HP,NA
AP19,IO_L15P_T2L_N4_AD11P_65,2L,65,HP,NA
AR16,IO_L14N_T2L_N3_GC_65,2L,65,HP,NA
AR17,IO_L14P_T2L_N2_GC_65,2L,65,HP,NA
AT17,IO_L13N_T2L_N1_GC_QBC_65,2L,65,HP,NA
AT18,IO_L13P_T2L_N0_GC_QBC_65,2L,65,HP,NA
AU18,IO_L12N_T1U_N11_GC_65,1U,65,HP,NA
AT19,IO_L12P_T1U_N10_GC_65,1U,65,HP,NA
AU16,IO_L11N_T1U_N9_GC_65,1U,65,HP,NA
AU17,IO_L11P_T1U_N8_GC_65,1U,65,HP,NA
AW16,IO_L10N_T1U_N7_QBC_AD4N_65,1U,65,HP,NA
AV16,IO_L10P_T1U_N6_QBC_AD4P_65,1U,65,HP,NA
AV18,IO_L9N_T1L_N5_AD12N_65,1L,65,HP,NA
AV19,IO_L9P_T1L_N4_AD12P_65,1L,65,HP,NA
AW17,IO_L8N_T1L_N3_AD5N_65,1L,65,HP,NA
AW18,IO_L8P_T1L_N2_AD5P_65,1L,65,HP,NA
AY19,IO_L7N_T1L_N1_QBC_AD13N_65,1L,65,HP,NA
AW19,IO_L7P_T1L_N0_QBC_AD13P_65,1L,65,HP,NA
AY16,IO_T1U_N12_SMBALERT_65,1U,65,HP,NA
AY17,IO_T0U_N12_VRP_65,0U,65,HP,NA
AY21,IO_L6N_T0U_N11_AD6N_65,0U,65,HP,NA
AW21,IO_L6P_T0U_N10_AD6P_65,0U,65,HP,NA
BA20,IO_L5N_T0U_N9_AD14N_65,0U,65,HP,NA
AY20,IO_L5P_T0U_N8_AD14P_65,0U,65,HP,NA
BA17,IO_L4N_T0U_N7_DBC_AD7N_65,0U,65,HP,NA
BA18,IO_L4P_T0U_N6_DBC_AD7P_65,0U,65,HP,NA
BB18,IO_L3N_T0L_N5_AD15N_65,0L,65,HP,NA
BA19,IO_L3P_T0L_N4_AD15P_65,0L,65,HP,NA
BB16,IO_L2N_T0L_N3_65,0L,65,HP,NA
BB17,IO_L2P_T0L_N2_65,0L,65,HP,NA
BB20,IO_L1N_T0L_N1_DBC_65,0L,65,HP,NA
BB21,IO_L1P_T0L_N0_DBC_65,0L,65,HP,NA
AH16,VREF_65,NA,65,HP,NA
A10,IO_L12N_AD8N_91,NA,91,HD,NA
A11,IO_L12P_AD8P_91,NA,91,HD,NA
A13,IO_L11N_AD9N_91,NA,91,HD,NA
B14,IO_L11P_AD9P_91,NA,91,HD,NA
A14,IO_L10N_AD10N_91,NA,91,HD,NA
A15,IO_L10P_AD10P_91,NA,91,HD,NA
B10,IO_L9N_AD11N_91,NA,91,HD,NA
B11,IO_L9P_AD11P_91,NA,91,HD,NA
B12,IO_L8N_HDGC_91,NA,91,HD,NA
B13,IO_L8P_HDGC_91,NA,91,HD,NA
C12,IO_L7N_HDGC_91,NA,91,HD,NA
D12,IO_L7P_HDGC_91,NA,91,HD,NA
C14,IO_L6N_HDGC_91,NA,91,HD,NA
C15,IO_L6P_HDGC_91,NA,91,HD,NA
D13,IO_L5N_HDGC_91,NA,91,HD,NA
D14,IO_L5P_HDGC_91,NA,91,HD,NA
D15,IO_L4N_AD12N_91,NA,91,HD,NA
E15,IO_L4P_AD12P_91,NA,91,HD,NA
E12,IO_L3N_AD13N_91,NA,91,HD,NA
E13,IO_L3P_AD13P_91,NA,91,HD,NA
F13,IO_L2N_AD14N_91,NA,91,HD,NA
G14,IO_L2P_AD14P_91,NA,91,HD,NA
F14,IO_L1N_AD15N_91,NA,91,HD,NA
F15,IO_L1P_AD15P_91,NA,91,HD,NA
G12,IO_L12N_AD0N_90,NA,90,HD,NA
G13,IO_L12P_AD0P_90,NA,90,HD,NA
H12,IO_L11N_AD1N_90,NA,90,HD,NA
J12,IO_L11P_AD1P_90,NA,90,HD,NA
H14,IO_L10N_AD2N_90,NA,90,HD,NA
H15,IO_L10P_AD2P_90,NA,90,HD,NA
J13,IO_L9N_AD3N_90,NA,90,HD,NA
J14,IO_L9P_AD3P_90,NA,90,HD,NA
K12,IO_L8N_HDGC_AD4N_90,NA,90,HD,NA
K13,IO_L8P_HDGC_AD4P_90,NA,90,HD,NA
J15,IO_L7N_HDGC_AD5N_90,NA,90,HD,NA
K15,IO_L7P_HDGC_AD5P_90,NA,90,HD,NA
L12,IO_L6N_HDGC_AD6N_90,NA,90,HD,NA
L13,IO_L6P_HDGC_AD6P_90,NA,90,HD,NA
L14,IO_L5N_HDGC_AD7N_90,NA,90,HD,NA
L15,IO_L5P_HDGC_AD7P_90,NA,90,HD,NA
M14,IO_L4N_AD8N_90,NA,90,HD,NA
N14,IO_L4P_AD8P_90,NA,90,HD,NA
N15,IO_L3N_AD9N_90,NA,90,HD,NA
P15,IO_L3P_AD9P_90,NA,90,HD,NA
P14,IO_L2N_AD10N_90,NA,90,HD,NA
R14,IO_L2P_AD10P_90,NA,90,HD,NA
R15,IO_L1N_AD11N_90,NA,90,HD,NA
T15,IO_L1P_AD11P_90,NA,90,HD,NA
AH33,MGTREFCLK0N_128,NA,128,GTY,NA
AH32,MGTREFCLK0P_128,NA,128,GTY,NA
AF33,MGTREFCLK1N_128,NA,128,GTY,NA
AF32,MGTREFCLK1P_128,NA,128,GTY,NA
AH42,MGTYRXN0_128,NA,128,GTY,NA
AG40,MGTYRXN1_128,NA,128,GTY,NA
AF42,MGTYRXN2_128,NA,128,GTY,NA
AE40,MGTYRXN3_128,NA,128,GTY,NA
AH41,MGTYRXP0_128,NA,128,GTY,NA
AG39,MGTYRXP1_128,NA,128,GTY,NA
AF41,MGTYRXP2_128,NA,128,GTY,NA
AE39,MGTYRXP3_128,NA,128,GTY,NA
AH37,MGTYTXN0_128,NA,128,GTY,NA
AG35,MGTYTXN1_128,NA,128,GTY,NA
AF37,MGTYTXN2_128,NA,128,GTY,NA
AE35,MGTYTXN3_128,NA,128,GTY,NA
AH36,MGTYTXP0_128,NA,128,GTY,NA
AG34,MGTYTXP1_128,NA,128,GTY,NA
AF36,MGTYTXP2_128,NA,128,GTY,NA
AE34,MGTYTXP3_128,NA,128,GTY,NA
AC33,MGTAVTTRCAL_L,NA,NA,NA,NA
AD33,MGTREFCLK0N_129,NA,129,GTY,NA
AD32,MGTREFCLK0P_129,NA,129,GTY,NA
AB33,MGTREFCLK1N_129,NA,129,GTY,NA
AB32,MGTREFCLK1P_129,NA,129,GTY,NA
AC32,MGTRREF_L,NA,NA,NA,NA
AD42,MGTYRXN0_129,NA,129,GTY,NA
AC40,MGTYRXN1_129,NA,129,GTY,NA
AB42,MGTYRXN2_129,NA,129,GTY,NA
AA40,MGTYRXN3_129,NA,129,GTY,NA
AD41,MGTYRXP0_129,NA,129,GTY,NA
AC39,MGTYRXP1_129,NA,129,GTY,NA
AB41,MGTYRXP2_129,NA,129,GTY,NA
AA39,MGTYRXP3_129,NA,129,GTY,NA
AD37,MGTYTXN0_129,NA,129,GTY,NA
AC35,MGTYTXN1_129,NA,129,GTY,NA
AB37,MGTYTXN2_129,NA,129,GTY,NA
AA35,MGTYTXN3_129,NA,129,GTY,NA
AD36,MGTYTXP0_129,NA,129,GTY,NA
AC34,MGTYTXP1_129,NA,129,GTY,NA
AB36,MGTYTXP2_129,NA,129,GTY,NA
AA34,MGTYTXP3_129,NA,129,GTY,NA
Y33,MGTREFCLK0N_130,NA,130,GTY,NA
Y32,MGTREFCLK0P_130,NA,130,GTY,NA
V33,MGTREFCLK1N_130,NA,130,GTY,NA
V32,MGTREFCLK1P_130,NA,130,GTY,NA
Y42,MGTYRXN0_130,NA,130,GTY,NA
W40,MGTYRXN1_130,NA,130,GTY,NA
V42,MGTYRXN2_130,NA,130,GTY,NA
U40,MGTYRXN3_130,NA,130,GTY,NA
Y41,MGTYRXP0_130,NA,130,GTY,NA
W39,MGTYRXP1_130,NA,130,GTY,NA
V41,MGTYRXP2_130,NA,130,GTY,NA
U39,MGTYRXP3_130,NA,130,GTY,NA
Y37,MGTYTXN0_130,NA,130,GTY,NA
W35,MGTYTXN1_130,NA,130,GTY,NA
V37,MGTYTXN2_130,NA,130,GTY,NA
U35,MGTYTXN3_130,NA,130,GTY,NA
Y36,MGTYTXP0_130,NA,130,GTY,NA
W34,MGTYTXP1_130,NA,130,GTY,NA
V36,MGTYTXP2_130,NA,130,GTY,NA
U34,MGTYTXP3_130,NA,130,GTY,NA
T33,MGTREFCLK0N_131,NA,131,GTY,NA
T32,MGTREFCLK0P_131,NA,131,GTY,NA
P33,MGTREFCLK1N_131,NA,131,GTY,NA
P32,MGTREFCLK1P_131,NA,131,GTY,NA
T42,MGTYRXN0_131,NA,131,GTY,NA
R40,MGTYRXN1_131,NA,131,GTY,NA
P42,MGTYRXN2_131,NA,131,GTY,NA
N40,MGTYRXN3_131,NA,131,GTY,NA
T41,MGTYRXP0_131,NA,131,GTY,NA
R39,MGTYRXP1_131,NA,131,GTY,NA
P41,MGTYRXP2_131,NA,131,GTY,NA
N39,MGTYRXP3_131,NA,131,GTY,NA
T37,MGTYTXN0_131,NA,131,GTY,NA
R35,MGTYTXN1_131,NA,131,GTY,NA
P37,MGTYTXN2_131,NA,131,GTY,NA
N35,MGTYTXN3_131,NA,131,GTY,NA
T36,MGTYTXP0_131,NA,131,GTY,NA
R34,MGTYTXP1_131,NA,131,GTY,NA
P36,MGTYTXP2_131,NA,131,GTY,NA
N34,MGTYTXP3_131,NA,131,GTY,NA
M33,MGTREFCLK0N_132,NA,132,GTY,NA
M32,MGTREFCLK0P_132,NA,132,GTY,NA
K33,MGTREFCLK1N_132,NA,132,GTY,NA
K32,MGTREFCLK1P_132,NA,132,GTY,NA
M42,MGTYRXN0_132,NA,132,GTY,NA
L40,MGTYRXN1_132,NA,132,GTY,NA
K42,MGTYRXN2_132,NA,132,GTY,NA
J40,MGTYRXN3_132,NA,132,GTY,NA
M41,MGTYRXP0_132,NA,132,GTY,NA
L39,MGTYRXP1_132,NA,132,GTY,NA
K41,MGTYRXP2_132,NA,132,GTY,NA
J39,MGTYRXP3_132,NA,132,GTY,NA
M37,MGTYTXN0_132,NA,132,GTY,NA
L35,MGTYTXN1_132,NA,132,GTY,NA
K37,MGTYTXN2_132,NA,132,GTY,NA
J35,MGTYTXN3_132,NA,132,GTY,NA
M36,MGTYTXP0_132,NA,132,GTY,NA
L34,MGTYTXP1_132,NA,132,GTY,NA
K36,MGTYTXP2_132,NA,132,GTY,NA
J34,MGTYTXP3_132,NA,132,GTY,NA
H33,MGTREFCLK0N_133,NA,133,GTY,NA
H32,MGTREFCLK0P_133,NA,133,GTY,NA
F33,MGTREFCLK1N_133,NA,133,GTY,NA
F32,MGTREFCLK1P_133,NA,133,GTY,NA
H42,MGTYRXN0_133,NA,133,GTY,NA
G40,MGTYRXN1_133,NA,133,GTY,NA
F42,MGTYRXN2_133,NA,133,GTY,NA
E40,MGTYRXN3_133,NA,133,GTY,NA
H41,MGTYRXP0_133,NA,133,GTY,NA
G39,MGTYRXP1_133,NA,133,GTY,NA
F41,MGTYRXP2_133,NA,133,GTY,NA
E39,MGTYRXP3_133,NA,133,GTY,NA
H37,MGTYTXN0_133,NA,133,GTY,NA
G35,MGTYTXN1_133,NA,133,GTY,NA
F37,MGTYTXN2_133,NA,133,GTY,NA
E35,MGTYTXN3_133,NA,133,GTY,NA
H36,MGTYTXP0_133,NA,133,GTY,NA
G34,MGTYTXP1_133,NA,133,GTY,NA
F36,MGTYTXP2_133,NA,133,GTY,NA
E34,MGTYTXP3_133,NA,133,GTY,NA
D33,MGTREFCLK0N_134,NA,134,GTY,NA
D32,MGTREFCLK0P_134,NA,134,GTY,NA
B33,MGTREFCLK1N_134,NA,134,GTY,NA
B32,MGTREFCLK1P_134,NA,134,GTY,NA
D42,MGTYRXN0_134,NA,134,GTY,NA
C40,MGTYRXN1_134,NA,134,GTY,NA
B42,MGTYRXN2_134,NA,134,GTY,NA
A40,MGTYRXN3_134,NA,134,GTY,NA
D41,MGTYRXP0_134,NA,134,GTY,NA
C39,MGTYRXP1_134,NA,134,GTY,NA
B41,MGTYRXP2_134,NA,134,GTY,NA
A39,MGTYRXP3_134,NA,134,GTY,NA
D37,MGTYTXN0_134,NA,134,GTY,NA
C35,MGTYTXN1_134,NA,134,GTY,NA
B37,MGTYTXN2_134,NA,134,GTY,NA
A35,MGTYTXN3_134,NA,134,GTY,NA
D36,MGTYTXP0_134,NA,134,GTY,NA
C34,MGTYTXP1_134,NA,134,GTY,NA
B36,MGTYTXP2_134,NA,134,GTY,NA
A34,MGTYTXP3_134,NA,134,GTY,NA
BB5,MGTHRXN0_224,NA,224,GTH,NA
BA3,MGTHRXN1_224,NA,224,GTH,NA
AY5,MGTHRXN2_224,NA,224,GTH,NA
AY1,MGTHRXN3_224,NA,224,GTH,NA
BB6,MGTHRXP0_224,NA,224,GTH,NA
BA4,MGTHRXP1_224,NA,224,GTH,NA
AY6,MGTHRXP2_224,NA,224,GTH,NA
AY2,MGTHRXP3_224,NA,224,GTH,NA
BA7,MGTHTXN0_224,NA,224,GTH,NA
AW7,MGTHTXN1_224,NA,224,GTH,NA
AV5,MGTHTXN2_224,NA,224,GTH,NA
AU7,MGTHTXN3_224,NA,224,GTH,NA
BA8,MGTHTXP0_224,NA,224,GTH,NA
AW8,MGTHTXP1_224,NA,224,GTH,NA
AV6,MGTHTXP2_224,NA,224,GTH,NA
AU8,MGTHTXP3_224,NA,224,GTH,NA
AM9,MGTREFCLK0N_224,NA,224,GTH,NA
AM10,MGTREFCLK0P_224,NA,224,GTH,NA
AL11,MGTREFCLK1N_224,NA,224,GTH,NA
AL12,MGTREFCLK1P_224,NA,224,GTH,NA
AW3,MGTHRXN0_225,NA,225,GTH,NA
AV1,MGTHRXN1_225,NA,225,GTH,NA
AU3,MGTHRXN2_225,NA,225,GTH,NA
AT1,MGTHRXN3_225,NA,225,GTH,NA
AW4,MGTHRXP0_225,NA,225,GTH,NA
AV2,MGTHRXP1_225,NA,225,GTH,NA
AU4,MGTHRXP2_225,NA,225,GTH,NA
AT2,MGTHRXP3_225,NA,225,GTH,NA
AT9,MGTHTXN0_225,NA,225,GTH,NA
AT5,MGTHTXN1_225,NA,225,GTH,NA
AR7,MGTHTXN2_225,NA,225,GTH,NA
AP9,MGTHTXN3_225,NA,225,GTH,NA
AT10,MGTHTXP0_225,NA,225,GTH,NA
AT6,MGTHTXP1_225,NA,225,GTH,NA
AR8,MGTHTXP2_225,NA,225,GTH,NA
AP10,MGTHTXP3_225,NA,225,GTH,NA
AK9,MGTREFCLK0N_225,NA,225,GTH,NA
AK10,MGTREFCLK0P_225,NA,225,GTH,NA
AJ11,MGTREFCLK1N_225,NA,225,GTH,NA
AJ12,MGTREFCLK1P_225,NA,225,GTH,NA
AG9,MGTAVTTRCAL_R,NA,NA,NA,NA
AR3,MGTHRXN0_226,NA,226,GTH,NA
AP1,MGTHRXN1_226,NA,226,GTH,NA
AN3,MGTHRXN2_226,NA,226,GTH,NA
AM1,MGTHRXN3_226,NA,226,GTH,NA
AR4,MGTHRXP0_226,NA,226,GTH,NA
AP2,MGTHRXP1_226,NA,226,GTH,NA
AN4,MGTHRXP2_226,NA,226,GTH,NA
AM2,MGTHRXP3_226,NA,226,GTH,NA
AP5,MGTHTXN0_226,NA,226,GTH,NA
AN7,MGTHTXN1_226,NA,226,GTH,NA
AM5,MGTHTXN2_226,NA,226,GTH,NA
AL7,MGTHTXN3_226,NA,226,GTH,NA
AP6,MGTHTXP0_226,NA,226,GTH,NA
AN8,MGTHTXP1_226,NA,226,GTH,NA
AM6,MGTHTXP2_226,NA,226,GTH,NA
AL8,MGTHTXP3_226,NA,226,GTH,NA
AH9,MGTREFCLK0N_226,NA,226,GTH,NA
AH10,MGTREFCLK0P_226,NA,226,GTH,NA
AG11,MGTREFCLK1N_226,NA,226,GTH,NA
AG12,MGTREFCLK1P_226,NA,226,GTH,NA
AG10,MGTRREF_R,NA,NA,NA,NA
AL3,MGTHRXN0_227,NA,227,GTH,NA
AK1,MGTHRXN1_227,NA,227,GTH,NA
AJ3,MGTHRXN2_227,NA,227,GTH,NA
AH1,MGTHRXN3_227,NA,227,GTH,NA
AL4,MGTHRXP0_227,NA,227,GTH,NA
AK2,MGTHRXP1_227,NA,227,GTH,NA
AJ4,MGTHRXP2_227,NA,227,GTH,NA
AH2,MGTHRXP3_227,NA,227,GTH,NA
AK5,MGTHTXN0_227,NA,227,GTH,NA
AJ7,MGTHTXN1_227,NA,227,GTH,NA
AH5,MGTHTXN2_227,NA,227,GTH,NA
AG7,MGTHTXN3_227,NA,227,GTH,NA
AK6,MGTHTXP0_227,NA,227,GTH,NA
AJ8,MGTHTXP1_227,NA,227,GTH,NA
AH6,MGTHTXP2_227,NA,227,GTH,NA
AG8,MGTHTXP3_227,NA,227,GTH,NA
AF9,MGTREFCLK0N_227,NA,227,GTH,NA
AF10,MGTREFCLK0P_227,NA,227,GTH,NA
AE11,MGTREFCLK1N_227,NA,227,GTH,NA
AE12,MGTREFCLK1P_227,NA,227,GTH,NA
AG3,MGTHRXN0_228,NA,228,GTH,NA
AF1,MGTHRXN1_228,NA,228,GTH,NA
AE3,MGTHRXN2_228,NA,228,GTH,NA
AD1,MGTHRXN3_228,NA,228,GTH,NA
AG4,MGTHRXP0_228,NA,228,GTH,NA
AF2,MGTHRXP1_228,NA,228,GTH,NA
AE4,MGTHRXP2_228,NA,228,GTH,NA
AD2,MGTHRXP3_228,NA,228,GTH,NA
AF5,MGTHTXN0_228,NA,228,GTH,NA
AE7,MGTHTXN1_228,NA,228,GTH,NA
AD5,MGTHTXN2_228,NA,228,GTH,NA
AC7,MGTHTXN3_228,NA,228,GTH,NA
AF6,MGTHTXP0_228,NA,228,GTH,NA
AE8,MGTHTXP1_228,NA,228,GTH,NA
AD6,MGTHTXP2_228,NA,228,GTH,NA
AC8,MGTHTXP3_228,NA,228,GTH,NA
AD9,MGTREFCLK0N_228,NA,228,GTH,NA
AD10,MGTREFCLK0P_228,NA,228,GTH,NA
AC11,MGTREFCLK1N_228,NA,228,GTH,NA
AC12,MGTREFCLK1P_228,NA,228,GTH,NA
AC3,MGTHRXN0_229,NA,229,GTH,NA
AB1,MGTHRXN1_229,NA,229,GTH,NA
AA3,MGTHRXN2_229,NA,229,GTH,NA
Y1,MGTHRXN3_229,NA,229,GTH,NA
AC4,MGTHRXP0_229,NA,229,GTH,NA
AB2,MGTHRXP1_229,NA,229,GTH,NA
AA4,MGTHRXP2_229,NA,229,GTH,NA
Y2,MGTHRXP3_229,NA,229,GTH,NA
AB5,MGTHTXN0_229,NA,229,GTH,NA
AA7,MGTHTXN1_229,NA,229,GTH,NA
Y5,MGTHTXN2_229,NA,229,GTH,NA
W7,MGTHTXN3_229,NA,229,GTH,NA
AB6,MGTHTXP0_229,NA,229,GTH,NA
AA8,MGTHTXP1_229,NA,229,GTH,NA
Y6,MGTHTXP2_229,NA,229,GTH,NA
W8,MGTHTXP3_229,NA,229,GTH,NA
AB9,MGTREFCLK0N_229,NA,229,GTH,NA
AB10,MGTREFCLK0P_229,NA,229,GTH,NA
AA11,MGTREFCLK1N_229,NA,229,GTH,NA
AA12,MGTREFCLK1P_229,NA,229,GTH,NA
W3,MGTHRXN0_230,NA,230,GTH,NA
V1,MGTHRXN1_230,NA,230,GTH,NA
U3,MGTHRXN2_230,NA,230,GTH,NA
T1,MGTHRXN3_230,NA,230,GTH,NA
W4,MGTHRXP0_230,NA,230,GTH,NA
V2,MGTHRXP1_230,NA,230,GTH,NA
U4,MGTHRXP2_230,NA,230,GTH,NA
T2,MGTHRXP3_230,NA,230,GTH,NA
V5,MGTHTXN0_230,NA,230,GTH,NA
U7,MGTHTXN1_230,NA,230,GTH,NA
T5,MGTHTXN2_230,NA,230,GTH,NA
R7,MGTHTXN3_230,NA,230,GTH,NA
V6,MGTHTXP0_230,NA,230,GTH,NA
U8,MGTHTXP1_230,NA,230,GTH,NA
T6,MGTHTXP2_230,NA,230,GTH,NA
R8,MGTHTXP3_230,NA,230,GTH,NA
Y9,MGTREFCLK0N_230,NA,230,GTH,NA
Y10,MGTREFCLK0P_230,NA,230,GTH,NA
W11,MGTREFCLK1N_230,NA,230,GTH,NA
W12,MGTREFCLK1P_230,NA,230,GTH,NA
R3,MGTHRXN0_231,NA,231,GTH,NA
P1,MGTHRXN1_231,NA,231,GTH,NA
N3,MGTHRXN2_231,NA,231,GTH,NA
M1,MGTHRXN3_231,NA,231,GTH,NA
R4,MGTHRXP0_231,NA,231,GTH,NA
P2,MGTHRXP1_231,NA,231,GTH,NA
N4,MGTHRXP2_231,NA,231,GTH,NA
M2,MGTHRXP3_231,NA,231,GTH,NA
P5,MGTHTXN0_231,NA,231,GTH,NA
N7,MGTHTXN1_231,NA,231,GTH,NA
M5,MGTHTXN2_231,NA,231,GTH,NA
L7,MGTHTXN3_231,NA,231,GTH,NA
P6,MGTHTXP0_231,NA,231,GTH,NA
N8,MGTHTXP1_231,NA,231,GTH,NA
M6,MGTHTXP2_231,NA,231,GTH,NA
L8,MGTHTXP3_231,NA,231,GTH,NA
V9,MGTREFCLK0N_231,NA,231,GTH,NA
V10,MGTREFCLK0P_231,NA,231,GTH,NA
U11,MGTREFCLK1N_231,NA,231,GTH,NA
U12,MGTREFCLK1P_231,NA,231,GTH,NA
L3,MGTHRXN0_232,NA,232,GTH,NA
K1,MGTHRXN1_232,NA,232,GTH,NA
J3,MGTHRXN2_232,NA,232,GTH,NA
H1,MGTHRXN3_232,NA,232,GTH,NA
L4,MGTHRXP0_232,NA,232,GTH,NA
K2,MGTHRXP1_232,NA,232,GTH,NA
J4,MGTHRXP2_232,NA,232,GTH,NA
H2,MGTHRXP3_232,NA,232,GTH,NA
K5,MGTHTXN0_232,NA,232,GTH,NA
J7,MGTHTXN1_232,NA,232,GTH,NA
H5,MGTHTXN2_232,NA,232,GTH,NA
H9,MGTHTXN3_232,NA,232,GTH,NA
K6,MGTHTXP0_232,NA,232,GTH,NA
J8,MGTHTXP1_232,NA,232,GTH,NA
H6,MGTHTXP2_232,NA,232,GTH,NA
H10,MGTHTXP3_232,NA,232,GTH,NA
T9,MGTREFCLK0N_232,NA,232,GTH,NA
T10,MGTREFCLK0P_232,NA,232,GTH,NA
R11,MGTREFCLK1N_232,NA,232,GTH,NA
R12,MGTREFCLK1P_232,NA,232,GTH,NA
G3,MGTHRXN0_233,NA,233,GTH,NA
F1,MGTHRXN1_233,NA,233,GTH,NA
E3,MGTHRXN2_233,NA,233,GTH,NA
D1,MGTHRXN3_233,NA,233,GTH,NA
G4,MGTHRXP0_233,NA,233,GTH,NA
F2,MGTHRXP1_233,NA,233,GTH,NA
E4,MGTHRXP2_233,NA,233,GTH,NA
D2,MGTHRXP3_233,NA,233,GTH,NA
G7,MGTHTXN0_233,NA,233,GTH,NA
F9,MGTHTXN1_233,NA,233,GTH,NA
F5,MGTHTXN2_233,NA,233,GTH,NA
E7,MGTHTXN3_233,NA,233,GTH,NA
G8,MGTHTXP0_233,NA,233,GTH,NA
F10,MGTHTXP1_233,NA,233,GTH,NA
F6,MGTHTXP2_233,NA,233,GTH,NA
E8,MGTHTXP3_233,NA,233,GTH,NA
P9,MGTREFCLK0N_233,NA,233,GTH,NA
P10,MGTREFCLK0P_233,NA,233,GTH,NA
N11,MGTREFCLK1N_233,NA,233,GTH,NA
N12,MGTREFCLK1P_233,NA,233,GTH,NA
C3,MGTHRXN0_234,NA,234,GTH,NA
B1,MGTHRXN1_234,NA,234,GTH,NA
B5,MGTHRXN2_234,NA,234,GTH,NA
A3,MGTHRXN3_234,NA,234,GTH,NA
C4,MGTHRXP0_234,NA,234,GTH,NA
B2,MGTHRXP1_234,NA,234,GTH,NA
B6,MGTHRXP2_234,NA,234,GTH,NA
A4,MGTHRXP3_234,NA,234,GTH,NA
D9,MGTHTXN0_234,NA,234,GTH,NA
D5,MGTHTXN1_234,NA,234,GTH,NA
C7,MGTHTXN2_234,NA,234,GTH,NA
A7,MGTHTXN3_234,NA,234,GTH,NA
D10,MGTHTXP0_234,NA,234,GTH,NA
D6,MGTHTXP1_234,NA,234,GTH,NA
C8,MGTHTXP2_234,NA,234,GTH,NA
A8,MGTHTXP3_234,NA,234,GTH,NA
M9,MGTREFCLK0N_234,NA,234,GTH,NA
M10,MGTREFCLK0P_234,NA,234,GTH,NA
K9,MGTREFCLK1N_234,NA,234,GTH,NA
K10,MGTREFCLK1P_234,NA,234,GTH,NA
AH24,PS_MIO0,NA,500,PSMIO,NA
AH25,PS_MIO1,NA,500,PSMIO,NA
AJ23,PS_MIO10,NA,500,PSMIO,NA
AJ24,PS_MIO11,NA,500,PSMIO,NA
AK24,PS_MIO12,NA,500,PSMIO,NA
AK25,PS_MIO13,NA,500,PSMIO,NA
AL23,PS_MIO14,NA,500,PSMIO,NA
AL24,PS_MIO15,NA,500,PSMIO,NA
AL25,PS_MIO16,NA,500,PSMIO,NA
AM23,PS_MIO17,NA,500,PSMIO,NA
AM25,PS_MIO18,NA,500,PSMIO,NA
AM26,PS_MIO19,NA,500,PSMIO,NA
AM27,PS_MIO2,NA,500,PSMIO,NA
AM28,PS_MIO20,NA,500,PSMIO,NA
AN23,PS_MIO21,NA,500,PSMIO,NA
AN24,PS_MIO22,NA,500,PSMIO,NA
AN25,PS_MIO23,NA,500,PSMIO,NA
AN26,PS_MIO24,NA,500,PSMIO,NA
AN28,PS_MIO25,NA,500,PSMIO,NA
AN29,PS_MIO3,NA,500,PSMIO,NA
AP23,PS_MIO4,NA,500,PSMIO,NA
AP24,PS_MIO5,NA,500,PSMIO,NA
AP26,PS_MIO6,NA,500,PSMIO,NA
AP27,PS_MIO7,NA,500,PSMIO,NA
AP28,PS_MIO8,NA,500,PSMIO,NA
AP29,PS_MIO9,NA,500,PSMIO,NA
AH20,PS_MIO26,NA,501,PSMIO,NA
AH21,PS_MIO27,NA,501,PSMIO,NA
AH22,PS_MIO28,NA,501,PSMIO,NA
AH23,PS_MIO29,NA,501,PSMIO,NA
AJ21,PS_MIO30,NA,501,PSMIO,NA
AJ22,PS_MIO31,NA,501,PSMIO,NA
AK20,PS_MIO32,NA,501,PSMIO,NA
AK21,PS_MIO33,NA,501,PSMIO,NA
AK22,PS_MIO34,NA,501,PSMIO,NA
AL20,PS_MIO35,NA,501,PSMIO,NA
AL22,PS_MIO36,NA,501,PSMIO,NA
AM20,PS_MIO37,NA,501,PSMIO,NA
AM21,PS_MIO38,NA,501,PSMIO,NA
AM22,PS_MIO39,NA,501,PSMIO,NA
AN20,PS_MIO40,NA,501,PSMIO,NA
AN21,PS_MIO41,NA,501,PSMIO,NA
AP21,PS_MIO42,NA,501,PSMIO,NA
AP22,PS_MIO43,NA,501,PSMIO,NA
AR20,PS_MIO44,NA,501,PSMIO,NA
AR21,PS_MIO45,NA,501,PSMIO,NA
AR22,PS_MIO46,NA,501,PSMIO,NA
AT20,PS_MIO47,NA,501,PSMIO,NA
AU20,PS_MIO48,NA,501,PSMIO,NA
AU21,PS_MIO49,NA,501,PSMIO,NA
AV20,PS_MIO50,NA,501,PSMIO,NA
AV21,PS_MIO51,NA,501,PSMIO,NA
A29,PS_MIO52,NA,502,PSMIO,NA
A30,PS_MIO53,NA,502,PSMIO,NA
B29,PS_MIO54,NA,502,PSMIO,NA
B30,PS_MIO55,NA,502,PSMIO,NA
C29,PS_MIO56,NA,502,PSMIO,NA
C30,PS_MIO57,NA,502,PSMIO,NA
D29,PS_MIO58,NA,502,PSMIO,NA
D30,PS_MIO59,NA,502,PSMIO,NA
E30,PS_MIO60,NA,502,PSMIO,NA
F29,PS_MIO61,NA,502,PSMIO,NA
F30,PS_MIO62,NA,502,PSMIO,NA
G29,PS_MIO63,NA,502,PSMIO,NA
G30,PS_MIO64,NA,502,PSMIO,NA
H29,PS_MIO65,NA,502,PSMIO,NA
H30,PS_MIO66,NA,502,PSMIO,NA
J29,PS_MIO67,NA,502,PSMIO,NA
J30,PS_MIO68,NA,502,PSMIO,NA
K30,PS_MIO69,NA,502,PSMIO,NA
L29,PS_MIO70,NA,502,PSMIO,NA
L30,PS_MIO71,NA,502,PSMIO,NA
M29,PS_MIO72,NA,502,PSMIO,NA
M30,PS_MIO73,NA,502,PSMIO,NA
N29,PS_MIO74,NA,502,PSMIO,NA
N30,PS_MIO75,NA,502,PSMIO,NA
P29,PS_MIO76,NA,502,PSMIO,NA
P30,PS_MIO77,NA,502,PSMIO,NA
W30,PS_DONE,NA,503,PSCONFIG,NA
R30,PS_ERROR_OUT,NA,503,PSCONFIG,NA
T30,PS_ERROR_STATUS,NA,503,PSCONFIG,NA
V30,PS_INIT_B,NA,503,PSCONFIG,NA
AC29,PS_JTAG_TCK,NA,503,PSCONFIG,NA
AD28,PS_JTAG_TDI,NA,503,PSCONFIG,NA
AD29,PS_JTAG_TDO,NA,503,PSCONFIG,NA
AC30,PS_JTAG_TMS,NA,503,PSCONFIG,NA
V29,PS_MODE0,NA,503,PSCONFIG,NA
AB29,PS_MODE1,NA,503,PSCONFIG,NA
Y30,PS_MODE2,NA,503,PSCONFIG,NA
AA30,PS_MODE3,NA,503,PSCONFIG,NA
AD30,PS_PADI,NA,503,PSCONFIG,NA
AE30,PS_PADO,NA,503,PSCONFIG,NA
T29,PS_POR_B,NA,503,PSCONFIG,NA
U29,PS_PROG_B,NA,503,PSCONFIG,NA
AA29,PS_REF_CLK,NA,503,PSCONFIG,NA
W29,PS_SRST_B,NA,503,PSCONFIG,NA
BA30,PS_DDR_A0,NA,504,PSDDR,NA
BA32,PS_DDR_A1,NA,504,PSDDR,NA
AW33,PS_DDR_A10,NA,504,PSDDR,NA
AV31,PS_DDR_A11,NA,504,PSDDR,NA
AW31,PS_DDR_A12,NA,504,PSDDR,NA
AV30,PS_DDR_A13,NA,504,PSDDR,NA
AY32,PS_DDR_A14,NA,504,PSDDR,NA
AY31,PS_DDR_A15,NA,504,PSDDR,NA
AU32,PS_DDR_A16,NA,504,PSDDR,NA
AT29,PS_DDR_A17,NA,504,PSDDR,NA
BB32,PS_DDR_A2,NA,504,PSDDR,NA
BB33,PS_DDR_A3,NA,504,PSDDR,NA
BB30,PS_DDR_A4,NA,504,PSDDR,NA
BB31,PS_DDR_A5,NA,504,PSDDR,NA
AT30,PS_DDR_A6,NA,504,PSDDR,NA
AU33,PS_DDR_A7,NA,504,PSDDR,NA
AU30,PS_DDR_A8,NA,504,PSDDR,NA
AU31,PS_DDR_A9,NA,504,PSDDR,NA
AT32,PS_DDR_ACT_N,NA,504,PSDDR,NA
AR31,PS_DDR_ALERT_N,NA,504,PSDDR,NA
AR30,PS_DDR_BA0,NA,504,PSDDR,NA
AV33,PS_DDR_BA1,NA,504,PSDDR,NA
AV34,PS_DDR_BG0,NA,504,PSDDR,NA
AT33,PS_DDR_BG1,NA,504,PSDDR,NA
BA29,PS_DDR_CK0,NA,504,PSDDR,NA
AW29,PS_DDR_CK1,NA,504,PSDDR,NA
BA34,PS_DDR_CKE0,NA,504,PSDDR,NA
AW32,PS_DDR_CKE1,NA,504,PSDDR,NA
AY29,PS_DDR_CK_N0,NA,504,PSDDR,NA
AV29,PS_DDR_CK_N1,NA,504,PSDDR,NA
BA33,PS_DDR_CS_N0,NA,504,PSDDR,NA
AY34,PS_DDR_CS_N1,NA,504,PSDDR,NA
AY22,PS_DDR_DM0,NA,504,PSDDR,NA
AY26,PS_DDR_DM1,NA,504,PSDDR,NA
AT23,PS_DDR_DM2,NA,504,PSDDR,NA
AU28,PS_DDR_DM3,NA,504,PSDDR,NA
AT37,PS_DDR_DM4,NA,504,PSDDR,NA
AV38,PS_DDR_DM5,NA,504,PSDDR,NA
AY41,PS_DDR_DM6,NA,504,PSDDR,NA
AT40,PS_DDR_DM7,NA,504,PSDDR,NA
BA35,PS_DDR_DM8,NA,504,PSDDR,NA
BB23,PS_DDR_DQ0,NA,504,PSDDR,NA
BB22,PS_DDR_DQ1,NA,504,PSDDR,NA
BB25,PS_DDR_DQ10,NA,504,PSDDR,NA
BB26,PS_DDR_DQ11,NA,504,PSDDR,NA
AW28,PS_DDR_DQ12,NA,504,PSDDR,NA
AY27,PS_DDR_DQ13,NA,504,PSDDR,NA
BA28,PS_DDR_DQ14,NA,504,PSDDR,NA
BB28,PS_DDR_DQ15,NA,504,PSDDR,NA
AV25,PS_DDR_DQ16,NA,504,PSDDR,NA
AT25,PS_DDR_DQ17,NA,504,PSDDR,NA
AU25,PS_DDR_DQ18,NA,504,PSDDR,NA
AR25,PS_DDR_DQ19,NA,504,PSDDR,NA
BA23,PS_DDR_DQ2,NA,504,PSDDR,NA
AV23,PS_DDR_DQ20,NA,504,PSDDR,NA
AU23,PS_DDR_DQ21,NA,504,PSDDR,NA
AU22,PS_DDR_DQ22,NA,504,PSDDR,NA
AT22,PS_DDR_DQ23,NA,504,PSDDR,NA
AR26,PS_DDR_DQ24,NA,504,PSDDR,NA
AW26,PS_DDR_DQ25,NA,504,PSDDR,NA
AT27,PS_DDR_DQ26,NA,504,PSDDR,NA
AV26,PS_DDR_DQ27,NA,504,PSDDR,NA
AV28,PS_DDR_DQ28,NA,504,PSDDR,NA
AW27,PS_DDR_DQ29,NA,504,PSDDR,NA
BA22,PS_DDR_DQ3,NA,504,PSDDR,NA
AR27,PS_DDR_DQ30,NA,504,PSDDR,NA
AT28,PS_DDR_DQ31,NA,504,PSDDR,NA
AR34,PS_DDR_DQ32,NA,504,PSDDR,NA
AR35,PS_DDR_DQ33,NA,504,PSDDR,NA
AR36,PS_DDR_DQ34,NA,504,PSDDR,NA
AU36,PS_DDR_DQ35,NA,504,PSDDR,NA
AR37,PS_DDR_DQ36,NA,504,PSDDR,NA
AV36,PS_DDR_DQ37,NA,504,PSDDR,NA
AU35,PS_DDR_DQ38,NA,504,PSDDR,NA
AV35,PS_DDR_DQ39,NA,504,PSDDR,NA
AW24,PS_DDR_DQ4,NA,504,PSDDR,NA
AW37,PS_DDR_DQ40,NA,504,PSDDR,NA
AW38,PS_DDR_DQ41,NA,504,PSDDR,NA
AV39,PS_DDR_DQ42,NA,504,PSDDR,NA
AW39,PS_DDR_DQ43,NA,504,PSDDR,NA
AT39,PS_DDR_DQ44,NA,504,PSDDR,NA
AT38,PS_DDR_DQ45,NA,504,PSDDR,NA
AR39,PS_DDR_DQ46,NA,504,PSDDR,NA
AR38,PS_DDR_DQ47,NA,504,PSDDR,NA
AW42,PS_DDR_DQ48,NA,504,PSDDR,NA
AY42,PS_DDR_DQ49,NA,504,PSDDR,NA
AW23,PS_DDR_DQ5,NA,504,PSDDR,NA
AW41,PS_DDR_DQ50,NA,504,PSDDR,NA
BA42,PS_DDR_DQ51,NA,504,PSDDR,NA
AY39,PS_DDR_DQ52,NA,504,PSDDR,NA
BB41,PS_DDR_DQ53,NA,504,PSDDR,NA
BB40,PS_DDR_DQ54,NA,504,PSDDR,NA
BA39,PS_DDR_DQ55,NA,504,PSDDR,NA
AU40,PS_DDR_DQ56,NA,504,PSDDR,NA
AV40,PS_DDR_DQ57,NA,504,PSDDR,NA
AV41,PS_DDR_DQ58,NA,504,PSDDR,NA
AU41,PS_DDR_DQ59,NA,504,PSDDR,NA
AV24,PS_DDR_DQ6,NA,504,PSDDR,NA
AR40,PS_DDR_DQ60,NA,504,PSDDR,NA
AR41,PS_DDR_DQ61,NA,504,PSDDR,NA
AP42,PS_DDR_DQ62,NA,504,PSDDR,NA
AR42,PS_DDR_DQ63,NA,504,PSDDR,NA
BB35,PS_DDR_DQ64,NA,504,PSDDR,NA
BB36,PS_DDR_DQ65,NA,504,PSDDR,NA
BB37,PS_DDR_DQ66,NA,504,PSDDR,NA
AY35,PS_DDR_DQ67,NA,504,PSDDR,NA
BB38,PS_DDR_DQ68,NA,504,PSDDR,NA
AY37,PS_DDR_DQ69,NA,504,PSDDR,NA
AW22,PS_DDR_DQ7,NA,504,PSDDR,NA
AY36,PS_DDR_DQ70,NA,504,PSDDR,NA
AW36,PS_DDR_DQ71,NA,504,PSDDR,NA
BA25,PS_DDR_DQ8,NA,504,PSDDR,NA
AY25,PS_DDR_DQ9,NA,504,PSDDR,NA
BA24,PS_DDR_DQS_N0,NA,504,PSDDR,NA
BB27,PS_DDR_DQS_N1,NA,504,PSDDR,NA
AT24,PS_DDR_DQS_N2,NA,504,PSDDR,NA
AU27,PS_DDR_DQS_N3,NA,504,PSDDR,NA
AT35,PS_DDR_DQS_N4,NA,504,PSDDR,NA
AU38,PS_DDR_DQS_N5,NA,504,PSDDR,NA
BA40,PS_DDR_DQS_N6,NA,504,PSDDR,NA
AU42,PS_DDR_DQS_N7,NA,504,PSDDR,NA
BA38,PS_DDR_DQS_N8,NA,504,PSDDR,NA
AY24,PS_DDR_DQS_P0,NA,504,PSDDR,NA
BA27,PS_DDR_DQS_P1,NA,504,PSDDR,NA
AR24,PS_DDR_DQS_P2,NA,504,PSDDR,NA
AU26,PS_DDR_DQS_P3,NA,504,PSDDR,NA
AT34,PS_DDR_DQS_P4,NA,504,PSDDR,NA
AU37,PS_DDR_DQS_P5,NA,504,PSDDR,NA
AY40,PS_DDR_DQS_P6,NA,504,PSDDR,NA
AT42,PS_DDR_DQS_P7,NA,504,PSDDR,NA
BA37,PS_DDR_DQS_P8,NA,504,PSDDR,NA
AY30,PS_DDR_ODT0,NA,504,PSDDR,NA
AW34,PS_DDR_ODT1,NA,504,PSDDR,NA
AR29,PS_DDR_PARITY,NA,504,PSDDR,NA
AR33,PS_DDR_RAM_RST_N,NA,504,PSDDR,NA
AR32,PS_DDR_ZQ,NA,504,PSDDR,NA
AN40,PS_MGTRRXN0_505,NA,505,PSGTR,NA
AM42,PS_MGTRRXN1_505,NA,505,PSGTR,NA
AL40,PS_MGTRRXN2_505,NA,505,PSGTR,NA
AK42,PS_MGTRRXN3_505,NA,505,PSGTR,NA
AN39,PS_MGTRRXP0_505,NA,505,PSGTR,NA
AM41,PS_MGTRRXP1_505,NA,505,PSGTR,NA
AL39,PS_MGTRRXP2_505,NA,505,PSGTR,NA
AK41,PS_MGTRRXP3_505,NA,505,PSGTR,NA
AN36,PS_MGTRTXN0_505,NA,505,PSGTR,NA
AM38,PS_MGTRTXN1_505,NA,505,PSGTR,NA
AL36,PS_MGTRTXN2_505,NA,505,PSGTR,NA
AK38,PS_MGTRTXN3_505,NA,505,PSGTR,NA
AN35,PS_MGTRTXP0_505,NA,505,PSGTR,NA
AM37,PS_MGTRTXP1_505,NA,505,PSGTR,NA
AL35,PS_MGTRTXP2_505,NA,505,PSGTR,NA
AK37,PS_MGTRTXP3_505,NA,505,PSGTR,NA
AN32,PS_MGTREFCLK0N_505,NA,505,PSGTR,NA
AN31,PS_MGTREFCLK0P_505,NA,505,PSGTR,NA
AM34,PS_MGTREFCLK1N_505,NA,505,PSGTR,NA
AM33,PS_MGTREFCLK1P_505,NA,505,PSGTR,NA
AL32,PS_MGTREFCLK2N_505,NA,505,PSGTR,NA
AL31,PS_MGTREFCLK2P_505,NA,505,PSGTR,NA
AK34,PS_MGTREFCLK3N_505,NA,505,PSGTR,NA
AK33,PS_MGTREFCLK3P_505,NA,505,PSGTR,NA
AK32,PS_MGTRREF_505,NA,NA,NA,NA
AF29,VCC_PSADC,NA,NA,NA,NA
AJ30,VCC_PSADC,NA,NA,NA,NA
AF28,GND_PSADC,NA,NA,NA,NA
AJ29,GND_PSADC,NA,NA,NA,NA
AR18,VCCO_65,NA,65,NA,NA
AV17,VCCO_65,NA,65,NA,NA
BA16,VCCO_65,NA,65,NA,NA
AP15,VCCO_66,NA,66,NA,NA
AU14,VCCO_66,NA,66,NA,NA
AY13,VCCO_66,NA,66,NA,NA
C28,VCCO_69,NA,69,NA,NA
F27,VCCO_69,NA,69,NA,NA
J26,VCCO_69,NA,69,NA,NA
C23,VCCO_70,NA,70,NA,NA
F22,VCCO_70,NA,70,NA,NA
J21,VCCO_70,NA,70,NA,NA
C18,VCCO_71,NA,71,NA,NA
F17,VCCO_71,NA,71,NA,NA
J16,VCCO_71,NA,71,NA,NA
H13,VCCO_90,NA,90,NA,NA
M15,VCCO_90,NA,90,NA,NA
B15,VCCO_91,NA,91,NA,NA
E14,VCCO_91,NA,91,NA,NA
AM24,VCCO_PSIO0_500,NA,500,NA,NA
AN27,VCCO_PSIO0_500,NA,500,NA,NA
AL21,VCCO_PSIO1_501,NA,501,NA,NA
AP20,VCCO_PSIO1_501,NA,501,NA,NA
E29,VCCO_PSIO2_502,NA,502,NA,NA
K29,VCCO_PSIO2_502,NA,502,NA,NA
AB30,VCCO_PSIO3_503,NA,503,NA,NA
U30,VCCO_PSIO3_503,NA,503,NA,NA
AR28,VCCO_PSDDR_504,NA,504,NA,NA
AU29,VCCO_PSDDR_504,NA,504,NA,NA
AU34,VCCO_PSDDR_504,NA,504,NA,NA
AW30,VCCO_PSDDR_504,NA,504,NA,NA
AW35,VCCO_PSDDR_504,NA,504,NA,NA
BA31,VCCO_PSDDR_504,NA,504,NA,NA
BA36,VCCO_PSDDR_504,NA,504,NA,NA
A12,GND,NA,NA,NA,NA
A17,GND,NA,NA,NA,NA
A2,GND,NA,NA,NA,NA
A22,GND,NA,NA,NA,NA
A27,GND,NA,NA,NA,NA
A31,GND,NA,NA,NA,NA
A33,GND,NA,NA,NA,NA
A37,GND,NA,NA,NA,NA
A38,GND,NA,NA,NA,NA
A41,GND,NA,NA,NA,NA
A5,GND,NA,NA,NA,NA
A6,GND,NA,NA,NA,NA
A9,GND,NA,NA,NA,NA
AA1,GND,NA,NA,NA,NA
AA13,GND,NA,NA,NA,NA
AA14,GND,NA,NA,NA,NA
AA16,GND,NA,NA,NA,NA
AA18,GND,NA,NA,NA,NA
AA2,GND,NA,NA,NA,NA
AA22,GND,NA,NA,NA,NA
AA24,GND,NA,NA,NA,NA
AA26,GND,NA,NA,NA,NA
AA28,GND,NA,NA,NA,NA
AA31,GND,NA,NA,NA,NA
AA33,GND,NA,NA,NA,NA
AA37,GND,NA,NA,NA,NA
AA38,GND,NA,NA,NA,NA
AA41,GND,NA,NA,NA,NA
AA42,GND,NA,NA,NA,NA
AA5,GND,NA,NA,NA,NA
AA9,GND,NA,NA,NA,NA
AB11,GND,NA,NA,NA,NA
AB13,GND,NA,NA,NA,NA
AB15,GND,NA,NA,NA,NA
AB17,GND,NA,NA,NA,NA
AB19,GND,NA,NA,NA,NA
AB23,GND,NA,NA,NA,NA
AB25,GND,NA,NA,NA,NA
AB27,GND,NA,NA,NA,NA
AB3,GND,NA,NA,NA,NA
AB31,GND,NA,NA,NA,NA
AB35,GND,NA,NA,NA,NA
AB38,GND,NA,NA,NA,NA
AB39,GND,NA,NA,NA,NA
AB4,GND,NA,NA,NA,NA
AB40,GND,NA,NA,NA,NA
AB7,GND,NA,NA,NA,NA
AC1,GND,NA,NA,NA,NA
AC13,GND,NA,NA,NA,NA
AC14,GND,NA,NA,NA,NA
AC16,GND,NA,NA,NA,NA
AC18,GND,NA,NA,NA,NA
AC2,GND,NA,NA,NA,NA
AC22,GND,NA,NA,NA,NA
AC24,GND,NA,NA,NA,NA
AC26,GND,NA,NA,NA,NA
AC28,GND,NA,NA,NA,NA
AC31,GND,NA,NA,NA,NA
AC37,GND,NA,NA,NA,NA
AC38,GND,NA,NA,NA,NA
AC41,GND,NA,NA,NA,NA
AC42,GND,NA,NA,NA,NA
AC5,GND,NA,NA,NA,NA
AC9,GND,NA,NA,NA,NA
AD11,GND,NA,NA,NA,NA
AD13,GND,NA,NA,NA,NA
AD15,GND,NA,NA,NA,NA
AD17,GND,NA,NA,NA,NA
AD19,GND,NA,NA,NA,NA
AD21,GND,NA,NA,NA,NA
AD23,GND,NA,NA,NA,NA
AD25,GND,NA,NA,NA,NA
AD27,GND,NA,NA,NA,NA
AD3,GND,NA,NA,NA,NA
AD31,GND,NA,NA,NA,NA
AD35,GND,NA,NA,NA,NA
AD38,GND,NA,NA,NA,NA
AD39,GND,NA,NA,NA,NA
AD4,GND,NA,NA,NA,NA
AD40,GND,NA,NA,NA,NA
AD7,GND,NA,NA,NA,NA
AE1,GND,NA,NA,NA,NA
AE13,GND,NA,NA,NA,NA
AE14,GND,NA,NA,NA,NA
AE16,GND,NA,NA,NA,NA
AE18,GND,NA,NA,NA,NA
AE2,GND,NA,NA,NA,NA
AE20,GND,NA,NA,NA,NA
AE22,GND,NA,NA,NA,NA
AE24,GND,NA,NA,NA,NA
AE29,GND,NA,NA,NA,NA
AE31,GND,NA,NA,NA,NA
AE33,GND,NA,NA,NA,NA
AE37,GND,NA,NA,NA,NA
AE38,GND,NA,NA,NA,NA
AE41,GND,NA,NA,NA,NA
AE42,GND,NA,NA,NA,NA
AE5,GND,NA,NA,NA,NA
AE9,GND,NA,NA,NA,NA
AF11,GND,NA,NA,NA,NA
AF13,GND,NA,NA,NA,NA
AF15,GND,NA,NA,NA,NA
AF17,GND,NA,NA,NA,NA
AF19,GND,NA,NA,NA,NA
AF21,GND,NA,NA,NA,NA
AF23,GND,NA,NA,NA,NA
AF25,GND,NA,NA,NA,NA
AF3,GND,NA,NA,NA,NA
AF31,GND,NA,NA,NA,NA
AF35,GND,NA,NA,NA,NA
AF38,GND,NA,NA,NA,NA
AF39,GND,NA,NA,NA,NA
AF4,GND,NA,NA,NA,NA
AF40,GND,NA,NA,NA,NA
AF7,GND,NA,NA,NA,NA
AG1,GND,NA,NA,NA,NA
AG13,GND,NA,NA,NA,NA
AG16,GND,NA,NA,NA,NA
AG18,GND,NA,NA,NA,NA
AG2,GND,NA,NA,NA,NA
AG20,GND,NA,NA,NA,NA
AG22,GND,NA,NA,NA,NA
AG24,GND,NA,NA,NA,NA
AG31,GND,NA,NA,NA,NA
AG33,GND,NA,NA,NA,NA
AG37,GND,NA,NA,NA,NA
AG38,GND,NA,NA,NA,NA
AG41,GND,NA,NA,NA,NA
AG42,GND,NA,NA,NA,NA
AG5,GND,NA,NA,NA,NA
AH11,GND,NA,NA,NA,NA
AH13,GND,NA,NA,NA,NA
AH27,GND,NA,NA,NA,NA
AH3,GND,NA,NA,NA,NA
AH31,GND,NA,NA,NA,NA
AH35,GND,NA,NA,NA,NA
AH38,GND,NA,NA,NA,NA
AH39,GND,NA,NA,NA,NA
AH4,GND,NA,NA,NA,NA
AH40,GND,NA,NA,NA,NA
AH7,GND,NA,NA,NA,NA
AJ1,GND,NA,NA,NA,NA
AJ13,GND,NA,NA,NA,NA
AJ15,GND,NA,NA,NA,NA
AJ2,GND,NA,NA,NA,NA
AJ20,GND,NA,NA,NA,NA
AJ25,GND,NA,NA,NA,NA
AJ31,GND,NA,NA,NA,NA
AJ32,GND,NA,NA,NA,NA
AJ33,GND,NA,NA,NA,NA
AJ34,GND,NA,NA,NA,NA
AJ35,GND,NA,NA,NA,NA
AJ36,GND,NA,NA,NA,NA
AJ37,GND,NA,NA,NA,NA
AJ38,GND,NA,NA,NA,NA
AJ39,GND,NA,NA,NA,NA
AJ40,GND,NA,NA,NA,NA
AJ41,GND,NA,NA,NA,NA
AJ42,GND,NA,NA,NA,NA
AJ5,GND,NA,NA,NA,NA
AJ9,GND,NA,NA,NA,NA
AK11,GND,NA,NA,NA,NA
AK13,GND,NA,NA,NA,NA
AK18,GND,NA,NA,NA,NA
AK23,GND,NA,NA,NA,NA
AK28,GND,NA,NA,NA,NA
AK3,GND,NA,NA,NA,NA
AK30,GND,NA,NA,NA,NA
AK31,GND,NA,NA,NA,NA
AK36,GND,NA,NA,NA,NA
AK39,GND,NA,NA,NA,NA
AK4,GND,NA,NA,NA,NA
AK40,GND,NA,NA,NA,NA
AK7,GND,NA,NA,NA,NA
AL1,GND,NA,NA,NA,NA
AL13,GND,NA,NA,NA,NA
AL16,GND,NA,NA,NA,NA
AL2,GND,NA,NA,NA,NA
AL26,GND,NA,NA,NA,NA
AL30,GND,NA,NA,NA,NA
AL34,GND,NA,NA,NA,NA
AL37,GND,NA,NA,NA,NA
AL38,GND,NA,NA,NA,NA
AL41,GND,NA,NA,NA,NA
AL42,GND,NA,NA,NA,NA
AL5,GND,NA,NA,NA,NA
AL9,GND,NA,NA,NA,NA
AM11,GND,NA,NA,NA,NA
AM12,GND,NA,NA,NA,NA
AM13,GND,NA,NA,NA,NA
AM19,GND,NA,NA,NA,NA
AM29,GND,NA,NA,NA,NA
AM3,GND,NA,NA,NA,NA
AM30,GND,NA,NA,NA,NA
AM32,GND,NA,NA,NA,NA
AM36,GND,NA,NA,NA,NA
AM39,GND,NA,NA,NA,NA
AM4,GND,NA,NA,NA,NA
AM40,GND,NA,NA,NA,NA
AM7,GND,NA,NA,NA,NA
AN1,GND,NA,NA,NA,NA
AN11,GND,NA,NA,NA,NA
AN17,GND,NA,NA,NA,NA
AN2,GND,NA,NA,NA,NA
AN22,GND,NA,NA,NA,NA
AN30,GND,NA,NA,NA,NA
AN34,GND,NA,NA,NA,NA
AN38,GND,NA,NA,NA,NA
AN41,GND,NA,NA,NA,NA
AN42,GND,NA,NA,NA,NA
AN5,GND,NA,NA,NA,NA
AN9,GND,NA,NA,NA,NA
AP11,GND,NA,NA,NA,NA
AP25,GND,NA,NA,NA,NA
AP3,GND,NA,NA,NA,NA
AP30,GND,NA,NA,NA,NA
AP31,GND,NA,NA,NA,NA
AP32,GND,NA,NA,NA,NA
AP33,GND,NA,NA,NA,NA
AP34,GND,NA,NA,NA,NA
AP35,GND,NA,NA,NA,NA
AP36,GND,NA,NA,NA,NA
AP37,GND,NA,NA,NA,NA
AP38,GND,NA,NA,NA,NA
AP39,GND,NA,NA,NA,NA
AP4,GND,NA,NA,NA,NA
AP40,GND,NA,NA,NA,NA
AP41,GND,NA,NA,NA,NA
AP7,GND,NA,NA,NA,NA
AR1,GND,NA,NA,NA,NA
AR11,GND,NA,NA,NA,NA
AR13,GND,NA,NA,NA,NA
AR2,GND,NA,NA,NA,NA
AR23,GND,NA,NA,NA,NA
AR5,GND,NA,NA,NA,NA
AR9,GND,NA,NA,NA,NA
AT11,GND,NA,NA,NA,NA
AT16,GND,NA,NA,NA,NA
AT21,GND,NA,NA,NA,NA
AT26,GND,NA,NA,NA,NA
AT3,GND,NA,NA,NA,NA
AT31,GND,NA,NA,NA,NA
AT36,GND,NA,NA,NA,NA
AT4,GND,NA,NA,NA,NA
AT41,GND,NA,NA,NA,NA
AT7,GND,NA,NA,NA,NA
AU1,GND,NA,NA,NA,NA
AU10,GND,NA,NA,NA,NA
AU11,GND,NA,NA,NA,NA
AU19,GND,NA,NA,NA,NA
AU2,GND,NA,NA,NA,NA
AU24,GND,NA,NA,NA,NA
AU39,GND,NA,NA,NA,NA
AU5,GND,NA,NA,NA,NA
AU9,GND,NA,NA,NA,NA
AV12,GND,NA,NA,NA,NA
AV22,GND,NA,NA,NA,NA
AV27,GND,NA,NA,NA,NA
AV3,GND,NA,NA,NA,NA
AV32,GND,NA,NA,NA,NA
AV37,GND,NA,NA,NA,NA
AV4,GND,NA,NA,NA,NA
AV42,GND,NA,NA,NA,NA
AV7,GND,NA,NA,NA,NA
AV9,GND,NA,NA,NA,NA
AW1,GND,NA,NA,NA,NA
AW15,GND,NA,NA,NA,NA
AW2,GND,NA,NA,NA,NA
AW20,GND,NA,NA,NA,NA
AW25,GND,NA,NA,NA,NA
AW40,GND,NA,NA,NA,NA
AW5,GND,NA,NA,NA,NA
AW6,GND,NA,NA,NA,NA
AW9,GND,NA,NA,NA,NA
AY18,GND,NA,NA,NA,NA
AY23,GND,NA,NA,NA,NA
AY28,GND,NA,NA,NA,NA
AY3,GND,NA,NA,NA,NA
AY33,GND,NA,NA,NA,NA
AY38,GND,NA,NA,NA,NA
AY4,GND,NA,NA,NA,NA
AY7,GND,NA,NA,NA,NA
AY9,GND,NA,NA,NA,NA
B20,GND,NA,NA,NA,NA
B25,GND,NA,NA,NA,NA
B3,GND,NA,NA,NA,NA
B31,GND,NA,NA,NA,NA
B35,GND,NA,NA,NA,NA
B38,GND,NA,NA,NA,NA
B39,GND,NA,NA,NA,NA
B4,GND,NA,NA,NA,NA
B40,GND,NA,NA,NA,NA
B7,GND,NA,NA,NA,NA
B8,GND,NA,NA,NA,NA
B9,GND,NA,NA,NA,NA
BA1,GND,NA,NA,NA,NA
BA11,GND,NA,NA,NA,NA
BA2,GND,NA,NA,NA,NA
BA21,GND,NA,NA,NA,NA
BA26,GND,NA,NA,NA,NA
BA41,GND,NA,NA,NA,NA
BA5,GND,NA,NA,NA,NA
BA6,GND,NA,NA,NA,NA
BA9,GND,NA,NA,NA,NA
BB14,GND,NA,NA,NA,NA
BB19,GND,NA,NA,NA,NA
BB2,GND,NA,NA,NA,NA
BB24,GND,NA,NA,NA,NA
BB29,GND,NA,NA,NA,NA
BB3,GND,NA,NA,NA,NA
BB34,GND,NA,NA,NA,NA
BB39,GND,NA,NA,NA,NA
BB4,GND,NA,NA,NA,NA
BB7,GND,NA,NA,NA,NA
BB8,GND,NA,NA,NA,NA
BB9,GND,NA,NA,NA,NA
C1,GND,NA,NA,NA,NA
C10,GND,NA,NA,NA,NA
C11,GND,NA,NA,NA,NA
C13,GND,NA,NA,NA,NA
C2,GND,NA,NA,NA,NA
C31,GND,NA,NA,NA,NA
C33,GND,NA,NA,NA,NA
C37,GND,NA,NA,NA,NA
C38,GND,NA,NA,NA,NA
C41,GND,NA,NA,NA,NA
C42,GND,NA,NA,NA,NA
C5,GND,NA,NA,NA,NA
C6,GND,NA,NA,NA,NA
C9,GND,NA,NA,NA,NA
D11,GND,NA,NA,NA,NA
D16,GND,NA,NA,NA,NA
D21,GND,NA,NA,NA,NA
D26,GND,NA,NA,NA,NA
D3,GND,NA,NA,NA,NA
D31,GND,NA,NA,NA,NA
D35,GND,NA,NA,NA,NA
D38,GND,NA,NA,NA,NA
D39,GND,NA,NA,NA,NA
D4,GND,NA,NA,NA,NA
D40,GND,NA,NA,NA,NA
D7,GND,NA,NA,NA,NA
E1,GND,NA,NA,NA,NA
E10,GND,NA,NA,NA,NA
E11,GND,NA,NA,NA,NA
E19,GND,NA,NA,NA,NA
E2,GND,NA,NA,NA,NA
E24,GND,NA,NA,NA,NA
E31,GND,NA,NA,NA,NA
E33,GND,NA,NA,NA,NA
E37,GND,NA,NA,NA,NA
E38,GND,NA,NA,NA,NA
E41,GND,NA,NA,NA,NA
E42,GND,NA,NA,NA,NA
E5,GND,NA,NA,NA,NA
E9,GND,NA,NA,NA,NA
F11,GND,NA,NA,NA,NA
F12,GND,NA,NA,NA,NA
F3,GND,NA,NA,NA,NA
F31,GND,NA,NA,NA,NA
F35,GND,NA,NA,NA,NA
F38,GND,NA,NA,NA,NA
F39,GND,NA,NA,NA,NA
F4,GND,NA,NA,NA,NA
F40,GND,NA,NA,NA,NA
F7,GND,NA,NA,NA,NA
G1,GND,NA,NA,NA,NA
G11,GND,NA,NA,NA,NA
G15,GND,NA,NA,NA,NA
G2,GND,NA,NA,NA,NA
G20,GND,NA,NA,NA,NA
G25,GND,NA,NA,NA,NA
G31,GND,NA,NA,NA,NA
G33,GND,NA,NA,NA,NA
G37,GND,NA,NA,NA,NA
G38,GND,NA,NA,NA,NA
G41,GND,NA,NA,NA,NA
G42,GND,NA,NA,NA,NA
G5,GND,NA,NA,NA,NA
G9,GND,NA,NA,NA,NA
H11,GND,NA,NA,NA,NA
H18,GND,NA,NA,NA,NA
H23,GND,NA,NA,NA,NA
H28,GND,NA,NA,NA,NA
H3,GND,NA,NA,NA,NA
H31,GND,NA,NA,NA,NA
H35,GND,NA,NA,NA,NA
H38,GND,NA,NA,NA,NA
H39,GND,NA,NA,NA,NA
H4,GND,NA,NA,NA,NA
H40,GND,NA,NA,NA,NA
H7,GND,NA,NA,NA,NA
J1,GND,NA,NA,NA,NA
J11,GND,NA,NA,NA,NA
J2,GND,NA,NA,NA,NA
J31,GND,NA,NA,NA,NA
J33,GND,NA,NA,NA,NA
J37,GND,NA,NA,NA,NA
J38,GND,NA,NA,NA,NA
J41,GND,NA,NA,NA,NA
J42,GND,NA,NA,NA,NA
J5,GND,NA,NA,NA,NA
J9,GND,NA,NA,NA,NA
K11,GND,NA,NA,NA,NA
K14,GND,NA,NA,NA,NA
K19,GND,NA,NA,NA,NA
K24,GND,NA,NA,NA,NA
K3,GND,NA,NA,NA,NA
K31,GND,NA,NA,NA,NA
K35,GND,NA,NA,NA,NA
K38,GND,NA,NA,NA,NA
K39,GND,NA,NA,NA,NA
K4,GND,NA,NA,NA,NA
K40,GND,NA,NA,NA,NA
K7,GND,NA,NA,NA,NA
L1,GND,NA,NA,NA,NA
L11,GND,NA,NA,NA,NA
L17,GND,NA,NA,NA,NA
L2,GND,NA,NA,NA,NA
L22,GND,NA,NA,NA,NA
L27,GND,NA,NA,NA,NA
L31,GND,NA,NA,NA,NA
L33,GND,NA,NA,NA,NA
L37,GND,NA,NA,NA,NA
L38,GND,NA,NA,NA,NA
L41,GND,NA,NA,NA,NA
L42,GND,NA,NA,NA,NA
L5,GND,NA,NA,NA,NA
L9,GND,NA,NA,NA,NA
M11,GND,NA,NA,NA,NA
M12,GND,NA,NA,NA,NA
M13,GND,NA,NA,NA,NA
M20,GND,NA,NA,NA,NA
M25,GND,NA,NA,NA,NA
M3,GND,NA,NA,NA,NA
M31,GND,NA,NA,NA,NA
M35,GND,NA,NA,NA,NA
M38,GND,NA,NA,NA,NA
M39,GND,NA,NA,NA,NA
M4,GND,NA,NA,NA,NA
M40,GND,NA,NA,NA,NA
M7,GND,NA,NA,NA,NA
N1,GND,NA,NA,NA,NA
N13,GND,NA,NA,NA,NA
N18,GND,NA,NA,NA,NA
N2,GND,NA,NA,NA,NA
N23,GND,NA,NA,NA,NA
N28,GND,NA,NA,NA,NA
N31,GND,NA,NA,NA,NA
N33,GND,NA,NA,NA,NA
N37,GND,NA,NA,NA,NA
N38,GND,NA,NA,NA,NA
N41,GND,NA,NA,NA,NA
N42,GND,NA,NA,NA,NA
N5,GND,NA,NA,NA,NA
N9,GND,NA,NA,NA,NA
P11,GND,NA,NA,NA,NA
P13,GND,NA,NA,NA,NA
P16,GND,NA,NA,NA,NA
P21,GND,NA,NA,NA,NA
P3,GND,NA,NA,NA,NA
P31,GND,NA,NA,NA,NA
P35,GND,NA,NA,NA,NA
P38,GND,NA,NA,NA,NA
P39,GND,NA,NA,NA,NA
P4,GND,NA,NA,NA,NA
P40,GND,NA,NA,NA,NA
P7,GND,NA,NA,NA,NA
R1,GND,NA,NA,NA,NA
R13,GND,NA,NA,NA,NA
R2,GND,NA,NA,NA,NA
R29,GND,NA,NA,NA,NA
R31,GND,NA,NA,NA,NA
R33,GND,NA,NA,NA,NA
R37,GND,NA,NA,NA,NA
R38,GND,NA,NA,NA,NA
R41,GND,NA,NA,NA,NA
R42,GND,NA,NA,NA,NA
R5,GND,NA,NA,NA,NA
R9,GND,NA,NA,NA,NA
T11,GND,NA,NA,NA,NA
T13,GND,NA,NA,NA,NA
T17,GND,NA,NA,NA,NA
T19,GND,NA,NA,NA,NA
T21,GND,NA,NA,NA,NA
T23,GND,NA,NA,NA,NA
T25,GND,NA,NA,NA,NA
T27,GND,NA,NA,NA,NA
T3,GND,NA,NA,NA,NA
T31,GND,NA,NA,NA,NA
T35,GND,NA,NA,NA,NA
T38,GND,NA,NA,NA,NA
T39,GND,NA,NA,NA,NA
T4,GND,NA,NA,NA,NA
T40,GND,NA,NA,NA,NA
T7,GND,NA,NA,NA,NA
U1,GND,NA,NA,NA,NA
U13,GND,NA,NA,NA,NA
U14,GND,NA,NA,NA,NA
U16,GND,NA,NA,NA,NA
U18,GND,NA,NA,NA,NA
U2,GND,NA,NA,NA,NA
U20,GND,NA,NA,NA,NA
U22,GND,NA,NA,NA,NA
U24,GND,NA,NA,NA,NA
U26,GND,NA,NA,NA,NA
U28,GND,NA,NA,NA,NA
U31,GND,NA,NA,NA,NA
U33,GND,NA,NA,NA,NA
U37,GND,NA,NA,NA,NA
U38,GND,NA,NA,NA,NA
U41,GND,NA,NA,NA,NA
U42,GND,NA,NA,NA,NA
U5,GND,NA,NA,NA,NA
U9,GND,NA,NA,NA,NA
V11,GND,NA,NA,NA,NA
V13,GND,NA,NA,NA,NA
V15,GND,NA,NA,NA,NA
V17,GND,NA,NA,NA,NA
V19,GND,NA,NA,NA,NA
V21,GND,NA,NA,NA,NA
V23,GND,NA,NA,NA,NA
V25,GND,NA,NA,NA,NA
V27,GND,NA,NA,NA,NA
V3,GND,NA,NA,NA,NA
V31,GND,NA,NA,NA,NA
V35,GND,NA,NA,NA,NA
V38,GND,NA,NA,NA,NA
V39,GND,NA,NA,NA,NA
V4,GND,NA,NA,NA,NA
V40,GND,NA,NA,NA,NA
V7,GND,NA,NA,NA,NA
W1,GND,NA,NA,NA,NA
W13,GND,NA,NA,NA,NA
W14,GND,NA,NA,NA,NA
W16,GND,NA,NA,NA,NA
W18,GND,NA,NA,NA,NA
W2,GND,NA,NA,NA,NA
W20,GND,NA,NA,NA,NA
W22,GND,NA,NA,NA,NA
W24,GND,NA,NA,NA,NA
W26,GND,NA,NA,NA,NA
W28,GND,NA,NA,NA,NA
W31,GND,NA,NA,NA,NA
W33,GND,NA,NA,NA,NA
W37,GND,NA,NA,NA,NA
W38,GND,NA,NA,NA,NA
W41,GND,NA,NA,NA,NA
W42,GND,NA,NA,NA,NA
W5,GND,NA,NA,NA,NA
W9,GND,NA,NA,NA,NA
Y11,GND,NA,NA,NA,NA
Y13,GND,NA,NA,NA,NA
Y15,GND,NA,NA,NA,NA
Y17,GND,NA,NA,NA,NA
Y19,GND,NA,NA,NA,NA
Y23,GND,NA,NA,NA,NA
Y25,GND,NA,NA,NA,NA
Y27,GND,NA,NA,NA,NA
Y29,GND,NA,NA,NA,NA
Y3,GND,NA,NA,NA,NA
Y31,GND,NA,NA,NA,NA
Y35,GND,NA,NA,NA,NA
Y38,GND,NA,NA,NA,NA
Y39,GND,NA,NA,NA,NA
Y4,GND,NA,NA,NA,NA
Y40,GND,NA,NA,NA,NA
Y7,GND,NA,NA,NA,NA
A32,MGTAVCC_L,NA,NA,NA,NA
AD34,MGTAVCC_L,NA,NA,NA,NA
AE32,MGTAVCC_L,NA,NA,NA,NA
AF34,MGTAVCC_L,NA,NA,NA,NA
AG32,MGTAVCC_L,NA,NA,NA,NA
AH34,MGTAVCC_L,NA,NA,NA,NA
B34,MGTAVCC_L,NA,NA,NA,NA
C32,MGTAVCC_L,NA,NA,NA,NA
D34,MGTAVCC_L,NA,NA,NA,NA
E32,MGTAVCC_L,NA,NA,NA,NA
F34,MGTAVCC_L,NA,NA,NA,NA
G32,MGTAVCC_L,NA,NA,NA,NA
J32,MGTAVCC_L,NA,NA,NA,NA
L32,MGTAVCC_L,NA,NA,NA,NA
N32,MGTAVCC_L,NA,NA,NA,NA
J10,MGTAVCC_RN,NA,NA,NA,NA
L10,MGTAVCC_RN,NA,NA,NA,NA
N10,MGTAVCC_RN,NA,NA,NA,NA
P12,MGTAVCC_RN,NA,NA,NA,NA
R10,MGTAVCC_RN,NA,NA,NA,NA
T12,MGTAVCC_RN,NA,NA,NA,NA
W10,MGTAVCC_RN,NA,NA,NA,NA
Y12,MGTAVCC_RN,NA,NA,NA,NA
AA10,MGTAVCC_RS,NA,NA,NA,NA
AB12,MGTAVCC_RS,NA,NA,NA,NA
AC10,MGTAVCC_RS,NA,NA,NA,NA
AD12,MGTAVCC_RS,NA,NA,NA,NA
AH12,MGTAVCC_RS,NA,NA,NA,NA
AJ10,MGTAVCC_RS,NA,NA,NA,NA
AK12,MGTAVCC_RS,NA,NA,NA,NA
AL10,MGTAVCC_RS,NA,NA,NA,NA
AN10,MGTAVCC_RS,NA,NA,NA,NA
A36,MGTAVTT_L,NA,NA,NA,NA
AA36,MGTAVTT_L,NA,NA,NA,NA
AB34,MGTAVTT_L,NA,NA,NA,NA
AC36,MGTAVTT_L,NA,NA,NA,NA
AE36,MGTAVTT_L,NA,NA,NA,NA
AG36,MGTAVTT_L,NA,NA,NA,NA
C36,MGTAVTT_L,NA,NA,NA,NA
E36,MGTAVTT_L,NA,NA,NA,NA
G36,MGTAVTT_L,NA,NA,NA,NA
H34,MGTAVTT_L,NA,NA,NA,NA
J36,MGTAVTT_L,NA,NA,NA,NA
K34,MGTAVTT_L,NA,NA,NA,NA
L36,MGTAVTT_L,NA,NA,NA,NA
M34,MGTAVTT_L,NA,NA,NA,NA
N36,MGTAVTT_L,NA,NA,NA,NA
P34,MGTAVTT_L,NA,NA,NA,NA
R36,MGTAVTT_L,NA,NA,NA,NA
T34,MGTAVTT_L,NA,NA,NA,NA
U36,MGTAVTT_L,NA,NA,NA,NA
V34,MGTAVTT_L,NA,NA,NA,NA
W36,MGTAVTT_L,NA,NA,NA,NA
Y34,MGTAVTT_L,NA,NA,NA,NA
D8,MGTAVTT_RN,NA,NA,NA,NA
E6,MGTAVTT_RN,NA,NA,NA,NA
F8,MGTAVTT_RN,NA,NA,NA,NA
G10,MGTAVTT_RN,NA,NA,NA,NA
G6,MGTAVTT_RN,NA,NA,NA,NA
H8,MGTAVTT_RN,NA,NA,NA,NA
J6,MGTAVTT_RN,NA,NA,NA,NA
K8,MGTAVTT_RN,NA,NA,NA,NA
L6,MGTAVTT_RN,NA,NA,NA,NA
M8,MGTAVTT_RN,NA,NA,NA,NA
N6,MGTAVTT_RN,NA,NA,NA,NA
P8,MGTAVTT_RN,NA,NA,NA,NA
R6,MGTAVTT_RN,NA,NA,NA,NA
T8,MGTAVTT_RN,NA,NA,NA,NA
U6,MGTAVTT_RN,NA,NA,NA,NA
V8,MGTAVTT_RN,NA,NA,NA,NA
AA6,MGTAVTT_RS,NA,NA,NA,NA
AB8,MGTAVTT_RS,NA,NA,NA,NA
AC6,MGTAVTT_RS,NA,NA,NA,NA
AD8,MGTAVTT_RS,NA,NA,NA,NA
AE6,MGTAVTT_RS,NA,NA,NA,NA
AF8,MGTAVTT_RS,NA,NA,NA,NA
AG6,MGTAVTT_RS,NA,NA,NA,NA
AH8,MGTAVTT_RS,NA,NA,NA,NA
AJ6,MGTAVTT_RS,NA,NA,NA,NA
AK8,MGTAVTT_RS,NA,NA,NA,NA
AL6,MGTAVTT_RS,NA,NA,NA,NA
AM8,MGTAVTT_RS,NA,NA,NA,NA
AN6,MGTAVTT_RS,NA,NA,NA,NA
AP8,MGTAVTT_RS,NA,NA,NA,NA
AR10,MGTAVTT_RS,NA,NA,NA,NA
AR6,MGTAVTT_RS,NA,NA,NA,NA
AT8,MGTAVTT_RS,NA,NA,NA,NA
AU6,MGTAVTT_RS,NA,NA,NA,NA
AV8,MGTAVTT_RS,NA,NA,NA,NA
AY8,MGTAVTT_RS,NA,NA,NA,NA
W6,MGTAVTT_RS,NA,NA,NA,NA
Y8,MGTAVTT_RS,NA,NA,NA,NA
AA32,MGTVCCAUX_L,NA,NA,NA,NA
R32,MGTVCCAUX_L,NA,NA,NA,NA
U32,MGTVCCAUX_L,NA,NA,NA,NA
W32,MGTVCCAUX_L,NA,NA,NA,NA
U10,MGTVCCAUX_RN,NA,NA,NA,NA
V12,MGTVCCAUX_RN,NA,NA,NA,NA
AE10,MGTVCCAUX_RS,NA,NA,NA,NA
AF12,MGTVCCAUX_RS,NA,NA,NA,NA
AL33,PS_MGTRAVCC,NA,NA,NA,NA
AM31,PS_MGTRAVCC,NA,NA,NA,NA
AN33,PS_MGTRAVCC,NA,NA,NA,NA
AK35,PS_MGTRAVTT,NA,NA,NA,NA
AM35,PS_MGTRAVTT,NA,NA,NA,NA
AN37,PS_MGTRAVTT,NA,NA,NA,NA
AA27,VCCAUX,NA,NA,NA,NA
AC27,VCCAUX,NA,NA,NA,NA
U27,VCCAUX,NA,NA,NA,NA
W27,VCCAUX,NA,NA,NA,NA
AB28,VCCAUX_IO,NA,NA,NA,NA
T28,VCCAUX_IO,NA,NA,NA,NA
V28,VCCAUX_IO,NA,NA,NA,NA
Y28,VCCAUX_IO,NA,NA,NA,NA
AB14,VCCBRAM,NA,NA,NA,NA
AD14,VCCBRAM,NA,NA,NA,NA
AF14,VCCBRAM,NA,NA,NA,NA
T14,VCCBRAM,NA,NA,NA,NA
V14,VCCBRAM,NA,NA,NA,NA
Y14,VCCBRAM,NA,NA,NA,NA
AA17,VCCINT,NA,NA,NA,NA
AA19,VCCINT,NA,NA,NA,NA
AA23,VCCINT,NA,NA,NA,NA
AA25,VCCINT,NA,NA,NA,NA
AB16,VCCINT,NA,NA,NA,NA
AB18,VCCINT,NA,NA,NA,NA
AB22,VCCINT,NA,NA,NA,NA
AB24,VCCINT,NA,NA,NA,NA
AB26,VCCINT,NA,NA,NA,NA
AC17,VCCINT,NA,NA,NA,NA
AC19,VCCINT,NA,NA,NA,NA
AC23,VCCINT,NA,NA,NA,NA
AC25,VCCINT,NA,NA,NA,NA
AD16,VCCINT,NA,NA,NA,NA
AD18,VCCINT,NA,NA,NA,NA
AD20,VCCINT,NA,NA,NA,NA
AD22,VCCINT,NA,NA,NA,NA
AD24,VCCINT,NA,NA,NA,NA
AD26,VCCINT,NA,NA,NA,NA
AE17,VCCINT,NA,NA,NA,NA
AE19,VCCINT,NA,NA,NA,NA
AE21,VCCINT,NA,NA,NA,NA
AE23,VCCINT,NA,NA,NA,NA
AE25,VCCINT,NA,NA,NA,NA
AF16,VCCINT,NA,NA,NA,NA
AF18,VCCINT,NA,NA,NA,NA
AF20,VCCINT,NA,NA,NA,NA
AF22,VCCINT,NA,NA,NA,NA
AF24,VCCINT,NA,NA,NA,NA
AG17,VCCINT,NA,NA,NA,NA
AG19,VCCINT,NA,NA,NA,NA
AG21,VCCINT,NA,NA,NA,NA
AG23,VCCINT,NA,NA,NA,NA
AG25,VCCINT,NA,NA,NA,NA
T16,VCCINT,NA,NA,NA,NA
T18,VCCINT,NA,NA,NA,NA
T20,VCCINT,NA,NA,NA,NA
T22,VCCINT,NA,NA,NA,NA
T24,VCCINT,NA,NA,NA,NA
T26,VCCINT,NA,NA,NA,NA
U17,VCCINT,NA,NA,NA,NA
U19,VCCINT,NA,NA,NA,NA
U21,VCCINT,NA,NA,NA,NA
U23,VCCINT,NA,NA,NA,NA
U25,VCCINT,NA,NA,NA,NA
V16,VCCINT,NA,NA,NA,NA
V18,VCCINT,NA,NA,NA,NA
V20,VCCINT,NA,NA,NA,NA
V22,VCCINT,NA,NA,NA,NA
V24,VCCINT,NA,NA,NA,NA
V26,VCCINT,NA,NA,NA,NA
W17,VCCINT,NA,NA,NA,NA
W19,VCCINT,NA,NA,NA,NA
W21,VCCINT,NA,NA,NA,NA
W23,VCCINT,NA,NA,NA,NA
W25,VCCINT,NA,NA,NA,NA
Y16,VCCINT,NA,NA,NA,NA
Y18,VCCINT,NA,NA,NA,NA
Y22,VCCINT,NA,NA,NA,NA
Y24,VCCINT,NA,NA,NA,NA
Y26,VCCINT,NA,NA,NA,NA
AA15,VCCINT_IO,NA,NA,NA,NA
AC15,VCCINT_IO,NA,NA,NA,NA
AE15,VCCINT_IO,NA,NA,NA,NA
U15,VCCINT_IO,NA,NA,NA,NA
W15,VCCINT_IO,NA,NA,NA,NA
AF30,VCC_PSAUX,NA,NA,NA,NA
AG30,VCC_PSAUX,NA,NA,NA,NA
AH29,VCC_PSAUX,NA,NA,NA,NA
AH30,VCC_PSAUX,NA,NA,NA,NA
AE28,VCC_PSBATT,NA,NA,NA,NA
AG28,VCC_PSDDR_PLL,NA,NA,NA,NA
AG29,VCC_PSDDR_PLL,NA,NA,NA,NA
AH28,VCC_PSINTFP,NA,NA,NA,NA
AJ26,VCC_PSINTFP,NA,NA,NA,NA
AJ27,VCC_PSINTFP,NA,NA,NA,NA
AJ28,VCC_PSINTFP,NA,NA,NA,NA
AK26,VCC_PSINTFP,NA,NA,NA,NA
AK27,VCC_PSINTFP,NA,NA,NA,NA
AL27,VCC_PSINTFP,NA,NA,NA,NA
AK29,VCC_PSINTFP_DDR,NA,NA,NA,NA
AL28,VCC_PSINTFP_DDR,NA,NA,NA,NA
AL29,VCC_PSINTFP_DDR,NA,NA,NA,NA
AE26,VCC_PSINTLP,NA,NA,NA,NA
AF26,VCC_PSINTLP,NA,NA,NA,NA
AG26,VCC_PSINTLP,NA,NA,NA,NA
AH26,VCC_PSINTLP,NA,NA,NA,NA
AE27,VCC_PSPLL,NA,NA,NA,NA
AF27,VCC_PSPLL,NA,NA,NA,NA
AG27,VCC_PSPLL,NA,NA,NA,NA
,,,,,
Total Number of Pins,1760,,,,
