Device/Package xc7vh580tflg1931/xc7vh580thcg1931 2/28/2014 16:36:35,,,,,,,
,,,,,,,
Pin,Pin Name,Memory Byte Group,Bank,VCCAUX Group,Super Logic Region,I/O Type,No-Connect
AD22,DXN_0,NA,0,NA,NA,CONFIG,NA
AD23,DXP_0,NA,0,NA,NA,CONFIG,NA
AB22,VREFN_0,NA,0,NA,NA,CONFIG,NA
AC23,VREFP_0,NA,0,NA,NA,CONFIG,NA
AB23,VP_0,NA,0,NA,NA,CONFIG,NA
AC22,VN_0,NA,0,NA,NA,CONFIG,NA
M27,VCCBATT_0,NA,0,NA,NA,CONFIG,NA
M19,CCLK_0,NA,0,NA,NA,CONFIG,NA
L18,TCK_0,NA,0,NA,NA,CONFIG,NA
P27,TMS_0,NA,0,NA,NA,CONFIG,NA
M21,TDI_0,NA,0,NA,NA,CONFIG,NA
M17,INIT_B_0,NA,0,NA,NA,CONFIG,NA
P23,PROGRAM_B_0,NA,0,NA,NA,CONFIG,NA
T27,DONE_0,NA,0,NA,NA,CONFIG,NA
M23,M2_0,NA,0,NA,NA,CONFIG,NA
M25,M0_0,NA,0,NA,NA,CONFIG,NA
T19,M1_0,NA,0,NA,NA,CONFIG,NA
N26,TDO_0,NA,0,NA,NA,CONFIG,NA
BD39,IO_0_VRN_13,NA,13,0,0,HP,NA
AL35,IO_L1P_T0_13,0,13,0,0,HP,NA
AM35,IO_L1N_T0_13,0,13,0,0,HP,NA
AN35,IO_L2P_T0_13,0,13,0,0,HP,NA
AP35,IO_L2N_T0_13,0,13,0,0,HP,NA
AL36,IO_L3P_T0_DQS_13,0,13,0,0,HP,NA
AM36,IO_L3N_T0_DQS_13,0,13,0,0,HP,NA
AN34,IO_L4P_T0_13,0,13,0,0,HP,NA
AP34,IO_L4N_T0_13,0,13,0,0,HP,NA
AM37,IO_L5P_T0_13,0,13,0,0,HP,NA
AN37,IO_L5N_T0_13,0,13,0,0,HP,NA
AP36,IO_L6P_T0_13,0,13,0,0,HP,NA
AR36,IO_L6N_T0_VREF_13,0,13,0,0,HP,NA
AP37,IO_L7P_T1_13,1,13,0,0,HP,NA
AR37,IO_L7N_T1_13,1,13,0,0,HP,NA
AW37,IO_L8P_T1_13,1,13,0,0,HP,NA
AY37,IO_L8N_T1_13,1,13,0,0,HP,NA
AU37,IO_L9P_T1_DQS_13,1,13,0,0,HP,NA
AV37,IO_L9N_T1_DQS_13,1,13,0,0,HP,NA
AR34,IO_L10P_T1_13,1,13,0,0,HP,NA
AT34,IO_L10N_T1_13,1,13,0,0,HP,NA
AT35,IO_L11P_T1_SRCC_13,1,13,0,0,HP,NA
AU35,IO_L11N_T1_SRCC_13,1,13,0,0,HP,NA
AT36,IO_L12P_T1_MRCC_13,1,13,0,0,HP,NA
AU36,IO_L12N_T1_MRCC_13,1,13,0,0,HP,NA
AV35,IO_L13P_T2_MRCC_13,2,13,0,0,HP,NA
AW35,IO_L13N_T2_MRCC_13,2,13,0,0,HP,NA
AW36,IO_L14P_T2_SRCC_13,2,13,0,0,HP,NA
AY36,IO_L14N_T2_SRCC_13,2,13,0,0,HP,NA
BA35,IO_L15P_T2_DQS_13,2,13,0,0,HP,NA
BB35,IO_L15N_T2_DQS_13,2,13,0,0,HP,NA
AV34,IO_L16P_T2_13,2,13,0,0,HP,NA
AW34,IO_L16N_T2_13,2,13,0,0,HP,NA
AY34,IO_L17P_T2_13,2,13,0,0,HP,NA
BA34,IO_L17N_T2_13,2,13,0,0,HP,NA
BA36,IO_L18P_T2_13,2,13,0,0,HP,NA
BB36,IO_L18N_T2_13,2,13,0,0,HP,NA
BB38,IO_L19P_T3_13,3,13,0,0,HP,NA
BC38,IO_L19N_T3_VREF_13,3,13,0,0,HP,NA
BD36,IO_L20P_T3_13,3,13,0,0,HP,NA
BD37,IO_L20N_T3_13,3,13,0,0,HP,NA
BB37,IO_L21P_T3_DQS_13,3,13,0,0,HP,NA
BC37,IO_L21N_T3_DQS_13,3,13,0,0,HP,NA
BA38,IO_L22P_T3_13,3,13,0,0,HP,NA
BA39,IO_L22N_T3_13,3,13,0,0,HP,NA
BC34,IO_L23P_T3_13,3,13,0,0,HP,NA
BD34,IO_L23N_T3_13,3,13,0,0,HP,NA
BC35,IO_L24P_T3_13,3,13,0,0,HP,NA
BD35,IO_L24N_T3_13,3,13,0,0,HP,NA
BC39,IO_25_VRP_13,NA,13,0,0,HP,NA
BD30,IO_0_VRN_14,NA,14,0,0,HP,NA
AR33,IO_L1P_T0_D00_MOSI_14,0,14,0,0,HP,NA
AT33,IO_L1N_T0_D01_DIN_14,0,14,0,0,HP,NA
BD31,IO_L2P_T0_D02_14,0,14,0,0,HP,NA
BD32,IO_L2N_T0_D03_14,0,14,0,0,HP,NA
AU33,IO_L3P_T0_DQS_PUDC_B_14,0,14,0,0,HP,NA
AV33,IO_L3N_T0_DQS_EMCCLK_14,0,14,0,0,HP,NA
AY33,IO_L4P_T0_D04_14,0,14,0,0,HP,NA
BA33,IO_L4N_T0_D05_14,0,14,0,0,HP,NA
AM33,IO_L5P_T0_D06_14,0,14,0,0,HP,NA
AN33,IO_L5N_T0_D07_14,0,14,0,0,HP,NA
BB33,IO_L6P_T0_FCS_B_14,0,14,0,0,HP,NA
BC33,IO_L6N_T0_D08_VREF_14,0,14,0,0,HP,NA
AJ32,IO_L7P_T1_D09_14,1,14,0,0,HP,NA
AK32,IO_L7N_T1_D10_14,1,14,0,0,HP,NA
AW32,IO_L8P_T1_D11_14,1,14,0,0,HP,NA
AY32,IO_L8N_T1_D12_14,1,14,0,0,HP,NA
AM32,IO_L9P_T1_DQS_14,1,14,0,0,HP,NA
AN32,IO_L9N_T1_DQS_D13_14,1,14,0,0,HP,NA
BB32,IO_L10P_T1_D14_14,1,14,0,0,HP,NA
BC32,IO_L10N_T1_D15_14,1,14,0,0,HP,NA
AP32,IO_L11P_T1_SRCC_14,1,14,0,0,HP,NA
AR32,IO_L11N_T1_SRCC_14,1,14,0,0,HP,NA
AU32,IO_L12P_T1_MRCC_14,1,14,0,0,HP,NA
AV32,IO_L12N_T1_MRCC_14,1,14,0,0,HP,NA
AP31,IO_L13P_T2_MRCC_14,2,14,0,0,HP,NA
AR31,IO_L13N_T2_MRCC_14,2,14,0,0,HP,NA
AT31,IO_L14P_T2_SRCC_14,2,14,0,0,HP,NA
AU31,IO_L14N_T2_SRCC_14,2,14,0,0,HP,NA
AW31,IO_L15P_T2_DQS_RDWR_B_14,2,14,0,0,HP,NA
AY31,IO_L15N_T2_DQS_DOUT_CSO_B_14,2,14,0,0,HP,NA
AJ31,IO_L16P_T2_CSI_B_14,2,14,0,0,HP,NA
AK31,IO_L16N_T2_A15_D31_14,2,14,0,0,HP,NA
BA31,IO_L17P_T2_A14_D30_14,2,14,0,0,HP,NA
BB31,IO_L17N_T2_A13_D29_14,2,14,0,0,HP,NA
AL31,IO_L18P_T2_A12_D28_14,2,14,0,0,HP,NA
AM31,IO_L18N_T2_A11_D27_14,2,14,0,0,HP,NA
BA30,IO_L19P_T3_A10_D26_14,3,14,0,0,HP,NA
BB30,IO_L19N_T3_A09_D25_VREF_14,3,14,0,0,HP,NA
AH30,IO_L20P_T3_A08_D24_14,3,14,0,0,HP,NA
AJ30,IO_L20N_T3_A07_D23_14,3,14,0,0,HP,NA
AT30,IO_L21P_T3_DQS_14,3,14,0,0,HP,NA
AU30,IO_L21N_T3_DQS_A06_D22_14,3,14,0,0,HP,NA
AN30,IO_L22P_T3_A05_D21_14,3,14,0,0,HP,NA
AP30,IO_L22N_T3_A04_D20_14,3,14,0,0,HP,NA
AV30,IO_L23P_T3_A03_D19_14,3,14,0,0,HP,NA
AW30,IO_L23N_T3_A02_D18_14,3,14,0,0,HP,NA
AL30,IO_L24P_T3_A01_D17_14,3,14,0,0,HP,NA
AM30,IO_L24N_T3_A00_D16_14,3,14,0,0,HP,NA
BC30,IO_25_VRP_14,NA,14,0,0,HP,NA
AV25,IO_0_VRN_15,NA,15,0,0,HP,NA
AN25,IO_L1P_T0_AD0P_15,0,15,0,0,HP,NA
AP25,IO_L1N_T0_AD0N_15,0,15,0,0,HP,NA
BA26,IO_L2P_T0_AD8P_15,0,15,0,0,HP,NA
BB26,IO_L2N_T0_AD8N_15,0,15,0,0,HP,NA
AT26,IO_L3P_T0_DQS_AD1P_15,0,15,0,0,HP,NA
AU26,IO_L3N_T0_DQS_AD1N_15,0,15,0,0,HP,NA
AT25,IO_L4P_T0_15,0,15,0,0,HP,NA
AU25,IO_L4N_T0_15,0,15,0,0,HP,NA
AP26,IO_L5P_T0_AD9P_15,0,15,0,0,HP,NA
AR26,IO_L5N_T0_AD9N_15,0,15,0,0,HP,NA
AW26,IO_L6P_T0_15,0,15,0,0,HP,NA
AY26,IO_L6N_T0_VREF_15,0,15,0,0,HP,NA
AM27,IO_L7P_T1_AD2P_15,1,15,0,0,HP,NA
AN27,IO_L7N_T1_AD2N_15,1,15,0,0,HP,NA
BD26,IO_L8P_T1_AD10P_15,1,15,0,0,HP,NA
BD27,IO_L8N_T1_AD10N_15,1,15,0,0,HP,NA
AP27,IO_L9P_T1_DQS_AD3P_15,1,15,0,0,HP,NA
AR27,IO_L9N_T1_DQS_AD3N_15,1,15,0,0,HP,NA
BB27,IO_L10P_T1_AD11P_15,1,15,0,0,HP,NA
BC27,IO_L10N_T1_AD11N_15,1,15,0,0,HP,NA
AU27,IO_L11P_T1_SRCC_15,1,15,0,0,HP,NA
AV27,IO_L11N_T1_SRCC_15,1,15,0,0,HP,NA
AW27,IO_L12P_T1_MRCC_15,1,15,0,0,HP,NA
AY27,IO_L12N_T1_MRCC_15,1,15,0,0,HP,NA
AU28,IO_L13P_T2_MRCC_15,2,15,0,0,HP,NA
AV28,IO_L13N_T2_MRCC_15,2,15,0,0,HP,NA
AR28,IO_L14P_T2_SRCC_15,2,15,0,0,HP,NA
AT28,IO_L14N_T2_SRCC_15,2,15,0,0,HP,NA
AY28,IO_L15P_T2_DQS_15,2,15,0,0,HP,NA
BA28,IO_L15N_T2_DQS_ADV_B_15,2,15,0,0,HP,NA
AM28,IO_L16P_T2_A28_15,2,15,0,0,HP,NA
AN28,IO_L16N_T2_A27_15,2,15,0,0,HP,NA
BB28,IO_L17P_T2_A26_15,2,15,0,0,HP,NA
BC28,IO_L17N_T2_A25_15,2,15,0,0,HP,NA
AK28,IO_L18P_T2_A24_15,2,15,0,0,HP,NA
AL28,IO_L18N_T2_A23_15,2,15,0,0,HP,NA
AY29,IO_L19P_T3_A22_15,3,15,0,0,HP,NA
BA29,IO_L19N_T3_A21_VREF_15,3,15,0,0,HP,NA
AN29,IO_L20P_T3_A20_15,3,15,0,0,HP,NA
AP29,IO_L20N_T3_A19_15,3,15,0,0,HP,NA
AV29,IO_L21P_T3_DQS_15,3,15,0,0,HP,NA
AW29,IO_L21N_T3_DQS_A18_15,3,15,0,0,HP,NA
AK29,IO_L22P_T3_A17_15,3,15,0,0,HP,NA
AL29,IO_L22N_T3_A16_15,3,15,0,0,HP,NA
BC29,IO_L23P_T3_FOE_B_15,3,15,0,0,HP,NA
BD29,IO_L23N_T3_FWE_B_15,3,15,0,0,HP,NA
AR29,IO_L24P_T3_RS1_15,3,15,0,0,HP,NA
AT29,IO_L24N_T3_RS0_15,3,15,0,0,HP,NA
AK27,IO_25_VRP_15,NA,15,0,0,HP,NA
Y37,IO_0_VRN_16,NA,16,1,1,HP,NA
AB32,IO_L1P_T0_16,0,16,1,1,HP,NA
AB33,IO_L1N_T0_16,0,16,1,1,HP,NA
AA33,IO_L2P_T0_16,0,16,1,1,HP,NA
AA34,IO_L2N_T0_16,0,16,1,1,HP,NA
AA35,IO_L3P_T0_DQS_16,0,16,1,1,HP,NA
AA36,IO_L3N_T0_DQS_16,0,16,1,1,HP,NA
AC33,IO_L4P_T0_16,0,16,1,1,HP,NA
AC34,IO_L4N_T0_16,0,16,1,1,HP,NA
AB35,IO_L5P_T0_16,0,16,1,1,HP,NA
AC35,IO_L5N_T0_16,0,16,1,1,HP,NA
AB36,IO_L6P_T0_16,0,16,1,1,HP,NA
AB37,IO_L6N_T0_VREF_16,0,16,1,1,HP,NA
AC37,IO_L7P_T1_16,1,16,1,1,HP,NA
AD37,IO_L7N_T1_16,1,16,1,1,HP,NA
AD35,IO_L8P_T1_16,1,16,1,1,HP,NA
AD36,IO_L8N_T1_16,1,16,1,1,HP,NA
AE36,IO_L9P_T1_DQS_16,1,16,1,1,HP,NA
AE37,IO_L9N_T1_DQS_16,1,16,1,1,HP,NA
AD34,IO_L10P_T1_16,1,16,1,1,HP,NA
AE34,IO_L10N_T1_16,1,16,1,1,HP,NA
AF33,IO_L11P_T1_SRCC_16,1,16,1,1,HP,NA
AF34,IO_L11N_T1_SRCC_16,1,16,1,1,HP,NA
AF35,IO_L12P_T1_MRCC_16,1,16,1,1,HP,NA
AF36,IO_L12N_T1_MRCC_16,1,16,1,1,HP,NA
AG32,IO_L13P_T2_MRCC_16,2,16,1,1,HP,NA
AG33,IO_L13N_T2_MRCC_16,2,16,1,1,HP,NA
AG35,IO_L14P_T2_SRCC_16,2,16,1,1,HP,NA
AG36,IO_L14N_T2_SRCC_16,2,16,1,1,HP,NA
AE32,IO_L15P_T2_DQS_16,2,16,1,1,HP,NA
AE33,IO_L15N_T2_DQS_16,2,16,1,1,HP,NA
AC32,IO_L16P_T2_16,2,16,1,1,HP,NA
AD32,IO_L16N_T2_16,2,16,1,1,HP,NA
AG31,IO_L17P_T2_16,2,16,1,1,HP,NA
AH32,IO_L17N_T2_16,2,16,1,1,HP,NA
AH33,IO_L18P_T2_16,2,16,1,1,HP,NA
AH34,IO_L18N_T2_16,2,16,1,1,HP,NA
AJ34,IO_L19P_T3_16,3,16,1,1,HP,NA
AK34,IO_L19N_T3_VREF_16,3,16,1,1,HP,NA
AG37,IO_L20P_T3_16,3,16,1,1,HP,NA
AH37,IO_L20N_T3_16,3,16,1,1,HP,NA
AJ36,IO_L21P_T3_DQS_16,3,16,1,1,HP,NA
AJ37,IO_L21N_T3_DQS_16,3,16,1,1,HP,NA
AK36,IO_L22P_T3_16,3,16,1,1,HP,NA
AK37,IO_L22N_T3_16,3,16,1,1,HP,NA
AK33,IO_L23P_T3_16,3,16,1,1,HP,NA
AL33,IO_L23N_T3_16,3,16,1,1,HP,NA
AH35,IO_L24P_T3_16,3,16,1,1,HP,NA
AJ35,IO_L24N_T3_16,3,16,1,1,HP,NA
AL34,IO_25_VRP_16,NA,16,1,1,HP,NA
P34,IO_0_VRN_17,NA,17,1,1,HP,NA
P37,IO_L1P_T0_17,0,17,1,1,HP,NA
N37,IO_L1N_T0_17,0,17,1,1,HP,NA
N32,IO_L2P_T0_17,0,17,1,1,HP,NA
N33,IO_L2N_T0_17,0,17,1,1,HP,NA
P31,IO_L3P_T0_DQS_17,0,17,1,1,HP,NA
P32,IO_L3N_T0_DQS_17,0,17,1,1,HP,NA
N29,IO_L4P_T0_17,0,17,1,1,HP,NA
N30,IO_L4N_T0_17,0,17,1,1,HP,NA
P29,IO_L5P_T0_17,0,17,1,1,HP,NA
P30,IO_L5N_T0_17,0,17,1,1,HP,NA
N34,IO_L6P_T0_17,0,17,1,1,HP,NA
N35,IO_L6N_T0_VREF_17,0,17,1,1,HP,NA
R31,IO_L7P_T1_17,1,17,1,1,HP,NA
R32,IO_L7N_T1_17,1,17,1,1,HP,NA
T29,IO_L8P_T1_17,1,17,1,1,HP,NA
R29,IO_L8N_T1_17,1,17,1,1,HP,NA
U30,IO_L9P_T1_DQS_17,1,17,1,1,HP,NA
T30,IO_L9N_T1_DQS_17,1,17,1,1,HP,NA
U31,IO_L10P_T1_17,1,17,1,1,HP,NA
T31,IO_L10N_T1_17,1,17,1,1,HP,NA
U32,IO_L11P_T1_SRCC_17,1,17,1,1,HP,NA
U33,IO_L11N_T1_SRCC_17,1,17,1,1,HP,NA
U35,IO_L12P_T1_MRCC_17,1,17,1,1,HP,NA
U36,IO_L12N_T1_MRCC_17,1,17,1,1,HP,NA
T33,IO_L13P_T2_MRCC_17,2,17,1,1,HP,NA
T34,IO_L13N_T2_MRCC_17,2,17,1,1,HP,NA
T35,IO_L14P_T2_SRCC_17,2,17,1,1,HP,NA
T36,IO_L14N_T2_SRCC_17,2,17,1,1,HP,NA
P35,IO_L15P_T2_DQS_17,2,17,1,1,HP,NA
P36,IO_L15N_T2_DQS_17,2,17,1,1,HP,NA
R33,IO_L16P_T2_17,2,17,1,1,HP,NA
R34,IO_L16N_T2_17,2,17,1,1,HP,NA
V37,IO_L17P_T2_17,2,17,1,1,HP,NA
U37,IO_L17N_T2_17,2,17,1,1,HP,NA
R36,IO_L18P_T2_17,2,17,1,1,HP,NA
R37,IO_L18N_T2_17,2,17,1,1,HP,NA
Y32,IO_L19P_T3_17,3,17,1,1,HP,NA
W32,IO_L19N_T3_VREF_17,3,17,1,1,HP,NA
V32,IO_L20P_T3_17,3,17,1,1,HP,NA
V33,IO_L20N_T3_17,3,17,1,1,HP,NA
W34,IO_L21P_T3_DQS_17,3,17,1,1,HP,NA
W35,IO_L21N_T3_DQS_17,3,17,1,1,HP,NA
Y33,IO_L22P_T3_17,3,17,1,1,HP,NA
Y34,IO_L22N_T3_17,3,17,1,1,HP,NA
W36,IO_L23P_T3_17,3,17,1,1,HP,NA
W37,IO_L23N_T3_17,3,17,1,1,HP,NA
V34,IO_L24P_T3_17,3,17,1,1,HP,NA
V35,IO_L24N_T3_17,3,17,1,1,HP,NA
Y36,IO_25_VRP_17,NA,17,1,1,HP,NA
K37,IO_0_VRN_18,NA,18,1,1,HP,NA
M32,IO_L1P_T0_18,0,18,1,1,HP,NA
M33,IO_L1N_T0_18,0,18,1,1,HP,NA
M30,IO_L2P_T0_18,0,18,1,1,HP,NA
M31,IO_L2N_T0_18,0,18,1,1,HP,NA
L33,IO_L3P_T0_DQS_18,0,18,1,1,HP,NA
L34,IO_L3N_T0_DQS_18,0,18,1,1,HP,NA
L30,IO_L4P_T0_18,0,18,1,1,HP,NA
L31,IO_L4N_T0_18,0,18,1,1,HP,NA
M36,IO_L5P_T0_18,0,18,1,1,HP,NA
M37,IO_L5N_T0_18,0,18,1,1,HP,NA
M35,IO_L6P_T0_18,0,18,1,1,HP,NA
L35,IO_L6N_T0_VREF_18,0,18,1,1,HP,NA
H37,IO_L7P_T1_18,1,18,1,1,HP,NA
G37,IO_L7N_T1_18,1,18,1,1,HP,NA
L36,IO_L8P_T1_18,1,18,1,1,HP,NA
K36,IO_L8N_T1_18,1,18,1,1,HP,NA
J36,IO_L9P_T1_DQS_18,1,18,1,1,HP,NA
J37,IO_L9N_T1_DQS_18,1,18,1,1,HP,NA
L29,IO_L10P_T1_18,1,18,1,1,HP,NA
K29,IO_L10N_T1_18,1,18,1,1,HP,NA
K31,IO_L11P_T1_SRCC_18,1,18,1,1,HP,NA
K32,IO_L11N_T1_SRCC_18,1,18,1,1,HP,NA
K33,IO_L12P_T1_MRCC_18,1,18,1,1,HP,NA
K34,IO_L12N_T1_MRCC_18,1,18,1,1,HP,NA
J34,IO_L13P_T2_MRCC_18,2,18,1,1,HP,NA
J35,IO_L13N_T2_MRCC_18,2,18,1,1,HP,NA
J31,IO_L14P_T2_SRCC_18,2,18,1,1,HP,NA
J32,IO_L14N_T2_SRCC_18,2,18,1,1,HP,NA
H32,IO_L15P_T2_DQS_18,2,18,1,1,HP,NA
H33,IO_L15N_T2_DQS_18,2,18,1,1,HP,NA
J29,IO_L16P_T2_18,2,18,1,1,HP,NA
J30,IO_L16N_T2_18,2,18,1,1,HP,NA
H29,IO_L17P_T2_18,2,18,1,1,HP,NA
H30,IO_L17N_T2_18,2,18,1,1,HP,NA
H34,IO_L18P_T2_18,2,18,1,1,HP,NA
H35,IO_L18N_T2_18,2,18,1,1,HP,NA
G35,IO_L19P_T3_18,3,18,1,1,HP,NA
G36,IO_L19N_T3_VREF_18,3,18,1,1,HP,NA
F35,IO_L20P_T3_18,3,18,1,1,HP,NA
F36,IO_L20N_T3_18,3,18,1,1,HP,NA
G32,IO_L21P_T3_DQS_18,3,18,1,1,HP,NA
G33,IO_L21N_T3_DQS_18,3,18,1,1,HP,NA
F29,IO_L22P_T3_18,3,18,1,1,HP,NA
F30,IO_L22N_T3_18,3,18,1,1,HP,NA
G30,IO_L23P_T3_18,3,18,1,1,HP,NA
G31,IO_L23N_T3_18,3,18,1,1,HP,NA
F33,IO_L24P_T3_18,3,18,1,1,HP,NA
F34,IO_L24N_T3_18,3,18,1,1,HP,NA
F31,IO_25_VRP_18,NA,18,1,1,HP,NA
BD9,NC,NA,NOPAD/UNCONNECTED,NA,NA,NA,NA
AL8,NC,NA,NOPAD/UNCONNECTED,NA,NA,NA,NA
AM8,NC,NA,NOPAD/UNCONNECTED,NA,NA,NA,NA
AL10,NC,NA,NOPAD/UNCONNECTED,NA,NA,NA,NA
AL9,NC,NA,NOPAD/UNCONNECTED,NA,NA,NA,NA
AN9,NC,NA,NOPAD/UNCONNECTED,NA,NA,NA,NA
AN8,NC,NA,NOPAD/UNCONNECTED,NA,NA,NA,NA
AP9,NC,NA,NOPAD/UNCONNECTED,NA,NA,NA,NA
AR9,NC,NA,NOPAD/UNCONNECTED,NA,NA,NA,NA
AR8,NC,NA,NOPAD/UNCONNECTED,NA,NA,NA,NA
AT8,NC,NA,NOPAD/UNCONNECTED,NA,NA,NA,NA
AM11,NC,NA,NOPAD/UNCONNECTED,NA,NA,NA,NA
AM10,NC,NA,NOPAD/UNCONNECTED,NA,NA,NA,NA
AN10,NC,NA,NOPAD/UNCONNECTED,NA,NA,NA,NA
AP10,NC,NA,NOPAD/UNCONNECTED,NA,NA,NA,NA
AP11,NC,NA,NOPAD/UNCONNECTED,NA,NA,NA,NA
AR11,NC,NA,NOPAD/UNCONNECTED,NA,NA,NA,NA
AT10,NC,NA,NOPAD/UNCONNECTED,NA,NA,NA,NA
AT9,NC,NA,NOPAD/UNCONNECTED,NA,NA,NA,NA
AT11,NC,NA,NOPAD/UNCONNECTED,NA,NA,NA,NA
AU11,NC,NA,NOPAD/UNCONNECTED,NA,NA,NA,NA
AU10,NC,NA,NOPAD/UNCONNECTED,NA,NA,NA,NA
AV10,NC,NA,NOPAD/UNCONNECTED,NA,NA,NA,NA
AV9,NC,NA,NOPAD/UNCONNECTED,NA,NA,NA,NA
AW9,NC,NA,NOPAD/UNCONNECTED,NA,NA,NA,NA
AW11,NC,NA,NOPAD/UNCONNECTED,NA,NA,NA,NA
AW10,NC,NA,NOPAD/UNCONNECTED,NA,NA,NA,NA
AY9,NC,NA,NOPAD/UNCONNECTED,NA,NA,NA,NA
BA9,NC,NA,NOPAD/UNCONNECTED,NA,NA,NA,NA
BA10,NC,NA,NOPAD/UNCONNECTED,NA,NA,NA,NA
BB10,NC,NA,NOPAD/UNCONNECTED,NA,NA,NA,NA
AU8,NC,NA,NOPAD/UNCONNECTED,NA,NA,NA,NA
AV8,NC,NA,NOPAD/UNCONNECTED,NA,NA,NA,NA
AY8,NC,NA,NOPAD/UNCONNECTED,NA,NA,NA,NA
BA8,NC,NA,NOPAD/UNCONNECTED,NA,NA,NA,NA
AY11,NC,NA,NOPAD/UNCONNECTED,NA,NA,NA,NA
BA11,NC,NA,NOPAD/UNCONNECTED,NA,NA,NA,NA
BB8,NC,NA,NOPAD/UNCONNECTED,NA,NA,NA,NA
BB7,NC,NA,NOPAD/UNCONNECTED,NA,NA,NA,NA
BC10,NC,NA,NOPAD/UNCONNECTED,NA,NA,NA,NA
BC9,NC,NA,NOPAD/UNCONNECTED,NA,NA,NA,NA
BC8,NC,NA,NOPAD/UNCONNECTED,NA,NA,NA,NA
BC7,NC,NA,NOPAD/UNCONNECTED,NA,NA,NA,NA
BA6,NC,NA,NOPAD/UNCONNECTED,NA,NA,NA,NA
BB6,NC,NA,NOPAD/UNCONNECTED,NA,NA,NA,NA
BD7,NC,NA,NOPAD/UNCONNECTED,NA,NA,NA,NA
BD6,NC,NA,NOPAD/UNCONNECTED,NA,NA,NA,NA
BD11,NC,NA,NOPAD/UNCONNECTED,NA,NA,NA,NA
BD10,NC,NA,NOPAD/UNCONNECTED,NA,NA,NA,NA
BB11,NC,NA,NOPAD/UNCONNECTED,NA,NA,NA,NA
BD12,IO_0_VRN_33,NA,33,2,0,HP,NA
AM12,IO_L1P_T0_33,0,33,2,0,HP,NA
AN12,IO_L1N_T0_33,0,33,2,0,HP,NA
AK14,IO_L2P_T0_33,0,33,2,0,HP,NA
AL14,IO_L2N_T0_33,0,33,2,0,HP,NA
AK13,IO_L3P_T0_DQS_33,0,33,2,0,HP,NA
AL13,IO_L3N_T0_DQS_33,0,33,2,0,HP,NA
AM13,IO_L4P_T0_33,0,33,2,0,HP,NA
AN13,IO_L4N_T0_33,0,33,2,0,HP,NA
AP12,IO_L5P_T0_33,0,33,2,0,HP,NA
AR12,IO_L5N_T0_33,0,33,2,0,HP,NA
AH14,IO_L6P_T0_33,0,33,2,0,HP,NA
AJ14,IO_L6N_T0_VREF_33,0,33,2,0,HP,NA
AL15,IO_L7P_T1_33,1,33,2,0,HP,NA
AM15,IO_L7N_T1_33,1,33,2,0,HP,NA
AN15,IO_L8P_T1_33,1,33,2,0,HP,NA
AP15,IO_L8N_T1_33,1,33,2,0,HP,NA
AN14,IO_L9P_T1_DQS_33,1,33,2,0,HP,NA
AP14,IO_L9N_T1_DQS_33,1,33,2,0,HP,NA
AH15,IO_L10P_T1_33,1,33,2,0,HP,NA
AJ15,IO_L10N_T1_33,1,33,2,0,HP,NA
AR14,IO_L11P_T1_SRCC_33,1,33,2,0,HP,NA
AT14,IO_L11N_T1_SRCC_33,1,33,2,0,HP,NA
AR13,IO_L12P_T1_MRCC_33,1,33,2,0,HP,NA
AT13,IO_L12N_T1_MRCC_33,1,33,2,0,HP,NA
AU13,IO_L13P_T2_MRCC_33,2,33,2,0,HP,NA
AV13,IO_L13N_T2_MRCC_33,2,33,2,0,HP,NA
AV14,IO_L14P_T2_SRCC_33,2,33,2,0,HP,NA
AW14,IO_L14N_T2_SRCC_33,2,33,2,0,HP,NA
AU12,IO_L15P_T2_DQS_33,2,33,2,0,HP,NA
AV12,IO_L15N_T2_DQS_33,2,33,2,0,HP,NA
AV15,IO_L16P_T2_33,2,33,2,0,HP,NA
AW15,IO_L16N_T2_33,2,33,2,0,HP,NA
AW12,IO_L17P_T2_33,2,33,2,0,HP,NA
AY12,IO_L17N_T2_33,2,33,2,0,HP,NA
AT15,IO_L18P_T2_33,2,33,2,0,HP,NA
AU15,IO_L18N_T2_33,2,33,2,0,HP,NA
AY13,IO_L19P_T3_33,3,33,2,0,HP,NA
BA13,IO_L19N_T3_VREF_33,3,33,2,0,HP,NA
AY14,IO_L20P_T3_33,3,33,2,0,HP,NA
BA14,IO_L20N_T3_33,3,33,2,0,HP,NA
BB13,IO_L21P_T3_DQS_33,3,33,2,0,HP,NA
BB12,IO_L21N_T3_DQS_33,3,33,2,0,HP,NA
BC15,IO_L22P_T3_33,3,33,2,0,HP,NA
BC14,IO_L22N_T3_33,3,33,2,0,HP,NA
BA15,IO_L23P_T3_33,3,33,2,0,HP,NA
BB15,IO_L23N_T3_33,3,33,2,0,HP,NA
BC13,IO_L24P_T3_33,3,33,2,0,HP,NA
BC12,IO_L24N_T3_33,3,33,2,0,HP,NA
BD14,IO_25_VRP_33,NA,33,2,0,HP,NA
BC20,IO_0_VRN_34,NA,34,2,0,HP,NA
BD20,IO_L1P_T0_34,0,34,2,0,HP,NA
BD19,IO_L1N_T0_34,0,34,2,0,HP,NA
BD17,IO_L2P_T0_34,0,34,2,0,HP,NA
BD16,IO_L2N_T0_34,0,34,2,0,HP,NA
BC19,IO_L3P_T0_DQS_34,0,34,2,0,HP,NA
BC18,IO_L3N_T0_DQS_34,0,34,2,0,HP,NA
BA18,IO_L4P_T0_34,0,34,2,0,HP,NA
BB18,IO_L4N_T0_34,0,34,2,0,HP,NA
BB17,IO_L5P_T0_34,0,34,2,0,HP,NA
BC17,IO_L5N_T0_34,0,34,2,0,HP,NA
BA16,IO_L6P_T0_34,0,34,2,0,HP,NA
BB16,IO_L6N_T0_VREF_34,0,34,2,0,HP,NA
BA20,IO_L7P_T1_34,1,34,2,0,HP,NA
BA19,IO_L7N_T1_34,1,34,2,0,HP,NA
AV19,IO_L8P_T1_34,1,34,2,0,HP,NA
AW19,IO_L8N_T1_34,1,34,2,0,HP,NA
AW16,IO_L9P_T1_DQS_34,1,34,2,0,HP,NA
AY16,IO_L9N_T1_DQS_34,1,34,2,0,HP,NA
AT16,IO_L10P_T1_34,1,34,2,0,HP,NA
AU16,IO_L10N_T1_34,1,34,2,0,HP,NA
AW17,IO_L11P_T1_SRCC_34,1,34,2,0,HP,NA
AY17,IO_L11N_T1_SRCC_34,1,34,2,0,HP,NA
AY19,IO_L12P_T1_MRCC_34,1,34,2,0,HP,NA
AY18,IO_L12N_T1_MRCC_34,1,34,2,0,HP,NA
AV18,IO_L13P_T2_MRCC_34,2,34,2,0,HP,NA
AV17,IO_L13N_T2_MRCC_34,2,34,2,0,HP,NA
AU18,IO_L14P_T2_SRCC_34,2,34,2,0,HP,NA
AU17,IO_L14N_T2_SRCC_34,2,34,2,0,HP,NA
AR18,IO_L15P_T2_DQS_34,2,34,2,0,HP,NA
AT18,IO_L15N_T2_DQS_34,2,34,2,0,HP,NA
AP16,IO_L16P_T2_34,2,34,2,0,HP,NA
AR16,IO_L16N_T2_34,2,34,2,0,HP,NA
AP17,IO_L17P_T2_34,2,34,2,0,HP,NA
AR17,IO_L17N_T2_34,2,34,2,0,HP,NA
AR19,IO_L18P_T2_34,2,34,2,0,HP,NA
AT19,IO_L18N_T2_34,2,34,2,0,HP,NA
AK17,IO_L19P_T3_34,3,34,2,0,HP,NA
AL16,IO_L19N_T3_VREF_34,3,34,2,0,HP,NA
AN18,IO_L20P_T3_34,3,34,2,0,HP,NA
AN17,IO_L20N_T3_34,3,34,2,0,HP,NA
AL18,IO_L21P_T3_DQS_34,3,34,2,0,HP,NA
AM18,IO_L21N_T3_DQS_34,3,34,2,0,HP,NA
AN19,IO_L22P_T3_34,3,34,2,0,HP,NA
AP19,IO_L22N_T3_34,3,34,2,0,HP,NA
AJ16,IO_L23P_T3_34,3,34,2,0,HP,NA
AK16,IO_L23N_T3_34,3,34,2,0,HP,NA
AM17,IO_L24P_T3_34,3,34,2,0,HP,NA
AM16,IO_L24N_T3_34,3,34,2,0,HP,NA
BD15,IO_25_VRP_34,NA,34,2,0,HP,NA
AW25,IO_0_VRN_35,NA,35,2,0,HP,NA
AN24,IO_L1P_T0_AD4P_35,0,35,2,0,HP,NA
AP24,IO_L1N_T0_AD4N_35,0,35,2,0,HP,NA
BA25,IO_L2P_T0_AD12P_35,0,35,2,0,HP,NA
BB25,IO_L2N_T0_AD12N_35,0,35,2,0,HP,NA
AV24,IO_L3P_T0_DQS_AD5P_35,0,35,2,0,HP,NA
AW24,IO_L3N_T0_DQS_AD5N_35,0,35,2,0,HP,NA
AY24,IO_L4P_T0_35,0,35,2,0,HP,NA
BA24,IO_L4N_T0_35,0,35,2,0,HP,NA
AR24,IO_L5P_T0_AD13P_35,0,35,2,0,HP,NA
AT24,IO_L5N_T0_AD13N_35,0,35,2,0,HP,NA
BC25,IO_L6P_T0_35,0,35,2,0,HP,NA
BD25,IO_L6N_T0_VREF_35,0,35,2,0,HP,NA
AN23,IO_L7P_T1_AD6P_35,1,35,2,0,HP,NA
AN22,IO_L7N_T1_AD6N_35,1,35,2,0,HP,NA
BB23,IO_L8P_T1_AD14P_35,1,35,2,0,HP,NA
BC23,IO_L8N_T1_AD14N_35,1,35,2,0,HP,NA
AR23,IO_L9P_T1_DQS_AD7P_35,1,35,2,0,HP,NA
AT23,IO_L9N_T1_DQS_AD7N_35,1,35,2,0,HP,NA
BC24,IO_L10P_T1_AD15P_35,1,35,2,0,HP,NA
BD24,IO_L10N_T1_AD15N_35,1,35,2,0,HP,NA
AY23,IO_L11P_T1_SRCC_35,1,35,2,0,HP,NA
BA23,IO_L11N_T1_SRCC_35,1,35,2,0,HP,NA
AU23,IO_L12P_T1_MRCC_35,1,35,2,0,HP,NA
AV23,IO_L12N_T1_MRCC_35,1,35,2,0,HP,NA
AW22,IO_L13P_T2_MRCC_35,2,35,2,0,HP,NA
AY22,IO_L13N_T2_MRCC_35,2,35,2,0,HP,NA
AU22,IO_L14P_T2_SRCC_35,2,35,2,0,HP,NA
AV22,IO_L14N_T2_SRCC_35,2,35,2,0,HP,NA
AT21,IO_L15P_T2_DQS_35,2,35,2,0,HP,NA
AU21,IO_L15N_T2_DQS_35,2,35,2,0,HP,NA
AP21,IO_L16P_T2_35,2,35,2,0,HP,NA
AR21,IO_L16N_T2_35,2,35,2,0,HP,NA
BB22,IO_L17P_T2_35,2,35,2,0,HP,NA
BC22,IO_L17N_T2_35,2,35,2,0,HP,NA
AP22,IO_L18P_T2_35,2,35,2,0,HP,NA
AR22,IO_L18N_T2_35,2,35,2,0,HP,NA
BD22,IO_L19P_T3_35,3,35,2,0,HP,NA
BD21,IO_L19N_T3_VREF_35,3,35,2,0,HP,NA
AT20,IO_L20P_T3_35,3,35,2,0,HP,NA
AU20,IO_L20N_T3_35,3,35,2,0,HP,NA
AW21,IO_L21P_T3_DQS_35,3,35,2,0,HP,NA
AY21,IO_L21N_T3_DQS_35,3,35,2,0,HP,NA
AN20,IO_L22P_T3_35,3,35,2,0,HP,NA
AP20,IO_L22N_T3_35,3,35,2,0,HP,NA
BA21,IO_L23P_T3_35,3,35,2,0,HP,NA
BB21,IO_L23N_T3_35,3,35,2,0,HP,NA
AV20,IO_L24P_T3_35,3,35,2,0,HP,NA
AW20,IO_L24N_T3_35,3,35,2,0,HP,NA
BB20,IO_25_VRP_35,NA,35,2,0,HP,NA
AL11,IO_0_VRN_36,NA,36,3,1,HP,NA
AJ12,IO_L1P_T0_36,0,36,3,1,HP,NA
AK12,IO_L1N_T0_36,0,36,3,1,HP,NA
AK9,IO_L2P_T0_36,0,36,3,1,HP,NA
AK8,IO_L2N_T0_36,0,36,3,1,HP,NA
AJ10,IO_L3P_T0_DQS_36,0,36,3,1,HP,NA
AJ9,IO_L3N_T0_DQS_36,0,36,3,1,HP,NA
AH10,IO_L4P_T0_36,0,36,3,1,HP,NA
AH9,IO_L4N_T0_36,0,36,3,1,HP,NA
AJ11,IO_L5P_T0_36,0,36,3,1,HP,NA
AK11,IO_L5N_T0_36,0,36,3,1,HP,NA
AG8,IO_L6P_T0_36,0,36,3,1,HP,NA
AH8,IO_L6N_T0_VREF_36,0,36,3,1,HP,NA
AG13,IO_L7P_T1_36,1,36,3,1,HP,NA
AH13,IO_L7N_T1_36,1,36,3,1,HP,NA
AD12,IO_L8P_T1_36,1,36,3,1,HP,NA
AE12,IO_L8N_T1_36,1,36,3,1,HP,NA
AG12,IO_L9P_T1_DQS_36,1,36,3,1,HP,NA
AH12,IO_L9N_T1_DQS_36,1,36,3,1,HP,NA
AE13,IO_L10P_T1_36,1,36,3,1,HP,NA
AF13,IO_L10N_T1_36,1,36,3,1,HP,NA
AF11,IO_L11P_T1_SRCC_36,1,36,3,1,HP,NA
AG11,IO_L11N_T1_SRCC_36,1,36,3,1,HP,NA
AF10,IO_L12P_T1_MRCC_36,1,36,3,1,HP,NA
AG10,IO_L12N_T1_MRCC_36,1,36,3,1,HP,NA
AD10,IO_L13P_T2_MRCC_36,2,36,3,1,HP,NA
AD9,IO_L13N_T2_MRCC_36,2,36,3,1,HP,NA
AD11,IO_L14P_T2_SRCC_36,2,36,3,1,HP,NA
AE11,IO_L14N_T2_SRCC_36,2,36,3,1,HP,NA
AE9,IO_L15P_T2_DQS_36,2,36,3,1,HP,NA
AF9,IO_L15N_T2_DQS_36,2,36,3,1,HP,NA
AB10,IO_L16P_T2_36,2,36,3,1,HP,NA
AC10,IO_L16N_T2_36,2,36,3,1,HP,NA
AC9,IO_L17P_T2_36,2,36,3,1,HP,NA
AC8,IO_L17N_T2_36,2,36,3,1,HP,NA
AE8,IO_L18P_T2_36,2,36,3,1,HP,NA
AF8,IO_L18N_T2_36,2,36,3,1,HP,NA
AB8,IO_L19P_T3_36,3,36,3,1,HP,NA
AA8,IO_L19N_T3_VREF_36,3,36,3,1,HP,NA
AA9,IO_L20P_T3_36,3,36,3,1,HP,NA
Y9,IO_L20N_T3_36,3,36,3,1,HP,NA
AA11,IO_L21P_T3_DQS_36,3,36,3,1,HP,NA
AA10,IO_L21N_T3_DQS_36,3,36,3,1,HP,NA
AC13,IO_L22P_T3_36,3,36,3,1,HP,NA
AC12,IO_L22N_T3_36,3,36,3,1,HP,NA
AB13,IO_L23P_T3_36,3,36,3,1,HP,NA
AA13,IO_L23N_T3_36,3,36,3,1,HP,NA
AB12,IO_L24P_T3_36,3,36,3,1,HP,NA
AB11,IO_L24N_T3_36,3,36,3,1,HP,NA
Y8,IO_25_VRP_36,NA,36,3,1,HP,NA
N15,IO_0_VRN_37,NA,37,3,1,HP,NA
N8,IO_L1P_T0_37,0,37,3,1,HP,NA
M8,IO_L1N_T0_37,0,37,3,1,HP,NA
N13,IO_L2P_T0_37,0,37,3,1,HP,NA
N12,IO_L2N_T0_37,0,37,3,1,HP,NA
P12,IO_L3P_T0_DQS_37,0,37,3,1,HP,NA
P11,IO_L3N_T0_DQS_37,0,37,3,1,HP,NA
P16,IO_L4P_T0_37,0,37,3,1,HP,NA
P15,IO_L4N_T0_37,0,37,3,1,HP,NA
P14,IO_L5P_T0_37,0,37,3,1,HP,NA
N14,IO_L5N_T0_37,0,37,3,1,HP,NA
N10,IO_L6P_T0_37,0,37,3,1,HP,NA
N9,IO_L6N_T0_VREF_37,0,37,3,1,HP,NA
T16,IO_L7P_T1_37,1,37,3,1,HP,NA
R16,IO_L7N_T1_37,1,37,3,1,HP,NA
R13,IO_L8P_T1_37,1,37,3,1,HP,NA
R14,IO_L8N_T1_37,1,37,3,1,HP,NA
T14,IO_L9P_T1_DQS_37,1,37,3,1,HP,NA
T13,IO_L9N_T1_DQS_37,1,37,3,1,HP,NA
T15,IO_L10P_T1_37,1,37,3,1,HP,NA
U15,IO_L10N_T1_37,1,37,3,1,HP,NA
U13,IO_L11P_T1_SRCC_37,1,37,3,1,HP,NA
U12,IO_L11N_T1_SRCC_37,1,37,3,1,HP,NA
U11,IO_L12P_T1_MRCC_37,1,37,3,1,HP,NA
U10,IO_L12N_T1_MRCC_37,1,37,3,1,HP,NA
T11,IO_L13P_T2_MRCC_37,2,37,3,1,HP,NA
T10,IO_L13N_T2_MRCC_37,2,37,3,1,HP,NA
R12,IO_L14P_T2_SRCC_37,2,37,3,1,HP,NA
R11,IO_L14N_T2_SRCC_37,2,37,3,1,HP,NA
T9,IO_L15P_T2_DQS_37,2,37,3,1,HP,NA
R9,IO_L15N_T2_DQS_37,2,37,3,1,HP,NA
T8,IO_L16P_T2_37,2,37,3,1,HP,NA
R8,IO_L16N_T2_37,2,37,3,1,HP,NA
V8,IO_L17P_T2_37,2,37,3,1,HP,NA
U8,IO_L17N_T2_37,2,37,3,1,HP,NA
P10,IO_L18P_T2_37,2,37,3,1,HP,NA
P9,IO_L18N_T2_37,2,37,3,1,HP,NA
V10,IO_L19P_T3_37,3,37,3,1,HP,NA
V9,IO_L19N_T3_VREF_37,3,37,3,1,HP,NA
W14,IO_L20P_T3_37,3,37,3,1,HP,NA
V14,IO_L20N_T3_37,3,37,3,1,HP,NA
W12,IO_L21P_T3_DQS_37,3,37,3,1,HP,NA
W11,IO_L21N_T3_DQS_37,3,37,3,1,HP,NA
Y12,IO_L22P_T3_37,3,37,3,1,HP,NA
Y11,IO_L22N_T3_37,3,37,3,1,HP,NA
W10,IO_L23P_T3_37,3,37,3,1,HP,NA
W9,IO_L23N_T3_37,3,37,3,1,HP,NA
V13,IO_L24P_T3_37,3,37,3,1,HP,NA
V12,IO_L24N_T3_37,3,37,3,1,HP,NA
Y13,IO_25_VRP_37,NA,37,3,1,HP,NA
F8,IO_0_VRN_38,NA,38,3,1,HP,NA
M13,IO_L1P_T0_38,0,38,3,1,HP,NA
M12,IO_L1N_T0_38,0,38,3,1,HP,NA
M16,IO_L2P_T0_38,0,38,3,1,HP,NA
M15,IO_L2N_T0_38,0,38,3,1,HP,NA
L14,IO_L3P_T0_DQS_38,0,38,3,1,HP,NA
L13,IO_L3N_T0_DQS_38,0,38,3,1,HP,NA
L16,IO_L4P_T0_38,0,38,3,1,HP,NA
L15,IO_L4N_T0_38,0,38,3,1,HP,NA
M11,IO_L5P_T0_38,0,38,3,1,HP,NA
L11,IO_L5N_T0_38,0,38,3,1,HP,NA
M10,IO_L6P_T0_38,0,38,3,1,HP,NA
L10,IO_L6N_T0_VREF_38,0,38,3,1,HP,NA
H8,IO_L7P_T1_38,1,38,3,1,HP,NA
G8,IO_L7N_T1_38,1,38,3,1,HP,NA
K9,IO_L8P_T1_38,1,38,3,1,HP,NA
K8,IO_L8N_T1_38,1,38,3,1,HP,NA
J10,IO_L9P_T1_DQS_38,1,38,3,1,HP,NA
J9,IO_L9N_T1_DQS_38,1,38,3,1,HP,NA
L9,IO_L10P_T1_38,1,38,3,1,HP,NA
L8,IO_L10N_T1_38,1,38,3,1,HP,NA
K14,IO_L11P_T1_SRCC_38,1,38,3,1,HP,NA
K13,IO_L11N_T1_SRCC_38,1,38,3,1,HP,NA
K12,IO_L12P_T1_MRCC_38,1,38,3,1,HP,NA
K11,IO_L12N_T1_MRCC_38,1,38,3,1,HP,NA
J12,IO_L13P_T2_MRCC_38,2,38,3,1,HP,NA
J11,IO_L13N_T2_MRCC_38,2,38,3,1,HP,NA
H13,IO_L14P_T2_SRCC_38,2,38,3,1,HP,NA
H12,IO_L14N_T2_SRCC_38,2,38,3,1,HP,NA
J15,IO_L15P_T2_DQS_38,2,38,3,1,HP,NA
J14,IO_L15N_T2_DQS_38,2,38,3,1,HP,NA
K16,IO_L16P_T2_38,2,38,3,1,HP,NA
J16,IO_L16N_T2_38,2,38,3,1,HP,NA
H15,IO_L17P_T2_38,2,38,3,1,HP,NA
H14,IO_L17N_T2_38,2,38,3,1,HP,NA
H10,IO_L18P_T2_38,2,38,3,1,HP,NA
H9,IO_L18N_T2_38,2,38,3,1,HP,NA
G11,IO_L19P_T3_38,3,38,3,1,HP,NA
G10,IO_L19N_T3_VREF_38,3,38,3,1,HP,NA
F11,IO_L20P_T3_38,3,38,3,1,HP,NA
F10,IO_L20N_T3_38,3,38,3,1,HP,NA
G13,IO_L21P_T3_DQS_38,3,38,3,1,HP,NA
G12,IO_L21N_T3_DQS_38,3,38,3,1,HP,NA
F16,IO_L22P_T3_38,3,38,3,1,HP,NA
F15,IO_L22N_T3_38,3,38,3,1,HP,NA
G16,IO_L23P_T3_38,3,38,3,1,HP,NA
G15,IO_L23N_T3_38,3,38,3,1,HP,NA
F14,IO_L24P_T3_38,3,38,3,1,HP,NA
F13,IO_L24N_T3_38,3,38,3,1,HP,NA
F9,IO_25_VRP_38,NA,38,3,1,HP,NA
AW2,MGTHTXP3_113,NA,113,NA,0,GTH,NA
AU6,MGTHRXP3_113,NA,113,NA,0,GTH,NA
AW1,MGTHTXN3_113,NA,113,NA,0,GTH,NA
AU5,MGTHRXN3_113,NA,113,NA,0,GTH,NA
BA2,MGTHTXP2_113,NA,113,NA,0,GTH,NA
AV4,MGTHRXP2_113,NA,113,NA,0,GTH,NA
BA1,MGTHTXN2_113,NA,113,NA,0,GTH,NA
AN6,MGTREFCLK0P_113,NA,113,NA,0,GTH,NA
AV3,MGTHRXN2_113,NA,113,NA,0,GTH,NA
AN5,MGTREFCLK0N_113,NA,113,NA,0,GTH,NA
AR5,MGTREFCLK1N_113,NA,113,NA,0,GTH,NA
AR6,MGTREFCLK1P_113,NA,113,NA,0,GTH,NA
BB4,MGTHTXP1_113,NA,113,NA,0,GTH,NA
AW6,MGTHRXP1_113,NA,113,NA,0,GTH,NA
BB3,MGTHTXN1_113,NA,113,NA,0,GTH,NA
AW5,MGTHRXN1_113,NA,113,NA,0,GTH,NA
BD4,MGTHTXP0_113,NA,113,NA,0,GTH,NA
AY4,MGTHRXP0_113,NA,113,NA,0,GTH,NA
BD3,MGTHTXN0_113,NA,113,NA,0,GTH,NA
AY3,MGTHRXN0_113,NA,113,NA,0,GTH,NA
AL2,MGTHTXP3_114,NA,114,NA,0,GTH,NA
AK4,MGTHRXP3_114,NA,114,NA,0,GTH,NA
AL1,MGTHTXN3_114,NA,114,NA,0,GTH,NA
AK3,MGTHRXN3_114,NA,114,NA,0,GTH,NA
AN2,MGTHTXP2_114,NA,114,NA,0,GTH,NA
AM4,MGTHRXP2_114,NA,114,NA,0,GTH,NA
AN1,MGTHTXN2_114,NA,114,NA,0,GTH,NA
AJ6,MGTREFCLK0P_114,NA,114,NA,0,GTH,NA
AM3,MGTHRXN2_114,NA,114,NA,0,GTH,NA
AJ5,MGTREFCLK0N_114,NA,114,NA,0,GTH,NA
AL5,MGTREFCLK1N_114,NA,114,NA,0,GTH,NA
AL6,MGTREFCLK1P_114,NA,114,NA,0,GTH,NA
AR2,MGTHTXP1_114,NA,114,NA,0,GTH,NA
AP4,MGTHRXP1_114,NA,114,NA,0,GTH,NA
AR1,MGTHTXN1_114,NA,114,NA,0,GTH,NA
AP3,MGTHRXN1_114,NA,114,NA,0,GTH,NA
AU2,MGTHTXP0_114,NA,114,NA,0,GTH,NA
AT4,MGTHRXP0_114,NA,114,NA,0,GTH,NA
AU1,MGTHTXN0_114,NA,114,NA,0,GTH,NA
AT3,MGTHRXN0_114,NA,114,NA,0,GTH,NA
AC2,MGTHTXP3_115,NA,115,NA,0,GTH,NA
AB4,MGTHRXP3_115,NA,115,NA,0,GTH,NA
AC1,MGTHTXN3_115,NA,115,NA,0,GTH,NA
AB3,MGTHRXN3_115,NA,115,NA,0,GTH,NA
AE2,MGTHTXP2_115,NA,115,NA,0,GTH,NA
AD4,MGTHRXP2_115,NA,115,NA,0,GTH,NA
AE1,MGTHTXN2_115,NA,115,NA,0,GTH,NA
AC6,MGTREFCLK0P_115,NA,115,NA,0,GTH,NA
AD3,MGTHRXN2_115,NA,115,NA,0,GTH,NA
AG6,MGTAVTTRCAL_115,NA,115,NA,0,GTH,NA
AC5,MGTREFCLK0N_115,NA,115,NA,0,GTH,NA
AG5,MGTRREF_115,NA,115,NA,0,GTH,NA
AE5,MGTREFCLK1N_115,NA,115,NA,0,GTH,NA
AE6,MGTREFCLK1P_115,NA,115,NA,0,GTH,NA
AG2,MGTHTXP1_115,NA,115,NA,0,GTH,NA
AF4,MGTHRXP1_115,NA,115,NA,0,GTH,NA
AG1,MGTHTXN1_115,NA,115,NA,0,GTH,NA
AF3,MGTHRXN1_115,NA,115,NA,0,GTH,NA
AJ2,MGTHTXP0_115,NA,115,NA,0,GTH,NA
AH4,MGTHRXP0_115,NA,115,NA,0,GTH,NA
AJ1,MGTHTXN0_115,NA,115,NA,0,GTH,NA
AH3,MGTHRXN0_115,NA,115,NA,0,GTH,NA
R2,MGTHTXP3_116,NA,116,NA,1,GTH,NA
P4,MGTHRXP3_116,NA,116,NA,1,GTH,NA
R1,MGTHTXN3_116,NA,116,NA,1,GTH,NA
P3,MGTHRXN3_116,NA,116,NA,1,GTH,NA
U2,MGTHTXP2_116,NA,116,NA,1,GTH,NA
T4,MGTHRXP2_116,NA,116,NA,1,GTH,NA
U1,MGTHTXN2_116,NA,116,NA,1,GTH,NA
U6,MGTREFCLK0P_116,NA,116,NA,1,GTH,NA
T3,MGTHRXN2_116,NA,116,NA,1,GTH,NA
U5,MGTREFCLK0N_116,NA,116,NA,1,GTH,NA
AA5,MGTREFCLK1N_116,NA,116,NA,1,GTH,NA
AA6,MGTREFCLK1P_116,NA,116,NA,1,GTH,NA
W2,MGTHTXP1_116,NA,116,NA,1,GTH,NA
V4,MGTHRXP1_116,NA,116,NA,1,GTH,NA
W1,MGTHTXN1_116,NA,116,NA,1,GTH,NA
V3,MGTHRXN1_116,NA,116,NA,1,GTH,NA
AA2,MGTHTXP0_116,NA,116,NA,1,GTH,NA
Y4,MGTHRXP0_116,NA,116,NA,1,GTH,NA
AA1,MGTHTXN0_116,NA,116,NA,1,GTH,NA
Y3,MGTHRXN0_116,NA,116,NA,1,GTH,NA
G2,MGTHTXP3_117,NA,117,NA,1,GTH,NA
F4,MGTHRXP3_117,NA,117,NA,1,GTH,NA
G1,MGTHTXN3_117,NA,117,NA,1,GTH,NA
F3,MGTHRXN3_117,NA,117,NA,1,GTH,NA
J2,MGTHTXP2_117,NA,117,NA,1,GTH,NA
H4,MGTHRXP2_117,NA,117,NA,1,GTH,NA
J1,MGTHTXN2_117,NA,117,NA,1,GTH,NA
N6,MGTREFCLK0P_117,NA,117,NA,1,GTH,NA
H3,MGTHRXN2_117,NA,117,NA,1,GTH,NA
N5,MGTREFCLK0N_117,NA,117,NA,1,GTH,NA
R5,MGTREFCLK1N_117,NA,117,NA,1,GTH,NA
R6,MGTREFCLK1P_117,NA,117,NA,1,GTH,NA
L2,MGTHTXP1_117,NA,117,NA,1,GTH,NA
K4,MGTHRXP1_117,NA,117,NA,1,GTH,NA
L1,MGTHTXN1_117,NA,117,NA,1,GTH,NA
K3,MGTHRXN1_117,NA,117,NA,1,GTH,NA
N2,MGTHTXP0_117,NA,117,NA,1,GTH,NA
M4,MGTHRXP0_117,NA,117,NA,1,GTH,NA
N1,MGTHTXN0_117,NA,117,NA,1,GTH,NA
M3,MGTHRXN0_117,NA,117,NA,1,GTH,NA
B4,MGTHTXP3_118,NA,118,NA,1,GTH,NA
A6,MGTHRXP3_118,NA,118,NA,1,GTH,NA
B3,MGTHTXN3_118,NA,118,NA,1,GTH,NA
A5,MGTHRXN3_118,NA,118,NA,1,GTH,NA
D4,MGTHTXP2_118,NA,118,NA,1,GTH,NA
C6,MGTHRXP2_118,NA,118,NA,1,GTH,NA
D3,MGTHTXN2_118,NA,118,NA,1,GTH,NA
J6,MGTREFCLK0P_118,NA,118,NA,1,GTH,NA
C5,MGTHRXN2_118,NA,118,NA,1,GTH,NA
W6,MGTAVTTRCAL_118,NA,118,NA,1,GTH,NA
J5,MGTREFCLK0N_118,NA,118,NA,1,GTH,NA
W5,MGTRREF_118,NA,118,NA,1,GTH,NA
L5,MGTREFCLK1N_118,NA,118,NA,1,GTH,NA
L6,MGTREFCLK1P_118,NA,118,NA,1,GTH,NA
C2,MGTHTXP1_118,NA,118,NA,1,GTH,NA
E6,MGTHRXP1_118,NA,118,NA,1,GTH,NA
C1,MGTHTXN1_118,NA,118,NA,1,GTH,NA
E5,MGTHRXN1_118,NA,118,NA,1,GTH,NA
E2,MGTHTXP0_118,NA,118,NA,1,GTH,NA
G6,MGTHRXP0_118,NA,118,NA,1,GTH,NA
E1,MGTHTXN0_118,NA,118,NA,1,GTH,NA
G5,MGTHRXN0_118,NA,118,NA,1,GTH,NA
AW43,MGTHTXP3_213,NA,213,NA,0,GTH,NA
AU39,MGTHRXP3_213,NA,213,NA,0,GTH,NA
AW44,MGTHTXN3_213,NA,213,NA,0,GTH,NA
AU40,MGTHRXN3_213,NA,213,NA,0,GTH,NA
BA43,MGTHTXP2_213,NA,213,NA,0,GTH,NA
AV41,MGTHRXP2_213,NA,213,NA,0,GTH,NA
BA44,MGTHTXN2_213,NA,213,NA,0,GTH,NA
AN39,MGTREFCLK0P_213,NA,213,NA,0,GTH,NA
AV42,MGTHRXN2_213,NA,213,NA,0,GTH,NA
AN40,MGTREFCLK0N_213,NA,213,NA,0,GTH,NA
AR40,MGTREFCLK1N_213,NA,213,NA,0,GTH,NA
AR39,MGTREFCLK1P_213,NA,213,NA,0,GTH,NA
BB41,MGTHTXP1_213,NA,213,NA,0,GTH,NA
AW39,MGTHRXP1_213,NA,213,NA,0,GTH,NA
BB42,MGTHTXN1_213,NA,213,NA,0,GTH,NA
AW40,MGTHRXN1_213,NA,213,NA,0,GTH,NA
BD41,MGTHTXP0_213,NA,213,NA,0,GTH,NA
AY41,MGTHRXP0_213,NA,213,NA,0,GTH,NA
BD42,MGTHTXN0_213,NA,213,NA,0,GTH,NA
AY42,MGTHRXN0_213,NA,213,NA,0,GTH,NA
AL43,MGTHTXP3_214,NA,214,NA,0,GTH,NA
AK41,MGTHRXP3_214,NA,214,NA,0,GTH,NA
AL44,MGTHTXN3_214,NA,214,NA,0,GTH,NA
AK42,MGTHRXN3_214,NA,214,NA,0,GTH,NA
AN43,MGTHTXP2_214,NA,214,NA,0,GTH,NA
AM41,MGTHRXP2_214,NA,214,NA,0,GTH,NA
AN44,MGTHTXN2_214,NA,214,NA,0,GTH,NA
AJ39,MGTREFCLK0P_214,NA,214,NA,0,GTH,NA
AM42,MGTHRXN2_214,NA,214,NA,0,GTH,NA
AJ40,MGTREFCLK0N_214,NA,214,NA,0,GTH,NA
AL40,MGTREFCLK1N_214,NA,214,NA,0,GTH,NA
AL39,MGTREFCLK1P_214,NA,214,NA,0,GTH,NA
AR43,MGTHTXP1_214,NA,214,NA,0,GTH,NA
AP41,MGTHRXP1_214,NA,214,NA,0,GTH,NA
AR44,MGTHTXN1_214,NA,214,NA,0,GTH,NA
AP42,MGTHRXN1_214,NA,214,NA,0,GTH,NA
AU43,MGTHTXP0_214,NA,214,NA,0,GTH,NA
AT41,MGTHRXP0_214,NA,214,NA,0,GTH,NA
AU44,MGTHTXN0_214,NA,214,NA,0,GTH,NA
AT42,MGTHRXN0_214,NA,214,NA,0,GTH,NA
AC43,MGTHTXP3_215,NA,215,NA,0,GTH,NA
AB41,MGTHRXP3_215,NA,215,NA,0,GTH,NA
AC44,MGTHTXN3_215,NA,215,NA,0,GTH,NA
AB42,MGTHRXN3_215,NA,215,NA,0,GTH,NA
AE43,MGTHTXP2_215,NA,215,NA,0,GTH,NA
AD41,MGTHRXP2_215,NA,215,NA,0,GTH,NA
AE44,MGTHTXN2_215,NA,215,NA,0,GTH,NA
AC39,MGTREFCLK0P_215,NA,215,NA,0,GTH,NA
AD42,MGTHRXN2_215,NA,215,NA,0,GTH,NA
AG39,MGTAVTTRCAL_215,NA,215,NA,0,GTH,NA
AC40,MGTREFCLK0N_215,NA,215,NA,0,GTH,NA
AG40,MGTRREF_215,NA,215,NA,0,GTH,NA
AE40,MGTREFCLK1N_215,NA,215,NA,0,GTH,NA
AE39,MGTREFCLK1P_215,NA,215,NA,0,GTH,NA
AG43,MGTHTXP1_215,NA,215,NA,0,GTH,NA
AF41,MGTHRXP1_215,NA,215,NA,0,GTH,NA
AG44,MGTHTXN1_215,NA,215,NA,0,GTH,NA
AF42,MGTHRXN1_215,NA,215,NA,0,GTH,NA
AJ43,MGTHTXP0_215,NA,215,NA,0,GTH,NA
AH41,MGTHRXP0_215,NA,215,NA,0,GTH,NA
AJ44,MGTHTXN0_215,NA,215,NA,0,GTH,NA
AH42,MGTHRXN0_215,NA,215,NA,0,GTH,NA
R43,MGTHTXP3_216,NA,216,NA,1,GTH,NA
P41,MGTHRXP3_216,NA,216,NA,1,GTH,NA
R44,MGTHTXN3_216,NA,216,NA,1,GTH,NA
P42,MGTHRXN3_216,NA,216,NA,1,GTH,NA
U43,MGTHTXP2_216,NA,216,NA,1,GTH,NA
T41,MGTHRXP2_216,NA,216,NA,1,GTH,NA
U44,MGTHTXN2_216,NA,216,NA,1,GTH,NA
U39,MGTREFCLK0P_216,NA,216,NA,1,GTH,NA
T42,MGTHRXN2_216,NA,216,NA,1,GTH,NA
U40,MGTREFCLK0N_216,NA,216,NA,1,GTH,NA
AA40,MGTREFCLK1N_216,NA,216,NA,1,GTH,NA
AA39,MGTREFCLK1P_216,NA,216,NA,1,GTH,NA
W43,MGTHTXP1_216,NA,216,NA,1,GTH,NA
V41,MGTHRXP1_216,NA,216,NA,1,GTH,NA
W44,MGTHTXN1_216,NA,216,NA,1,GTH,NA
V42,MGTHRXN1_216,NA,216,NA,1,GTH,NA
AA43,MGTHTXP0_216,NA,216,NA,1,GTH,NA
Y41,MGTHRXP0_216,NA,216,NA,1,GTH,NA
AA44,MGTHTXN0_216,NA,216,NA,1,GTH,NA
Y42,MGTHRXN0_216,NA,216,NA,1,GTH,NA
G43,MGTHTXP3_217,NA,217,NA,1,GTH,NA
F41,MGTHRXP3_217,NA,217,NA,1,GTH,NA
G44,MGTHTXN3_217,NA,217,NA,1,GTH,NA
F42,MGTHRXN3_217,NA,217,NA,1,GTH,NA
J43,MGTHTXP2_217,NA,217,NA,1,GTH,NA
H41,MGTHRXP2_217,NA,217,NA,1,GTH,NA
J44,MGTHTXN2_217,NA,217,NA,1,GTH,NA
N39,MGTREFCLK0P_217,NA,217,NA,1,GTH,NA
H42,MGTHRXN2_217,NA,217,NA,1,GTH,NA
N40,MGTREFCLK0N_217,NA,217,NA,1,GTH,NA
R40,MGTREFCLK1N_217,NA,217,NA,1,GTH,NA
R39,MGTREFCLK1P_217,NA,217,NA,1,GTH,NA
L43,MGTHTXP1_217,NA,217,NA,1,GTH,NA
K41,MGTHRXP1_217,NA,217,NA,1,GTH,NA
L44,MGTHTXN1_217,NA,217,NA,1,GTH,NA
K42,MGTHRXN1_217,NA,217,NA,1,GTH,NA
N43,MGTHTXP0_217,NA,217,NA,1,GTH,NA
M41,MGTHRXP0_217,NA,217,NA,1,GTH,NA
N44,MGTHTXN0_217,NA,217,NA,1,GTH,NA
M42,MGTHRXN0_217,NA,217,NA,1,GTH,NA
B41,MGTHTXP3_218,NA,218,NA,1,GTH,NA
A39,MGTHRXP3_218,NA,218,NA,1,GTH,NA
B42,MGTHTXN3_218,NA,218,NA,1,GTH,NA
A40,MGTHRXN3_218,NA,218,NA,1,GTH,NA
D41,MGTHTXP2_218,NA,218,NA,1,GTH,NA
C39,MGTHRXP2_218,NA,218,NA,1,GTH,NA
D42,MGTHTXN2_218,NA,218,NA,1,GTH,NA
J39,MGTREFCLK0P_218,NA,218,NA,1,GTH,NA
C40,MGTHRXN2_218,NA,218,NA,1,GTH,NA
W39,MGTAVTTRCAL_218,NA,218,NA,1,GTH,NA
J40,MGTREFCLK0N_218,NA,218,NA,1,GTH,NA
W40,MGTRREF_218,NA,218,NA,1,GTH,NA
L40,MGTREFCLK1N_218,NA,218,NA,1,GTH,NA
L39,MGTREFCLK1P_218,NA,218,NA,1,GTH,NA
C43,MGTHTXP1_218,NA,218,NA,1,GTH,NA
E39,MGTHRXP1_218,NA,218,NA,1,GTH,NA
C44,MGTHTXN1_218,NA,218,NA,1,GTH,NA
E40,MGTHRXN1_218,NA,218,NA,1,GTH,NA
E43,MGTHTXP0_218,NA,218,NA,1,GTH,NA
G39,MGTHRXP0_218,NA,218,NA,1,GTH,NA
E44,MGTHTXN0_218,NA,218,NA,1,GTH,NA
G40,MGTHRXN0_218,NA,218,NA,1,GTH,NA
E21,MGTZREFCLK0P_300,NA,300,NA,NA,GTZ,NA
C29,MGTZRXP0_300,NA,300,NA,NA,GTZ,NA
A28,MGTZRXP1_300,NA,300,NA,NA,GTZ,NA
C26,MGTZRXP2_300,NA,300,NA,NA,GTZ,NA
A25,MGTZRXP3_300,NA,300,NA,NA,GTZ,NA
C14,MGTZRXP4_300,NA,300,NA,NA,GTZ,NA
A13,MGTZRXP5_300,NA,300,NA,NA,GTZ,NA
C11,MGTZRXP6_300,NA,300,NA,NA,GTZ,NA
A10,MGTZRXP7_300,NA,300,NA,NA,GTZ,NA
E24,MGTZREFCLK1P_300,NA,300,NA,NA,GTZ,NA
E20,MGTZREFCLK0N_300,NA,300,NA,NA,GTZ,NA
E25,MGTZREFCLK1N_300,NA,300,NA,NA,GTZ,NA
C28,MGTZRXN0_300,NA,300,NA,NA,GTZ,NA
A27,MGTZRXN1_300,NA,300,NA,NA,GTZ,NA
C25,MGTZRXN2_300,NA,300,NA,NA,GTZ,NA
A24,MGTZRXN3_300,NA,300,NA,NA,GTZ,NA
C13,MGTZRXN4_300,NA,300,NA,NA,GTZ,NA
A12,MGTZRXN5_300,NA,300,NA,NA,GTZ,NA
C10,MGTZRXN6_300,NA,300,NA,NA,GTZ,NA
A9,MGTZRXN7_300,NA,300,NA,NA,GTZ,NA
E18,MGTZ_SENSE_AVCC_300,NA,300,NA,NA,GTZ,NA
C36,MGTZTXP0_300,NA,300,NA,NA,GTZ,NA
A35,MGTZTXP1_300,NA,300,NA,NA,GTZ,NA
C33,MGTZTXP2_300,NA,300,NA,NA,GTZ,NA
A32,MGTZTXP3_300,NA,300,NA,NA,GTZ,NA
C21,MGTZTXP4_300,NA,300,NA,NA,GTZ,NA
A20,MGTZTXP5_300,NA,300,NA,NA,GTZ,NA
C18,MGTZTXP6_300,NA,300,NA,NA,GTZ,NA
A17,MGTZTXP7_300,NA,300,NA,NA,GTZ,NA
F18,MGTZ_SENSE_AGND_300,NA,300,NA,NA,GTZ,NA
C35,MGTZTXN0_300,NA,300,NA,NA,GTZ,NA
A34,MGTZTXN1_300,NA,300,NA,NA,GTZ,NA
C32,MGTZTXN2_300,NA,300,NA,NA,GTZ,NA
A31,MGTZTXN3_300,NA,300,NA,NA,GTZ,NA
C20,MGTZTXN4_300,NA,300,NA,NA,GTZ,NA
A19,MGTZTXN5_300,NA,300,NA,NA,GTZ,NA
C17,MGTZTXN6_300,NA,300,NA,NA,GTZ,NA
A16,MGTZTXN7_300,NA,300,NA,NA,GTZ,NA
K19,MGTZ_SENSE_VCCL_300,NA,300,NA,NA,GTZ,NA
G20,MGTZ_THERM_IN_300,NA,300,NA,NA,GTZ,NA
G27,MGTZ_SENSE_VCCH_300,NA,300,NA,NA,GTZ,NA
G26,MGTZ_SENSE_GND_300,NA,300,NA,NA,GTZ,NA
G21,MGTZ_THERM_OUT_300,NA,300,NA,NA,GTZ,NA
J22,MGTZ_OBS_CLK_P_300,NA,300,NA,NA,GTZ,NA
K20,MGTZ_SENSE_GNDL_300,NA,300,NA,NA,GTZ,NA
H22,MGTZ_OBS_CLK_N_300,NA,300,NA,NA,GTZ,NA
H26,MGTZ_SENSE_VCC_300,NA,300,NA,NA,GTZ,NA
AC4,MGTAVCC_G11,NA,NA,NA,NA,NA,NA
AF5,MGTAVCC_G11,NA,NA,NA,NA,NA,NA
AJ4,MGTAVCC_G11,NA,NA,NA,NA,NA,NA
AM5,MGTAVCC_G11,NA,NA,NA,NA,NA,NA
AR4,MGTAVCC_G11,NA,NA,NA,NA,NA,NA
AV5,MGTAVCC_G11,NA,NA,NA,NA,NA,NA
BA4,MGTAVCC_G11,NA,NA,NA,NA,NA,NA
B5,MGTAVCC_G12,NA,NA,NA,NA,NA,NA
E4,MGTAVCC_G12,NA,NA,NA,NA,NA,NA
H5,MGTAVCC_G12,NA,NA,NA,NA,NA,NA
L4,MGTAVCC_G12,NA,NA,NA,NA,NA,NA
P5,MGTAVCC_G12,NA,NA,NA,NA,NA,NA
U4,MGTAVCC_G12,NA,NA,NA,NA,NA,NA
Y5,MGTAVCC_G12,NA,NA,NA,NA,NA,NA
AC41,MGTAVCC_G21,NA,NA,NA,NA,NA,NA
AF40,MGTAVCC_G21,NA,NA,NA,NA,NA,NA
AJ41,MGTAVCC_G21,NA,NA,NA,NA,NA,NA
AM40,MGTAVCC_G21,NA,NA,NA,NA,NA,NA
AR41,MGTAVCC_G21,NA,NA,NA,NA,NA,NA
AV40,MGTAVCC_G21,NA,NA,NA,NA,NA,NA
BA41,MGTAVCC_G21,NA,NA,NA,NA,NA,NA
B40,MGTAVCC_G22,NA,NA,NA,NA,NA,NA
E41,MGTAVCC_G22,NA,NA,NA,NA,NA,NA
H40,MGTAVCC_G22,NA,NA,NA,NA,NA,NA
L41,MGTAVCC_G22,NA,NA,NA,NA,NA,NA
P40,MGTAVCC_G22,NA,NA,NA,NA,NA,NA
U41,MGTAVCC_G22,NA,NA,NA,NA,NA,NA
Y40,MGTAVCC_G22,NA,NA,NA,NA,NA,NA
AD6,MGTVCCAUX_G11,NA,NA,NA,NA,NA,NA
AD39,MGTVCCAUX_G21,NA,NA,NA,NA,NA,NA
AB6,MGTVCCAUX_G12,NA,NA,NA,NA,NA,NA
AB39,MGTVCCAUX_G22,NA,NA,NA,NA,NA,NA
AD2,MGTAVTT_G11,NA,NA,NA,NA,NA,NA
AF2,MGTAVTT_G11,NA,NA,NA,NA,NA,NA
AG3,MGTAVTT_G11,NA,NA,NA,NA,NA,NA
AK2,MGTAVTT_G11,NA,NA,NA,NA,NA,NA
AP2,MGTAVTT_G11,NA,NA,NA,NA,NA,NA
AV2,MGTAVTT_G11,NA,NA,NA,NA,NA,NA
BB2,MGTAVTT_G11,NA,NA,NA,NA,NA,NA
BC3,MGTAVTT_G11,NA,NA,NA,NA,NA,NA
C3,MGTAVTT_G12,NA,NA,NA,NA,NA,NA
D2,MGTAVTT_G12,NA,NA,NA,NA,NA,NA
F2,MGTAVTT_G12,NA,NA,NA,NA,NA,NA
K2,MGTAVTT_G12,NA,NA,NA,NA,NA,NA
P2,MGTAVTT_G12,NA,NA,NA,NA,NA,NA
V2,MGTAVTT_G12,NA,NA,NA,NA,NA,NA
AA3,MGTAVTT_G12,NA,NA,NA,NA,NA,NA
AB2,MGTAVTT_G12,NA,NA,NA,NA,NA,NA
AD43,MGTAVTT_G21,NA,NA,NA,NA,NA,NA
AF43,MGTAVTT_G21,NA,NA,NA,NA,NA,NA
AG42,MGTAVTT_G21,NA,NA,NA,NA,NA,NA
AK43,MGTAVTT_G21,NA,NA,NA,NA,NA,NA
AP43,MGTAVTT_G21,NA,NA,NA,NA,NA,NA
AV43,MGTAVTT_G21,NA,NA,NA,NA,NA,NA
BB43,MGTAVTT_G21,NA,NA,NA,NA,NA,NA
BC42,MGTAVTT_G21,NA,NA,NA,NA,NA,NA
C42,MGTAVTT_G22,NA,NA,NA,NA,NA,NA
D43,MGTAVTT_G22,NA,NA,NA,NA,NA,NA
F43,MGTAVTT_G22,NA,NA,NA,NA,NA,NA
K43,MGTAVTT_G22,NA,NA,NA,NA,NA,NA
P43,MGTAVTT_G22,NA,NA,NA,NA,NA,NA
V43,MGTAVTT_G22,NA,NA,NA,NA,NA,NA
AA42,MGTAVTT_G22,NA,NA,NA,NA,NA,NA
AB43,MGTAVTT_G22,NA,NA,NA,NA,NA,NA
A8,MGTZAGND_300,NA,300,NA,NA,GTZ,NA
A11,MGTZAGND_300,NA,300,NA,NA,GTZ,NA
A14,MGTZAGND_300,NA,300,NA,NA,GTZ,NA
A15,MGTZAGND_300,NA,300,NA,NA,GTZ,NA
A18,MGTZAGND_300,NA,300,NA,NA,GTZ,NA
A21,MGTZAGND_300,NA,300,NA,NA,GTZ,NA
A22,MGTZAGND_300,NA,300,NA,NA,GTZ,NA
A23,MGTZAGND_300,NA,300,NA,NA,GTZ,NA
A26,MGTZAGND_300,NA,300,NA,NA,GTZ,NA
A29,MGTZAGND_300,NA,300,NA,NA,GTZ,NA
A30,MGTZAGND_300,NA,300,NA,NA,GTZ,NA
A33,MGTZAGND_300,NA,300,NA,NA,GTZ,NA
A36,MGTZAGND_300,NA,300,NA,NA,GTZ,NA
A37,MGTZAGND_300,NA,300,NA,NA,GTZ,NA
B8,MGTZAGND_300,NA,300,NA,NA,GTZ,NA
B10,MGTZAGND_300,NA,300,NA,NA,GTZ,NA
B12,MGTZAGND_300,NA,300,NA,NA,GTZ,NA
B14,MGTZAGND_300,NA,300,NA,NA,GTZ,NA
B16,MGTZAGND_300,NA,300,NA,NA,GTZ,NA
B18,MGTZAGND_300,NA,300,NA,NA,GTZ,NA
B20,MGTZAGND_300,NA,300,NA,NA,GTZ,NA
B22,MGTZAGND_300,NA,300,NA,NA,GTZ,NA
B24,MGTZAGND_300,NA,300,NA,NA,GTZ,NA
B26,MGTZAGND_300,NA,300,NA,NA,GTZ,NA
B28,MGTZAGND_300,NA,300,NA,NA,GTZ,NA
B30,MGTZAGND_300,NA,300,NA,NA,GTZ,NA
B32,MGTZAGND_300,NA,300,NA,NA,GTZ,NA
B34,MGTZAGND_300,NA,300,NA,NA,GTZ,NA
B36,MGTZAGND_300,NA,300,NA,NA,GTZ,NA
C8,MGTZAGND_300,NA,300,NA,NA,GTZ,NA
C9,MGTZAGND_300,NA,300,NA,NA,GTZ,NA
C12,MGTZAGND_300,NA,300,NA,NA,GTZ,NA
C15,MGTZAGND_300,NA,300,NA,NA,GTZ,NA
C16,MGTZAGND_300,NA,300,NA,NA,GTZ,NA
C19,MGTZAGND_300,NA,300,NA,NA,GTZ,NA
C22,MGTZAGND_300,NA,300,NA,NA,GTZ,NA
C23,MGTZAGND_300,NA,300,NA,NA,GTZ,NA
C24,MGTZAGND_300,NA,300,NA,NA,GTZ,NA
C27,MGTZAGND_300,NA,300,NA,NA,GTZ,NA
C30,MGTZAGND_300,NA,300,NA,NA,GTZ,NA
C31,MGTZAGND_300,NA,300,NA,NA,GTZ,NA
C34,MGTZAGND_300,NA,300,NA,NA,GTZ,NA
C37,MGTZAGND_300,NA,300,NA,NA,GTZ,NA
D8,MGTZAGND_300,NA,300,NA,NA,GTZ,NA
D9,MGTZAGND_300,NA,300,NA,NA,GTZ,NA
D10,MGTZAGND_300,NA,300,NA,NA,GTZ,NA
D11,MGTZAGND_300,NA,300,NA,NA,GTZ,NA
D12,MGTZAGND_300,NA,300,NA,NA,GTZ,NA
D13,MGTZAGND_300,NA,300,NA,NA,GTZ,NA
D14,MGTZAGND_300,NA,300,NA,NA,GTZ,NA
D15,MGTZAGND_300,NA,300,NA,NA,GTZ,NA
D16,MGTZAGND_300,NA,300,NA,NA,GTZ,NA
D17,MGTZAGND_300,NA,300,NA,NA,GTZ,NA
D18,MGTZAGND_300,NA,300,NA,NA,GTZ,NA
D19,MGTZAGND_300,NA,300,NA,NA,GTZ,NA
D20,MGTZAGND_300,NA,300,NA,NA,GTZ,NA
D21,MGTZAGND_300,NA,300,NA,NA,GTZ,NA
D22,MGTZAGND_300,NA,300,NA,NA,GTZ,NA
D23,MGTZAGND_300,NA,300,NA,NA,GTZ,NA
D24,MGTZAGND_300,NA,300,NA,NA,GTZ,NA
D25,MGTZAGND_300,NA,300,NA,NA,GTZ,NA
D26,MGTZAGND_300,NA,300,NA,NA,GTZ,NA
D27,MGTZAGND_300,NA,300,NA,NA,GTZ,NA
D28,MGTZAGND_300,NA,300,NA,NA,GTZ,NA
D29,MGTZAGND_300,NA,300,NA,NA,GTZ,NA
D30,MGTZAGND_300,NA,300,NA,NA,GTZ,NA
D31,MGTZAGND_300,NA,300,NA,NA,GTZ,NA
D32,MGTZAGND_300,NA,300,NA,NA,GTZ,NA
D33,MGTZAGND_300,NA,300,NA,NA,GTZ,NA
D34,MGTZAGND_300,NA,300,NA,NA,GTZ,NA
D35,MGTZAGND_300,NA,300,NA,NA,GTZ,NA
D36,MGTZAGND_300,NA,300,NA,NA,GTZ,NA
D37,MGTZAGND_300,NA,300,NA,NA,GTZ,NA
B9,MGTZAVCC_300,NA,300,NA,NA,GTZ,NA
B11,MGTZAVCC_300,NA,300,NA,NA,GTZ,NA
B13,MGTZAVCC_300,NA,300,NA,NA,GTZ,NA
B15,MGTZAVCC_300,NA,300,NA,NA,GTZ,NA
B17,MGTZAVCC_300,NA,300,NA,NA,GTZ,NA
B19,MGTZAVCC_300,NA,300,NA,NA,GTZ,NA
B21,MGTZAVCC_300,NA,300,NA,NA,GTZ,NA
B23,MGTZAVCC_300,NA,300,NA,NA,GTZ,NA
B25,MGTZAVCC_300,NA,300,NA,NA,GTZ,NA
B27,MGTZAVCC_300,NA,300,NA,NA,GTZ,NA
B29,MGTZAVCC_300,NA,300,NA,NA,GTZ,NA
B31,MGTZAVCC_300,NA,300,NA,NA,GTZ,NA
B33,MGTZAVCC_300,NA,300,NA,NA,GTZ,NA
B35,MGTZAVCC_300,NA,300,NA,NA,GTZ,NA
B37,MGTZAVCC_300,NA,300,NA,NA,GTZ,NA
F20,MGTZVCCH_300,NA,300,NA,NA,GTZ,NA
F22,MGTZVCCH_300,NA,300,NA,NA,GTZ,NA
F24,MGTZVCCH_300,NA,300,NA,NA,GTZ,NA
F26,MGTZVCCH_300,NA,300,NA,NA,GTZ,NA
G18,MGTZVCCH_300,NA,300,NA,NA,GTZ,NA
J19,MGTZVCCH_300,NA,300,NA,NA,GTZ,NA
J21,MGTZVCCH_300,NA,300,NA,NA,GTZ,NA
J23,MGTZVCCH_300,NA,300,NA,NA,GTZ,NA
J25,MGTZVCCH_300,NA,300,NA,NA,GTZ,NA
J27,MGTZVCCH_300,NA,300,NA,NA,GTZ,NA
L20,MGTZVCCL_300,NA,300,NA,NA,GTZ,NA
L22,MGTZVCCL_300,NA,300,NA,NA,GTZ,NA
L24,MGTZVCCL_300,NA,300,NA,NA,GTZ,NA
L26,MGTZVCCL_300,NA,300,NA,NA,GTZ,NA
A3,GND,NA,NA,NA,NA,NA,NA
A4,GND,NA,NA,NA,NA,NA,NA
A7,GND,NA,NA,NA,NA,NA,NA
A38,GND,NA,NA,NA,NA,NA,NA
A41,GND,NA,NA,NA,NA,NA,NA
A42,GND,NA,NA,NA,NA,NA,NA
B2,GND,NA,NA,NA,NA,NA,NA
B6,GND,NA,NA,NA,NA,NA,NA
B7,GND,NA,NA,NA,NA,NA,NA
B38,GND,NA,NA,NA,NA,NA,NA
B39,GND,NA,NA,NA,NA,NA,NA
B43,GND,NA,NA,NA,NA,NA,NA
C4,GND,NA,NA,NA,NA,NA,NA
C7,GND,NA,NA,NA,NA,NA,NA
C38,GND,NA,NA,NA,NA,NA,NA
C41,GND,NA,NA,NA,NA,NA,NA
D1,GND,NA,NA,NA,NA,NA,NA
D5,GND,NA,NA,NA,NA,NA,NA
D6,GND,NA,NA,NA,NA,NA,NA
D7,GND,NA,NA,NA,NA,NA,NA
D38,GND,NA,NA,NA,NA,NA,NA
D39,GND,NA,NA,NA,NA,NA,NA
D40,GND,NA,NA,NA,NA,NA,NA
D44,GND,NA,NA,NA,NA,NA,NA
E3,GND,NA,NA,NA,NA,NA,NA
E7,GND,NA,NA,NA,NA,NA,NA
E8,GND,NA,NA,NA,NA,NA,NA
E9,GND,NA,NA,NA,NA,NA,NA
E10,GND,NA,NA,NA,NA,NA,NA
E11,GND,NA,NA,NA,NA,NA,NA
E12,GND,NA,NA,NA,NA,NA,NA
E13,GND,NA,NA,NA,NA,NA,NA
E14,GND,NA,NA,NA,NA,NA,NA
E15,GND,NA,NA,NA,NA,NA,NA
E16,GND,NA,NA,NA,NA,NA,NA
E17,GND,NA,NA,NA,NA,NA,NA
E19,GND,NA,NA,NA,NA,NA,NA
E22,GND,NA,NA,NA,NA,NA,NA
E23,GND,NA,NA,NA,NA,NA,NA
E26,GND,NA,NA,NA,NA,NA,NA
E27,GND,NA,NA,NA,NA,NA,NA
E28,GND,NA,NA,NA,NA,NA,NA
E29,GND,NA,NA,NA,NA,NA,NA
E30,GND,NA,NA,NA,NA,NA,NA
E31,GND,NA,NA,NA,NA,NA,NA
E32,GND,NA,NA,NA,NA,NA,NA
E33,GND,NA,NA,NA,NA,NA,NA
E34,GND,NA,NA,NA,NA,NA,NA
E35,GND,NA,NA,NA,NA,NA,NA
E36,GND,NA,NA,NA,NA,NA,NA
E37,GND,NA,NA,NA,NA,NA,NA
E38,GND,NA,NA,NA,NA,NA,NA
E42,GND,NA,NA,NA,NA,NA,NA
F1,GND,NA,NA,NA,NA,NA,NA
F5,GND,NA,NA,NA,NA,NA,NA
F6,GND,NA,NA,NA,NA,NA,NA
F7,GND,NA,NA,NA,NA,NA,NA
F17,GND,NA,NA,NA,NA,NA,NA
F19,GND,NA,NA,NA,NA,NA,NA
F21,GND,NA,NA,NA,NA,NA,NA
F23,GND,NA,NA,NA,NA,NA,NA
F25,GND,NA,NA,NA,NA,NA,NA
F27,GND,NA,NA,NA,NA,NA,NA
F28,GND,NA,NA,NA,NA,NA,NA
F37,GND,NA,NA,NA,NA,NA,NA
F38,GND,NA,NA,NA,NA,NA,NA
F39,GND,NA,NA,NA,NA,NA,NA
F40,GND,NA,NA,NA,NA,NA,NA
F44,GND,NA,NA,NA,NA,NA,NA
G3,GND,NA,NA,NA,NA,NA,NA
G4,GND,NA,NA,NA,NA,NA,NA
G7,GND,NA,NA,NA,NA,NA,NA
G14,GND,NA,NA,NA,NA,NA,NA
G17,GND,NA,NA,NA,NA,NA,NA
G19,GND,NA,NA,NA,NA,NA,NA
G22,GND,NA,NA,NA,NA,NA,NA
G23,GND,NA,NA,NA,NA,NA,NA
G24,GND,NA,NA,NA,NA,NA,NA
G25,GND,NA,NA,NA,NA,NA,NA
G28,GND,NA,NA,NA,NA,NA,NA
G34,GND,NA,NA,NA,NA,NA,NA
G38,GND,NA,NA,NA,NA,NA,NA
G41,GND,NA,NA,NA,NA,NA,NA
G42,GND,NA,NA,NA,NA,NA,NA
H1,GND,NA,NA,NA,NA,NA,NA
H2,GND,NA,NA,NA,NA,NA,NA
H6,GND,NA,NA,NA,NA,NA,NA
H7,GND,NA,NA,NA,NA,NA,NA
H11,GND,NA,NA,NA,NA,NA,NA
H17,GND,NA,NA,NA,NA,NA,NA
H18,GND,NA,NA,NA,NA,NA,NA
H19,GND,NA,NA,NA,NA,NA,NA
H20,GND,NA,NA,NA,NA,NA,NA
H21,GND,NA,NA,NA,NA,NA,NA
H23,GND,NA,NA,NA,NA,NA,NA
H24,GND,NA,NA,NA,NA,NA,NA
H25,GND,NA,NA,NA,NA,NA,NA
H27,GND,NA,NA,NA,NA,NA,NA
H28,GND,NA,NA,NA,NA,NA,NA
H31,GND,NA,NA,NA,NA,NA,NA
H38,GND,NA,NA,NA,NA,NA,NA
H39,GND,NA,NA,NA,NA,NA,NA
H43,GND,NA,NA,NA,NA,NA,NA
H44,GND,NA,NA,NA,NA,NA,NA
J3,GND,NA,NA,NA,NA,NA,NA
J4,GND,NA,NA,NA,NA,NA,NA
J7,GND,NA,NA,NA,NA,NA,NA
J8,GND,NA,NA,NA,NA,NA,NA
J17,GND,NA,NA,NA,NA,NA,NA
J18,GND,NA,NA,NA,NA,NA,NA
J20,GND,NA,NA,NA,NA,NA,NA
J24,GND,NA,NA,NA,NA,NA,NA
J26,GND,NA,NA,NA,NA,NA,NA
J28,GND,NA,NA,NA,NA,NA,NA
J38,GND,NA,NA,NA,NA,NA,NA
J41,GND,NA,NA,NA,NA,NA,NA
J42,GND,NA,NA,NA,NA,NA,NA
K1,GND,NA,NA,NA,NA,NA,NA
K5,GND,NA,NA,NA,NA,NA,NA
K6,GND,NA,NA,NA,NA,NA,NA
K7,GND,NA,NA,NA,NA,NA,NA
K15,GND,NA,NA,NA,NA,NA,NA
K17,GND,NA,NA,NA,NA,NA,NA
K18,GND,NA,NA,NA,NA,NA,NA
K21,GND,NA,NA,NA,NA,NA,NA
K22,GND,NA,NA,NA,NA,NA,NA
K23,GND,NA,NA,NA,NA,NA,NA
K24,GND,NA,NA,NA,NA,NA,NA
K25,GND,NA,NA,NA,NA,NA,NA
K26,GND,NA,NA,NA,NA,NA,NA
K27,GND,NA,NA,NA,NA,NA,NA
K28,GND,NA,NA,NA,NA,NA,NA
K35,GND,NA,NA,NA,NA,NA,NA
K38,GND,NA,NA,NA,NA,NA,NA
K39,GND,NA,NA,NA,NA,NA,NA
K40,GND,NA,NA,NA,NA,NA,NA
K44,GND,NA,NA,NA,NA,NA,NA
L3,GND,NA,NA,NA,NA,NA,NA
L7,GND,NA,NA,NA,NA,NA,NA
L12,GND,NA,NA,NA,NA,NA,NA
L17,GND,NA,NA,NA,NA,NA,NA
L19,GND,NA,NA,NA,NA,NA,NA
L21,GND,NA,NA,NA,NA,NA,NA
L23,GND,NA,NA,NA,NA,NA,NA
L25,GND,NA,NA,NA,NA,NA,NA
L28,GND,NA,NA,NA,NA,NA,NA
L27,GND,NA,NA,NA,NA,NA,NA
L32,GND,NA,NA,NA,NA,NA,NA
L38,GND,NA,NA,NA,NA,NA,NA
L42,GND,NA,NA,NA,NA,NA,NA
M1,GND,NA,NA,NA,NA,NA,NA
M2,GND,NA,NA,NA,NA,NA,NA
M5,GND,NA,NA,NA,NA,NA,NA
M6,GND,NA,NA,NA,NA,NA,NA
M7,GND,NA,NA,NA,NA,NA,NA
M9,GND,NA,NA,NA,NA,NA,NA
M18,GND,NA,NA,NA,NA,NA,NA
M20,GND,NA,NA,NA,NA,NA,NA
M22,GND,NA,NA,NA,NA,NA,NA
M24,GND,NA,NA,NA,NA,NA,NA
M26,GND,NA,NA,NA,NA,NA,NA
M28,GND,NA,NA,NA,NA,NA,NA
M29,GND,NA,NA,NA,NA,NA,NA
M38,GND,NA,NA,NA,NA,NA,NA
M39,GND,NA,NA,NA,NA,NA,NA
M40,GND,NA,NA,NA,NA,NA,NA
M43,GND,NA,NA,NA,NA,NA,NA
M44,GND,NA,NA,NA,NA,NA,NA
N3,GND,NA,NA,NA,NA,NA,NA
N4,GND,NA,NA,NA,NA,NA,NA
N7,GND,NA,NA,NA,NA,NA,NA
N16,GND,NA,NA,NA,NA,NA,NA
N18,GND,NA,NA,NA,NA,NA,NA
N20,GND,NA,NA,NA,NA,NA,NA
N22,GND,NA,NA,NA,NA,NA,NA
N24,GND,NA,NA,NA,NA,NA,NA
N28,GND,NA,NA,NA,NA,NA,NA
N36,GND,NA,NA,NA,NA,NA,NA
N38,GND,NA,NA,NA,NA,NA,NA
N41,GND,NA,NA,NA,NA,NA,NA
N42,GND,NA,NA,NA,NA,NA,NA
P1,GND,NA,NA,NA,NA,NA,NA
P6,GND,NA,NA,NA,NA,NA,NA
P7,GND,NA,NA,NA,NA,NA,NA
P13,GND,NA,NA,NA,NA,NA,NA
P17,GND,NA,NA,NA,NA,NA,NA
P19,GND,NA,NA,NA,NA,NA,NA
P21,GND,NA,NA,NA,NA,NA,NA
P25,GND,NA,NA,NA,NA,NA,NA
P33,GND,NA,NA,NA,NA,NA,NA
P38,GND,NA,NA,NA,NA,NA,NA
P39,GND,NA,NA,NA,NA,NA,NA
P44,GND,NA,NA,NA,NA,NA,NA
R3,GND,NA,NA,NA,NA,NA,NA
R4,GND,NA,NA,NA,NA,NA,NA
R7,GND,NA,NA,NA,NA,NA,NA
R10,GND,NA,NA,NA,NA,NA,NA
R18,GND,NA,NA,NA,NA,NA,NA
R20,GND,NA,NA,NA,NA,NA,NA
R22,GND,NA,NA,NA,NA,NA,NA
R24,GND,NA,NA,NA,NA,NA,NA
R26,GND,NA,NA,NA,NA,NA,NA
R28,GND,NA,NA,NA,NA,NA,NA
R30,GND,NA,NA,NA,NA,NA,NA
R38,GND,NA,NA,NA,NA,NA,NA
R41,GND,NA,NA,NA,NA,NA,NA
R42,GND,NA,NA,NA,NA,NA,NA
T1,GND,NA,NA,NA,NA,NA,NA
T2,GND,NA,NA,NA,NA,NA,NA
T5,GND,NA,NA,NA,NA,NA,NA
T6,GND,NA,NA,NA,NA,NA,NA
T7,GND,NA,NA,NA,NA,NA,NA
T17,GND,NA,NA,NA,NA,NA,NA
T21,GND,NA,NA,NA,NA,NA,NA
T23,GND,NA,NA,NA,NA,NA,NA
T25,GND,NA,NA,NA,NA,NA,NA
T37,GND,NA,NA,NA,NA,NA,NA
T38,GND,NA,NA,NA,NA,NA,NA
T39,GND,NA,NA,NA,NA,NA,NA
T40,GND,NA,NA,NA,NA,NA,NA
T43,GND,NA,NA,NA,NA,NA,NA
T44,GND,NA,NA,NA,NA,NA,NA
U3,GND,NA,NA,NA,NA,NA,NA
U7,GND,NA,NA,NA,NA,NA,NA
U14,GND,NA,NA,NA,NA,NA,NA
U16,GND,NA,NA,NA,NA,NA,NA
U18,GND,NA,NA,NA,NA,NA,NA
U20,GND,NA,NA,NA,NA,NA,NA
U22,GND,NA,NA,NA,NA,NA,NA
U24,GND,NA,NA,NA,NA,NA,NA
U26,GND,NA,NA,NA,NA,NA,NA
U28,GND,NA,NA,NA,NA,NA,NA
U34,GND,NA,NA,NA,NA,NA,NA
U38,GND,NA,NA,NA,NA,NA,NA
U42,GND,NA,NA,NA,NA,NA,NA
V1,GND,NA,NA,NA,NA,NA,NA
V5,GND,NA,NA,NA,NA,NA,NA
V6,GND,NA,NA,NA,NA,NA,NA
V7,GND,NA,NA,NA,NA,NA,NA
V11,GND,NA,NA,NA,NA,NA,NA
V15,GND,NA,NA,NA,NA,NA,NA
V19,GND,NA,NA,NA,NA,NA,NA
V21,GND,NA,NA,NA,NA,NA,NA
V23,GND,NA,NA,NA,NA,NA,NA
V25,GND,NA,NA,NA,NA,NA,NA
V27,GND,NA,NA,NA,NA,NA,NA
V29,GND,NA,NA,NA,NA,NA,NA
V31,GND,NA,NA,NA,NA,NA,NA
V38,GND,NA,NA,NA,NA,NA,NA
V39,GND,NA,NA,NA,NA,NA,NA
V40,GND,NA,NA,NA,NA,NA,NA
V44,GND,NA,NA,NA,NA,NA,NA
W3,GND,NA,NA,NA,NA,NA,NA
W4,GND,NA,NA,NA,NA,NA,NA
W7,GND,NA,NA,NA,NA,NA,NA
W8,GND,NA,NA,NA,NA,NA,NA
W18,GND,NA,NA,NA,NA,NA,NA
W20,GND,NA,NA,NA,NA,NA,NA
W22,GND,NA,NA,NA,NA,NA,NA
W24,GND,NA,NA,NA,NA,NA,NA
W26,GND,NA,NA,NA,NA,NA,NA
W28,GND,NA,NA,NA,NA,NA,NA
W30,GND,NA,NA,NA,NA,NA,NA
W38,GND,NA,NA,NA,NA,NA,NA
W41,GND,NA,NA,NA,NA,NA,NA
W42,GND,NA,NA,NA,NA,NA,NA
Y1,GND,NA,NA,NA,NA,NA,NA
Y2,GND,NA,NA,NA,NA,NA,NA
Y6,GND,NA,NA,NA,NA,NA,NA
Y7,GND,NA,NA,NA,NA,NA,NA
Y15,GND,NA,NA,NA,NA,NA,NA
Y17,GND,NA,NA,NA,NA,NA,NA
Y19,GND,NA,NA,NA,NA,NA,NA
Y21,GND,NA,NA,NA,NA,NA,NA
Y23,GND,NA,NA,NA,NA,NA,NA
Y25,GND,NA,NA,NA,NA,NA,NA
Y27,GND,NA,NA,NA,NA,NA,NA
Y29,GND,NA,NA,NA,NA,NA,NA
Y31,GND,NA,NA,NA,NA,NA,NA
Y35,GND,NA,NA,NA,NA,NA,NA
Y38,GND,NA,NA,NA,NA,NA,NA
Y39,GND,NA,NA,NA,NA,NA,NA
Y43,GND,NA,NA,NA,NA,NA,NA
Y44,GND,NA,NA,NA,NA,NA,NA
AA4,GND,NA,NA,NA,NA,NA,NA
AA7,GND,NA,NA,NA,NA,NA,NA
AA12,GND,NA,NA,NA,NA,NA,NA
AA14,GND,NA,NA,NA,NA,NA,NA
AA16,GND,NA,NA,NA,NA,NA,NA
AA18,GND,NA,NA,NA,NA,NA,NA
AA20,GND,NA,NA,NA,NA,NA,NA
AA24,GND,NA,NA,NA,NA,NA,NA
AA26,GND,NA,NA,NA,NA,NA,NA
AA28,GND,NA,NA,NA,NA,NA,NA
AA30,GND,NA,NA,NA,NA,NA,NA
AA32,GND,NA,NA,NA,NA,NA,NA
AA38,GND,NA,NA,NA,NA,NA,NA
AA41,GND,NA,NA,NA,NA,NA,NA
AB1,GND,NA,NA,NA,NA,NA,NA
AB5,GND,NA,NA,NA,NA,NA,NA
AB7,GND,NA,NA,NA,NA,NA,NA
AB9,GND,NA,NA,NA,NA,NA,NA
AB15,GND,NA,NA,NA,NA,NA,NA
AB17,GND,NA,NA,NA,NA,NA,NA
AB19,GND,NA,NA,NA,NA,NA,NA
AB21,GND,NA,NA,NA,NA,NA,NA
AB25,GND,NA,NA,NA,NA,NA,NA
AB27,GND,NA,NA,NA,NA,NA,NA
AB29,GND,NA,NA,NA,NA,NA,NA
AB31,GND,NA,NA,NA,NA,NA,NA
AB38,GND,NA,NA,NA,NA,NA,NA
AB40,GND,NA,NA,NA,NA,NA,NA
AB44,GND,NA,NA,NA,NA,NA,NA
AC3,GND,NA,NA,NA,NA,NA,NA
AC7,GND,NA,NA,NA,NA,NA,NA
AC14,GND,NA,NA,NA,NA,NA,NA
AC16,GND,NA,NA,NA,NA,NA,NA
AC18,GND,NA,NA,NA,NA,NA,NA
AC20,GND,NA,NA,NA,NA,NA,NA
AC24,GND,NA,NA,NA,NA,NA,NA
AC26,GND,NA,NA,NA,NA,NA,NA
AC28,GND,NA,NA,NA,NA,NA,NA
AC30,GND,NA,NA,NA,NA,NA,NA
AC36,GND,NA,NA,NA,NA,NA,NA
AC38,GND,NA,NA,NA,NA,NA,NA
AC42,GND,NA,NA,NA,NA,NA,NA
AD1,GND,NA,NA,NA,NA,NA,NA
AD5,GND,NA,NA,NA,NA,NA,NA
AD7,GND,NA,NA,NA,NA,NA,NA
AD13,GND,NA,NA,NA,NA,NA,NA
AD15,GND,NA,NA,NA,NA,NA,NA
AD17,GND,NA,NA,NA,NA,NA,NA
AD19,GND,NA,NA,NA,NA,NA,NA
AD21,GND,NA,NA,NA,NA,NA,NA
AD25,GND,NA,NA,NA,NA,NA,NA
AD27,GND,NA,NA,NA,NA,NA,NA
AD29,GND,NA,NA,NA,NA,NA,NA
AD31,GND,NA,NA,NA,NA,NA,NA
AD33,GND,NA,NA,NA,NA,NA,NA
AD38,GND,NA,NA,NA,NA,NA,NA
AD40,GND,NA,NA,NA,NA,NA,NA
AD44,GND,NA,NA,NA,NA,NA,NA
AE3,GND,NA,NA,NA,NA,NA,NA
AE4,GND,NA,NA,NA,NA,NA,NA
AE7,GND,NA,NA,NA,NA,NA,NA
AE10,GND,NA,NA,NA,NA,NA,NA
AE14,GND,NA,NA,NA,NA,NA,NA
AE16,GND,NA,NA,NA,NA,NA,NA
AE18,GND,NA,NA,NA,NA,NA,NA
AE20,GND,NA,NA,NA,NA,NA,NA
AE22,GND,NA,NA,NA,NA,NA,NA
AE24,GND,NA,NA,NA,NA,NA,NA
AE26,GND,NA,NA,NA,NA,NA,NA
AE28,GND,NA,NA,NA,NA,NA,NA
AE30,GND,NA,NA,NA,NA,NA,NA
AE38,GND,NA,NA,NA,NA,NA,NA
AE41,GND,NA,NA,NA,NA,NA,NA
AE42,GND,NA,NA,NA,NA,NA,NA
AF1,GND,NA,NA,NA,NA,NA,NA
AF6,GND,NA,NA,NA,NA,NA,NA
AF7,GND,NA,NA,NA,NA,NA,NA
AF15,GND,NA,NA,NA,NA,NA,NA
AF17,GND,NA,NA,NA,NA,NA,NA
AF19,GND,NA,NA,NA,NA,NA,NA
AF21,GND,NA,NA,NA,NA,NA,NA
AF23,GND,NA,NA,NA,NA,NA,NA
AF25,GND,NA,NA,NA,NA,NA,NA
AF27,GND,NA,NA,NA,NA,NA,NA
AF29,GND,NA,NA,NA,NA,NA,NA
AF31,GND,NA,NA,NA,NA,NA,NA
AF37,GND,NA,NA,NA,NA,NA,NA
AF38,GND,NA,NA,NA,NA,NA,NA
AF39,GND,NA,NA,NA,NA,NA,NA
AF44,GND,NA,NA,NA,NA,NA,NA
AG4,GND,NA,NA,NA,NA,NA,NA
AG7,GND,NA,NA,NA,NA,NA,NA
AG14,GND,NA,NA,NA,NA,NA,NA
AG16,GND,NA,NA,NA,NA,NA,NA
AG18,GND,NA,NA,NA,NA,NA,NA
AG20,GND,NA,NA,NA,NA,NA,NA
AG22,GND,NA,NA,NA,NA,NA,NA
AG24,GND,NA,NA,NA,NA,NA,NA
AG26,GND,NA,NA,NA,NA,NA,NA
AG28,GND,NA,NA,NA,NA,NA,NA
AG30,GND,NA,NA,NA,NA,NA,NA
AG34,GND,NA,NA,NA,NA,NA,NA
AG38,GND,NA,NA,NA,NA,NA,NA
AG41,GND,NA,NA,NA,NA,NA,NA
AH1,GND,NA,NA,NA,NA,NA,NA
AH2,GND,NA,NA,NA,NA,NA,NA
AH5,GND,NA,NA,NA,NA,NA,NA
AH6,GND,NA,NA,NA,NA,NA,NA
AH7,GND,NA,NA,NA,NA,NA,NA
AH11,GND,NA,NA,NA,NA,NA,NA
AH17,GND,NA,NA,NA,NA,NA,NA
AH19,GND,NA,NA,NA,NA,NA,NA
AH21,GND,NA,NA,NA,NA,NA,NA
AH23,GND,NA,NA,NA,NA,NA,NA
AH25,GND,NA,NA,NA,NA,NA,NA
AH27,GND,NA,NA,NA,NA,NA,NA
AH29,GND,NA,NA,NA,NA,NA,NA
AH31,GND,NA,NA,NA,NA,NA,NA
AH38,GND,NA,NA,NA,NA,NA,NA
AH39,GND,NA,NA,NA,NA,NA,NA
AH40,GND,NA,NA,NA,NA,NA,NA
AH43,GND,NA,NA,NA,NA,NA,NA
AH44,GND,NA,NA,NA,NA,NA,NA
AJ3,GND,NA,NA,NA,NA,NA,NA
AJ7,GND,NA,NA,NA,NA,NA,NA
AJ8,GND,NA,NA,NA,NA,NA,NA
AJ18,GND,NA,NA,NA,NA,NA,NA
AJ20,GND,NA,NA,NA,NA,NA,NA
AJ22,GND,NA,NA,NA,NA,NA,NA
AJ24,GND,NA,NA,NA,NA,NA,NA
AJ26,GND,NA,NA,NA,NA,NA,NA
AJ28,GND,NA,NA,NA,NA,NA,NA
AJ38,GND,NA,NA,NA,NA,NA,NA
AJ42,GND,NA,NA,NA,NA,NA,NA
AK1,GND,NA,NA,NA,NA,NA,NA
AK5,GND,NA,NA,NA,NA,NA,NA
AK6,GND,NA,NA,NA,NA,NA,NA
AK7,GND,NA,NA,NA,NA,NA,NA
AK15,GND,NA,NA,NA,NA,NA,NA
AK19,GND,NA,NA,NA,NA,NA,NA
AK21,GND,NA,NA,NA,NA,NA,NA
AK23,GND,NA,NA,NA,NA,NA,NA
AK25,GND,NA,NA,NA,NA,NA,NA
AK35,GND,NA,NA,NA,NA,NA,NA
AK38,GND,NA,NA,NA,NA,NA,NA
AK39,GND,NA,NA,NA,NA,NA,NA
AK40,GND,NA,NA,NA,NA,NA,NA
AK44,GND,NA,NA,NA,NA,NA,NA
AL3,GND,NA,NA,NA,NA,NA,NA
AL4,GND,NA,NA,NA,NA,NA,NA
AL7,GND,NA,NA,NA,NA,NA,NA
AL12,GND,NA,NA,NA,NA,NA,NA
AL20,GND,NA,NA,NA,NA,NA,NA
AL22,GND,NA,NA,NA,NA,NA,NA
AL24,GND,NA,NA,NA,NA,NA,NA
AL26,GND,NA,NA,NA,NA,NA,NA
AL32,GND,NA,NA,NA,NA,NA,NA
AL38,GND,NA,NA,NA,NA,NA,NA
AL41,GND,NA,NA,NA,NA,NA,NA
AL42,GND,NA,NA,NA,NA,NA,NA
AM1,GND,NA,NA,NA,NA,NA,NA
AM2,GND,NA,NA,NA,NA,NA,NA
AM6,GND,NA,NA,NA,NA,NA,NA
AM7,GND,NA,NA,NA,NA,NA,NA
AM9,GND,NA,NA,NA,NA,NA,NA
AM19,GND,NA,NA,NA,NA,NA,NA
AM21,GND,NA,NA,NA,NA,NA,NA
AM23,GND,NA,NA,NA,NA,NA,NA
AM25,GND,NA,NA,NA,NA,NA,NA
AM29,GND,NA,NA,NA,NA,NA,NA
AM38,GND,NA,NA,NA,NA,NA,NA
AM39,GND,NA,NA,NA,NA,NA,NA
AM43,GND,NA,NA,NA,NA,NA,NA
AM44,GND,NA,NA,NA,NA,NA,NA
AN3,GND,NA,NA,NA,NA,NA,NA
AN4,GND,NA,NA,NA,NA,NA,NA
AN7,GND,NA,NA,NA,NA,NA,NA
AN16,GND,NA,NA,NA,NA,NA,NA
AN26,GND,NA,NA,NA,NA,NA,NA
AN36,GND,NA,NA,NA,NA,NA,NA
AN38,GND,NA,NA,NA,NA,NA,NA
AN41,GND,NA,NA,NA,NA,NA,NA
AN42,GND,NA,NA,NA,NA,NA,NA
AP1,GND,NA,NA,NA,NA,NA,NA
AP5,GND,NA,NA,NA,NA,NA,NA
AP6,GND,NA,NA,NA,NA,NA,NA
AP7,GND,NA,NA,NA,NA,NA,NA
AP13,GND,NA,NA,NA,NA,NA,NA
AP23,GND,NA,NA,NA,NA,NA,NA
AP33,GND,NA,NA,NA,NA,NA,NA
AP38,GND,NA,NA,NA,NA,NA,NA
AP39,GND,NA,NA,NA,NA,NA,NA
AP40,GND,NA,NA,NA,NA,NA,NA
AP44,GND,NA,NA,NA,NA,NA,NA
AR3,GND,NA,NA,NA,NA,NA,NA
AR7,GND,NA,NA,NA,NA,NA,NA
AR10,GND,NA,NA,NA,NA,NA,NA
AR20,GND,NA,NA,NA,NA,NA,NA
AR30,GND,NA,NA,NA,NA,NA,NA
AR38,GND,NA,NA,NA,NA,NA,NA
AR42,GND,NA,NA,NA,NA,NA,NA
AT1,GND,NA,NA,NA,NA,NA,NA
AT2,GND,NA,NA,NA,NA,NA,NA
AT5,GND,NA,NA,NA,NA,NA,NA
AT6,GND,NA,NA,NA,NA,NA,NA
AT7,GND,NA,NA,NA,NA,NA,NA
AT17,GND,NA,NA,NA,NA,NA,NA
AT27,GND,NA,NA,NA,NA,NA,NA
AT37,GND,NA,NA,NA,NA,NA,NA
AT38,GND,NA,NA,NA,NA,NA,NA
AT39,GND,NA,NA,NA,NA,NA,NA
AT40,GND,NA,NA,NA,NA,NA,NA
AT43,GND,NA,NA,NA,NA,NA,NA
AT44,GND,NA,NA,NA,NA,NA,NA
AU3,GND,NA,NA,NA,NA,NA,NA
AU4,GND,NA,NA,NA,NA,NA,NA
AU7,GND,NA,NA,NA,NA,NA,NA
AU14,GND,NA,NA,NA,NA,NA,NA
AU24,GND,NA,NA,NA,NA,NA,NA
AU34,GND,NA,NA,NA,NA,NA,NA
AU38,GND,NA,NA,NA,NA,NA,NA
AU41,GND,NA,NA,NA,NA,NA,NA
AU42,GND,NA,NA,NA,NA,NA,NA
AV1,GND,NA,NA,NA,NA,NA,NA
AV6,GND,NA,NA,NA,NA,NA,NA
AV7,GND,NA,NA,NA,NA,NA,NA
AV11,GND,NA,NA,NA,NA,NA,NA
AV21,GND,NA,NA,NA,NA,NA,NA
AV31,GND,NA,NA,NA,NA,NA,NA
AV38,GND,NA,NA,NA,NA,NA,NA
AV39,GND,NA,NA,NA,NA,NA,NA
AV44,GND,NA,NA,NA,NA,NA,NA
AW3,GND,NA,NA,NA,NA,NA,NA
AW4,GND,NA,NA,NA,NA,NA,NA
AW7,GND,NA,NA,NA,NA,NA,NA
AW8,GND,NA,NA,NA,NA,NA,NA
AW18,GND,NA,NA,NA,NA,NA,NA
AW28,GND,NA,NA,NA,NA,NA,NA
AW38,GND,NA,NA,NA,NA,NA,NA
AW41,GND,NA,NA,NA,NA,NA,NA
AW42,GND,NA,NA,NA,NA,NA,NA
AY1,GND,NA,NA,NA,NA,NA,NA
AY2,GND,NA,NA,NA,NA,NA,NA
AY5,GND,NA,NA,NA,NA,NA,NA
AY6,GND,NA,NA,NA,NA,NA,NA
AY7,GND,NA,NA,NA,NA,NA,NA
AY15,GND,NA,NA,NA,NA,NA,NA
AY25,GND,NA,NA,NA,NA,NA,NA
AY35,GND,NA,NA,NA,NA,NA,NA
AY38,GND,NA,NA,NA,NA,NA,NA
AY39,GND,NA,NA,NA,NA,NA,NA
AY40,GND,NA,NA,NA,NA,NA,NA
AY43,GND,NA,NA,NA,NA,NA,NA
AY44,GND,NA,NA,NA,NA,NA,NA
BA3,GND,NA,NA,NA,NA,NA,NA
BA5,GND,NA,NA,NA,NA,NA,NA
BA12,GND,NA,NA,NA,NA,NA,NA
BA22,GND,NA,NA,NA,NA,NA,NA
BA32,GND,NA,NA,NA,NA,NA,NA
BA40,GND,NA,NA,NA,NA,NA,NA
BA42,GND,NA,NA,NA,NA,NA,NA
BB1,GND,NA,NA,NA,NA,NA,NA
BB5,GND,NA,NA,NA,NA,NA,NA
BB9,GND,NA,NA,NA,NA,NA,NA
BB19,GND,NA,NA,NA,NA,NA,NA
BB29,GND,NA,NA,NA,NA,NA,NA
BB39,GND,NA,NA,NA,NA,NA,NA
BB40,GND,NA,NA,NA,NA,NA,NA
BB44,GND,NA,NA,NA,NA,NA,NA
BC2,GND,NA,NA,NA,NA,NA,NA
BC4,GND,NA,NA,NA,NA,NA,NA
BC5,GND,NA,NA,NA,NA,NA,NA
BC6,GND,NA,NA,NA,NA,NA,NA
BC16,GND,NA,NA,NA,NA,NA,NA
BC26,GND,NA,NA,NA,NA,NA,NA
BC36,GND,NA,NA,NA,NA,NA,NA
BC40,GND,NA,NA,NA,NA,NA,NA
BC41,GND,NA,NA,NA,NA,NA,NA
BC43,GND,NA,NA,NA,NA,NA,NA
BD5,GND,NA,NA,NA,NA,NA,NA
BD13,GND,NA,NA,NA,NA,NA,NA
BD23,GND,NA,NA,NA,NA,NA,NA
BD33,GND,NA,NA,NA,NA,NA,NA
BD40,GND,NA,NA,NA,NA,NA,NA
AA22,GNDADC,NA,NA,NA,NA,NA,NA
N17,VCCINT,NA,NA,NA,NA,NA,NA
N19,VCCINT,NA,NA,NA,NA,NA,NA
N21,VCCINT,NA,NA,NA,NA,NA,NA
N23,VCCINT,NA,NA,NA,NA,NA,NA
N25,VCCINT,NA,NA,NA,NA,NA,NA
N27,VCCINT,NA,NA,NA,NA,NA,NA
P18,VCCINT,NA,NA,NA,NA,NA,NA
P20,VCCINT,NA,NA,NA,NA,NA,NA
P22,VCCINT,NA,NA,NA,NA,NA,NA
P24,VCCINT,NA,NA,NA,NA,NA,NA
P26,VCCINT,NA,NA,NA,NA,NA,NA
P28,VCCINT,NA,NA,NA,NA,NA,NA
R17,VCCINT,NA,NA,NA,NA,NA,NA
R19,VCCINT,NA,NA,NA,NA,NA,NA
R21,VCCINT,NA,NA,NA,NA,NA,NA
R23,VCCINT,NA,NA,NA,NA,NA,NA
R25,VCCINT,NA,NA,NA,NA,NA,NA
R27,VCCINT,NA,NA,NA,NA,NA,NA
T18,VCCINT,NA,NA,NA,NA,NA,NA
T20,VCCINT,NA,NA,NA,NA,NA,NA
T22,VCCINT,NA,NA,NA,NA,NA,NA
T24,VCCINT,NA,NA,NA,NA,NA,NA
T26,VCCINT,NA,NA,NA,NA,NA,NA
T28,VCCINT,NA,NA,NA,NA,NA,NA
U17,VCCINT,NA,NA,NA,NA,NA,NA
U19,VCCINT,NA,NA,NA,NA,NA,NA
U21,VCCINT,NA,NA,NA,NA,NA,NA
U25,VCCINT,NA,NA,NA,NA,NA,NA
U27,VCCINT,NA,NA,NA,NA,NA,NA
V16,VCCINT,NA,NA,NA,NA,NA,NA
V18,VCCINT,NA,NA,NA,NA,NA,NA
V20,VCCINT,NA,NA,NA,NA,NA,NA
V22,VCCINT,NA,NA,NA,NA,NA,NA
V26,VCCINT,NA,NA,NA,NA,NA,NA
V28,VCCINT,NA,NA,NA,NA,NA,NA
V30,VCCINT,NA,NA,NA,NA,NA,NA
W15,VCCINT,NA,NA,NA,NA,NA,NA
W17,VCCINT,NA,NA,NA,NA,NA,NA
W21,VCCINT,NA,NA,NA,NA,NA,NA
W25,VCCINT,NA,NA,NA,NA,NA,NA
W27,VCCINT,NA,NA,NA,NA,NA,NA
W29,VCCINT,NA,NA,NA,NA,NA,NA
W31,VCCINT,NA,NA,NA,NA,NA,NA
Y14,VCCINT,NA,NA,NA,NA,NA,NA
Y16,VCCINT,NA,NA,NA,NA,NA,NA
Y20,VCCINT,NA,NA,NA,NA,NA,NA
Y22,VCCINT,NA,NA,NA,NA,NA,NA
Y26,VCCINT,NA,NA,NA,NA,NA,NA
Y28,VCCINT,NA,NA,NA,NA,NA,NA
Y30,VCCINT,NA,NA,NA,NA,NA,NA
AA15,VCCINT,NA,NA,NA,NA,NA,NA
AA17,VCCINT,NA,NA,NA,NA,NA,NA
AA21,VCCINT,NA,NA,NA,NA,NA,NA
AA27,VCCINT,NA,NA,NA,NA,NA,NA
AA29,VCCINT,NA,NA,NA,NA,NA,NA
AA31,VCCINT,NA,NA,NA,NA,NA,NA
AB16,VCCINT,NA,NA,NA,NA,NA,NA
AB20,VCCINT,NA,NA,NA,NA,NA,NA
AB28,VCCINT,NA,NA,NA,NA,NA,NA
AB30,VCCINT,NA,NA,NA,NA,NA,NA
AC15,VCCINT,NA,NA,NA,NA,NA,NA
AC17,VCCINT,NA,NA,NA,NA,NA,NA
AC21,VCCINT,NA,NA,NA,NA,NA,NA
AC27,VCCINT,NA,NA,NA,NA,NA,NA
AC29,VCCINT,NA,NA,NA,NA,NA,NA
AD14,VCCINT,NA,NA,NA,NA,NA,NA
AD16,VCCINT,NA,NA,NA,NA,NA,NA
AD20,VCCINT,NA,NA,NA,NA,NA,NA
AD28,VCCINT,NA,NA,NA,NA,NA,NA
AD30,VCCINT,NA,NA,NA,NA,NA,NA
AE15,VCCINT,NA,NA,NA,NA,NA,NA
AE17,VCCINT,NA,NA,NA,NA,NA,NA
AE21,VCCINT,NA,NA,NA,NA,NA,NA
AE23,VCCINT,NA,NA,NA,NA,NA,NA
AE27,VCCINT,NA,NA,NA,NA,NA,NA
AE29,VCCINT,NA,NA,NA,NA,NA,NA
AE31,VCCINT,NA,NA,NA,NA,NA,NA
AF14,VCCINT,NA,NA,NA,NA,NA,NA
AF16,VCCINT,NA,NA,NA,NA,NA,NA
AF20,VCCINT,NA,NA,NA,NA,NA,NA
AF22,VCCINT,NA,NA,NA,NA,NA,NA
AF28,VCCINT,NA,NA,NA,NA,NA,NA
AF30,VCCINT,NA,NA,NA,NA,NA,NA
AG15,VCCINT,NA,NA,NA,NA,NA,NA
AG17,VCCINT,NA,NA,NA,NA,NA,NA
AG21,VCCINT,NA,NA,NA,NA,NA,NA
AG23,VCCINT,NA,NA,NA,NA,NA,NA
AG27,VCCINT,NA,NA,NA,NA,NA,NA
AG29,VCCINT,NA,NA,NA,NA,NA,NA
AH20,VCCINT,NA,NA,NA,NA,NA,NA
AH22,VCCINT,NA,NA,NA,NA,NA,NA
AH28,VCCINT,NA,NA,NA,NA,NA,NA
AJ17,VCCINT,NA,NA,NA,NA,NA,NA
AJ21,VCCINT,NA,NA,NA,NA,NA,NA
AJ23,VCCINT,NA,NA,NA,NA,NA,NA
AJ27,VCCINT,NA,NA,NA,NA,NA,NA
AJ29,VCCINT,NA,NA,NA,NA,NA,NA
AK20,VCCINT,NA,NA,NA,NA,NA,NA
AK22,VCCINT,NA,NA,NA,NA,NA,NA
AL21,VCCINT,NA,NA,NA,NA,NA,NA
AL23,VCCINT,NA,NA,NA,NA,NA,NA
AM20,VCCINT,NA,NA,NA,NA,NA,NA
AM22,VCCINT,NA,NA,NA,NA,NA,NA
Y18,VCCAUX,NA,NA,NA,NA,NA,NA
AB18,VCCAUX,NA,NA,NA,NA,NA,NA
AB26,VCCAUX,NA,NA,NA,NA,NA,NA
AD18,VCCAUX,NA,NA,NA,NA,NA,NA
AD26,VCCAUX,NA,NA,NA,NA,NA,NA
AF18,VCCAUX,NA,NA,NA,NA,NA,NA
AF26,VCCAUX,NA,NA,NA,NA,NA,NA
AH18,VCCAUX,NA,NA,NA,NA,NA,NA
AH26,VCCAUX,NA,NA,NA,NA,NA,NA
AK18,VCCAUX,NA,NA,NA,NA,NA,NA
AK26,VCCAUX,NA,NA,NA,NA,NA,NA
AM26,VCCAUX,NA,NA,NA,NA,NA,NA
AG25,VCCAUX_IO_G0,NA,NA,NA,NA,NA,NA
AJ25,VCCAUX_IO_G0,NA,NA,NA,NA,NA,NA
AL25,VCCAUX_IO_G0,NA,NA,NA,NA,NA,NA
AA25,VCCAUX_IO_G1,NA,NA,NA,NA,NA,NA
AC25,VCCAUX_IO_G1,NA,NA,NA,NA,NA,NA
AE25,VCCAUX_IO_G1,NA,NA,NA,NA,NA,NA
AL19,VCCAUX_IO_G2,NA,NA,NA,NA,NA,NA
AE19,VCCAUX_IO_G2,NA,NA,NA,NA,NA,NA
AG19,VCCAUX_IO_G2,NA,NA,NA,NA,NA,NA
AJ19,VCCAUX_IO_G2,NA,NA,NA,NA,NA,NA
W19,VCCAUX_IO_G3,NA,NA,NA,NA,NA,NA
AA19,VCCAUX_IO_G3,NA,NA,NA,NA,NA,NA
AC19,VCCAUX_IO_G3,NA,NA,NA,NA,NA,NA
V17,VCCO_0,NA,0,NA,NA,NA,NA
W16,VCCO_0,NA,0,NA,NA,NA,NA
AL37,VCCO_13,NA,13,NA,NA,NA,NA
AM34,VCCO_13,NA,13,NA,NA,NA,NA
AR35,VCCO_13,NA,13,NA,NA,NA,NA
AV36,VCCO_13,NA,13,NA,NA,NA,NA
BA37,VCCO_13,NA,13,NA,NA,NA,NA
BB34,VCCO_13,NA,13,NA,NA,NA,NA
BD38,VCCO_13,NA,13,NA,NA,NA,NA
AK30,VCCO_14,NA,14,NA,NA,NA,NA
AN31,VCCO_14,NA,14,NA,NA,NA,NA
AT32,VCCO_14,NA,14,NA,NA,NA,NA
AW33,VCCO_14,NA,14,NA,NA,NA,NA
AY30,VCCO_14,NA,14,NA,NA,NA,NA
BC31,VCCO_14,NA,14,NA,NA,NA,NA
AL27,VCCO_15,NA,15,NA,NA,NA,NA
AP28,VCCO_15,NA,15,NA,NA,NA,NA
AR25,VCCO_15,NA,15,NA,NA,NA,NA
AU29,VCCO_15,NA,15,NA,NA,NA,NA
AV26,VCCO_15,NA,15,NA,NA,NA,NA
BA27,VCCO_15,NA,15,NA,NA,NA,NA
BD28,VCCO_15,NA,15,NA,NA,NA,NA
AA37,VCCO_16,NA,16,NA,NA,NA,NA
AB34,VCCO_16,NA,16,NA,NA,NA,NA
AC31,VCCO_16,NA,16,NA,NA,NA,NA
AE35,VCCO_16,NA,16,NA,NA,NA,NA
AF32,VCCO_16,NA,16,NA,NA,NA,NA
AH36,VCCO_16,NA,16,NA,NA,NA,NA
AJ33,VCCO_16,NA,16,NA,NA,NA,NA
N31,VCCO_17,NA,17,NA,NA,NA,NA
R35,VCCO_17,NA,17,NA,NA,NA,NA
T32,VCCO_17,NA,17,NA,NA,NA,NA
U29,VCCO_17,NA,17,NA,NA,NA,NA
V36,VCCO_17,NA,17,NA,NA,NA,NA
W33,VCCO_17,NA,17,NA,NA,NA,NA
F32,VCCO_18,NA,18,NA,NA,NA,NA
G29,VCCO_18,NA,18,NA,NA,NA,NA
H36,VCCO_18,NA,18,NA,NA,NA,NA
J33,VCCO_18,NA,18,NA,NA,NA,NA
K30,VCCO_18,NA,18,NA,NA,NA,NA
L37,VCCO_18,NA,18,NA,NA,NA,NA
M34,VCCO_18,NA,18,NA,NA,NA,NA
AN11,VCCO_32,NA,32,NA,NA,NA,NA
AP8,VCCO_32,NA,32,NA,NA,NA,NA
AU9,VCCO_32,NA,32,NA,NA,NA,NA
AY10,VCCO_32,NA,32,NA,NA,NA,NA
BA7,VCCO_32,NA,32,NA,NA,NA,NA
BC11,VCCO_32,NA,32,NA,NA,NA,NA
BD8,VCCO_32,NA,32,NA,NA,NA,NA
AJ13,VCCO_33,NA,33,NA,NA,NA,NA
AM14,VCCO_33,NA,33,NA,NA,NA,NA
AR15,VCCO_33,NA,33,NA,NA,NA,NA
AT12,VCCO_33,NA,33,NA,NA,NA,NA
AW13,VCCO_33,NA,33,NA,NA,NA,NA
BB14,VCCO_33,NA,33,NA,NA,NA,NA
AH16,VCCO_34,NA,34,NA,NA,NA,NA
AL17,VCCO_34,NA,34,NA,NA,NA,NA
AP18,VCCO_34,NA,34,NA,NA,NA,NA
AU19,VCCO_34,NA,34,NA,NA,NA,NA
AV16,VCCO_34,NA,34,NA,NA,NA,NA
BA17,VCCO_34,NA,34,NA,NA,NA,NA
BD18,VCCO_34,NA,34,NA,NA,NA,NA
AN21,VCCO_35,NA,35,NA,NA,NA,NA
AT22,VCCO_35,NA,35,NA,NA,NA,NA
AW23,VCCO_35,NA,35,NA,NA,NA,NA
AY20,VCCO_35,NA,35,NA,NA,NA,NA
BB24,VCCO_35,NA,35,NA,NA,NA,NA
BC21,VCCO_35,NA,35,NA,NA,NA,NA
Y10,VCCO_36,NA,36,NA,NA,NA,NA
AB14,VCCO_36,NA,36,NA,NA,NA,NA
AC11,VCCO_36,NA,36,NA,NA,NA,NA
AD8,VCCO_36,NA,36,NA,NA,NA,NA
AF12,VCCO_36,NA,36,NA,NA,NA,NA
AG9,VCCO_36,NA,36,NA,NA,NA,NA
AK10,VCCO_36,NA,36,NA,NA,NA,NA
N11,VCCO_37,NA,37,NA,NA,NA,NA
P8,VCCO_37,NA,37,NA,NA,NA,NA
R15,VCCO_37,NA,37,NA,NA,NA,NA
T12,VCCO_37,NA,37,NA,NA,NA,NA
U9,VCCO_37,NA,37,NA,NA,NA,NA
W13,VCCO_37,NA,37,NA,NA,NA,NA
F12,VCCO_38,NA,38,NA,NA,NA,NA
G9,VCCO_38,NA,38,NA,NA,NA,NA
H16,VCCO_38,NA,38,NA,NA,NA,NA
J13,VCCO_38,NA,38,NA,NA,NA,NA
K10,VCCO_38,NA,38,NA,NA,NA,NA
M14,VCCO_38,NA,38,NA,NA,NA,NA
AA23,VCCADC,NA,NA,NA,NA,NA,NA
U23,VCCBRAM,NA,NA,NA,NA,NA,NA
V24,VCCBRAM,NA,NA,NA,NA,NA,NA
W23,VCCBRAM,NA,NA,NA,NA,NA,NA
Y24,VCCBRAM,NA,NA,NA,NA,NA,NA
AB24,VCCBRAM,NA,NA,NA,NA,NA,NA
AD24,VCCBRAM,NA,NA,NA,NA,NA,NA
AF24,VCCBRAM,NA,NA,NA,NA,NA,NA
AH24,VCCBRAM,NA,NA,NA,NA,NA,NA
AK24,VCCBRAM,NA,NA,NA,NA,NA,NA
AM24,VCCBRAM,NA,NA,NA,NA,NA,NA
,,,,,,,
Total Number of Pins,1924,,,,,,
