Device/Package xc7vx980tffg1928 12/21/2011 16:27:02,,,,,,,
,,,,,,,
Pin,Pin Name,Memory Byte Group,Bank,VCCAUX Group,Super Logic Region,I/O Type,No-Connect
AD22,DXN_0,NA,0,NA,NA,CONFIG,NA
AA23,VCCADC_0,NA,0,NA,NA,CONFIG,NA
AA22,GNDADC_0,NA,0,NA,NA,CONFIG,NA
AD23,DXP_0,NA,0,NA,NA,CONFIG,NA
AB22,VREFN_0,NA,0,NA,NA,CONFIG,NA
AC23,VREFP_0,NA,0,NA,NA,CONFIG,NA
AB23,VP_0,NA,0,NA,NA,CONFIG,NA
AC22,VN_0,NA,0,NA,NA,CONFIG,NA
AA32,VCCBATT_0,NA,0,NA,NA,CONFIG,NA
AB33,CCLK_0,NA,0,NA,NA,CONFIG,NA
AE32,TCK_0,NA,0,NA,NA,CONFIG,NA
AF33,TMS_0,NA,0,NA,NA,CONFIG,NA
AD33,TDO_0,NA,0,NA,NA,CONFIG,NA
AG32,TDI_0,NA,0,NA,NA,CONFIG,NA
W12,INIT_B_0,NA,0,NA,NA,CONFIG,NA
AB13,PROGRAM_B_0,NA,0,NA,NA,CONFIG,NA
AC12,CFGBVS_0,NA,0,NA,NA,CONFIG,NA
AA12,DONE_0,NA,0,NA,NA,CONFIG,NA
AE12,M2_0,NA,0,NA,NA,CONFIG,NA
AG12,M0_0,NA,0,NA,NA,CONFIG,NA
AF13,M1_0,NA,0,NA,NA,CONFIG,NA
AL25,IO_0_VRN_13,NA,13,0,NA,HP,NA
AH27,IO_L1P_T0_13,0,13,0,NA,HP,NA
AJ27,IO_L1N_T0_13,0,13,0,NA,HP,NA
AH25,IO_L2P_T0_13,0,13,0,NA,HP,NA
AJ25,IO_L2N_T0_13,0,13,0,NA,HP,NA
AM25,IO_L3P_T0_DQS_13,0,13,0,NA,HP,NA
AN25,IO_L3N_T0_DQS_13,0,13,0,NA,HP,NA
AJ26,IO_L4P_T0_13,0,13,0,NA,HP,NA
AK26,IO_L4N_T0_13,0,13,0,NA,HP,NA
AL26,IO_L5P_T0_13,0,13,0,NA,HP,NA
AM26,IO_L5N_T0_13,0,13,0,NA,HP,NA
AM27,IO_L6P_T0_13,0,13,0,NA,HP,NA
AN27,IO_L6N_T0_VREF_13,0,13,0,NA,HP,NA
AR26,IO_L7P_T1_13,1,13,0,NA,HP,NA
AT26,IO_L7N_T1_13,1,13,0,NA,HP,NA
AP25,IO_L8P_T1_13,1,13,0,NA,HP,NA
AP26,IO_L8N_T1_13,1,13,0,NA,HP,NA
AP27,IO_L9P_T1_DQS_13,1,13,0,NA,HP,NA
AR27,IO_L9N_T1_DQS_13,1,13,0,NA,HP,NA
AT25,IO_L10P_T1_13,1,13,0,NA,HP,NA
AU26,IO_L10N_T1_13,1,13,0,NA,HP,NA
AU25,IO_L11P_T1_SRCC_13,1,13,0,NA,HP,NA
AV25,IO_L11N_T1_SRCC_13,1,13,0,NA,HP,NA
AU27,IO_L12P_T1_MRCC_13,1,13,0,NA,HP,NA
AU28,IO_L12N_T1_MRCC_13,1,13,0,NA,HP,NA
AW25,IO_L13P_T2_MRCC_13,2,13,0,NA,HP,NA
AW26,IO_L13N_T2_MRCC_13,2,13,0,NA,HP,NA
AV27,IO_L14P_T2_SRCC_13,2,13,0,NA,HP,NA
AV28,IO_L14N_T2_SRCC_13,2,13,0,NA,HP,NA
AW27,IO_L15P_T2_DQS_13,2,13,0,NA,HP,NA
AY27,IO_L15N_T2_DQS_13,2,13,0,NA,HP,NA
BA24,IO_L16P_T2_13,2,13,0,NA,HP,NA
BA25,IO_L16N_T2_13,2,13,0,NA,HP,NA
AY28,IO_L17P_T2_13,2,13,0,NA,HP,NA
BA28,IO_L17N_T2_13,2,13,0,NA,HP,NA
AY26,IO_L18P_T2_13,2,13,0,NA,HP,NA
BA26,IO_L18N_T2_13,2,13,0,NA,HP,NA
BB25,IO_L19P_T3_13,3,13,0,NA,HP,NA
BB26,IO_L19N_T3_VREF_13,3,13,0,NA,HP,NA
BB27,IO_L20P_T3_13,3,13,0,NA,HP,NA
BC27,IO_L20N_T3_13,3,13,0,NA,HP,NA
BC24,IO_L21P_T3_DQS_13,3,13,0,NA,HP,NA
BC25,IO_L21N_T3_DQS_13,3,13,0,NA,HP,NA
BD26,IO_L22P_T3_13,3,13,0,NA,HP,NA
BD27,IO_L22N_T3_13,3,13,0,NA,HP,NA
BD24,IO_L23P_T3_13,3,13,0,NA,HP,NA
BD25,IO_L23N_T3_13,3,13,0,NA,HP,NA
BB28,IO_L24P_T3_13,3,13,0,NA,HP,NA
BC28,IO_L24N_T3_13,3,13,0,NA,HP,NA
AK27,IO_25_VRP_13,NA,13,0,NA,HP,NA
AK31,IO_0_VRN_14,NA,14,0,NA,HP,NA
AG28,IO_L1P_T0_D00_MOSI_14,0,14,0,NA,HP,NA
AH28,IO_L1N_T0_D01_DIN_14,0,14,0,NA,HP,NA
AG30,IO_L2P_T0_D02_14,0,14,0,NA,HP,NA
AH30,IO_L2N_T0_D03_14,0,14,0,NA,HP,NA
AH29,IO_L3P_T0_DQS_PUDC_B_14,0,14,0,NA,HP,NA
AJ29,IO_L3N_T0_DQS_EMCCLK_14,0,14,0,NA,HP,NA
AJ30,IO_L4P_T0_D04_14,0,14,0,NA,HP,NA
AJ31,IO_L4N_T0_D05_14,0,14,0,NA,HP,NA
AK28,IO_L5P_T0_D06_14,0,14,0,NA,HP,NA
AK29,IO_L5N_T0_D07_14,0,14,0,NA,HP,NA
AL29,IO_L6P_T0_FCS_B_14,0,14,0,NA,HP,NA
AL30,IO_L6N_T0_D08_VREF_14,0,14,0,NA,HP,NA
AL31,IO_L7P_T1_D09_14,1,14,0,NA,HP,NA
AM31,IO_L7N_T1_D10_14,1,14,0,NA,HP,NA
AM30,IO_L8P_T1_D11_14,1,14,0,NA,HP,NA
AN30,IO_L8N_T1_D12_14,1,14,0,NA,HP,NA
AM28,IO_L9P_T1_DQS_14,1,14,0,NA,HP,NA
AN28,IO_L9N_T1_DQS_D13_14,1,14,0,NA,HP,NA
AN29,IO_L10P_T1_D14_14,1,14,0,NA,HP,NA
AP30,IO_L10N_T1_D15_14,1,14,0,NA,HP,NA
AP31,IO_L11P_T1_SRCC_14,1,14,0,NA,HP,NA
AR31,IO_L11N_T1_SRCC_14,1,14,0,NA,HP,NA
AP29,IO_L12P_T1_MRCC_14,1,14,0,NA,HP,NA
AR29,IO_L12N_T1_MRCC_14,1,14,0,NA,HP,NA
AT29,IO_L13P_T2_MRCC_14,2,14,0,NA,HP,NA
AT30,IO_L13N_T2_MRCC_14,2,14,0,NA,HP,NA
AR28,IO_L14P_T2_SRCC_14,2,14,0,NA,HP,NA
AT28,IO_L14N_T2_SRCC_14,2,14,0,NA,HP,NA
AT31,IO_L15P_T2_DQS_RDWR_B_14,2,14,0,NA,HP,NA
AU31,IO_L15N_T2_DQS_DOUT_CSO_B_14,2,14,0,NA,HP,NA
AW30,IO_L16P_T2_CSI_B_14,2,14,0,NA,HP,NA
AW31,IO_L16N_T2_A15_D31_14,2,14,0,NA,HP,NA
AU30,IO_L17P_T2_A14_D30_14,2,14,0,NA,HP,NA
AV30,IO_L17N_T2_A13_D29_14,2,14,0,NA,HP,NA
AV29,IO_L18P_T2_A12_D28_14,2,14,0,NA,HP,NA
AW29,IO_L18N_T2_A11_D27_14,2,14,0,NA,HP,NA
AY29,IO_L19P_T3_A10_D26_14,3,14,0,NA,HP,NA
BA29,IO_L19N_T3_A09_D25_VREF_14,3,14,0,NA,HP,NA
AY31,IO_L20P_T3_A08_D24_14,3,14,0,NA,HP,NA
BA31,IO_L20N_T3_A07_D23_14,3,14,0,NA,HP,NA
BD30,IO_L21P_T3_DQS_14,3,14,0,NA,HP,NA
BD31,IO_L21N_T3_DQS_A06_D22_14,3,14,0,NA,HP,NA
BA30,IO_L22P_T3_A05_D21_14,3,14,0,NA,HP,NA
BB31,IO_L22N_T3_A04_D20_14,3,14,0,NA,HP,NA
BC29,IO_L23P_T3_A03_D19_14,3,14,0,NA,HP,NA
BD29,IO_L23N_T3_A02_D18_14,3,14,0,NA,HP,NA
BB30,IO_L24P_T3_A01_D17_14,3,14,0,NA,HP,NA
BC30,IO_L24N_T3_A00_D16_14,3,14,0,NA,HP,NA
AL28,IO_25_VRP_14,NA,14,0,NA,HP,NA
T26,IO_0_VRN_15,NA,15,0,NA,HP,NA
T28,IO_L1P_T0_AD0P_15,0,15,0,NA,HP,NA
R28,IO_L1N_T0_AD0N_15,0,15,0,NA,HP,NA
R26,IO_L2P_T0_AD8P_15,0,15,0,NA,HP,NA
P26,IO_L2N_T0_AD8N_15,0,15,0,NA,HP,NA
T29,IO_L3P_T0_DQS_AD1P_15,0,15,0,NA,HP,NA
R29,IO_L3N_T0_DQS_AD1N_15,0,15,0,NA,HP,NA
R27,IO_L4P_T0_15,0,15,0,NA,HP,NA
P27,IO_L4N_T0_15,0,15,0,NA,HP,NA
R31,IO_L5P_T0_AD9P_15,0,15,0,NA,HP,NA
P31,IO_L5N_T0_AD9N_15,0,15,0,NA,HP,NA
P29,IO_L6P_T0_15,0,15,0,NA,HP,NA
P30,IO_L6N_T0_VREF_15,0,15,0,NA,HP,NA
N28,IO_L7P_T1_AD2P_15,1,15,0,NA,HP,NA
N29,IO_L7N_T1_AD2N_15,1,15,0,NA,HP,NA
N27,IO_L8P_T1_AD10P_15,1,15,0,NA,HP,NA
M28,IO_L8N_T1_AD10N_15,1,15,0,NA,HP,NA
N30,IO_L9P_T1_DQS_AD3P_15,1,15,0,NA,HP,NA
M30,IO_L9N_T1_DQS_AD3N_15,1,15,0,NA,HP,NA
M26,IO_L10P_T1_AD11P_15,1,15,0,NA,HP,NA
M27,IO_L10N_T1_AD11N_15,1,15,0,NA,HP,NA
M31,IO_L11P_T1_SRCC_15,1,15,0,NA,HP,NA
L31,IO_L11N_T1_SRCC_15,1,15,0,NA,HP,NA
L29,IO_L12P_T1_MRCC_15,1,15,0,NA,HP,NA
L30,IO_L12N_T1_MRCC_15,1,15,0,NA,HP,NA
K29,IO_L13P_T2_MRCC_15,2,15,0,NA,HP,NA
J29,IO_L13N_T2_MRCC_15,2,15,0,NA,HP,NA
K31,IO_L14P_T2_SRCC_15,2,15,0,NA,HP,NA
J31,IO_L14N_T2_SRCC_15,2,15,0,NA,HP,NA
H29,IO_L15P_T2_DQS_15,2,15,0,NA,HP,NA
G30,IO_L15N_T2_DQS_ADV_B_15,2,15,0,NA,HP,NA
J30,IO_L16P_T2_A28_15,2,15,0,NA,HP,NA
H30,IO_L16N_T2_A27_15,2,15,0,NA,HP,NA
F29,IO_L17P_T2_A26_15,2,15,0,NA,HP,NA
F30,IO_L17N_T2_A25_15,2,15,0,NA,HP,NA
G31,IO_L18P_T2_A24_15,2,15,0,NA,HP,NA
F31,IO_L18N_T2_A23_15,2,15,0,NA,HP,NA
E31,IO_L19P_T3_A22_15,3,15,0,NA,HP,NA
D31,IO_L19N_T3_A21_VREF_15,3,15,0,NA,HP,NA
E29,IO_L20P_T3_A20_15,3,15,0,NA,HP,NA
D29,IO_L20N_T3_A19_15,3,15,0,NA,HP,NA
D30,IO_L21P_T3_DQS_15,3,15,0,NA,HP,NA
C30,IO_L21N_T3_DQS_A18_15,3,15,0,NA,HP,NA
C29,IO_L22P_T3_A17_15,3,15,0,NA,HP,NA
B30,IO_L22N_T3_A16_15,3,15,0,NA,HP,NA
B31,IO_L23P_T3_FOE_B_15,3,15,0,NA,HP,NA
A31,IO_L23N_T3_FWE_B_15,3,15,0,NA,HP,NA
A29,IO_L24P_T3_RS1_15,3,15,0,NA,HP,NA
A30,IO_L24N_T3_RS0_15,3,15,0,NA,HP,NA
T30,IO_25_VRP_15,NA,15,0,NA,HP,NA
L28,IO_0_VRN_16,NA,16,1,NA,HP,NA
H28,IO_L6P_T0_16,0,16,1,NA,HP,NA
G28,IO_L6N_T0_VREF_16,0,16,1,NA,HP,NA
G26,IO_L7P_T1_16,1,16,1,NA,HP,NA
G27,IO_L7N_T1_16,1,16,1,NA,HP,NA
K27,IO_L8P_T1_16,1,16,1,NA,HP,NA
K28,IO_L8N_T1_16,1,16,1,NA,HP,NA
K26,IO_L9P_T1_DQS_16,1,16,1,NA,HP,NA
J26,IO_L9N_T1_DQS_16,1,16,1,NA,HP,NA
J27,IO_L10P_T1_16,1,16,1,NA,HP,NA
H27,IO_L10N_T1_16,1,16,1,NA,HP,NA
E27,IO_L11P_T1_SRCC_16,1,16,1,NA,HP,NA
D27,IO_L11N_T1_SRCC_16,1,16,1,NA,HP,NA
F28,IO_L12P_T1_MRCC_16,1,16,1,NA,HP,NA
E28,IO_L12N_T1_MRCC_16,1,16,1,NA,HP,NA
D25,IO_L13P_T2_MRCC_16,2,16,1,NA,HP,NA
D26,IO_L13N_T2_MRCC_16,2,16,1,NA,HP,NA
F26,IO_L14P_T2_SRCC_16,2,16,1,NA,HP,NA
E26,IO_L14N_T2_SRCC_16,2,16,1,NA,HP,NA
B28,IO_L15P_T2_DQS_16,2,16,1,NA,HP,NA
A28,IO_L15N_T2_DQS_16,2,16,1,NA,HP,NA
A25,IO_L16P_T2_16,2,16,1,NA,HP,NA
A26,IO_L16N_T2_16,2,16,1,NA,HP,NA
B26,IO_L17P_T2_16,2,16,1,NA,HP,NA
B27,IO_L17N_T2_16,2,16,1,NA,HP,NA
C25,IO_L18P_T2_16,2,16,1,NA,HP,NA
B25,IO_L18N_T2_16,2,16,1,NA,HP,NA
C27,IO_L19P_T3_16,3,16,1,NA,HP,NA
C28,IO_L19N_T3_VREF_16,3,16,1,NA,HP,NA
L26,IO_25_VRP_16,NA,16,1,NA,HP,NA
AG20,IO_0_VRN_33,NA,33,2,NA,HP,NA
AH17,IO_L1P_T0_33,0,33,2,NA,HP,NA
AJ17,IO_L1N_T0_33,0,33,2,NA,HP,NA
AH19,IO_L2P_T0_33,0,33,2,NA,HP,NA
AH18,IO_L2N_T0_33,0,33,2,NA,HP,NA
AJ19,IO_L3P_T0_DQS_33,0,33,2,NA,HP,NA
AK19,IO_L3N_T0_DQS_33,0,33,2,NA,HP,NA
AH20,IO_L4P_T0_33,0,33,2,NA,HP,NA
AJ20,IO_L4N_T0_33,0,33,2,NA,HP,NA
AK18,IO_L5P_T0_33,0,33,2,NA,HP,NA
AL18,IO_L5N_T0_33,0,33,2,NA,HP,NA
AL20,IO_L6P_T0_33,0,33,2,NA,HP,NA
AL19,IO_L6N_T0_VREF_33,0,33,2,NA,HP,NA
AM18,IO_L7P_T1_33,1,33,2,NA,HP,NA
AM17,IO_L7N_T1_33,1,33,2,NA,HP,NA
AM20,IO_L8P_T1_33,1,33,2,NA,HP,NA
AN20,IO_L8N_T1_33,1,33,2,NA,HP,NA
AN17,IO_L9P_T1_DQS_33,1,33,2,NA,HP,NA
AP17,IO_L9N_T1_DQS_33,1,33,2,NA,HP,NA
AN19,IO_L10P_T1_33,1,33,2,NA,HP,NA
AN18,IO_L10N_T1_33,1,33,2,NA,HP,NA
AP20,IO_L11P_T1_SRCC_33,1,33,2,NA,HP,NA
AP19,IO_L11N_T1_SRCC_33,1,33,2,NA,HP,NA
AR19,IO_L12P_T1_MRCC_33,1,33,2,NA,HP,NA
AR18,IO_L12N_T1_MRCC_33,1,33,2,NA,HP,NA
AT20,IO_L13P_T2_MRCC_33,2,33,2,NA,HP,NA
AU20,IO_L13N_T2_MRCC_33,2,33,2,NA,HP,NA
AT19,IO_L14P_T2_SRCC_33,2,33,2,NA,HP,NA
AT18,IO_L14N_T2_SRCC_33,2,33,2,NA,HP,NA
AV20,IO_L15P_T2_DQS_33,2,33,2,NA,HP,NA
AW20,IO_L15N_T2_DQS_33,2,33,2,NA,HP,NA
AY19,IO_L16P_T2_33,2,33,2,NA,HP,NA
AY18,IO_L16N_T2_33,2,33,2,NA,HP,NA
AV19,IO_L17P_T2_33,2,33,2,NA,HP,NA
AW19,IO_L17N_T2_33,2,33,2,NA,HP,NA
AU18,IO_L18P_T2_33,2,33,2,NA,HP,NA
AV18,IO_L18N_T2_33,2,33,2,NA,HP,NA
BA20,IO_L19P_T3_33,3,33,2,NA,HP,NA
BA19,IO_L19N_T3_VREF_33,3,33,2,NA,HP,NA
AY21,IO_L20P_T3_33,3,33,2,NA,HP,NA
BA21,IO_L20N_T3_33,3,33,2,NA,HP,NA
BA18,IO_L21P_T3_DQS_33,3,33,2,NA,HP,NA
BB18,IO_L21N_T3_DQS_33,3,33,2,NA,HP,NA
BB20,IO_L22P_T3_33,3,33,2,NA,HP,NA
BC20,IO_L22N_T3_33,3,33,2,NA,HP,NA
BC19,IO_L23P_T3_33,3,33,2,NA,HP,NA
BC18,IO_L23N_T3_33,3,33,2,NA,HP,NA
BD20,IO_L24P_T3_33,3,33,2,NA,HP,NA
BD19,IO_L24N_T3_33,3,33,2,NA,HP,NA
AK17,IO_25_VRP_33,NA,33,2,NA,HP,NA
AH14,IO_0_VRN_34,NA,34,2,NA,HP,NA
AH15,IO_L1P_T0_34,0,34,2,NA,HP,NA
AJ15,IO_L1N_T0_34,0,34,2,NA,HP,NA
AJ14,IO_L2P_T0_34,0,34,2,NA,HP,NA
AK14,IO_L2N_T0_34,0,34,2,NA,HP,NA
AJ16,IO_L3P_T0_DQS_34,0,34,2,NA,HP,NA
AK16,IO_L3N_T0_DQS_34,0,34,2,NA,HP,NA
AL15,IO_L4P_T0_34,0,34,2,NA,HP,NA
AL14,IO_L4N_T0_34,0,34,2,NA,HP,NA
AL16,IO_L5P_T0_34,0,34,2,NA,HP,NA
AM16,IO_L5N_T0_34,0,34,2,NA,HP,NA
AM15,IO_L6P_T0_34,0,34,2,NA,HP,NA
AN15,IO_L6N_T0_VREF_34,0,34,2,NA,HP,NA
AP16,IO_L7P_T1_34,1,34,2,NA,HP,NA
AR16,IO_L7N_T1_34,1,34,2,NA,HP,NA
AN14,IO_L8P_T1_34,1,34,2,NA,HP,NA
AP14,IO_L8N_T1_34,1,34,2,NA,HP,NA
AR17,IO_L9P_T1_DQS_34,1,34,2,NA,HP,NA
AT16,IO_L9N_T1_DQS_34,1,34,2,NA,HP,NA
AP15,IO_L10P_T1_34,1,34,2,NA,HP,NA
AR14,IO_L10N_T1_34,1,34,2,NA,HP,NA
AU17,IO_L11P_T1_SRCC_34,1,34,2,NA,HP,NA
AU16,IO_L11N_T1_SRCC_34,1,34,2,NA,HP,NA
AT15,IO_L12P_T1_MRCC_34,1,34,2,NA,HP,NA
AT14,IO_L12N_T1_MRCC_34,1,34,2,NA,HP,NA
AU15,IO_L13P_T2_MRCC_34,2,34,2,NA,HP,NA
AV15,IO_L13N_T2_MRCC_34,2,34,2,NA,HP,NA
AV17,IO_L14P_T2_SRCC_34,2,34,2,NA,HP,NA
AW17,IO_L14N_T2_SRCC_34,2,34,2,NA,HP,NA
AV14,IO_L15P_T2_DQS_34,2,34,2,NA,HP,NA
AW14,IO_L15N_T2_DQS_34,2,34,2,NA,HP,NA
AY14,IO_L16P_T2_34,2,34,2,NA,HP,NA
BA14,IO_L16N_T2_34,2,34,2,NA,HP,NA
AW16,IO_L17P_T2_34,2,34,2,NA,HP,NA
AW15,IO_L17N_T2_34,2,34,2,NA,HP,NA
AY17,IO_L18P_T2_34,2,34,2,NA,HP,NA
AY16,IO_L18N_T2_34,2,34,2,NA,HP,NA
BA16,IO_L19P_T3_34,3,34,2,NA,HP,NA
BA15,IO_L19N_T3_VREF_34,3,34,2,NA,HP,NA
BB16,IO_L20P_T3_34,3,34,2,NA,HP,NA
BB15,IO_L20N_T3_34,3,34,2,NA,HP,NA
BC15,IO_L21P_T3_DQS_34,3,34,2,NA,HP,NA
BC14,IO_L21N_T3_DQS_34,3,34,2,NA,HP,NA
BB17,IO_L22P_T3_34,3,34,2,NA,HP,NA
BC17,IO_L22N_T3_34,3,34,2,NA,HP,NA
BD15,IO_L23P_T3_34,3,34,2,NA,HP,NA
BD14,IO_L23N_T3_34,3,34,2,NA,HP,NA
BD17,IO_L24P_T3_34,3,34,2,NA,HP,NA
BD16,IO_L24N_T3_34,3,34,2,NA,HP,NA
AG16,IO_25_VRP_34,NA,34,2,NA,HP,NA
AG22,IO_0_VRN_35,NA,35,2,NA,HP,NA
AJ24,IO_L1P_T0_AD4P_35,0,35,2,NA,HP,NA
AK24,IO_L1N_T0_AD4N_35,0,35,2,NA,HP,NA
AH23,IO_L2P_T0_AD12P_35,0,35,2,NA,HP,NA
AH24,IO_L2N_T0_AD12N_35,0,35,2,NA,HP,NA
AK22,IO_L3P_T0_DQS_AD5P_35,0,35,2,NA,HP,NA
AK23,IO_L3N_T0_DQS_AD5N_35,0,35,2,NA,HP,NA
AH22,IO_L4P_T0_35,0,35,2,NA,HP,NA
AJ22,IO_L4N_T0_35,0,35,2,NA,HP,NA
AJ21,IO_L5P_T0_AD13P_35,0,35,2,NA,HP,NA
AK21,IO_L5N_T0_AD13N_35,0,35,2,NA,HP,NA
AL23,IO_L6P_T0_35,0,35,2,NA,HP,NA
AL24,IO_L6N_T0_VREF_35,0,35,2,NA,HP,NA
AM21,IO_L7P_T1_AD6P_35,1,35,2,NA,HP,NA
AM22,IO_L7N_T1_AD6N_35,1,35,2,NA,HP,NA
AM23,IO_L8P_T1_AD14P_35,1,35,2,NA,HP,NA
AN23,IO_L8N_T1_AD14N_35,1,35,2,NA,HP,NA
AN22,IO_L9P_T1_DQS_AD7P_35,1,35,2,NA,HP,NA
AP22,IO_L9N_T1_DQS_AD7N_35,1,35,2,NA,HP,NA
AN24,IO_L10P_T1_AD15P_35,1,35,2,NA,HP,NA
AP24,IO_L10N_T1_AD15N_35,1,35,2,NA,HP,NA
AP21,IO_L11P_T1_SRCC_35,1,35,2,NA,HP,NA
AR21,IO_L11N_T1_SRCC_35,1,35,2,NA,HP,NA
AR22,IO_L12P_T1_MRCC_35,1,35,2,NA,HP,NA
AR23,IO_L12N_T1_MRCC_35,1,35,2,NA,HP,NA
AR24,IO_L13P_T2_MRCC_35,2,35,2,NA,HP,NA
AT24,IO_L13N_T2_MRCC_35,2,35,2,NA,HP,NA
AT23,IO_L14P_T2_SRCC_35,2,35,2,NA,HP,NA
AU23,IO_L14N_T2_SRCC_35,2,35,2,NA,HP,NA
AT21,IO_L15P_T2_DQS_35,2,35,2,NA,HP,NA
AU21,IO_L15N_T2_DQS_35,2,35,2,NA,HP,NA
AU22,IO_L16P_T2_35,2,35,2,NA,HP,NA
AV22,IO_L16N_T2_35,2,35,2,NA,HP,NA
AW21,IO_L17P_T2_35,2,35,2,NA,HP,NA
AW22,IO_L17N_T2_35,2,35,2,NA,HP,NA
AV23,IO_L18P_T2_35,2,35,2,NA,HP,NA
AV24,IO_L18N_T2_35,2,35,2,NA,HP,NA
AY22,IO_L19P_T3_35,3,35,2,NA,HP,NA
AY23,IO_L19N_T3_VREF_35,3,35,2,NA,HP,NA
AW24,IO_L20P_T3_35,3,35,2,NA,HP,NA
AY24,IO_L20N_T3_35,3,35,2,NA,HP,NA
BB21,IO_L21P_T3_DQS_35,3,35,2,NA,HP,NA
BB22,IO_L21N_T3_DQS_35,3,35,2,NA,HP,NA
BA23,IO_L22P_T3_35,3,35,2,NA,HP,NA
BB23,IO_L22N_T3_35,3,35,2,NA,HP,NA
BD21,IO_L23P_T3_35,3,35,2,NA,HP,NA
BD22,IO_L23N_T3_35,3,35,2,NA,HP,NA
BC22,IO_L24P_T3_35,3,35,2,NA,HP,NA
BC23,IO_L24N_T3_35,3,35,2,NA,HP,NA
AL21,IO_25_VRP_35,NA,35,2,NA,HP,NA
T21,IO_0_VRN_36,NA,36,3,NA,HP,NA
T23,IO_L1P_T0_36,0,36,3,NA,HP,NA
R23,IO_L1N_T0_36,0,36,3,NA,HP,NA
R21,IO_L2P_T0_36,0,36,3,NA,HP,NA
P21,IO_L2N_T0_36,0,36,3,NA,HP,NA
R24,IO_L3P_T0_DQS_36,0,36,3,NA,HP,NA
P24,IO_L3N_T0_DQS_36,0,36,3,NA,HP,NA
R22,IO_L4P_T0_36,0,36,3,NA,HP,NA
P22,IO_L4N_T0_36,0,36,3,NA,HP,NA
T24,IO_L5P_T0_36,0,36,3,NA,HP,NA
T25,IO_L5N_T0_36,0,36,3,NA,HP,NA
N24,IO_L6P_T0_36,0,36,3,NA,HP,NA
N25,IO_L6N_T0_VREF_36,0,36,3,NA,HP,NA
L23,IO_L7P_T1_36,1,36,3,NA,HP,NA
L24,IO_L7N_T1_36,1,36,3,NA,HP,NA
N22,IO_L8P_T1_36,1,36,3,NA,HP,NA
N23,IO_L8N_T1_36,1,36,3,NA,HP,NA
M25,IO_L9P_T1_DQS_36,1,36,3,NA,HP,NA
L25,IO_L9N_T1_DQS_36,1,36,3,NA,HP,NA
M22,IO_L10P_T1_36,1,36,3,NA,HP,NA
M23,IO_L10N_T1_36,1,36,3,NA,HP,NA
K23,IO_L11P_T1_SRCC_36,1,36,3,NA,HP,NA
K24,IO_L11N_T1_SRCC_36,1,36,3,NA,HP,NA
K22,IO_L12P_T1_MRCC_36,1,36,3,NA,HP,NA
J22,IO_L12N_T1_MRCC_36,1,36,3,NA,HP,NA
H22,IO_L13P_T2_MRCC_36,2,36,3,NA,HP,NA
H23,IO_L13N_T2_MRCC_36,2,36,3,NA,HP,NA
J24,IO_L14P_T2_SRCC_36,2,36,3,NA,HP,NA
J25,IO_L14N_T2_SRCC_36,2,36,3,NA,HP,NA
G22,IO_L15P_T2_DQS_36,2,36,3,NA,HP,NA
G23,IO_L15N_T2_DQS_36,2,36,3,NA,HP,NA
H24,IO_L16P_T2_36,2,36,3,NA,HP,NA
H25,IO_L16N_T2_36,2,36,3,NA,HP,NA
F23,IO_L17P_T2_36,2,36,3,NA,HP,NA
F24,IO_L17N_T2_36,2,36,3,NA,HP,NA
G25,IO_L18P_T2_36,2,36,3,NA,HP,NA
F25,IO_L18N_T2_36,2,36,3,NA,HP,NA
E23,IO_L19P_T3_36,3,36,3,NA,HP,NA
E24,IO_L19N_T3_VREF_36,3,36,3,NA,HP,NA
E22,IO_L20P_T3_36,3,36,3,NA,HP,NA
D22,IO_L20N_T3_36,3,36,3,NA,HP,NA
C22,IO_L21P_T3_DQS_36,3,36,3,NA,HP,NA
B22,IO_L21N_T3_DQS_36,3,36,3,NA,HP,NA
D24,IO_L22P_T3_36,3,36,3,NA,HP,NA
C24,IO_L22N_T3_36,3,36,3,NA,HP,NA
C23,IO_L23P_T3_36,3,36,3,NA,HP,NA
B23,IO_L23N_T3_36,3,36,3,NA,HP,NA
A23,IO_L24P_T3_36,3,36,3,NA,HP,NA
A24,IO_L24N_T3_36,3,36,3,NA,HP,NA
P25,IO_25_VRP_36,NA,36,3,NA,HP,NA
R17,IO_0_VRN_37,NA,37,3,NA,HP,NA
T16,IO_L1P_T0_37,0,37,3,NA,HP,NA
T15,IO_L1N_T0_37,0,37,3,NA,HP,NA
P17,IO_L2P_T0_37,0,37,3,NA,HP,NA
N17,IO_L2N_T0_37,0,37,3,NA,HP,NA
P15,IO_L3P_T0_DQS_37,0,37,3,NA,HP,NA
P14,IO_L3N_T0_DQS_37,0,37,3,NA,HP,NA
R16,IO_L4P_T0_37,0,37,3,NA,HP,NA
P16,IO_L4N_T0_37,0,37,3,NA,HP,NA
T14,IO_L5P_T0_37,0,37,3,NA,HP,NA
R14,IO_L5N_T0_37,0,37,3,NA,HP,NA
N15,IO_L6P_T0_37,0,37,3,NA,HP,NA
M15,IO_L6N_T0_VREF_37,0,37,3,NA,HP,NA
K17,IO_L7P_T1_37,1,37,3,NA,HP,NA
K16,IO_L7N_T1_37,1,37,3,NA,HP,NA
M17,IO_L8P_T1_37,1,37,3,NA,HP,NA
M16,IO_L8N_T1_37,1,37,3,NA,HP,NA
L14,IO_L9P_T1_DQS_37,1,37,3,NA,HP,NA
K14,IO_L9N_T1_DQS_37,1,37,3,NA,HP,NA
L16,IO_L10P_T1_37,1,37,3,NA,HP,NA
L15,IO_L10N_T1_37,1,37,3,NA,HP,NA
J15,IO_L11P_T1_SRCC_37,1,37,3,NA,HP,NA
J14,IO_L11N_T1_SRCC_37,1,37,3,NA,HP,NA
J17,IO_L12P_T1_MRCC_37,1,37,3,NA,HP,NA
J16,IO_L12N_T1_MRCC_37,1,37,3,NA,HP,NA
H17,IO_L13P_T2_MRCC_37,2,37,3,NA,HP,NA
G17,IO_L13N_T2_MRCC_37,2,37,3,NA,HP,NA
H15,IO_L14P_T2_SRCC_37,2,37,3,NA,HP,NA
H14,IO_L14N_T2_SRCC_37,2,37,3,NA,HP,NA
G16,IO_L15P_T2_DQS_37,2,37,3,NA,HP,NA
F16,IO_L15N_T2_DQS_37,2,37,3,NA,HP,NA
G15,IO_L16P_T2_37,2,37,3,NA,HP,NA
F15,IO_L16N_T2_37,2,37,3,NA,HP,NA
E17,IO_L17P_T2_37,2,37,3,NA,HP,NA
E16,IO_L17N_T2_37,2,37,3,NA,HP,NA
F14,IO_L18P_T2_37,2,37,3,NA,HP,NA
E14,IO_L18N_T2_37,2,37,3,NA,HP,NA
D16,IO_L19P_T3_37,3,37,3,NA,HP,NA
D15,IO_L19N_T3_VREF_37,3,37,3,NA,HP,NA
D14,IO_L20P_T3_37,3,37,3,NA,HP,NA
C14,IO_L20N_T3_37,3,37,3,NA,HP,NA
C17,IO_L21P_T3_DQS_37,3,37,3,NA,HP,NA
B17,IO_L21N_T3_DQS_37,3,37,3,NA,HP,NA
C15,IO_L22P_T3_37,3,37,3,NA,HP,NA
B15,IO_L22N_T3_37,3,37,3,NA,HP,NA
B16,IO_L23P_T3_37,3,37,3,NA,HP,NA
A16,IO_L23N_T3_37,3,37,3,NA,HP,NA
A15,IO_L24P_T3_37,3,37,3,NA,HP,NA
A14,IO_L24N_T3_37,3,37,3,NA,HP,NA
N14,IO_25_VRP_37,NA,37,3,NA,HP,NA
N18,IO_0_VRN_38,NA,38,3,NA,HP,NA
P20,IO_L1P_T0_38,0,38,3,NA,HP,NA
N20,IO_L1N_T0_38,0,38,3,NA,HP,NA
P19,IO_L2P_T0_38,0,38,3,NA,HP,NA
N19,IO_L2N_T0_38,0,38,3,NA,HP,NA
M21,IO_L3P_T0_DQS_38,0,38,3,NA,HP,NA
M20,IO_L3N_T0_DQS_38,0,38,3,NA,HP,NA
T18,IO_L4P_T0_38,0,38,3,NA,HP,NA
R18,IO_L4N_T0_38,0,38,3,NA,HP,NA
T19,IO_L5P_T0_38,0,38,3,NA,HP,NA
R19,IO_L5N_T0_38,0,38,3,NA,HP,NA
M18,IO_L6P_T0_38,0,38,3,NA,HP,NA
L18,IO_L6N_T0_VREF_38,0,38,3,NA,HP,NA
L21,IO_L7P_T1_38,1,38,3,NA,HP,NA
L20,IO_L7N_T1_38,1,38,3,NA,HP,NA
L19,IO_L8P_T1_38,1,38,3,NA,HP,NA
K18,IO_L8N_T1_38,1,38,3,NA,HP,NA
K21,IO_L9P_T1_DQS_38,1,38,3,NA,HP,NA
J21,IO_L9N_T1_DQS_38,1,38,3,NA,HP,NA
K19,IO_L10P_T1_38,1,38,3,NA,HP,NA
J19,IO_L10N_T1_38,1,38,3,NA,HP,NA
J20,IO_L11P_T1_SRCC_38,1,38,3,NA,HP,NA
H20,IO_L11N_T1_SRCC_38,1,38,3,NA,HP,NA
H19,IO_L12P_T1_MRCC_38,1,38,3,NA,HP,NA
H18,IO_L12N_T1_MRCC_38,1,38,3,NA,HP,NA
G18,IO_L13P_T2_MRCC_38,2,38,3,NA,HP,NA
F18,IO_L13N_T2_MRCC_38,2,38,3,NA,HP,NA
G21,IO_L14P_T2_SRCC_38,2,38,3,NA,HP,NA
G20,IO_L14N_T2_SRCC_38,2,38,3,NA,HP,NA
E18,IO_L15P_T2_DQS_38,2,38,3,NA,HP,NA
D17,IO_L15N_T2_DQS_38,2,38,3,NA,HP,NA
F20,IO_L16P_T2_38,2,38,3,NA,HP,NA
F19,IO_L16N_T2_38,2,38,3,NA,HP,NA
E19,IO_L17P_T2_38,2,38,3,NA,HP,NA
D19,IO_L17N_T2_38,2,38,3,NA,HP,NA
F21,IO_L18P_T2_38,2,38,3,NA,HP,NA
E21,IO_L18N_T2_38,2,38,3,NA,HP,NA
D21,IO_L19P_T3_38,3,38,3,NA,HP,NA
D20,IO_L19N_T3_VREF_38,3,38,3,NA,HP,NA
A19,IO_L20P_T3_38,3,38,3,NA,HP,NA
A18,IO_L20N_T3_38,3,38,3,NA,HP,NA
C20,IO_L21P_T3_DQS_38,3,38,3,NA,HP,NA
C19,IO_L21N_T3_DQS_38,3,38,3,NA,HP,NA
B20,IO_L22P_T3_38,3,38,3,NA,HP,NA
A20,IO_L22N_T3_38,3,38,3,NA,HP,NA
C18,IO_L23P_T3_38,3,38,3,NA,HP,NA
B18,IO_L23N_T3_38,3,38,3,NA,HP,NA
B21,IO_L24P_T3_38,3,38,3,NA,HP,NA
A21,IO_L24N_T3_38,3,38,3,NA,HP,NA
T20,IO_25_VRP_38,NA,38,3,NA,HP,NA
BB4,MGTHTXP3_110,NA,110,NA,NA,GTH,NA
BB8,MGTHRXP3_110,NA,110,NA,NA,GTH,NA
BB3,MGTHTXN3_110,NA,110,NA,NA,GTH,NA
BB7,MGTHRXN3_110,NA,110,NA,NA,GTH,NA
BC6,MGTHTXP2_110,NA,110,NA,NA,GTH,NA
BB12,MGTHRXP2_110,NA,110,NA,NA,GTH,NA
BC5,MGTHTXN2_110,NA,110,NA,NA,GTH,NA
AU10,MGTREFCLK0P_110,NA,110,NA,NA,GTH,NA
BB11,MGTHRXN2_110,NA,110,NA,NA,GTH,NA
AU9,MGTREFCLK0N_110,NA,110,NA,NA,GTH,NA
AV11,MGTREFCLK1N_110,NA,110,NA,NA,GTH,NA
AV12,MGTREFCLK1P_110,NA,110,NA,NA,GTH,NA
BD4,MGTHTXP1_110,NA,110,NA,NA,GTH,NA
BC10,MGTHRXP1_110,NA,110,NA,NA,GTH,NA
BD3,MGTHTXN1_110,NA,110,NA,NA,GTH,NA
BC9,MGTHRXN1_110,NA,110,NA,NA,GTH,NA
BD8,MGTHTXP0_110,NA,110,NA,NA,GTH,NA
BD12,MGTHRXP0_110,NA,110,NA,NA,GTH,NA
BD7,MGTHTXN0_110,NA,110,NA,NA,GTH,NA
BD11,MGTHRXN0_110,NA,110,NA,NA,GTH,NA
AW2,MGTHTXP3_111,NA,111,NA,NA,GTH,NA
AW6,MGTHRXP3_111,NA,111,NA,NA,GTH,NA
AW1,MGTHTXN3_111,NA,111,NA,NA,GTH,NA
AW5,MGTHRXN3_111,NA,111,NA,NA,GTH,NA
AY4,MGTHTXP2_111,NA,111,NA,NA,GTH,NA
AW10,MGTHRXP2_111,NA,111,NA,NA,GTH,NA
AY3,MGTHTXN2_111,NA,111,NA,NA,GTH,NA
AR10,MGTREFCLK0P_111,NA,111,NA,NA,GTH,NA
AW9,MGTHRXN2_111,NA,111,NA,NA,GTH,NA
AR9,MGTREFCLK0N_111,NA,111,NA,NA,GTH,NA
AT11,MGTREFCLK1N_111,NA,111,NA,NA,GTH,NA
AT12,MGTREFCLK1P_111,NA,111,NA,NA,GTH,NA
BA2,MGTHTXP1_111,NA,111,NA,NA,GTH,NA
AY8,MGTHRXP1_111,NA,111,NA,NA,GTH,NA
BA1,MGTHTXN1_111,NA,111,NA,NA,GTH,NA
AY7,MGTHRXN1_111,NA,111,NA,NA,GTH,NA
BA6,MGTHTXP0_111,NA,111,NA,NA,GTH,NA
BA10,MGTHRXP0_111,NA,111,NA,NA,GTH,NA
BA5,MGTHTXN0_111,NA,111,NA,NA,GTH,NA
BA9,MGTHRXN0_111,NA,111,NA,NA,GTH,NA
AR2,MGTHTXP3_112,NA,112,NA,NA,GTH,NA
AR6,MGTHRXP3_112,NA,112,NA,NA,GTH,NA
AR1,MGTHTXN3_112,NA,112,NA,NA,GTH,NA
AR5,MGTHRXN3_112,NA,112,NA,NA,GTH,NA
AT4,MGTHTXP2_112,NA,112,NA,NA,GTH,NA
AT8,MGTHRXP2_112,NA,112,NA,NA,GTH,NA
AT3,MGTHTXN2_112,NA,112,NA,NA,GTH,NA
AN10,MGTREFCLK0P_112,NA,112,NA,NA,GTH,NA
AT7,MGTHRXN2_112,NA,112,NA,NA,GTH,NA
AY11,MGTAVTTRCAL_112,NA,112,NA,NA,GTH,NA
AN9,MGTREFCLK0N_112,NA,112,NA,NA,GTH,NA
AY12,MGTRREF_112,NA,112,NA,NA,GTH,NA
AP11,MGTREFCLK1N_112,NA,112,NA,NA,GTH,NA
AP12,MGTREFCLK1P_112,NA,112,NA,NA,GTH,NA
AU2,MGTHTXP1_112,NA,112,NA,NA,GTH,NA
AU6,MGTHRXP1_112,NA,112,NA,NA,GTH,NA
AU1,MGTHTXN1_112,NA,112,NA,NA,GTH,NA
AU5,MGTHRXN1_112,NA,112,NA,NA,GTH,NA
AV4,MGTHTXP0_112,NA,112,NA,NA,GTH,NA
AV8,MGTHRXP0_112,NA,112,NA,NA,GTH,NA
AV3,MGTHTXN0_112,NA,112,NA,NA,GTH,NA
AV7,MGTHRXN0_112,NA,112,NA,NA,GTH,NA
AL2,MGTHTXP3_113,NA,113,NA,NA,GTH,NA
AL6,MGTHRXP3_113,NA,113,NA,NA,GTH,NA
AL1,MGTHTXN3_113,NA,113,NA,NA,GTH,NA
AL5,MGTHRXN3_113,NA,113,NA,NA,GTH,NA
AM4,MGTHTXP2_113,NA,113,NA,NA,GTH,NA
AM8,MGTHRXP2_113,NA,113,NA,NA,GTH,NA
AM3,MGTHTXN2_113,NA,113,NA,NA,GTH,NA
AL10,MGTREFCLK0P_113,NA,113,NA,NA,GTH,NA
AM7,MGTHRXN2_113,NA,113,NA,NA,GTH,NA
AL9,MGTREFCLK0N_113,NA,113,NA,NA,GTH,NA
AM11,MGTREFCLK1N_113,NA,113,NA,NA,GTH,NA
AM12,MGTREFCLK1P_113,NA,113,NA,NA,GTH,NA
AN2,MGTHTXP1_113,NA,113,NA,NA,GTH,NA
AN6,MGTHRXP1_113,NA,113,NA,NA,GTH,NA
AN1,MGTHTXN1_113,NA,113,NA,NA,GTH,NA
AN5,MGTHRXN1_113,NA,113,NA,NA,GTH,NA
AP4,MGTHTXP0_113,NA,113,NA,NA,GTH,NA
AP8,MGTHRXP0_113,NA,113,NA,NA,GTH,NA
AP3,MGTHTXN0_113,NA,113,NA,NA,GTH,NA
AP7,MGTHRXN0_113,NA,113,NA,NA,GTH,NA
AG2,MGTHTXP3_114,NA,114,NA,NA,GTH,NA
AG6,MGTHRXP3_114,NA,114,NA,NA,GTH,NA
AG1,MGTHTXN3_114,NA,114,NA,NA,GTH,NA
AG5,MGTHRXN3_114,NA,114,NA,NA,GTH,NA
AH4,MGTHTXP2_114,NA,114,NA,NA,GTH,NA
AH8,MGTHRXP2_114,NA,114,NA,NA,GTH,NA
AH3,MGTHTXN2_114,NA,114,NA,NA,GTH,NA
AG10,MGTREFCLK0P_114,NA,114,NA,NA,GTH,NA
AH7,MGTHRXN2_114,NA,114,NA,NA,GTH,NA
AG9,MGTREFCLK0N_114,NA,114,NA,NA,GTH,NA
AJ9,MGTREFCLK1N_114,NA,114,NA,NA,GTH,NA
AJ10,MGTREFCLK1P_114,NA,114,NA,NA,GTH,NA
AJ2,MGTHTXP1_114,NA,114,NA,NA,GTH,NA
AJ6,MGTHRXP1_114,NA,114,NA,NA,GTH,NA
AJ1,MGTHTXN1_114,NA,114,NA,NA,GTH,NA
AJ5,MGTHRXN1_114,NA,114,NA,NA,GTH,NA
AK4,MGTHTXP0_114,NA,114,NA,NA,GTH,NA
AK8,MGTHRXP0_114,NA,114,NA,NA,GTH,NA
AK3,MGTHTXN0_114,NA,114,NA,NA,GTH,NA
AK7,MGTHRXN0_114,NA,114,NA,NA,GTH,NA
AC2,MGTHTXP3_115,NA,115,NA,NA,GTH,NA
AC6,MGTHRXP3_115,NA,115,NA,NA,GTH,NA
AC1,MGTHTXN3_115,NA,115,NA,NA,GTH,NA
AC5,MGTHRXN3_115,NA,115,NA,NA,GTH,NA
AD4,MGTHTXP2_115,NA,115,NA,NA,GTH,NA
AD8,MGTHRXP2_115,NA,115,NA,NA,GTH,NA
AD3,MGTHTXN2_115,NA,115,NA,NA,GTH,NA
AC10,MGTREFCLK0P_115,NA,115,NA,NA,GTH,NA
AD7,MGTHRXN2_115,NA,115,NA,NA,GTH,NA
AK11,MGTAVTTRCAL_115,NA,115,NA,NA,GTH,NA
AC9,MGTREFCLK0N_115,NA,115,NA,NA,GTH,NA
AK12,MGTRREF_115,NA,115,NA,NA,GTH,NA
AE9,MGTREFCLK1N_115,NA,115,NA,NA,GTH,NA
AE10,MGTREFCLK1P_115,NA,115,NA,NA,GTH,NA
AE2,MGTHTXP1_115,NA,115,NA,NA,GTH,NA
AE6,MGTHRXP1_115,NA,115,NA,NA,GTH,NA
AE1,MGTHTXN1_115,NA,115,NA,NA,GTH,NA
AE5,MGTHRXN1_115,NA,115,NA,NA,GTH,NA
AF4,MGTHTXP0_115,NA,115,NA,NA,GTH,NA
AF8,MGTHRXP0_115,NA,115,NA,NA,GTH,NA
AF3,MGTHTXN0_115,NA,115,NA,NA,GTH,NA
AF7,MGTHRXN0_115,NA,115,NA,NA,GTH,NA
W2,MGTHTXP3_116,NA,116,NA,NA,GTH,NA
W6,MGTHRXP3_116,NA,116,NA,NA,GTH,NA
W1,MGTHTXN3_116,NA,116,NA,NA,GTH,NA
W5,MGTHRXN3_116,NA,116,NA,NA,GTH,NA
Y4,MGTHTXP2_116,NA,116,NA,NA,GTH,NA
Y8,MGTHRXP2_116,NA,116,NA,NA,GTH,NA
Y3,MGTHTXN2_116,NA,116,NA,NA,GTH,NA
W10,MGTREFCLK0P_116,NA,116,NA,NA,GTH,NA
Y7,MGTHRXN2_116,NA,116,NA,NA,GTH,NA
W9,MGTREFCLK0N_116,NA,116,NA,NA,GTH,NA
AA9,MGTREFCLK1N_116,NA,116,NA,NA,GTH,NA
AA10,MGTREFCLK1P_116,NA,116,NA,NA,GTH,NA
AA2,MGTHTXP1_116,NA,116,NA,NA,GTH,NA
AA6,MGTHRXP1_116,NA,116,NA,NA,GTH,NA
AA1,MGTHTXN1_116,NA,116,NA,NA,GTH,NA
AA5,MGTHRXN1_116,NA,116,NA,NA,GTH,NA
AB4,MGTHTXP0_116,NA,116,NA,NA,GTH,NA
AB8,MGTHRXP0_116,NA,116,NA,NA,GTH,NA
AB3,MGTHTXN0_116,NA,116,NA,NA,GTH,NA
AB7,MGTHRXN0_116,NA,116,NA,NA,GTH,NA
R2,MGTHTXP3_117,NA,117,NA,NA,GTH,NA
R6,MGTHRXP3_117,NA,117,NA,NA,GTH,NA
R1,MGTHTXN3_117,NA,117,NA,NA,GTH,NA
R5,MGTHRXN3_117,NA,117,NA,NA,GTH,NA
T4,MGTHTXP2_117,NA,117,NA,NA,GTH,NA
T8,MGTHRXP2_117,NA,117,NA,NA,GTH,NA
T3,MGTHTXN2_117,NA,117,NA,NA,GTH,NA
R10,MGTREFCLK0P_117,NA,117,NA,NA,GTH,NA
T7,MGTHRXN2_117,NA,117,NA,NA,GTH,NA
R9,MGTREFCLK0N_117,NA,117,NA,NA,GTH,NA
U9,MGTREFCLK1N_117,NA,117,NA,NA,GTH,NA
U10,MGTREFCLK1P_117,NA,117,NA,NA,GTH,NA
U2,MGTHTXP1_117,NA,117,NA,NA,GTH,NA
U6,MGTHRXP1_117,NA,117,NA,NA,GTH,NA
U1,MGTHTXN1_117,NA,117,NA,NA,GTH,NA
U5,MGTHRXN1_117,NA,117,NA,NA,GTH,NA
V4,MGTHTXP0_117,NA,117,NA,NA,GTH,NA
V8,MGTHRXP0_117,NA,117,NA,NA,GTH,NA
V3,MGTHTXN0_117,NA,117,NA,NA,GTH,NA
V7,MGTHRXN0_117,NA,117,NA,NA,GTH,NA
L2,MGTHTXP3_118,NA,118,NA,NA,GTH,NA
L6,MGTHRXP3_118,NA,118,NA,NA,GTH,NA
L1,MGTHTXN3_118,NA,118,NA,NA,GTH,NA
L5,MGTHRXN3_118,NA,118,NA,NA,GTH,NA
M4,MGTHTXP2_118,NA,118,NA,NA,GTH,NA
M8,MGTHRXP2_118,NA,118,NA,NA,GTH,NA
M3,MGTHTXN2_118,NA,118,NA,NA,GTH,NA
N10,MGTREFCLK0P_118,NA,118,NA,NA,GTH,NA
M7,MGTHRXN2_118,NA,118,NA,NA,GTH,NA
T11,MGTAVTTRCAL_118,NA,118,NA,NA,GTH,NA
N9,MGTREFCLK0N_118,NA,118,NA,NA,GTH,NA
T12,MGTRREF_118,NA,118,NA,NA,GTH,NA
P11,MGTREFCLK1N_118,NA,118,NA,NA,GTH,NA
P12,MGTREFCLK1P_118,NA,118,NA,NA,GTH,NA
N2,MGTHTXP1_118,NA,118,NA,NA,GTH,NA
N6,MGTHRXP1_118,NA,118,NA,NA,GTH,NA
N1,MGTHTXN1_118,NA,118,NA,NA,GTH,NA
N5,MGTHRXN1_118,NA,118,NA,NA,GTH,NA
P4,MGTHTXP0_118,NA,118,NA,NA,GTH,NA
P8,MGTHRXP0_118,NA,118,NA,NA,GTH,NA
P3,MGTHTXN0_118,NA,118,NA,NA,GTH,NA
P7,MGTHRXN0_118,NA,118,NA,NA,GTH,NA
G2,NC,NA,NOPAD/UNCONNECTED,NA,NA,NA,NA
G6,NC,NA,NOPAD/UNCONNECTED,NA,NA,NA,NA
G1,NC,NA,NOPAD/UNCONNECTED,NA,NA,NA,NA
G5,NC,NA,NOPAD/UNCONNECTED,NA,NA,NA,NA
H4,NC,NA,NOPAD/UNCONNECTED,NA,NA,NA,NA
H8,NC,NA,NOPAD/UNCONNECTED,NA,NA,NA,NA
H3,NC,NA,NOPAD/UNCONNECTED,NA,NA,NA,NA
L10,NC,NA,NOPAD/UNCONNECTED,NA,NA,NA,NA
H7,NC,NA,NOPAD/UNCONNECTED,NA,NA,NA,NA
L9,NC,NA,NOPAD/UNCONNECTED,NA,NA,NA,NA
M11,NC,NA,NOPAD/UNCONNECTED,NA,NA,NA,NA
M12,NC,NA,NOPAD/UNCONNECTED,NA,NA,NA,NA
J2,NC,NA,NOPAD/UNCONNECTED,NA,NA,NA,NA
J6,NC,NA,NOPAD/UNCONNECTED,NA,NA,NA,NA
J1,NC,NA,NOPAD/UNCONNECTED,NA,NA,NA,NA
J5,NC,NA,NOPAD/UNCONNECTED,NA,NA,NA,NA
K4,NC,NA,NOPAD/UNCONNECTED,NA,NA,NA,NA
K8,NC,NA,NOPAD/UNCONNECTED,NA,NA,NA,NA
K3,NC,NA,NOPAD/UNCONNECTED,NA,NA,NA,NA
K7,NC,NA,NOPAD/UNCONNECTED,NA,NA,NA,NA
C2,NC,NA,NOPAD/UNCONNECTED,NA,NA,NA,NA
D8,NC,NA,NOPAD/UNCONNECTED,NA,NA,NA,NA
C1,NC,NA,NOPAD/UNCONNECTED,NA,NA,NA,NA
D7,NC,NA,NOPAD/UNCONNECTED,NA,NA,NA,NA
D4,NC,NA,NOPAD/UNCONNECTED,NA,NA,NA,NA
E10,NC,NA,NOPAD/UNCONNECTED,NA,NA,NA,NA
D3,NC,NA,NOPAD/UNCONNECTED,NA,NA,NA,NA
J10,NC,NA,NOPAD/UNCONNECTED,NA,NA,NA,NA
E9,NC,NA,NOPAD/UNCONNECTED,NA,NA,NA,NA
J9,NC,NA,NOPAD/UNCONNECTED,NA,NA,NA,NA
K11,NC,NA,NOPAD/UNCONNECTED,NA,NA,NA,NA
K12,NC,NA,NOPAD/UNCONNECTED,NA,NA,NA,NA
E2,NC,NA,NOPAD/UNCONNECTED,NA,NA,NA,NA
E6,NC,NA,NOPAD/UNCONNECTED,NA,NA,NA,NA
E1,NC,NA,NOPAD/UNCONNECTED,NA,NA,NA,NA
E5,NC,NA,NOPAD/UNCONNECTED,NA,NA,NA,NA
F4,NC,NA,NOPAD/UNCONNECTED,NA,NA,NA,NA
F8,NC,NA,NOPAD/UNCONNECTED,NA,NA,NA,NA
F3,NC,NA,NOPAD/UNCONNECTED,NA,NA,NA,NA
F7,NC,NA,NOPAD/UNCONNECTED,NA,NA,NA,NA
A6,NC,NA,NOPAD/UNCONNECTED,NA,NA,NA,NA
A10,NC,NA,NOPAD/UNCONNECTED,NA,NA,NA,NA
A5,NC,NA,NOPAD/UNCONNECTED,NA,NA,NA,NA
A9,NC,NA,NOPAD/UNCONNECTED,NA,NA,NA,NA
B8,NC,NA,NOPAD/UNCONNECTED,NA,NA,NA,NA
B12,NC,NA,NOPAD/UNCONNECTED,NA,NA,NA,NA
B7,NC,NA,NOPAD/UNCONNECTED,NA,NA,NA,NA
G10,NC,NA,NOPAD/UNCONNECTED,NA,NA,NA,NA
B11,NC,NA,NOPAD/UNCONNECTED,NA,NA,NA,NA
F11,NC,NA,NOPAD/UNCONNECTED,NA,NA,NA,NA
G9,NC,NA,NOPAD/UNCONNECTED,NA,NA,NA,NA
F12,NC,NA,NOPAD/UNCONNECTED,NA,NA,NA,NA
H11,NC,NA,NOPAD/UNCONNECTED,NA,NA,NA,NA
H12,NC,NA,NOPAD/UNCONNECTED,NA,NA,NA,NA
B4,NC,NA,NOPAD/UNCONNECTED,NA,NA,NA,NA
C10,NC,NA,NOPAD/UNCONNECTED,NA,NA,NA,NA
B3,NC,NA,NOPAD/UNCONNECTED,NA,NA,NA,NA
C9,NC,NA,NOPAD/UNCONNECTED,NA,NA,NA,NA
C6,NC,NA,NOPAD/UNCONNECTED,NA,NA,NA,NA
D12,NC,NA,NOPAD/UNCONNECTED,NA,NA,NA,NA
C5,NC,NA,NOPAD/UNCONNECTED,NA,NA,NA,NA
D11,NC,NA,NOPAD/UNCONNECTED,NA,NA,NA,NA
BB41,MGTHTXP3_210,NA,210,NA,NA,GTH,NA
BB37,MGTHRXP3_210,NA,210,NA,NA,GTH,NA
BB42,MGTHTXN3_210,NA,210,NA,NA,GTH,NA
BB38,MGTHRXN3_210,NA,210,NA,NA,GTH,NA
BC39,MGTHTXP2_210,NA,210,NA,NA,GTH,NA
BB33,MGTHRXP2_210,NA,210,NA,NA,GTH,NA
BC40,MGTHTXN2_210,NA,210,NA,NA,GTH,NA
AU35,MGTREFCLK0P_210,NA,210,NA,NA,GTH,NA
BB34,MGTHRXN2_210,NA,210,NA,NA,GTH,NA
AU36,MGTREFCLK0N_210,NA,210,NA,NA,GTH,NA
AV34,MGTREFCLK1N_210,NA,210,NA,NA,GTH,NA
AV33,MGTREFCLK1P_210,NA,210,NA,NA,GTH,NA
BD41,MGTHTXP1_210,NA,210,NA,NA,GTH,NA
BC35,MGTHRXP1_210,NA,210,NA,NA,GTH,NA
BD42,MGTHTXN1_210,NA,210,NA,NA,GTH,NA
BC36,MGTHRXN1_210,NA,210,NA,NA,GTH,NA
BD37,MGTHTXP0_210,NA,210,NA,NA,GTH,NA
BD33,MGTHRXP0_210,NA,210,NA,NA,GTH,NA
BD38,MGTHTXN0_210,NA,210,NA,NA,GTH,NA
BD34,MGTHRXN0_210,NA,210,NA,NA,GTH,NA
AW43,MGTHTXP3_211,NA,211,NA,NA,GTH,NA
AW39,MGTHRXP3_211,NA,211,NA,NA,GTH,NA
AW44,MGTHTXN3_211,NA,211,NA,NA,GTH,NA
AW40,MGTHRXN3_211,NA,211,NA,NA,GTH,NA
AY41,MGTHTXP2_211,NA,211,NA,NA,GTH,NA
AW35,MGTHRXP2_211,NA,211,NA,NA,GTH,NA
AY42,MGTHTXN2_211,NA,211,NA,NA,GTH,NA
AR35,MGTREFCLK0P_211,NA,211,NA,NA,GTH,NA
AW36,MGTHRXN2_211,NA,211,NA,NA,GTH,NA
AR36,MGTREFCLK0N_211,NA,211,NA,NA,GTH,NA
AT34,MGTREFCLK1N_211,NA,211,NA,NA,GTH,NA
AT33,MGTREFCLK1P_211,NA,211,NA,NA,GTH,NA
BA43,MGTHTXP1_211,NA,211,NA,NA,GTH,NA
AY37,MGTHRXP1_211,NA,211,NA,NA,GTH,NA
BA44,MGTHTXN1_211,NA,211,NA,NA,GTH,NA
AY38,MGTHRXN1_211,NA,211,NA,NA,GTH,NA
BA39,MGTHTXP0_211,NA,211,NA,NA,GTH,NA
BA35,MGTHRXP0_211,NA,211,NA,NA,GTH,NA
BA40,MGTHTXN0_211,NA,211,NA,NA,GTH,NA
BA36,MGTHRXN0_211,NA,211,NA,NA,GTH,NA
AR43,MGTHTXP3_212,NA,212,NA,NA,GTH,NA
AR39,MGTHRXP3_212,NA,212,NA,NA,GTH,NA
AR44,MGTHTXN3_212,NA,212,NA,NA,GTH,NA
AR40,MGTHRXN3_212,NA,212,NA,NA,GTH,NA
AT41,MGTHTXP2_212,NA,212,NA,NA,GTH,NA
AT37,MGTHRXP2_212,NA,212,NA,NA,GTH,NA
AT42,MGTHTXN2_212,NA,212,NA,NA,GTH,NA
AN35,MGTREFCLK0P_212,NA,212,NA,NA,GTH,NA
AT38,MGTHRXN2_212,NA,212,NA,NA,GTH,NA
AY34,MGTAVTTRCAL_212,NA,212,NA,NA,GTH,NA
AN36,MGTREFCLK0N_212,NA,212,NA,NA,GTH,NA
AY33,MGTRREF_212,NA,212,NA,NA,GTH,NA
AP34,MGTREFCLK1N_212,NA,212,NA,NA,GTH,NA
AP33,MGTREFCLK1P_212,NA,212,NA,NA,GTH,NA
AU43,MGTHTXP1_212,NA,212,NA,NA,GTH,NA
AU39,MGTHRXP1_212,NA,212,NA,NA,GTH,NA
AU44,MGTHTXN1_212,NA,212,NA,NA,GTH,NA
AU40,MGTHRXN1_212,NA,212,NA,NA,GTH,NA
AV41,MGTHTXP0_212,NA,212,NA,NA,GTH,NA
AV37,MGTHRXP0_212,NA,212,NA,NA,GTH,NA
AV42,MGTHTXN0_212,NA,212,NA,NA,GTH,NA
AV38,MGTHRXN0_212,NA,212,NA,NA,GTH,NA
AL43,MGTHTXP3_213,NA,213,NA,NA,GTH,NA
AL39,MGTHRXP3_213,NA,213,NA,NA,GTH,NA
AL44,MGTHTXN3_213,NA,213,NA,NA,GTH,NA
AL40,MGTHRXN3_213,NA,213,NA,NA,GTH,NA
AM41,MGTHTXP2_213,NA,213,NA,NA,GTH,NA
AM37,MGTHRXP2_213,NA,213,NA,NA,GTH,NA
AM42,MGTHTXN2_213,NA,213,NA,NA,GTH,NA
AL35,MGTREFCLK0P_213,NA,213,NA,NA,GTH,NA
AM38,MGTHRXN2_213,NA,213,NA,NA,GTH,NA
AL36,MGTREFCLK0N_213,NA,213,NA,NA,GTH,NA
AM34,MGTREFCLK1N_213,NA,213,NA,NA,GTH,NA
AM33,MGTREFCLK1P_213,NA,213,NA,NA,GTH,NA
AN43,MGTHTXP1_213,NA,213,NA,NA,GTH,NA
AN39,MGTHRXP1_213,NA,213,NA,NA,GTH,NA
AN44,MGTHTXN1_213,NA,213,NA,NA,GTH,NA
AN40,MGTHRXN1_213,NA,213,NA,NA,GTH,NA
AP41,MGTHTXP0_213,NA,213,NA,NA,GTH,NA
AP37,MGTHRXP0_213,NA,213,NA,NA,GTH,NA
AP42,MGTHTXN0_213,NA,213,NA,NA,GTH,NA
AP38,MGTHRXN0_213,NA,213,NA,NA,GTH,NA
AG43,MGTHTXP3_214,NA,214,NA,NA,GTH,NA
AG39,MGTHRXP3_214,NA,214,NA,NA,GTH,NA
AG44,MGTHTXN3_214,NA,214,NA,NA,GTH,NA
AG40,MGTHRXN3_214,NA,214,NA,NA,GTH,NA
AH41,MGTHTXP2_214,NA,214,NA,NA,GTH,NA
AH37,MGTHRXP2_214,NA,214,NA,NA,GTH,NA
AH42,MGTHTXN2_214,NA,214,NA,NA,GTH,NA
AG35,MGTREFCLK0P_214,NA,214,NA,NA,GTH,NA
AH38,MGTHRXN2_214,NA,214,NA,NA,GTH,NA
AG36,MGTREFCLK0N_214,NA,214,NA,NA,GTH,NA
AJ36,MGTREFCLK1N_214,NA,214,NA,NA,GTH,NA
AJ35,MGTREFCLK1P_214,NA,214,NA,NA,GTH,NA
AJ43,MGTHTXP1_214,NA,214,NA,NA,GTH,NA
AJ39,MGTHRXP1_214,NA,214,NA,NA,GTH,NA
AJ44,MGTHTXN1_214,NA,214,NA,NA,GTH,NA
AJ40,MGTHRXN1_214,NA,214,NA,NA,GTH,NA
AK41,MGTHTXP0_214,NA,214,NA,NA,GTH,NA
AK37,MGTHRXP0_214,NA,214,NA,NA,GTH,NA
AK42,MGTHTXN0_214,NA,214,NA,NA,GTH,NA
AK38,MGTHRXN0_214,NA,214,NA,NA,GTH,NA
AC43,MGTHTXP3_215,NA,215,NA,NA,GTH,NA
AC39,MGTHRXP3_215,NA,215,NA,NA,GTH,NA
AC44,MGTHTXN3_215,NA,215,NA,NA,GTH,NA
AC40,MGTHRXN3_215,NA,215,NA,NA,GTH,NA
AD41,MGTHTXP2_215,NA,215,NA,NA,GTH,NA
AD37,MGTHRXP2_215,NA,215,NA,NA,GTH,NA
AD42,MGTHTXN2_215,NA,215,NA,NA,GTH,NA
AC35,MGTREFCLK0P_215,NA,215,NA,NA,GTH,NA
AD38,MGTHRXN2_215,NA,215,NA,NA,GTH,NA
AK34,MGTAVTTRCAL_215,NA,215,NA,NA,GTH,NA
AC36,MGTREFCLK0N_215,NA,215,NA,NA,GTH,NA
AK33,MGTRREF_215,NA,215,NA,NA,GTH,NA
AE36,MGTREFCLK1N_215,NA,215,NA,NA,GTH,NA
AE35,MGTREFCLK1P_215,NA,215,NA,NA,GTH,NA
AE43,MGTHTXP1_215,NA,215,NA,NA,GTH,NA
AE39,MGTHRXP1_215,NA,215,NA,NA,GTH,NA
AE44,MGTHTXN1_215,NA,215,NA,NA,GTH,NA
AE40,MGTHRXN1_215,NA,215,NA,NA,GTH,NA
AF41,MGTHTXP0_215,NA,215,NA,NA,GTH,NA
AF37,MGTHRXP0_215,NA,215,NA,NA,GTH,NA
AF42,MGTHTXN0_215,NA,215,NA,NA,GTH,NA
AF38,MGTHRXN0_215,NA,215,NA,NA,GTH,NA
W43,MGTHTXP3_216,NA,216,NA,NA,GTH,NA
W39,MGTHRXP3_216,NA,216,NA,NA,GTH,NA
W44,MGTHTXN3_216,NA,216,NA,NA,GTH,NA
W40,MGTHRXN3_216,NA,216,NA,NA,GTH,NA
Y41,MGTHTXP2_216,NA,216,NA,NA,GTH,NA
Y37,MGTHRXP2_216,NA,216,NA,NA,GTH,NA
Y42,MGTHTXN2_216,NA,216,NA,NA,GTH,NA
W35,MGTREFCLK0P_216,NA,216,NA,NA,GTH,NA
Y38,MGTHRXN2_216,NA,216,NA,NA,GTH,NA
W36,MGTREFCLK0N_216,NA,216,NA,NA,GTH,NA
AA36,MGTREFCLK1N_216,NA,216,NA,NA,GTH,NA
AA35,MGTREFCLK1P_216,NA,216,NA,NA,GTH,NA
AA43,MGTHTXP1_216,NA,216,NA,NA,GTH,NA
AA39,MGTHRXP1_216,NA,216,NA,NA,GTH,NA
AA44,MGTHTXN1_216,NA,216,NA,NA,GTH,NA
AA40,MGTHRXN1_216,NA,216,NA,NA,GTH,NA
AB41,MGTHTXP0_216,NA,216,NA,NA,GTH,NA
AB37,MGTHRXP0_216,NA,216,NA,NA,GTH,NA
AB42,MGTHTXN0_216,NA,216,NA,NA,GTH,NA
AB38,MGTHRXN0_216,NA,216,NA,NA,GTH,NA
R43,MGTHTXP3_217,NA,217,NA,NA,GTH,NA
R39,MGTHRXP3_217,NA,217,NA,NA,GTH,NA
R44,MGTHTXN3_217,NA,217,NA,NA,GTH,NA
R40,MGTHRXN3_217,NA,217,NA,NA,GTH,NA
T41,MGTHTXP2_217,NA,217,NA,NA,GTH,NA
T37,MGTHRXP2_217,NA,217,NA,NA,GTH,NA
T42,MGTHTXN2_217,NA,217,NA,NA,GTH,NA
R35,MGTREFCLK0P_217,NA,217,NA,NA,GTH,NA
T38,MGTHRXN2_217,NA,217,NA,NA,GTH,NA
R36,MGTREFCLK0N_217,NA,217,NA,NA,GTH,NA
U36,MGTREFCLK1N_217,NA,217,NA,NA,GTH,NA
U35,MGTREFCLK1P_217,NA,217,NA,NA,GTH,NA
U43,MGTHTXP1_217,NA,217,NA,NA,GTH,NA
U39,MGTHRXP1_217,NA,217,NA,NA,GTH,NA
U44,MGTHTXN1_217,NA,217,NA,NA,GTH,NA
U40,MGTHRXN1_217,NA,217,NA,NA,GTH,NA
V41,MGTHTXP0_217,NA,217,NA,NA,GTH,NA
V37,MGTHRXP0_217,NA,217,NA,NA,GTH,NA
V42,MGTHTXN0_217,NA,217,NA,NA,GTH,NA
V38,MGTHRXN0_217,NA,217,NA,NA,GTH,NA
L43,MGTHTXP3_218,NA,218,NA,NA,GTH,NA
L39,MGTHRXP3_218,NA,218,NA,NA,GTH,NA
L44,MGTHTXN3_218,NA,218,NA,NA,GTH,NA
L40,MGTHRXN3_218,NA,218,NA,NA,GTH,NA
M41,MGTHTXP2_218,NA,218,NA,NA,GTH,NA
M37,MGTHRXP2_218,NA,218,NA,NA,GTH,NA
M42,MGTHTXN2_218,NA,218,NA,NA,GTH,NA
N35,MGTREFCLK0P_218,NA,218,NA,NA,GTH,NA
M38,MGTHRXN2_218,NA,218,NA,NA,GTH,NA
T34,MGTAVTTRCAL_218,NA,218,NA,NA,GTH,NA
N36,MGTREFCLK0N_218,NA,218,NA,NA,GTH,NA
T33,MGTRREF_218,NA,218,NA,NA,GTH,NA
P34,MGTREFCLK1N_218,NA,218,NA,NA,GTH,NA
P33,MGTREFCLK1P_218,NA,218,NA,NA,GTH,NA
N43,MGTHTXP1_218,NA,218,NA,NA,GTH,NA
N39,MGTHRXP1_218,NA,218,NA,NA,GTH,NA
N44,MGTHTXN1_218,NA,218,NA,NA,GTH,NA
N40,MGTHRXN1_218,NA,218,NA,NA,GTH,NA
P41,MGTHTXP0_218,NA,218,NA,NA,GTH,NA
P37,MGTHRXP0_218,NA,218,NA,NA,GTH,NA
P42,MGTHTXN0_218,NA,218,NA,NA,GTH,NA
P38,MGTHRXN0_218,NA,218,NA,NA,GTH,NA
G43,NC,NA,NOPAD/UNCONNECTED,NA,NA,NA,NA
G39,NC,NA,NOPAD/UNCONNECTED,NA,NA,NA,NA
G44,NC,NA,NOPAD/UNCONNECTED,NA,NA,NA,NA
G40,NC,NA,NOPAD/UNCONNECTED,NA,NA,NA,NA
H41,NC,NA,NOPAD/UNCONNECTED,NA,NA,NA,NA
H37,NC,NA,NOPAD/UNCONNECTED,NA,NA,NA,NA
H42,NC,NA,NOPAD/UNCONNECTED,NA,NA,NA,NA
L35,NC,NA,NOPAD/UNCONNECTED,NA,NA,NA,NA
H38,NC,NA,NOPAD/UNCONNECTED,NA,NA,NA,NA
L36,NC,NA,NOPAD/UNCONNECTED,NA,NA,NA,NA
M34,NC,NA,NOPAD/UNCONNECTED,NA,NA,NA,NA
M33,NC,NA,NOPAD/UNCONNECTED,NA,NA,NA,NA
J43,NC,NA,NOPAD/UNCONNECTED,NA,NA,NA,NA
J39,NC,NA,NOPAD/UNCONNECTED,NA,NA,NA,NA
J44,NC,NA,NOPAD/UNCONNECTED,NA,NA,NA,NA
J40,NC,NA,NOPAD/UNCONNECTED,NA,NA,NA,NA
K41,NC,NA,NOPAD/UNCONNECTED,NA,NA,NA,NA
K37,NC,NA,NOPAD/UNCONNECTED,NA,NA,NA,NA
K42,NC,NA,NOPAD/UNCONNECTED,NA,NA,NA,NA
K38,NC,NA,NOPAD/UNCONNECTED,NA,NA,NA,NA
C43,NC,NA,NOPAD/UNCONNECTED,NA,NA,NA,NA
D37,NC,NA,NOPAD/UNCONNECTED,NA,NA,NA,NA
C44,NC,NA,NOPAD/UNCONNECTED,NA,NA,NA,NA
D38,NC,NA,NOPAD/UNCONNECTED,NA,NA,NA,NA
D41,NC,NA,NOPAD/UNCONNECTED,NA,NA,NA,NA
E35,NC,NA,NOPAD/UNCONNECTED,NA,NA,NA,NA
D42,NC,NA,NOPAD/UNCONNECTED,NA,NA,NA,NA
J35,NC,NA,NOPAD/UNCONNECTED,NA,NA,NA,NA
E36,NC,NA,NOPAD/UNCONNECTED,NA,NA,NA,NA
J36,NC,NA,NOPAD/UNCONNECTED,NA,NA,NA,NA
K34,NC,NA,NOPAD/UNCONNECTED,NA,NA,NA,NA
K33,NC,NA,NOPAD/UNCONNECTED,NA,NA,NA,NA
E43,NC,NA,NOPAD/UNCONNECTED,NA,NA,NA,NA
E39,NC,NA,NOPAD/UNCONNECTED,NA,NA,NA,NA
E44,NC,NA,NOPAD/UNCONNECTED,NA,NA,NA,NA
E40,NC,NA,NOPAD/UNCONNECTED,NA,NA,NA,NA
F41,NC,NA,NOPAD/UNCONNECTED,NA,NA,NA,NA
F37,NC,NA,NOPAD/UNCONNECTED,NA,NA,NA,NA
F42,NC,NA,NOPAD/UNCONNECTED,NA,NA,NA,NA
F38,NC,NA,NOPAD/UNCONNECTED,NA,NA,NA,NA
A39,NC,NA,NOPAD/UNCONNECTED,NA,NA,NA,NA
A35,NC,NA,NOPAD/UNCONNECTED,NA,NA,NA,NA
A40,NC,NA,NOPAD/UNCONNECTED,NA,NA,NA,NA
A36,NC,NA,NOPAD/UNCONNECTED,NA,NA,NA,NA
B37,NC,NA,NOPAD/UNCONNECTED,NA,NA,NA,NA
B33,NC,NA,NOPAD/UNCONNECTED,NA,NA,NA,NA
B38,NC,NA,NOPAD/UNCONNECTED,NA,NA,NA,NA
G35,NC,NA,NOPAD/UNCONNECTED,NA,NA,NA,NA
B34,NC,NA,NOPAD/UNCONNECTED,NA,NA,NA,NA
F34,NC,NA,NOPAD/UNCONNECTED,NA,NA,NA,NA
G36,NC,NA,NOPAD/UNCONNECTED,NA,NA,NA,NA
F33,NC,NA,NOPAD/UNCONNECTED,NA,NA,NA,NA
H34,NC,NA,NOPAD/UNCONNECTED,NA,NA,NA,NA
H33,NC,NA,NOPAD/UNCONNECTED,NA,NA,NA,NA
B41,NC,NA,NOPAD/UNCONNECTED,NA,NA,NA,NA
C35,NC,NA,NOPAD/UNCONNECTED,NA,NA,NA,NA
B42,NC,NA,NOPAD/UNCONNECTED,NA,NA,NA,NA
C36,NC,NA,NOPAD/UNCONNECTED,NA,NA,NA,NA
C39,NC,NA,NOPAD/UNCONNECTED,NA,NA,NA,NA
D33,NC,NA,NOPAD/UNCONNECTED,NA,NA,NA,NA
C40,NC,NA,NOPAD/UNCONNECTED,NA,NA,NA,NA
D34,NC,NA,NOPAD/UNCONNECTED,NA,NA,NA,NA
AD6,MGTAVCC_G11,NA,NA,NA,NA,NA,NA
AE8,MGTAVCC_G11,NA,NA,NA,NA,NA,NA
AF10,MGTAVCC_G11,NA,NA,NA,NA,NA,NA
AH6,MGTAVCC_G11,NA,NA,NA,NA,NA,NA
AJ8,MGTAVCC_G11,NA,NA,NA,NA,NA,NA
AM6,MGTAVCC_G11,NA,NA,NA,NA,NA,NA
AM10,MGTAVCC_G11,NA,NA,NA,NA,NA,NA
AN8,MGTAVCC_G11,NA,NA,NA,NA,NA,NA
M6,MGTAVCC_G12,NA,NA,NA,NA,NA,NA
N8,MGTAVCC_G12,NA,NA,NA,NA,NA,NA
P10,MGTAVCC_G12,NA,NA,NA,NA,NA,NA
T6,MGTAVCC_G12,NA,NA,NA,NA,NA,NA
U8,MGTAVCC_G12,NA,NA,NA,NA,NA,NA
Y6,MGTAVCC_G12,NA,NA,NA,NA,NA,NA
Y10,MGTAVCC_G12,NA,NA,NA,NA,NA,NA
AA8,MGTAVCC_G12,NA,NA,NA,NA,NA,NA
B10,MGTAVCC_G13,NA,NA,NA,NA,NA,NA
C12,MGTAVCC_G13,NA,NA,NA,NA,NA,NA
E8,MGTAVCC_G13,NA,NA,NA,NA,NA,NA
F6,MGTAVCC_G13,NA,NA,NA,NA,NA,NA
F10,MGTAVCC_G13,NA,NA,NA,NA,NA,NA
J8,MGTAVCC_G13,NA,NA,NA,NA,NA,NA
K6,MGTAVCC_G13,NA,NA,NA,NA,NA,NA
K10,MGTAVCC_G13,NA,NA,NA,NA,NA,NA
AR37,MGTAVCC_G20,NA,NA,NA,NA,NA,NA
AT39,MGTAVCC_G20,NA,NA,NA,NA,NA,NA
AV35,MGTAVCC_G20,NA,NA,NA,NA,NA,NA
AV39,MGTAVCC_G20,NA,NA,NA,NA,NA,NA
AW37,MGTAVCC_G20,NA,NA,NA,NA,NA,NA
BA37,MGTAVCC_G20,NA,NA,NA,NA,NA,NA
BB35,MGTAVCC_G20,NA,NA,NA,NA,NA,NA
BC33,MGTAVCC_G20,NA,NA,NA,NA,NA,NA
AD39,MGTAVCC_G21,NA,NA,NA,NA,NA,NA
AE37,MGTAVCC_G21,NA,NA,NA,NA,NA,NA
AF35,MGTAVCC_G21,NA,NA,NA,NA,NA,NA
AH39,MGTAVCC_G21,NA,NA,NA,NA,NA,NA
AJ37,MGTAVCC_G21,NA,NA,NA,NA,NA,NA
AM35,MGTAVCC_G21,NA,NA,NA,NA,NA,NA
AM39,MGTAVCC_G21,NA,NA,NA,NA,NA,NA
AN37,MGTAVCC_G21,NA,NA,NA,NA,NA,NA
M39,MGTAVCC_G22,NA,NA,NA,NA,NA,NA
N37,MGTAVCC_G22,NA,NA,NA,NA,NA,NA
P35,MGTAVCC_G22,NA,NA,NA,NA,NA,NA
T39,MGTAVCC_G22,NA,NA,NA,NA,NA,NA
U37,MGTAVCC_G22,NA,NA,NA,NA,NA,NA
Y35,MGTAVCC_G22,NA,NA,NA,NA,NA,NA
Y39,MGTAVCC_G22,NA,NA,NA,NA,NA,NA
AA37,MGTAVCC_G22,NA,NA,NA,NA,NA,NA
B35,MGTAVCC_G23,NA,NA,NA,NA,NA,NA
C33,MGTAVCC_G23,NA,NA,NA,NA,NA,NA
E37,MGTAVCC_G23,NA,NA,NA,NA,NA,NA
F35,MGTAVCC_G23,NA,NA,NA,NA,NA,NA
F39,MGTAVCC_G23,NA,NA,NA,NA,NA,NA
J37,MGTAVCC_G23,NA,NA,NA,NA,NA,NA
K35,MGTAVCC_G23,NA,NA,NA,NA,NA,NA
K39,MGTAVCC_G23,NA,NA,NA,NA,NA,NA
AR8,MGTAVCC_G10,NA,NA,NA,NA,NA,NA
AT6,MGTAVCC_G10,NA,NA,NA,NA,NA,NA
AV6,MGTAVCC_G10,NA,NA,NA,NA,NA,NA
AV10,MGTAVCC_G10,NA,NA,NA,NA,NA,NA
AW8,MGTAVCC_G10,NA,NA,NA,NA,NA,NA
BA8,MGTAVCC_G10,NA,NA,NA,NA,NA,NA
BB10,MGTAVCC_G10,NA,NA,NA,NA,NA,NA
BC12,MGTAVCC_G10,NA,NA,NA,NA,NA,NA
AC4,MGTAVTT_G11,NA,NA,NA,NA,NA,NA
AD2,MGTAVTT_G11,NA,NA,NA,NA,NA,NA
AE4,MGTAVTT_G11,NA,NA,NA,NA,NA,NA
AH2,MGTAVTT_G11,NA,NA,NA,NA,NA,NA
AJ4,MGTAVTT_G11,NA,NA,NA,NA,NA,NA
AM2,MGTAVTT_G11,NA,NA,NA,NA,NA,NA
AN4,MGTAVTT_G11,NA,NA,NA,NA,NA,NA
AP2,MGTAVTT_G11,NA,NA,NA,NA,NA,NA
L4,MGTAVTT_G12,NA,NA,NA,NA,NA,NA
M2,MGTAVTT_G12,NA,NA,NA,NA,NA,NA
N4,MGTAVTT_G12,NA,NA,NA,NA,NA,NA
T2,MGTAVTT_G12,NA,NA,NA,NA,NA,NA
U4,MGTAVTT_G12,NA,NA,NA,NA,NA,NA
Y2,MGTAVTT_G12,NA,NA,NA,NA,NA,NA
AA4,MGTAVTT_G12,NA,NA,NA,NA,NA,NA
AB2,MGTAVTT_G12,NA,NA,NA,NA,NA,NA
B6,MGTAVTT_G13,NA,NA,NA,NA,NA,NA
C4,MGTAVTT_G13,NA,NA,NA,NA,NA,NA
C8,MGTAVTT_G13,NA,NA,NA,NA,NA,NA
D2,MGTAVTT_G13,NA,NA,NA,NA,NA,NA
E4,MGTAVTT_G13,NA,NA,NA,NA,NA,NA
H2,MGTAVTT_G13,NA,NA,NA,NA,NA,NA
J4,MGTAVTT_G13,NA,NA,NA,NA,NA,NA
K2,MGTAVTT_G13,NA,NA,NA,NA,NA,NA
AR41,MGTAVTT_G20,NA,NA,NA,NA,NA,NA
AT43,MGTAVTT_G20,NA,NA,NA,NA,NA,NA
AV43,MGTAVTT_G20,NA,NA,NA,NA,NA,NA
AW41,MGTAVTT_G20,NA,NA,NA,NA,NA,NA
BB39,MGTAVTT_G20,NA,NA,NA,NA,NA,NA
BB43,MGTAVTT_G20,NA,NA,NA,NA,NA,NA
BC37,MGTAVTT_G20,NA,NA,NA,NA,NA,NA
BC41,MGTAVTT_G20,NA,NA,NA,NA,NA,NA
AC41,MGTAVTT_G21,NA,NA,NA,NA,NA,NA
AD43,MGTAVTT_G21,NA,NA,NA,NA,NA,NA
AE41,MGTAVTT_G21,NA,NA,NA,NA,NA,NA
AH43,MGTAVTT_G21,NA,NA,NA,NA,NA,NA
AJ41,MGTAVTT_G21,NA,NA,NA,NA,NA,NA
AM43,MGTAVTT_G21,NA,NA,NA,NA,NA,NA
AN41,MGTAVTT_G21,NA,NA,NA,NA,NA,NA
AP43,MGTAVTT_G21,NA,NA,NA,NA,NA,NA
L41,MGTAVTT_G22,NA,NA,NA,NA,NA,NA
M43,MGTAVTT_G22,NA,NA,NA,NA,NA,NA
N41,MGTAVTT_G22,NA,NA,NA,NA,NA,NA
T43,MGTAVTT_G22,NA,NA,NA,NA,NA,NA
U41,MGTAVTT_G22,NA,NA,NA,NA,NA,NA
Y43,MGTAVTT_G22,NA,NA,NA,NA,NA,NA
AA41,MGTAVTT_G22,NA,NA,NA,NA,NA,NA
AB43,MGTAVTT_G22,NA,NA,NA,NA,NA,NA
B39,MGTAVTT_G23,NA,NA,NA,NA,NA,NA
C37,MGTAVTT_G23,NA,NA,NA,NA,NA,NA
C41,MGTAVTT_G23,NA,NA,NA,NA,NA,NA
D43,MGTAVTT_G23,NA,NA,NA,NA,NA,NA
E41,MGTAVTT_G23,NA,NA,NA,NA,NA,NA
H43,MGTAVTT_G23,NA,NA,NA,NA,NA,NA
J41,MGTAVTT_G23,NA,NA,NA,NA,NA,NA
K43,MGTAVTT_G23,NA,NA,NA,NA,NA,NA
AR4,MGTAVTT_G10,NA,NA,NA,NA,NA,NA
AT2,MGTAVTT_G10,NA,NA,NA,NA,NA,NA
AV2,MGTAVTT_G10,NA,NA,NA,NA,NA,NA
AW4,MGTAVTT_G10,NA,NA,NA,NA,NA,NA
BB2,MGTAVTT_G10,NA,NA,NA,NA,NA,NA
BB6,MGTAVTT_G10,NA,NA,NA,NA,NA,NA
BC4,MGTAVTT_G10,NA,NA,NA,NA,NA,NA
BC8,MGTAVTT_G10,NA,NA,NA,NA,NA,NA
AD10,MGTVCCAUX_G11,NA,NA,NA,NA,NA,NA
AB10,MGTVCCAUX_G12,NA,NA,NA,NA,NA,NA
L11,MGTVCCAUX_G13,NA,NA,NA,NA,NA,NA
AR34,MGTVCCAUX_G20,NA,NA,NA,NA,NA,NA
AD35,MGTVCCAUX_G21,NA,NA,NA,NA,NA,NA
AB35,MGTVCCAUX_G22,NA,NA,NA,NA,NA,NA
L34,MGTVCCAUX_G23,NA,NA,NA,NA,NA,NA
AR11,MGTVCCAUX_G10,NA,NA,NA,NA,NA,NA
A3,GND,NA,NA,NA,NA,NA,NA
A4,GND,NA,NA,NA,NA,NA,NA
A7,GND,NA,NA,NA,NA,NA,NA
A8,GND,NA,NA,NA,NA,NA,NA
A11,GND,NA,NA,NA,NA,NA,NA
A12,GND,NA,NA,NA,NA,NA,NA
A13,GND,NA,NA,NA,NA,NA,NA
A22,GND,NA,NA,NA,NA,NA,NA
A32,GND,NA,NA,NA,NA,NA,NA
A33,GND,NA,NA,NA,NA,NA,NA
A34,GND,NA,NA,NA,NA,NA,NA
A37,GND,NA,NA,NA,NA,NA,NA
A38,GND,NA,NA,NA,NA,NA,NA
A41,GND,NA,NA,NA,NA,NA,NA
A42,GND,NA,NA,NA,NA,NA,NA
B2,GND,NA,NA,NA,NA,NA,NA
B5,GND,NA,NA,NA,NA,NA,NA
B9,GND,NA,NA,NA,NA,NA,NA
B13,GND,NA,NA,NA,NA,NA,NA
B19,GND,NA,NA,NA,NA,NA,NA
B29,GND,NA,NA,NA,NA,NA,NA
B32,GND,NA,NA,NA,NA,NA,NA
B36,GND,NA,NA,NA,NA,NA,NA
B40,GND,NA,NA,NA,NA,NA,NA
B43,GND,NA,NA,NA,NA,NA,NA
C3,GND,NA,NA,NA,NA,NA,NA
C7,GND,NA,NA,NA,NA,NA,NA
C11,GND,NA,NA,NA,NA,NA,NA
C13,GND,NA,NA,NA,NA,NA,NA
C16,GND,NA,NA,NA,NA,NA,NA
C26,GND,NA,NA,NA,NA,NA,NA
C32,GND,NA,NA,NA,NA,NA,NA
C34,GND,NA,NA,NA,NA,NA,NA
C38,GND,NA,NA,NA,NA,NA,NA
C42,GND,NA,NA,NA,NA,NA,NA
D1,GND,NA,NA,NA,NA,NA,NA
D5,GND,NA,NA,NA,NA,NA,NA
D6,GND,NA,NA,NA,NA,NA,NA
D9,GND,NA,NA,NA,NA,NA,NA
D10,GND,NA,NA,NA,NA,NA,NA
D13,GND,NA,NA,NA,NA,NA,NA
D23,GND,NA,NA,NA,NA,NA,NA
D32,GND,NA,NA,NA,NA,NA,NA
D35,GND,NA,NA,NA,NA,NA,NA
D36,GND,NA,NA,NA,NA,NA,NA
D39,GND,NA,NA,NA,NA,NA,NA
D40,GND,NA,NA,NA,NA,NA,NA
D44,GND,NA,NA,NA,NA,NA,NA
E3,GND,NA,NA,NA,NA,NA,NA
E7,GND,NA,NA,NA,NA,NA,NA
E11,GND,NA,NA,NA,NA,NA,NA
E12,GND,NA,NA,NA,NA,NA,NA
E13,GND,NA,NA,NA,NA,NA,NA
E20,GND,NA,NA,NA,NA,NA,NA
E30,GND,NA,NA,NA,NA,NA,NA
E32,GND,NA,NA,NA,NA,NA,NA
E33,GND,NA,NA,NA,NA,NA,NA
E34,GND,NA,NA,NA,NA,NA,NA
E38,GND,NA,NA,NA,NA,NA,NA
E42,GND,NA,NA,NA,NA,NA,NA
F1,GND,NA,NA,NA,NA,NA,NA
F2,GND,NA,NA,NA,NA,NA,NA
F5,GND,NA,NA,NA,NA,NA,NA
F9,GND,NA,NA,NA,NA,NA,NA
F13,GND,NA,NA,NA,NA,NA,NA
F17,GND,NA,NA,NA,NA,NA,NA
F27,GND,NA,NA,NA,NA,NA,NA
F32,GND,NA,NA,NA,NA,NA,NA
F36,GND,NA,NA,NA,NA,NA,NA
F40,GND,NA,NA,NA,NA,NA,NA
F43,GND,NA,NA,NA,NA,NA,NA
F44,GND,NA,NA,NA,NA,NA,NA
G3,GND,NA,NA,NA,NA,NA,NA
G4,GND,NA,NA,NA,NA,NA,NA
G7,GND,NA,NA,NA,NA,NA,NA
G8,GND,NA,NA,NA,NA,NA,NA
G11,GND,NA,NA,NA,NA,NA,NA
G12,GND,NA,NA,NA,NA,NA,NA
G13,GND,NA,NA,NA,NA,NA,NA
G14,GND,NA,NA,NA,NA,NA,NA
G24,GND,NA,NA,NA,NA,NA,NA
G32,GND,NA,NA,NA,NA,NA,NA
G33,GND,NA,NA,NA,NA,NA,NA
G34,GND,NA,NA,NA,NA,NA,NA
G37,GND,NA,NA,NA,NA,NA,NA
G38,GND,NA,NA,NA,NA,NA,NA
G41,GND,NA,NA,NA,NA,NA,NA
G42,GND,NA,NA,NA,NA,NA,NA
H1,GND,NA,NA,NA,NA,NA,NA
H5,GND,NA,NA,NA,NA,NA,NA
H6,GND,NA,NA,NA,NA,NA,NA
H9,GND,NA,NA,NA,NA,NA,NA
H10,GND,NA,NA,NA,NA,NA,NA
H13,GND,NA,NA,NA,NA,NA,NA
H21,GND,NA,NA,NA,NA,NA,NA
H31,GND,NA,NA,NA,NA,NA,NA
H32,GND,NA,NA,NA,NA,NA,NA
H35,GND,NA,NA,NA,NA,NA,NA
H36,GND,NA,NA,NA,NA,NA,NA
H39,GND,NA,NA,NA,NA,NA,NA
H40,GND,NA,NA,NA,NA,NA,NA
H44,GND,NA,NA,NA,NA,NA,NA
J3,GND,NA,NA,NA,NA,NA,NA
J7,GND,NA,NA,NA,NA,NA,NA
J11,GND,NA,NA,NA,NA,NA,NA
J12,GND,NA,NA,NA,NA,NA,NA
J13,GND,NA,NA,NA,NA,NA,NA
J18,GND,NA,NA,NA,NA,NA,NA
J28,GND,NA,NA,NA,NA,NA,NA
J32,GND,NA,NA,NA,NA,NA,NA
J33,GND,NA,NA,NA,NA,NA,NA
J34,GND,NA,NA,NA,NA,NA,NA
J38,GND,NA,NA,NA,NA,NA,NA
J42,GND,NA,NA,NA,NA,NA,NA
K1,GND,NA,NA,NA,NA,NA,NA
K5,GND,NA,NA,NA,NA,NA,NA
K9,GND,NA,NA,NA,NA,NA,NA
K13,GND,NA,NA,NA,NA,NA,NA
K15,GND,NA,NA,NA,NA,NA,NA
K25,GND,NA,NA,NA,NA,NA,NA
K32,GND,NA,NA,NA,NA,NA,NA
K36,GND,NA,NA,NA,NA,NA,NA
K40,GND,NA,NA,NA,NA,NA,NA
K44,GND,NA,NA,NA,NA,NA,NA
L3,GND,NA,NA,NA,NA,NA,NA
L7,GND,NA,NA,NA,NA,NA,NA
L8,GND,NA,NA,NA,NA,NA,NA
L12,GND,NA,NA,NA,NA,NA,NA
L13,GND,NA,NA,NA,NA,NA,NA
L22,GND,NA,NA,NA,NA,NA,NA
L32,GND,NA,NA,NA,NA,NA,NA
L33,GND,NA,NA,NA,NA,NA,NA
L37,GND,NA,NA,NA,NA,NA,NA
L38,GND,NA,NA,NA,NA,NA,NA
L42,GND,NA,NA,NA,NA,NA,NA
M1,GND,NA,NA,NA,NA,NA,NA
M5,GND,NA,NA,NA,NA,NA,NA
M9,GND,NA,NA,NA,NA,NA,NA
M10,GND,NA,NA,NA,NA,NA,NA
M13,GND,NA,NA,NA,NA,NA,NA
M19,GND,NA,NA,NA,NA,NA,NA
M29,GND,NA,NA,NA,NA,NA,NA
M32,GND,NA,NA,NA,NA,NA,NA
M35,GND,NA,NA,NA,NA,NA,NA
M36,GND,NA,NA,NA,NA,NA,NA
M40,GND,NA,NA,NA,NA,NA,NA
M44,GND,NA,NA,NA,NA,NA,NA
N3,GND,NA,NA,NA,NA,NA,NA
N7,GND,NA,NA,NA,NA,NA,NA
N11,GND,NA,NA,NA,NA,NA,NA
N12,GND,NA,NA,NA,NA,NA,NA
N13,GND,NA,NA,NA,NA,NA,NA
N16,GND,NA,NA,NA,NA,NA,NA
N26,GND,NA,NA,NA,NA,NA,NA
N32,GND,NA,NA,NA,NA,NA,NA
N33,GND,NA,NA,NA,NA,NA,NA
N34,GND,NA,NA,NA,NA,NA,NA
N38,GND,NA,NA,NA,NA,NA,NA
N42,GND,NA,NA,NA,NA,NA,NA
P1,GND,NA,NA,NA,NA,NA,NA
P2,GND,NA,NA,NA,NA,NA,NA
P5,GND,NA,NA,NA,NA,NA,NA
P6,GND,NA,NA,NA,NA,NA,NA
P9,GND,NA,NA,NA,NA,NA,NA
P13,GND,NA,NA,NA,NA,NA,NA
P23,GND,NA,NA,NA,NA,NA,NA
P32,GND,NA,NA,NA,NA,NA,NA
P36,GND,NA,NA,NA,NA,NA,NA
P39,GND,NA,NA,NA,NA,NA,NA
P40,GND,NA,NA,NA,NA,NA,NA
P43,GND,NA,NA,NA,NA,NA,NA
P44,GND,NA,NA,NA,NA,NA,NA
R3,GND,NA,NA,NA,NA,NA,NA
R4,GND,NA,NA,NA,NA,NA,NA
R7,GND,NA,NA,NA,NA,NA,NA
R8,GND,NA,NA,NA,NA,NA,NA
R11,GND,NA,NA,NA,NA,NA,NA
R12,GND,NA,NA,NA,NA,NA,NA
R13,GND,NA,NA,NA,NA,NA,NA
R20,GND,NA,NA,NA,NA,NA,NA
R30,GND,NA,NA,NA,NA,NA,NA
R32,GND,NA,NA,NA,NA,NA,NA
R33,GND,NA,NA,NA,NA,NA,NA
R34,GND,NA,NA,NA,NA,NA,NA
R37,GND,NA,NA,NA,NA,NA,NA
R38,GND,NA,NA,NA,NA,NA,NA
R41,GND,NA,NA,NA,NA,NA,NA
R42,GND,NA,NA,NA,NA,NA,NA
T1,GND,NA,NA,NA,NA,NA,NA
T5,GND,NA,NA,NA,NA,NA,NA
T9,GND,NA,NA,NA,NA,NA,NA
T10,GND,NA,NA,NA,NA,NA,NA
T13,GND,NA,NA,NA,NA,NA,NA
T17,GND,NA,NA,NA,NA,NA,NA
T27,GND,NA,NA,NA,NA,NA,NA
T31,GND,NA,NA,NA,NA,NA,NA
T32,GND,NA,NA,NA,NA,NA,NA
T35,GND,NA,NA,NA,NA,NA,NA
T36,GND,NA,NA,NA,NA,NA,NA
T40,GND,NA,NA,NA,NA,NA,NA
T44,GND,NA,NA,NA,NA,NA,NA
U3,GND,NA,NA,NA,NA,NA,NA
U7,GND,NA,NA,NA,NA,NA,NA
U11,GND,NA,NA,NA,NA,NA,NA
U12,GND,NA,NA,NA,NA,NA,NA
U13,GND,NA,NA,NA,NA,NA,NA
U14,GND,NA,NA,NA,NA,NA,NA
U16,GND,NA,NA,NA,NA,NA,NA
U18,GND,NA,NA,NA,NA,NA,NA
U20,GND,NA,NA,NA,NA,NA,NA
U22,GND,NA,NA,NA,NA,NA,NA
U24,GND,NA,NA,NA,NA,NA,NA
U26,GND,NA,NA,NA,NA,NA,NA
U28,GND,NA,NA,NA,NA,NA,NA
U30,GND,NA,NA,NA,NA,NA,NA
U32,GND,NA,NA,NA,NA,NA,NA
U33,GND,NA,NA,NA,NA,NA,NA
U34,GND,NA,NA,NA,NA,NA,NA
U38,GND,NA,NA,NA,NA,NA,NA
U42,GND,NA,NA,NA,NA,NA,NA
V1,GND,NA,NA,NA,NA,NA,NA
V2,GND,NA,NA,NA,NA,NA,NA
V5,GND,NA,NA,NA,NA,NA,NA
V6,GND,NA,NA,NA,NA,NA,NA
V9,GND,NA,NA,NA,NA,NA,NA
V10,GND,NA,NA,NA,NA,NA,NA
V11,GND,NA,NA,NA,NA,NA,NA
V13,GND,NA,NA,NA,NA,NA,NA
V15,GND,NA,NA,NA,NA,NA,NA
V17,GND,NA,NA,NA,NA,NA,NA
V19,GND,NA,NA,NA,NA,NA,NA
V21,GND,NA,NA,NA,NA,NA,NA
V23,GND,NA,NA,NA,NA,NA,NA
V25,GND,NA,NA,NA,NA,NA,NA
V27,GND,NA,NA,NA,NA,NA,NA
V29,GND,NA,NA,NA,NA,NA,NA
V31,GND,NA,NA,NA,NA,NA,NA
V34,GND,NA,NA,NA,NA,NA,NA
V35,GND,NA,NA,NA,NA,NA,NA
V36,GND,NA,NA,NA,NA,NA,NA
V39,GND,NA,NA,NA,NA,NA,NA
V40,GND,NA,NA,NA,NA,NA,NA
V43,GND,NA,NA,NA,NA,NA,NA
V44,GND,NA,NA,NA,NA,NA,NA
W3,GND,NA,NA,NA,NA,NA,NA
W4,GND,NA,NA,NA,NA,NA,NA
W7,GND,NA,NA,NA,NA,NA,NA
W8,GND,NA,NA,NA,NA,NA,NA
W11,GND,NA,NA,NA,NA,NA,NA
W14,GND,NA,NA,NA,NA,NA,NA
W16,GND,NA,NA,NA,NA,NA,NA
W18,GND,NA,NA,NA,NA,NA,NA
W20,GND,NA,NA,NA,NA,NA,NA
W22,GND,NA,NA,NA,NA,NA,NA
W24,GND,NA,NA,NA,NA,NA,NA
W26,GND,NA,NA,NA,NA,NA,NA
W28,GND,NA,NA,NA,NA,NA,NA
W30,GND,NA,NA,NA,NA,NA,NA
W32,GND,NA,NA,NA,NA,NA,NA
W34,GND,NA,NA,NA,NA,NA,NA
W37,GND,NA,NA,NA,NA,NA,NA
W38,GND,NA,NA,NA,NA,NA,NA
W41,GND,NA,NA,NA,NA,NA,NA
W42,GND,NA,NA,NA,NA,NA,NA
Y1,GND,NA,NA,NA,NA,NA,NA
Y5,GND,NA,NA,NA,NA,NA,NA
Y9,GND,NA,NA,NA,NA,NA,NA
Y11,GND,NA,NA,NA,NA,NA,NA
Y13,GND,NA,NA,NA,NA,NA,NA
Y15,GND,NA,NA,NA,NA,NA,NA
Y17,GND,NA,NA,NA,NA,NA,NA
Y19,GND,NA,NA,NA,NA,NA,NA
Y21,GND,NA,NA,NA,NA,NA,NA
Y23,GND,NA,NA,NA,NA,NA,NA
Y25,GND,NA,NA,NA,NA,NA,NA
Y27,GND,NA,NA,NA,NA,NA,NA
Y29,GND,NA,NA,NA,NA,NA,NA
Y31,GND,NA,NA,NA,NA,NA,NA
Y34,GND,NA,NA,NA,NA,NA,NA
Y36,GND,NA,NA,NA,NA,NA,NA
Y40,GND,NA,NA,NA,NA,NA,NA
Y44,GND,NA,NA,NA,NA,NA,NA
AA3,GND,NA,NA,NA,NA,NA,NA
AA7,GND,NA,NA,NA,NA,NA,NA
AA11,GND,NA,NA,NA,NA,NA,NA
AA14,GND,NA,NA,NA,NA,NA,NA
AA16,GND,NA,NA,NA,NA,NA,NA
AA18,GND,NA,NA,NA,NA,NA,NA
AA20,GND,NA,NA,NA,NA,NA,NA
AA24,GND,NA,NA,NA,NA,NA,NA
AA26,GND,NA,NA,NA,NA,NA,NA
AA28,GND,NA,NA,NA,NA,NA,NA
AA30,GND,NA,NA,NA,NA,NA,NA
AA34,GND,NA,NA,NA,NA,NA,NA
AA38,GND,NA,NA,NA,NA,NA,NA
AA42,GND,NA,NA,NA,NA,NA,NA
AB1,GND,NA,NA,NA,NA,NA,NA
AB5,GND,NA,NA,NA,NA,NA,NA
AB6,GND,NA,NA,NA,NA,NA,NA
AB9,GND,NA,NA,NA,NA,NA,NA
AB11,GND,NA,NA,NA,NA,NA,NA
AB15,GND,NA,NA,NA,NA,NA,NA
AB17,GND,NA,NA,NA,NA,NA,NA
AB19,GND,NA,NA,NA,NA,NA,NA
AB21,GND,NA,NA,NA,NA,NA,NA
AB25,GND,NA,NA,NA,NA,NA,NA
AB27,GND,NA,NA,NA,NA,NA,NA
AB29,GND,NA,NA,NA,NA,NA,NA
AB31,GND,NA,NA,NA,NA,NA,NA
AB34,GND,NA,NA,NA,NA,NA,NA
AB36,GND,NA,NA,NA,NA,NA,NA
AB39,GND,NA,NA,NA,NA,NA,NA
AB40,GND,NA,NA,NA,NA,NA,NA
AB44,GND,NA,NA,NA,NA,NA,NA
AC3,GND,NA,NA,NA,NA,NA,NA
AC7,GND,NA,NA,NA,NA,NA,NA
AC8,GND,NA,NA,NA,NA,NA,NA
AC11,GND,NA,NA,NA,NA,NA,NA
AC14,GND,NA,NA,NA,NA,NA,NA
AC16,GND,NA,NA,NA,NA,NA,NA
AC18,GND,NA,NA,NA,NA,NA,NA
AC20,GND,NA,NA,NA,NA,NA,NA
AC24,GND,NA,NA,NA,NA,NA,NA
AC26,GND,NA,NA,NA,NA,NA,NA
AC28,GND,NA,NA,NA,NA,NA,NA
AC30,GND,NA,NA,NA,NA,NA,NA
AC32,GND,NA,NA,NA,NA,NA,NA
AC34,GND,NA,NA,NA,NA,NA,NA
AC37,GND,NA,NA,NA,NA,NA,NA
AC38,GND,NA,NA,NA,NA,NA,NA
AC42,GND,NA,NA,NA,NA,NA,NA
AD1,GND,NA,NA,NA,NA,NA,NA
AD5,GND,NA,NA,NA,NA,NA,NA
AD9,GND,NA,NA,NA,NA,NA,NA
AD11,GND,NA,NA,NA,NA,NA,NA
AD13,GND,NA,NA,NA,NA,NA,NA
AD15,GND,NA,NA,NA,NA,NA,NA
AD17,GND,NA,NA,NA,NA,NA,NA
AD19,GND,NA,NA,NA,NA,NA,NA
AD21,GND,NA,NA,NA,NA,NA,NA
AD25,GND,NA,NA,NA,NA,NA,NA
AD27,GND,NA,NA,NA,NA,NA,NA
AD29,GND,NA,NA,NA,NA,NA,NA
AD31,GND,NA,NA,NA,NA,NA,NA
AD34,GND,NA,NA,NA,NA,NA,NA
AD36,GND,NA,NA,NA,NA,NA,NA
AD40,GND,NA,NA,NA,NA,NA,NA
AD44,GND,NA,NA,NA,NA,NA,NA
AE3,GND,NA,NA,NA,NA,NA,NA
AE7,GND,NA,NA,NA,NA,NA,NA
AE11,GND,NA,NA,NA,NA,NA,NA
AE14,GND,NA,NA,NA,NA,NA,NA
AE16,GND,NA,NA,NA,NA,NA,NA
AE18,GND,NA,NA,NA,NA,NA,NA
AE20,GND,NA,NA,NA,NA,NA,NA
AE22,GND,NA,NA,NA,NA,NA,NA
AE24,GND,NA,NA,NA,NA,NA,NA
AE26,GND,NA,NA,NA,NA,NA,NA
AE28,GND,NA,NA,NA,NA,NA,NA
AE30,GND,NA,NA,NA,NA,NA,NA
AE34,GND,NA,NA,NA,NA,NA,NA
AE38,GND,NA,NA,NA,NA,NA,NA
AE42,GND,NA,NA,NA,NA,NA,NA
AF1,GND,NA,NA,NA,NA,NA,NA
AF2,GND,NA,NA,NA,NA,NA,NA
AF5,GND,NA,NA,NA,NA,NA,NA
AF6,GND,NA,NA,NA,NA,NA,NA
AF9,GND,NA,NA,NA,NA,NA,NA
AF11,GND,NA,NA,NA,NA,NA,NA
AF15,GND,NA,NA,NA,NA,NA,NA
AF17,GND,NA,NA,NA,NA,NA,NA
AF19,GND,NA,NA,NA,NA,NA,NA
AF21,GND,NA,NA,NA,NA,NA,NA
AF23,GND,NA,NA,NA,NA,NA,NA
AF25,GND,NA,NA,NA,NA,NA,NA
AF27,GND,NA,NA,NA,NA,NA,NA
AF29,GND,NA,NA,NA,NA,NA,NA
AF31,GND,NA,NA,NA,NA,NA,NA
AF34,GND,NA,NA,NA,NA,NA,NA
AF36,GND,NA,NA,NA,NA,NA,NA
AF39,GND,NA,NA,NA,NA,NA,NA
AF40,GND,NA,NA,NA,NA,NA,NA
AF43,GND,NA,NA,NA,NA,NA,NA
AF44,GND,NA,NA,NA,NA,NA,NA
AG3,GND,NA,NA,NA,NA,NA,NA
AG4,GND,NA,NA,NA,NA,NA,NA
AG7,GND,NA,NA,NA,NA,NA,NA
AG8,GND,NA,NA,NA,NA,NA,NA
AG11,GND,NA,NA,NA,NA,NA,NA
AG14,GND,NA,NA,NA,NA,NA,NA
AG18,GND,NA,NA,NA,NA,NA,NA
AG24,GND,NA,NA,NA,NA,NA,NA
AG26,GND,NA,NA,NA,NA,NA,NA
AG34,GND,NA,NA,NA,NA,NA,NA
AG37,GND,NA,NA,NA,NA,NA,NA
AG38,GND,NA,NA,NA,NA,NA,NA
AG41,GND,NA,NA,NA,NA,NA,NA
AG42,GND,NA,NA,NA,NA,NA,NA
AH1,GND,NA,NA,NA,NA,NA,NA
AH5,GND,NA,NA,NA,NA,NA,NA
AH9,GND,NA,NA,NA,NA,NA,NA
AH10,GND,NA,NA,NA,NA,NA,NA
AH11,GND,NA,NA,NA,NA,NA,NA
AH13,GND,NA,NA,NA,NA,NA,NA
AH21,GND,NA,NA,NA,NA,NA,NA
AH31,GND,NA,NA,NA,NA,NA,NA
AH33,GND,NA,NA,NA,NA,NA,NA
AH34,GND,NA,NA,NA,NA,NA,NA
AH35,GND,NA,NA,NA,NA,NA,NA
AH36,GND,NA,NA,NA,NA,NA,NA
AH40,GND,NA,NA,NA,NA,NA,NA
AH44,GND,NA,NA,NA,NA,NA,NA
AJ3,GND,NA,NA,NA,NA,NA,NA
AJ7,GND,NA,NA,NA,NA,NA,NA
AJ11,GND,NA,NA,NA,NA,NA,NA
AJ12,GND,NA,NA,NA,NA,NA,NA
AJ13,GND,NA,NA,NA,NA,NA,NA
AJ18,GND,NA,NA,NA,NA,NA,NA
AJ28,GND,NA,NA,NA,NA,NA,NA
AJ32,GND,NA,NA,NA,NA,NA,NA
AJ33,GND,NA,NA,NA,NA,NA,NA
AJ34,GND,NA,NA,NA,NA,NA,NA
AJ38,GND,NA,NA,NA,NA,NA,NA
AJ42,GND,NA,NA,NA,NA,NA,NA
AK1,GND,NA,NA,NA,NA,NA,NA
AK2,GND,NA,NA,NA,NA,NA,NA
AK5,GND,NA,NA,NA,NA,NA,NA
AK6,GND,NA,NA,NA,NA,NA,NA
AK9,GND,NA,NA,NA,NA,NA,NA
AK10,GND,NA,NA,NA,NA,NA,NA
AK13,GND,NA,NA,NA,NA,NA,NA
AK15,GND,NA,NA,NA,NA,NA,NA
AK25,GND,NA,NA,NA,NA,NA,NA
AK32,GND,NA,NA,NA,NA,NA,NA
AK35,GND,NA,NA,NA,NA,NA,NA
AK36,GND,NA,NA,NA,NA,NA,NA
AK39,GND,NA,NA,NA,NA,NA,NA
AK40,GND,NA,NA,NA,NA,NA,NA
AK43,GND,NA,NA,NA,NA,NA,NA
AK44,GND,NA,NA,NA,NA,NA,NA
AL3,GND,NA,NA,NA,NA,NA,NA
AL4,GND,NA,NA,NA,NA,NA,NA
AL7,GND,NA,NA,NA,NA,NA,NA
AL8,GND,NA,NA,NA,NA,NA,NA
AL11,GND,NA,NA,NA,NA,NA,NA
AL12,GND,NA,NA,NA,NA,NA,NA
AL13,GND,NA,NA,NA,NA,NA,NA
AL22,GND,NA,NA,NA,NA,NA,NA
AL32,GND,NA,NA,NA,NA,NA,NA
AL33,GND,NA,NA,NA,NA,NA,NA
AL34,GND,NA,NA,NA,NA,NA,NA
AL37,GND,NA,NA,NA,NA,NA,NA
AL38,GND,NA,NA,NA,NA,NA,NA
AL41,GND,NA,NA,NA,NA,NA,NA
AL42,GND,NA,NA,NA,NA,NA,NA
AM1,GND,NA,NA,NA,NA,NA,NA
AM5,GND,NA,NA,NA,NA,NA,NA
AM9,GND,NA,NA,NA,NA,NA,NA
AM13,GND,NA,NA,NA,NA,NA,NA
AM19,GND,NA,NA,NA,NA,NA,NA
AM29,GND,NA,NA,NA,NA,NA,NA
AM32,GND,NA,NA,NA,NA,NA,NA
AM36,GND,NA,NA,NA,NA,NA,NA
AM40,GND,NA,NA,NA,NA,NA,NA
AM44,GND,NA,NA,NA,NA,NA,NA
AN3,GND,NA,NA,NA,NA,NA,NA
AN7,GND,NA,NA,NA,NA,NA,NA
AN11,GND,NA,NA,NA,NA,NA,NA
AN12,GND,NA,NA,NA,NA,NA,NA
AN13,GND,NA,NA,NA,NA,NA,NA
AN16,GND,NA,NA,NA,NA,NA,NA
AN26,GND,NA,NA,NA,NA,NA,NA
AN32,GND,NA,NA,NA,NA,NA,NA
AN33,GND,NA,NA,NA,NA,NA,NA
AN34,GND,NA,NA,NA,NA,NA,NA
AN38,GND,NA,NA,NA,NA,NA,NA
AN42,GND,NA,NA,NA,NA,NA,NA
AP1,GND,NA,NA,NA,NA,NA,NA
AP5,GND,NA,NA,NA,NA,NA,NA
AP6,GND,NA,NA,NA,NA,NA,NA
AP9,GND,NA,NA,NA,NA,NA,NA
AP10,GND,NA,NA,NA,NA,NA,NA
AP13,GND,NA,NA,NA,NA,NA,NA
AP23,GND,NA,NA,NA,NA,NA,NA
AP32,GND,NA,NA,NA,NA,NA,NA
AP35,GND,NA,NA,NA,NA,NA,NA
AP36,GND,NA,NA,NA,NA,NA,NA
AP39,GND,NA,NA,NA,NA,NA,NA
AP40,GND,NA,NA,NA,NA,NA,NA
AP44,GND,NA,NA,NA,NA,NA,NA
AR3,GND,NA,NA,NA,NA,NA,NA
AR7,GND,NA,NA,NA,NA,NA,NA
AR12,GND,NA,NA,NA,NA,NA,NA
AR13,GND,NA,NA,NA,NA,NA,NA
AR20,GND,NA,NA,NA,NA,NA,NA
AR30,GND,NA,NA,NA,NA,NA,NA
AR32,GND,NA,NA,NA,NA,NA,NA
AR33,GND,NA,NA,NA,NA,NA,NA
AR38,GND,NA,NA,NA,NA,NA,NA
AR42,GND,NA,NA,NA,NA,NA,NA
AT1,GND,NA,NA,NA,NA,NA,NA
AT5,GND,NA,NA,NA,NA,NA,NA
AT9,GND,NA,NA,NA,NA,NA,NA
AT10,GND,NA,NA,NA,NA,NA,NA
AT13,GND,NA,NA,NA,NA,NA,NA
AT17,GND,NA,NA,NA,NA,NA,NA
AT27,GND,NA,NA,NA,NA,NA,NA
AT32,GND,NA,NA,NA,NA,NA,NA
AT35,GND,NA,NA,NA,NA,NA,NA
AT36,GND,NA,NA,NA,NA,NA,NA
AT40,GND,NA,NA,NA,NA,NA,NA
AT44,GND,NA,NA,NA,NA,NA,NA
AU3,GND,NA,NA,NA,NA,NA,NA
AU4,GND,NA,NA,NA,NA,NA,NA
AU7,GND,NA,NA,NA,NA,NA,NA
AU8,GND,NA,NA,NA,NA,NA,NA
AU11,GND,NA,NA,NA,NA,NA,NA
AU12,GND,NA,NA,NA,NA,NA,NA
AU13,GND,NA,NA,NA,NA,NA,NA
AU14,GND,NA,NA,NA,NA,NA,NA
AU24,GND,NA,NA,NA,NA,NA,NA
AU32,GND,NA,NA,NA,NA,NA,NA
AU33,GND,NA,NA,NA,NA,NA,NA
AU34,GND,NA,NA,NA,NA,NA,NA
AU37,GND,NA,NA,NA,NA,NA,NA
AU38,GND,NA,NA,NA,NA,NA,NA
AU41,GND,NA,NA,NA,NA,NA,NA
AU42,GND,NA,NA,NA,NA,NA,NA
AV1,GND,NA,NA,NA,NA,NA,NA
AV5,GND,NA,NA,NA,NA,NA,NA
AV9,GND,NA,NA,NA,NA,NA,NA
AV13,GND,NA,NA,NA,NA,NA,NA
AV21,GND,NA,NA,NA,NA,NA,NA
AV31,GND,NA,NA,NA,NA,NA,NA
AV32,GND,NA,NA,NA,NA,NA,NA
AV36,GND,NA,NA,NA,NA,NA,NA
AV40,GND,NA,NA,NA,NA,NA,NA
AV44,GND,NA,NA,NA,NA,NA,NA
AW3,GND,NA,NA,NA,NA,NA,NA
AW7,GND,NA,NA,NA,NA,NA,NA
AW11,GND,NA,NA,NA,NA,NA,NA
AW12,GND,NA,NA,NA,NA,NA,NA
AW13,GND,NA,NA,NA,NA,NA,NA
AW18,GND,NA,NA,NA,NA,NA,NA
AW28,GND,NA,NA,NA,NA,NA,NA
AW32,GND,NA,NA,NA,NA,NA,NA
AW33,GND,NA,NA,NA,NA,NA,NA
AW34,GND,NA,NA,NA,NA,NA,NA
AW38,GND,NA,NA,NA,NA,NA,NA
AW42,GND,NA,NA,NA,NA,NA,NA
AY1,GND,NA,NA,NA,NA,NA,NA
AY2,GND,NA,NA,NA,NA,NA,NA
AY5,GND,NA,NA,NA,NA,NA,NA
AY6,GND,NA,NA,NA,NA,NA,NA
AY9,GND,NA,NA,NA,NA,NA,NA
AY10,GND,NA,NA,NA,NA,NA,NA
AY13,GND,NA,NA,NA,NA,NA,NA
AY15,GND,NA,NA,NA,NA,NA,NA
AY25,GND,NA,NA,NA,NA,NA,NA
AY32,GND,NA,NA,NA,NA,NA,NA
AY35,GND,NA,NA,NA,NA,NA,NA
AY36,GND,NA,NA,NA,NA,NA,NA
AY39,GND,NA,NA,NA,NA,NA,NA
AY40,GND,NA,NA,NA,NA,NA,NA
AY43,GND,NA,NA,NA,NA,NA,NA
AY44,GND,NA,NA,NA,NA,NA,NA
BA3,GND,NA,NA,NA,NA,NA,NA
BA4,GND,NA,NA,NA,NA,NA,NA
BA7,GND,NA,NA,NA,NA,NA,NA
BA11,GND,NA,NA,NA,NA,NA,NA
BA12,GND,NA,NA,NA,NA,NA,NA
BA13,GND,NA,NA,NA,NA,NA,NA
BA22,GND,NA,NA,NA,NA,NA,NA
BA32,GND,NA,NA,NA,NA,NA,NA
BA33,GND,NA,NA,NA,NA,NA,NA
BA34,GND,NA,NA,NA,NA,NA,NA
BA38,GND,NA,NA,NA,NA,NA,NA
BA41,GND,NA,NA,NA,NA,NA,NA
BA42,GND,NA,NA,NA,NA,NA,NA
BB1,GND,NA,NA,NA,NA,NA,NA
BB5,GND,NA,NA,NA,NA,NA,NA
BB9,GND,NA,NA,NA,NA,NA,NA
BB13,GND,NA,NA,NA,NA,NA,NA
BB19,GND,NA,NA,NA,NA,NA,NA
BB29,GND,NA,NA,NA,NA,NA,NA
BB32,GND,NA,NA,NA,NA,NA,NA
BB36,GND,NA,NA,NA,NA,NA,NA
BB40,GND,NA,NA,NA,NA,NA,NA
BB44,GND,NA,NA,NA,NA,NA,NA
BC2,GND,NA,NA,NA,NA,NA,NA
BC3,GND,NA,NA,NA,NA,NA,NA
BC7,GND,NA,NA,NA,NA,NA,NA
BC11,GND,NA,NA,NA,NA,NA,NA
BC13,GND,NA,NA,NA,NA,NA,NA
BC16,GND,NA,NA,NA,NA,NA,NA
BC26,GND,NA,NA,NA,NA,NA,NA
BC32,GND,NA,NA,NA,NA,NA,NA
BC34,GND,NA,NA,NA,NA,NA,NA
BC38,GND,NA,NA,NA,NA,NA,NA
BC42,GND,NA,NA,NA,NA,NA,NA
BC43,GND,NA,NA,NA,NA,NA,NA
BD5,GND,NA,NA,NA,NA,NA,NA
BD6,GND,NA,NA,NA,NA,NA,NA
BD9,GND,NA,NA,NA,NA,NA,NA
BD10,GND,NA,NA,NA,NA,NA,NA
BD13,GND,NA,NA,NA,NA,NA,NA
BD23,GND,NA,NA,NA,NA,NA,NA
BD32,GND,NA,NA,NA,NA,NA,NA
BD35,GND,NA,NA,NA,NA,NA,NA
BD36,GND,NA,NA,NA,NA,NA,NA
BD39,GND,NA,NA,NA,NA,NA,NA
BD40,GND,NA,NA,NA,NA,NA,NA
AA13,VCCINT,NA,NA,NA,NA,NA,NA
AA15,VCCINT,NA,NA,NA,NA,NA,NA
AA17,VCCINT,NA,NA,NA,NA,NA,NA
AA21,VCCINT,NA,NA,NA,NA,NA,NA
AA29,VCCINT,NA,NA,NA,NA,NA,NA
AA31,VCCINT,NA,NA,NA,NA,NA,NA
AA33,VCCINT,NA,NA,NA,NA,NA,NA
AB12,VCCINT,NA,NA,NA,NA,NA,NA
AB14,VCCINT,NA,NA,NA,NA,NA,NA
AB16,VCCINT,NA,NA,NA,NA,NA,NA
AB20,VCCINT,NA,NA,NA,NA,NA,NA
AB28,VCCINT,NA,NA,NA,NA,NA,NA
AB30,VCCINT,NA,NA,NA,NA,NA,NA
AB32,VCCINT,NA,NA,NA,NA,NA,NA
AC13,VCCINT,NA,NA,NA,NA,NA,NA
AC15,VCCINT,NA,NA,NA,NA,NA,NA
AC17,VCCINT,NA,NA,NA,NA,NA,NA
AC21,VCCINT,NA,NA,NA,NA,NA,NA
AC29,VCCINT,NA,NA,NA,NA,NA,NA
AC31,VCCINT,NA,NA,NA,NA,NA,NA
AC33,VCCINT,NA,NA,NA,NA,NA,NA
AD12,VCCINT,NA,NA,NA,NA,NA,NA
AD14,VCCINT,NA,NA,NA,NA,NA,NA
AD16,VCCINT,NA,NA,NA,NA,NA,NA
AD20,VCCINT,NA,NA,NA,NA,NA,NA
AD28,VCCINT,NA,NA,NA,NA,NA,NA
AD30,VCCINT,NA,NA,NA,NA,NA,NA
AD32,VCCINT,NA,NA,NA,NA,NA,NA
AE13,VCCINT,NA,NA,NA,NA,NA,NA
AE15,VCCINT,NA,NA,NA,NA,NA,NA
AE17,VCCINT,NA,NA,NA,NA,NA,NA
AE21,VCCINT,NA,NA,NA,NA,NA,NA
AE23,VCCINT,NA,NA,NA,NA,NA,NA
AE29,VCCINT,NA,NA,NA,NA,NA,NA
AE31,VCCINT,NA,NA,NA,NA,NA,NA
AE33,VCCINT,NA,NA,NA,NA,NA,NA
AF12,VCCINT,NA,NA,NA,NA,NA,NA
AF14,VCCINT,NA,NA,NA,NA,NA,NA
AF16,VCCINT,NA,NA,NA,NA,NA,NA
AF20,VCCINT,NA,NA,NA,NA,NA,NA
AF22,VCCINT,NA,NA,NA,NA,NA,NA
AF24,VCCINT,NA,NA,NA,NA,NA,NA
AF28,VCCINT,NA,NA,NA,NA,NA,NA
AF30,VCCINT,NA,NA,NA,NA,NA,NA
AF32,VCCINT,NA,NA,NA,NA,NA,NA
AG13,VCCINT,NA,NA,NA,NA,NA,NA
AG15,VCCINT,NA,NA,NA,NA,NA,NA
AG17,VCCINT,NA,NA,NA,NA,NA,NA
AG21,VCCINT,NA,NA,NA,NA,NA,NA
AG23,VCCINT,NA,NA,NA,NA,NA,NA
AG27,VCCINT,NA,NA,NA,NA,NA,NA
AG29,VCCINT,NA,NA,NA,NA,NA,NA
AG31,VCCINT,NA,NA,NA,NA,NA,NA
AG33,VCCINT,NA,NA,NA,NA,NA,NA
AH12,VCCINT,NA,NA,NA,NA,NA,NA
AH32,VCCINT,NA,NA,NA,NA,NA,NA
U15,VCCINT,NA,NA,NA,NA,NA,NA
U17,VCCINT,NA,NA,NA,NA,NA,NA
U21,VCCINT,NA,NA,NA,NA,NA,NA
U23,VCCINT,NA,NA,NA,NA,NA,NA
U29,VCCINT,NA,NA,NA,NA,NA,NA
U31,VCCINT,NA,NA,NA,NA,NA,NA
V12,VCCINT,NA,NA,NA,NA,NA,NA
V14,VCCINT,NA,NA,NA,NA,NA,NA
V16,VCCINT,NA,NA,NA,NA,NA,NA
V20,VCCINT,NA,NA,NA,NA,NA,NA
V22,VCCINT,NA,NA,NA,NA,NA,NA
V24,VCCINT,NA,NA,NA,NA,NA,NA
V28,VCCINT,NA,NA,NA,NA,NA,NA
V30,VCCINT,NA,NA,NA,NA,NA,NA
V32,VCCINT,NA,NA,NA,NA,NA,NA
W13,VCCINT,NA,NA,NA,NA,NA,NA
W15,VCCINT,NA,NA,NA,NA,NA,NA
W17,VCCINT,NA,NA,NA,NA,NA,NA
W21,VCCINT,NA,NA,NA,NA,NA,NA
W23,VCCINT,NA,NA,NA,NA,NA,NA
W29,VCCINT,NA,NA,NA,NA,NA,NA
W31,VCCINT,NA,NA,NA,NA,NA,NA
W33,VCCINT,NA,NA,NA,NA,NA,NA
Y12,VCCINT,NA,NA,NA,NA,NA,NA
Y14,VCCINT,NA,NA,NA,NA,NA,NA
Y16,VCCINT,NA,NA,NA,NA,NA,NA
Y20,VCCINT,NA,NA,NA,NA,NA,NA
Y22,VCCINT,NA,NA,NA,NA,NA,NA
Y28,VCCINT,NA,NA,NA,NA,NA,NA
Y30,VCCINT,NA,NA,NA,NA,NA,NA
Y32,VCCINT,NA,NA,NA,NA,NA,NA
AA27,VCCAUX,NA,NA,NA,NA,NA,NA
AB18,VCCAUX,NA,NA,NA,NA,NA,NA
AC27,VCCAUX,NA,NA,NA,NA,NA,NA
AD18,VCCAUX,NA,NA,NA,NA,NA,NA
AE27,VCCAUX,NA,NA,NA,NA,NA,NA
AF18,VCCAUX,NA,NA,NA,NA,NA,NA
U27,VCCAUX,NA,NA,NA,NA,NA,NA
V18,VCCAUX,NA,NA,NA,NA,NA,NA
W27,VCCAUX,NA,NA,NA,NA,NA,NA
Y18,VCCAUX,NA,NA,NA,NA,NA,NA
Y26,VCCAUX_IO_G0,NA,NA,NA,NA,NA,NA
AD26,VCCAUX_IO_G0,NA,NA,NA,NA,NA,NA
AF26,VCCAUX_IO_G0,NA,NA,NA,NA,NA,NA
V26,VCCAUX_IO_G1,NA,NA,NA,NA,NA,NA
AC19,VCCAUX_IO_G2,NA,NA,NA,NA,NA,NA
AE19,VCCAUX_IO_G2,NA,NA,NA,NA,NA,NA
AG19,VCCAUX_IO_G2,NA,NA,NA,NA,NA,NA
U19,VCCAUX_IO_G3,NA,NA,NA,NA,NA,NA
W19,VCCAUX_IO_G3,NA,NA,NA,NA,NA,NA
AA19,VCCAUX_IO_G3,NA,NA,NA,NA,NA,NA
V33,VCCO_0,NA,0,NA,NA,NA,NA
Y33,VCCO_0,NA,0,NA,NA,NA,NA
AH26,VCCO_13,NA,13,NA,NA,NA,NA
AL27,VCCO_13,NA,13,NA,NA,NA,NA
AR25,VCCO_13,NA,13,NA,NA,NA,NA
AV26,VCCO_13,NA,13,NA,NA,NA,NA
BA27,VCCO_13,NA,13,NA,NA,NA,NA
BB24,VCCO_13,NA,13,NA,NA,NA,NA
BD28,VCCO_13,NA,13,NA,NA,NA,NA
AK30,VCCO_14,NA,14,NA,NA,NA,NA
AN31,VCCO_14,NA,14,NA,NA,NA,NA
AP28,VCCO_14,NA,14,NA,NA,NA,NA
AU29,VCCO_14,NA,14,NA,NA,NA,NA
AY30,VCCO_14,NA,14,NA,NA,NA,NA
BC31,VCCO_14,NA,14,NA,NA,NA,NA
C31,VCCO_15,NA,15,NA,NA,NA,NA
D28,VCCO_15,NA,15,NA,NA,NA,NA
G29,VCCO_15,NA,15,NA,NA,NA,NA
K30,VCCO_15,NA,15,NA,NA,NA,NA
N31,VCCO_15,NA,15,NA,NA,NA,NA
P28,VCCO_15,NA,15,NA,NA,NA,NA
A27,VCCO_16,NA,16,NA,NA,NA,NA
E25,VCCO_16,NA,16,NA,NA,NA,NA
H26,VCCO_16,NA,16,NA,NA,NA,NA
L27,VCCO_16,NA,16,NA,NA,NA,NA
AK20,VCCO_33,NA,33,NA,NA,NA,NA
AL17,VCCO_33,NA,33,NA,NA,NA,NA
AP18,VCCO_33,NA,33,NA,NA,NA,NA
AU19,VCCO_33,NA,33,NA,NA,NA,NA
AY20,VCCO_33,NA,33,NA,NA,NA,NA
BD18,VCCO_33,NA,33,NA,NA,NA,NA
AH16,VCCO_34,NA,34,NA,NA,NA,NA
AM14,VCCO_34,NA,34,NA,NA,NA,NA
AR15,VCCO_34,NA,34,NA,NA,NA,NA
AV16,VCCO_34,NA,34,NA,NA,NA,NA
BA17,VCCO_34,NA,34,NA,NA,NA,NA
BB14,VCCO_34,NA,34,NA,NA,NA,NA
AJ23,VCCO_35,NA,35,NA,NA,NA,NA
AM24,VCCO_35,NA,35,NA,NA,NA,NA
AN21,VCCO_35,NA,35,NA,NA,NA,NA
AT22,VCCO_35,NA,35,NA,NA,NA,NA
AW23,VCCO_35,NA,35,NA,NA,NA,NA
BC21,VCCO_35,NA,35,NA,NA,NA,NA
B24,VCCO_36,NA,36,NA,NA,NA,NA
F22,VCCO_36,NA,36,NA,NA,NA,NA
J23,VCCO_36,NA,36,NA,NA,NA,NA
M24,VCCO_36,NA,36,NA,NA,NA,NA
R25,VCCO_36,NA,36,NA,NA,NA,NA
T22,VCCO_36,NA,36,NA,NA,NA,NA
A17,VCCO_37,NA,37,NA,NA,NA,NA
B14,VCCO_37,NA,37,NA,NA,NA,NA
E15,VCCO_37,NA,37,NA,NA,NA,NA
H16,VCCO_37,NA,37,NA,NA,NA,NA
L17,VCCO_37,NA,37,NA,NA,NA,NA
M14,VCCO_37,NA,37,NA,NA,NA,NA
R15,VCCO_37,NA,37,NA,NA,NA,NA
C21,VCCO_38,NA,38,NA,NA,NA,NA
D18,VCCO_38,NA,38,NA,NA,NA,NA
G19,VCCO_38,NA,38,NA,NA,NA,NA
K20,VCCO_38,NA,38,NA,NA,NA,NA
N21,VCCO_38,NA,38,NA,NA,NA,NA
P18,VCCO_38,NA,38,NA,NA,NA,NA
AA25,VCCBRAM,NA,NA,NA,NA,NA,NA
AB24,VCCBRAM,NA,NA,NA,NA,NA,NA
AB26,VCCBRAM,NA,NA,NA,NA,NA,NA
AC25,VCCBRAM,NA,NA,NA,NA,NA,NA
AD24,VCCBRAM,NA,NA,NA,NA,NA,NA
AE25,VCCBRAM,NA,NA,NA,NA,NA,NA
AG25,VCCBRAM,NA,NA,NA,NA,NA,NA
U25,VCCBRAM,NA,NA,NA,NA,NA,NA
W25,VCCBRAM,NA,NA,NA,NA,NA,NA
Y24,VCCBRAM,NA,NA,NA,NA,NA,NA
,,,,,,,
Total Number of Pins Generated, 1924,,,,,,,
