Device/Package xc7vh580tflg1155/xc7vh580thcg1155 2/28/2014 16:34:48,,,,,,,
,,,,,,,
Pin,Pin Name,Memory Byte Group,Bank,VCCAUX Group,Super Logic Region,I/O Type,No-Connect
W17,DXN_0,NA,0,NA,NA,CONFIG,NA
W18,DXP_0,NA,0,NA,NA,CONFIG,NA
U17,VREFN_0,NA,0,NA,NA,CONFIG,NA
V18,VREFP_0,NA,0,NA,NA,CONFIG,NA
U18,VP_0,NA,0,NA,NA,CONFIG,NA
V17,VN_0,NA,0,NA,NA,CONFIG,NA
P20,VCCBATT_0,NA,0,NA,NA,CONFIG,NA
P18,CCLK_0,NA,0,NA,NA,CONFIG,NA
N17,TCK_0,NA,0,NA,NA,CONFIG,NA
R15,TMS_0,NA,0,NA,NA,CONFIG,NA
P14,TDI_0,NA,0,NA,NA,CONFIG,NA
V8,INIT_B_0,NA,0,NA,NA,CONFIG,NA
W27,PROGRAM_B_0,NA,0,NA,NA,CONFIG,NA
U27,DONE_0,NA,0,NA,NA,CONFIG,NA
AA27,M2_0,NA,0,NA,NA,CONFIG,NA
AB26,M0_0,NA,0,NA,NA,CONFIG,NA
Y8,M1_0,NA,0,NA,NA,CONFIG,NA
K20,TDO_0,NA,0,NA,NA,CONFIG,NA
AL27,IO_0_VRN_13,NA,13,0,0,HP,NA
AC23,IO_L1P_T0_13,0,13,0,0,HP,NA
AD23,IO_L1N_T0_13,0,13,0,0,HP,NA
AD24,IO_L2P_T0_13,0,13,0,0,HP,NA
AD25,IO_L2N_T0_13,0,13,0,0,HP,NA
AD26,IO_L3P_T0_DQS_13,0,13,0,0,HP,NA
AE26,IO_L3N_T0_DQS_13,0,13,0,0,HP,NA
AC26,IO_L4P_T0_13,0,13,0,0,HP,NA
AC27,IO_L4N_T0_13,0,13,0,0,HP,NA
AB24,IO_L5P_T0_13,0,13,0,0,HP,NA
AC24,IO_L5N_T0_13,0,13,0,0,HP,NA
AE27,IO_L6P_T0_13,0,13,0,0,HP,NA
AF27,IO_L6N_T0_VREF_13,0,13,0,0,HP,NA
AG27,IO_L7P_T1_13,1,13,0,0,HP,NA
AH27,IO_L7N_T1_13,1,13,0,0,HP,NA
AK26,IO_L8P_T1_13,1,13,0,0,HP,NA
AK27,IO_L8N_T1_13,1,13,0,0,HP,NA
AH26,IO_L9P_T1_DQS_13,1,13,0,0,HP,NA
AJ26,IO_L9N_T1_DQS_13,1,13,0,0,HP,NA
AM25,IO_L10P_T1_13,1,13,0,0,HP,NA
AM26,IO_L10N_T1_13,1,13,0,0,HP,NA
AJ25,IO_L11P_T1_SRCC_13,1,13,0,0,HP,NA
AK25,IO_L11N_T1_SRCC_13,1,13,0,0,HP,NA
AL24,IO_L12P_T1_MRCC_13,1,13,0,0,HP,NA
AL25,IO_L12N_T1_MRCC_13,1,13,0,0,HP,NA
AH24,IO_L13P_T2_MRCC_13,2,13,0,0,HP,NA
AJ24,IO_L13N_T2_MRCC_13,2,13,0,0,HP,NA
AG25,IO_L14P_T2_SRCC_13,2,13,0,0,HP,NA
AG26,IO_L14N_T2_SRCC_13,2,13,0,0,HP,NA
AF24,IO_L15P_T2_DQS_13,2,13,0,0,HP,NA
AG24,IO_L15N_T2_DQS_13,2,13,0,0,HP,NA
AE23,IO_L16P_T2_13,2,13,0,0,HP,NA
AF23,IO_L16N_T2_13,2,13,0,0,HP,NA
AE25,IO_L17P_T2_13,2,13,0,0,HP,NA
AF25,IO_L17N_T2_13,2,13,0,0,HP,NA
AH23,IO_L18P_T2_13,2,13,0,0,HP,NA
AJ23,IO_L18N_T2_13,2,13,0,0,HP,NA
AP24,IO_L19P_T3_13,3,13,0,0,HP,NA
AP25,IO_L19N_T3_VREF_13,3,13,0,0,HP,NA
AK23,IO_L20P_T3_13,3,13,0,0,HP,NA
AL23,IO_L20N_T3_13,3,13,0,0,HP,NA
AN23,IO_L21P_T3_DQS_13,3,13,0,0,HP,NA
AP23,IO_L21N_T3_DQS_13,3,13,0,0,HP,NA
AN26,IO_L22P_T3_13,3,13,0,0,HP,NA
AP26,IO_L22N_T3_13,3,13,0,0,HP,NA
AM24,IO_L23P_T3_13,3,13,0,0,HP,NA
AN24,IO_L23N_T3_13,3,13,0,0,HP,NA
AL22,IO_L24P_T3_13,3,13,0,0,HP,NA
AM22,IO_L24N_T3_13,3,13,0,0,HP,NA
AN22,IO_25_VRP_13,NA,13,0,0,HP,NA
AN34,IO_0_VRN_14,NA,14,0,0,HP,NA
AE28,IO_L1P_T0_D00_MOSI_14,0,14,0,0,HP,NA
AF28,IO_L1N_T0_D01_DIN_14,0,14,0,0,HP,NA
AJ29,IO_L2P_T0_D02_14,0,14,0,0,HP,NA
AJ30,IO_L2N_T0_D03_14,0,14,0,0,HP,NA
AF29,IO_L3P_T0_DQS_PUDC_B_14,0,14,0,0,HP,NA
AG29,IO_L3N_T0_DQS_EMCCLK_14,0,14,0,0,HP,NA
AH28,IO_L4P_T0_D04_14,0,14,0,0,HP,NA
AH29,IO_L4N_T0_D05_14,0,14,0,0,HP,NA
AJ28,IO_L5P_T0_D06_14,0,14,0,0,HP,NA
AK28,IO_L5N_T0_D07_14,0,14,0,0,HP,NA
AL28,IO_L6P_T0_FCS_B_14,0,14,0,0,HP,NA
AL29,IO_L6N_T0_D08_VREF_14,0,14,0,0,HP,NA
AF30,IO_L7P_T1_D09_14,1,14,0,0,HP,NA
AG30,IO_L7N_T1_D10_14,1,14,0,0,HP,NA
AG31,IO_L8P_T1_D11_14,1,14,0,0,HP,NA
AG32,IO_L8N_T1_D12_14,1,14,0,0,HP,NA
AH32,IO_L9P_T1_DQS_14,1,14,0,0,HP,NA
AH33,IO_L9N_T1_DQS_D13_14,1,14,0,0,HP,NA
AG34,IO_L10P_T1_D14_14,1,14,0,0,HP,NA
AH34,IO_L10N_T1_D15_14,1,14,0,0,HP,NA
AH31,IO_L11P_T1_SRCC_14,1,14,0,0,HP,NA
AJ31,IO_L11N_T1_SRCC_14,1,14,0,0,HP,NA
AK30,IO_L12P_T1_MRCC_14,1,14,0,0,HP,NA
AK31,IO_L12N_T1_MRCC_14,1,14,0,0,HP,NA
AK32,IO_L13P_T2_MRCC_14,2,14,0,0,HP,NA
AL32,IO_L13N_T2_MRCC_14,2,14,0,0,HP,NA
AK33,IO_L14P_T2_SRCC_14,2,14,0,0,HP,NA
AL33,IO_L14N_T2_SRCC_14,2,14,0,0,HP,NA
AM32,IO_L15P_T2_DQS_RDWR_B_14,2,14,0,0,HP,NA
AN32,IO_L15N_T2_DQS_DOUT_CSO_B_14,2,14,0,0,HP,NA
AL34,IO_L16P_T2_CSI_B_14,2,14,0,0,HP,NA
AM34,IO_L16N_T2_A15_D31_14,2,14,0,0,HP,NA
AJ33,IO_L17P_T2_A14_D30_14,2,14,0,0,HP,NA
AJ34,IO_L17N_T2_A13_D29_14,2,14,0,0,HP,NA
AN33,IO_L18P_T2_A12_D28_14,2,14,0,0,HP,NA
AP33,IO_L18N_T2_A11_D27_14,2,14,0,0,HP,NA
AM29,IO_L19P_T3_A10_D26_14,3,14,0,0,HP,NA
AN29,IO_L19N_T3_A09_D25_VREF_14,3,14,0,0,HP,NA
AM27,IO_L20P_T3_A08_D24_14,3,14,0,0,HP,NA
AN27,IO_L20N_T3_A07_D23_14,3,14,0,0,HP,NA
AL30,IO_L21P_T3_DQS_14,3,14,0,0,HP,NA
AM30,IO_L21N_T3_DQS_A06_D22_14,3,14,0,0,HP,NA
AP29,IO_L22P_T3_A05_D21_14,3,14,0,0,HP,NA
AP30,IO_L22N_T3_A04_D20_14,3,14,0,0,HP,NA
AM31,IO_L23P_T3_A03_D19_14,3,14,0,0,HP,NA
AN31,IO_L23N_T3_A02_D18_14,3,14,0,0,HP,NA
AN28,IO_L24P_T3_A01_D17_14,3,14,0,0,HP,NA
AP28,IO_L24N_T3_A00_D16_14,3,14,0,0,HP,NA
AP31,IO_25_VRP_14,NA,14,0,0,HP,NA
AB19,IO_0_VRN_15,NA,15,0,0,HP,NA
AC18,IO_L1P_T0_AD0P_15,0,15,0,0,HP,NA
AD18,IO_L1N_T0_AD0N_15,0,15,0,0,HP,NA
AH18,IO_L2P_T0_AD8P_15,0,15,0,0,HP,NA
AH19,IO_L2N_T0_AD8N_15,0,15,0,0,HP,NA
AC19,IO_L3P_T0_DQS_AD1P_15,0,15,0,0,HP,NA
AD19,IO_L3N_T0_DQS_AD1N_15,0,15,0,0,HP,NA
AE18,IO_L4P_T0_15,0,15,0,0,HP,NA
AF18,IO_L4N_T0_15,0,15,0,0,HP,NA
AA20,IO_L5P_T0_AD9P_15,0,15,0,0,HP,NA
AB20,IO_L5N_T0_AD9N_15,0,15,0,0,HP,NA
AF19,IO_L6P_T0_15,0,15,0,0,HP,NA
AG19,IO_L6N_T0_VREF_15,0,15,0,0,HP,NA
AK18,IO_L7P_T1_AD2P_15,1,15,0,0,HP,NA
AL18,IO_L7N_T1_AD2N_15,1,15,0,0,HP,NA
AP20,IO_L8P_T1_AD10P_15,1,15,0,0,HP,NA
AP21,IO_L8N_T1_AD10N_15,1,15,0,0,HP,NA
AN19,IO_L9P_T1_DQS_AD3P_15,1,15,0,0,HP,NA
AP19,IO_L9N_T1_DQS_AD3N_15,1,15,0,0,HP,NA
AN18,IO_L10P_T1_AD11P_15,1,15,0,0,HP,NA
AP18,IO_L10N_T1_AD11N_15,1,15,0,0,HP,NA
AM21,IO_L11P_T1_SRCC_15,1,15,0,0,HP,NA
AN21,IO_L11N_T1_SRCC_15,1,15,0,0,HP,NA
AM19,IO_L12P_T1_MRCC_15,1,15,0,0,HP,NA
AM20,IO_L12N_T1_MRCC_15,1,15,0,0,HP,NA
AJ20,IO_L13P_T2_MRCC_15,2,15,0,0,HP,NA
AK20,IO_L13N_T2_MRCC_15,2,15,0,0,HP,NA
AL19,IO_L14P_T2_SRCC_15,2,15,0,0,HP,NA
AL20,IO_L14N_T2_SRCC_15,2,15,0,0,HP,NA
AJ18,IO_L15P_T2_DQS_15,2,15,0,0,HP,NA
AJ19,IO_L15N_T2_DQS_ADV_B_15,2,15,0,0,HP,NA
AD20,IO_L16P_T2_A28_15,2,15,0,0,HP,NA
AE20,IO_L16N_T2_A27_15,2,15,0,0,HP,NA
AH21,IO_L17P_T2_A26_15,2,15,0,0,HP,NA
AJ21,IO_L17N_T2_A25_15,2,15,0,0,HP,NA
AF20,IO_L18P_T2_A24_15,2,15,0,0,HP,NA
AG20,IO_L18N_T2_A23_15,2,15,0,0,HP,NA
AK21,IO_L19P_T3_A22_15,3,15,0,0,HP,NA
AK22,IO_L19N_T3_A21_VREF_15,3,15,0,0,HP,NA
AB21,IO_L20P_T3_A20_15,3,15,0,0,HP,NA
AC21,IO_L20N_T3_A19_15,3,15,0,0,HP,NA
AD21,IO_L21P_T3_DQS_15,3,15,0,0,HP,NA
AE21,IO_L21N_T3_DQS_A18_15,3,15,0,0,HP,NA
AB22,IO_L22P_T3_A17_15,3,15,0,0,HP,NA
AC22,IO_L22N_T3_A16_15,3,15,0,0,HP,NA
AG22,IO_L23P_T3_FOE_B_15,3,15,0,0,HP,NA
AH22,IO_L23N_T3_FWE_B_15,3,15,0,0,HP,NA
AE22,IO_L24P_T3_RS1_15,3,15,0,0,HP,NA
AF22,IO_L24N_T3_RS0_15,3,15,0,0,HP,NA
AG21,IO_25_VRP_15,NA,15,0,0,HP,NA
M24,IO_0_VRN_16,NA,16,0,1,HP,NA
R23,IO_L1P_T0_16,0,16,0,1,HP,NA
T24,IO_L1N_T0_16,0,16,0,1,HP,NA
L23,IO_L2P_T0_16,0,16,0,1,HP,NA
L24,IO_L2N_T0_16,0,16,0,1,HP,NA
P24,IO_L3P_T0_DQS_16,0,16,0,1,HP,NA
N24,IO_L3N_T0_DQS_16,0,16,0,1,HP,NA
P23,IO_L4P_T0_16,0,16,0,1,HP,NA
N23,IO_L4N_T0_16,0,16,0,1,HP,NA
R25,IO_L5P_T0_16,0,16,0,1,HP,NA
P25,IO_L5N_T0_16,0,16,0,1,HP,NA
K23,IO_L6P_T0_16,0,16,0,1,HP,NA
J23,IO_L6N_T0_VREF_16,0,16,0,1,HP,NA
H23,IO_L7P_T1_16,1,16,0,1,HP,NA
J24,IO_L7N_T1_16,1,16,0,1,HP,NA
F24,IO_L8P_T1_16,1,16,0,1,HP,NA
F25,IO_L8N_T1_16,1,16,0,1,HP,NA
H24,IO_L9P_T1_DQS_16,1,16,0,1,HP,NA
G24,IO_L9N_T1_DQS_16,1,16,0,1,HP,NA
G25,IO_L10P_T1_16,1,16,0,1,HP,NA
G26,IO_L10N_T1_16,1,16,0,1,HP,NA
K25,IO_L11P_T1_SRCC_16,1,16,0,1,HP,NA
J25,IO_L11N_T1_SRCC_16,1,16,0,1,HP,NA
J26,IO_L12P_T1_MRCC_16,1,16,0,1,HP,NA
H26,IO_L12N_T1_MRCC_16,1,16,0,1,HP,NA
K26,IO_L13P_T2_MRCC_16,2,16,0,1,HP,NA
K27,IO_L13N_T2_MRCC_16,2,16,0,1,HP,NA
M25,IO_L14P_T2_SRCC_16,2,16,0,1,HP,NA
L25,IO_L14N_T2_SRCC_16,2,16,0,1,HP,NA
P26,IO_L15P_T2_DQS_16,2,16,0,1,HP,NA
N26,IO_L15N_T2_DQS_16,2,16,0,1,HP,NA
R26,IO_L16P_T2_16,2,16,0,1,HP,NA
R27,IO_L16N_T2_16,2,16,0,1,HP,NA
M26,IO_L17P_T2_16,2,16,0,1,HP,NA
L27,IO_L17N_T2_16,2,16,0,1,HP,NA
N27,IO_L18P_T2_16,2,16,0,1,HP,NA
M27,IO_L18N_T2_16,2,16,0,1,HP,NA
F27,IO_L19P_T3_16,3,16,0,1,HP,NA
F28,IO_L19N_T3_VREF_16,3,16,0,1,HP,NA
K28,IO_L20P_T3_16,3,16,0,1,HP,NA
J29,IO_L20N_T3_16,3,16,0,1,HP,NA
J28,IO_L21P_T3_DQS_16,3,16,0,1,HP,NA
H28,IO_L21N_T3_DQS_16,3,16,0,1,HP,NA
H27,IO_L22P_T3_16,3,16,0,1,HP,NA
G27,IO_L22N_T3_16,3,16,0,1,HP,NA
H29,IO_L23P_T3_16,3,16,0,1,HP,NA
G29,IO_L23N_T3_16,3,16,0,1,HP,NA
L28,IO_L24P_T3_16,3,16,0,1,HP,NA
L29,IO_L24N_T3_16,3,16,0,1,HP,NA
F23,IO_25_VRP_16,NA,16,0,1,HP,NA
AP8,IO_0_VRN_33,NA,33,1,0,HP,NA
AC12,IO_L1P_T0_33,0,33,1,0,HP,NA
AC11,IO_L1N_T0_33,0,33,1,0,HP,NA
AC9,IO_L2P_T0_33,0,33,1,0,HP,NA
AD9,IO_L2N_T0_33,0,33,1,0,HP,NA
AD11,IO_L3P_T0_DQS_33,0,33,1,0,HP,NA
AD10,IO_L3N_T0_DQS_33,0,33,1,0,HP,NA
AC8,IO_L4P_T0_33,0,33,1,0,HP,NA
AD8,IO_L4N_T0_33,0,33,1,0,HP,NA
AE11,IO_L5P_T0_33,0,33,1,0,HP,NA
AE10,IO_L5N_T0_33,0,33,1,0,HP,NA
AE8,IO_L6P_T0_33,0,33,1,0,HP,NA
AF8,IO_L6N_T0_VREF_33,0,33,1,0,HP,NA
AH9,IO_L7P_T1_33,1,33,1,0,HP,NA
AH8,IO_L7N_T1_33,1,33,1,0,HP,NA
AK8,IO_L8P_T1_33,1,33,1,0,HP,NA
AL8,IO_L8N_T1_33,1,33,1,0,HP,NA
AJ9,IO_L9P_T1_DQS_33,1,33,1,0,HP,NA
AJ8,IO_L9N_T1_DQS_33,1,33,1,0,HP,NA
AM10,IO_L10P_T1_33,1,33,1,0,HP,NA
AM9,IO_L10N_T1_33,1,33,1,0,HP,NA
AK11,IO_L11P_T1_SRCC_33,1,33,1,0,HP,NA
AK10,IO_L11N_T1_SRCC_33,1,33,1,0,HP,NA
AL10,IO_L12P_T1_MRCC_33,1,33,1,0,HP,NA
AL9,IO_L12N_T1_MRCC_33,1,33,1,0,HP,NA
AG11,IO_L13P_T2_MRCC_33,2,33,1,0,HP,NA
AH11,IO_L13N_T2_MRCC_33,2,33,1,0,HP,NA
AJ11,IO_L14P_T2_SRCC_33,2,33,1,0,HP,NA
AJ10,IO_L14N_T2_SRCC_33,2,33,1,0,HP,NA
AF10,IO_L15P_T2_DQS_33,2,33,1,0,HP,NA
AG10,IO_L15N_T2_DQS_33,2,33,1,0,HP,NA
AE12,IO_L16P_T2_33,2,33,1,0,HP,NA
AF12,IO_L16N_T2_33,2,33,1,0,HP,NA
AF9,IO_L17P_T2_33,2,33,1,0,HP,NA
AG9,IO_L17N_T2_33,2,33,1,0,HP,NA
AG12,IO_L18P_T2_33,2,33,1,0,HP,NA
AH12,IO_L18N_T2_33,2,33,1,0,HP,NA
AP10,IO_L19P_T3_33,3,33,1,0,HP,NA
AP9,IO_L19N_T3_VREF_33,3,33,1,0,HP,NA
AK12,IO_L20P_T3_33,3,33,1,0,HP,NA
AL12,IO_L20N_T3_33,3,33,1,0,HP,NA
AN12,IO_L21P_T3_DQS_33,3,33,1,0,HP,NA
AN11,IO_L21N_T3_DQS_33,3,33,1,0,HP,NA
AN9,IO_L22P_T3_33,3,33,1,0,HP,NA
AN8,IO_L22N_T3_33,3,33,1,0,HP,NA
AN13,IO_L23P_T3_33,3,33,1,0,HP,NA
AP13,IO_L23N_T3_33,3,33,1,0,HP,NA
AM12,IO_L24P_T3_33,3,33,1,0,HP,NA
AM11,IO_L24N_T3_33,3,33,1,0,HP,NA
AP11,IO_25_VRP_33,NA,33,1,0,HP,NA
AP1,IO_0_VRN_34,NA,34,1,0,HP,NA
AE6,IO_L1P_T0_34,0,34,1,0,HP,NA
AF5,IO_L1N_T0_34,0,34,1,0,HP,NA
AG6,IO_L2P_T0_34,0,34,1,0,HP,NA
AG5,IO_L2N_T0_34,0,34,1,0,HP,NA
AH6,IO_L3P_T0_DQS_34,0,34,1,0,HP,NA
AJ6,IO_L3N_T0_DQS_34,0,34,1,0,HP,NA
AG7,IO_L4P_T0_34,0,34,1,0,HP,NA
AH7,IO_L4N_T0_34,0,34,1,0,HP,NA
AE7,IO_L5P_T0_34,0,34,1,0,HP,NA
AF7,IO_L5N_T0_34,0,34,1,0,HP,NA
AK7,IO_L6P_T0_34,0,34,1,0,HP,NA
AK6,IO_L6N_T0_VREF_34,0,34,1,0,HP,NA
AF4,IO_L7P_T1_34,1,34,1,0,HP,NA
AG4,IO_L7N_T1_34,1,34,1,0,HP,NA
AH4,IO_L8P_T1_34,1,34,1,0,HP,NA
AH3,IO_L8N_T1_34,1,34,1,0,HP,NA
AG2,IO_L9P_T1_DQS_34,1,34,1,0,HP,NA
AH2,IO_L9N_T1_DQS_34,1,34,1,0,HP,NA
AG1,IO_L10P_T1_34,1,34,1,0,HP,NA
AH1,IO_L10N_T1_34,1,34,1,0,HP,NA
AJ4,IO_L11P_T1_SRCC_34,1,34,1,0,HP,NA
AJ3,IO_L11N_T1_SRCC_34,1,34,1,0,HP,NA
AJ5,IO_L12P_T1_MRCC_34,1,34,1,0,HP,NA
AK5,IO_L12N_T1_MRCC_34,1,34,1,0,HP,NA
AK3,IO_L13P_T2_MRCC_34,2,34,1,0,HP,NA
AL3,IO_L13N_T2_MRCC_34,2,34,1,0,HP,NA
AK2,IO_L14P_T2_SRCC_34,2,34,1,0,HP,NA
AL2,IO_L14N_T2_SRCC_34,2,34,1,0,HP,NA
AM2,IO_L15P_T2_DQS_34,2,34,1,0,HP,NA
AN2,IO_L15N_T2_DQS_34,2,34,1,0,HP,NA
AM1,IO_L16P_T2_34,2,34,1,0,HP,NA
AN1,IO_L16N_T2_34,2,34,1,0,HP,NA
AJ1,IO_L17P_T2_34,2,34,1,0,HP,NA
AK1,IO_L17N_T2_34,2,34,1,0,HP,NA
AN3,IO_L18P_T2_34,2,34,1,0,HP,NA
AP3,IO_L18N_T2_34,2,34,1,0,HP,NA
AM6,IO_L19P_T3_34,3,34,1,0,HP,NA
AM5,IO_L19N_T3_VREF_34,3,34,1,0,HP,NA
AL7,IO_L20P_T3_34,3,34,1,0,HP,NA
AM7,IO_L20N_T3_34,3,34,1,0,HP,NA
AM4,IO_L21P_T3_DQS_34,3,34,1,0,HP,NA
AN4,IO_L21N_T3_DQS_34,3,34,1,0,HP,NA
AP6,IO_L22P_T3_34,3,34,1,0,HP,NA
AP5,IO_L22N_T3_34,3,34,1,0,HP,NA
AL5,IO_L23P_T3_34,3,34,1,0,HP,NA
AL4,IO_L23N_T3_34,3,34,1,0,HP,NA
AN7,IO_L24P_T3_34,3,34,1,0,HP,NA
AN6,IO_L24N_T3_34,3,34,1,0,HP,NA
AP4,IO_25_VRP_34,NA,34,1,0,HP,NA
AB15,IO_0_VRN_35,NA,35,1,0,HP,NA
AB17,IO_L1P_T0_AD4P_35,0,35,1,0,HP,NA
AC17,IO_L1N_T0_AD4N_35,0,35,1,0,HP,NA
AG17,IO_L2P_T0_AD12P_35,0,35,1,0,HP,NA
AH17,IO_L2N_T0_AD12N_35,0,35,1,0,HP,NA
AD16,IO_L3P_T0_DQS_AD5P_35,0,35,1,0,HP,NA
AE16,IO_L3N_T0_DQS_AD5N_35,0,35,1,0,HP,NA
AB16,IO_L4P_T0_35,0,35,1,0,HP,NA
AC16,IO_L4N_T0_35,0,35,1,0,HP,NA
AE17,IO_L5P_T0_AD13P_35,0,35,1,0,HP,NA
AF17,IO_L5N_T0_AD13N_35,0,35,1,0,HP,NA
AG16,IO_L6P_T0_35,0,35,1,0,HP,NA
AH16,IO_L6N_T0_VREF_35,0,35,1,0,HP,NA
AK17,IO_L7P_T1_AD6P_35,1,35,1,0,HP,NA
AL17,IO_L7N_T1_AD6N_35,1,35,1,0,HP,NA
AN16,IO_L8P_T1_AD14P_35,1,35,1,0,HP,NA
AP16,IO_L8N_T1_AD14N_35,1,35,1,0,HP,NA
AM17,IO_L9P_T1_DQS_AD7P_35,1,35,1,0,HP,NA
AN17,IO_L9N_T1_DQS_AD7N_35,1,35,1,0,HP,NA
AP15,IO_L10P_T1_AD15P_35,1,35,1,0,HP,NA
AP14,IO_L10N_T1_AD15N_35,1,35,1,0,HP,NA
AM14,IO_L11P_T1_SRCC_35,1,35,1,0,HP,NA
AN14,IO_L11N_T1_SRCC_35,1,35,1,0,HP,NA
AM16,IO_L12P_T1_MRCC_35,1,35,1,0,HP,NA
AM15,IO_L12N_T1_MRCC_35,1,35,1,0,HP,NA
AJ15,IO_L13P_T2_MRCC_35,2,35,1,0,HP,NA
AK15,IO_L13N_T2_MRCC_35,2,35,1,0,HP,NA
AL15,IO_L14P_T2_SRCC_35,2,35,1,0,HP,NA
AL14,IO_L14N_T2_SRCC_35,2,35,1,0,HP,NA
AJ16,IO_L15P_T2_DQS_35,2,35,1,0,HP,NA
AK16,IO_L15N_T2_DQS_35,2,35,1,0,HP,NA
AD15,IO_L16P_T2_35,2,35,1,0,HP,NA
AE15,IO_L16N_T2_35,2,35,1,0,HP,NA
AK13,IO_L17P_T2_35,2,35,1,0,HP,NA
AL13,IO_L17N_T2_35,2,35,1,0,HP,NA
AF15,IO_L18P_T2_35,2,35,1,0,HP,NA
AG15,IO_L18N_T2_35,2,35,1,0,HP,NA
AH14,IO_L19P_T3_35,3,35,1,0,HP,NA
AJ14,IO_L19N_T3_VREF_35,3,35,1,0,HP,NA
AB14,IO_L20P_T3_35,3,35,1,0,HP,NA
AC14,IO_L20N_T3_35,3,35,1,0,HP,NA
AF14,IO_L21P_T3_DQS_35,3,35,1,0,HP,NA
AG14,IO_L21N_T3_DQS_35,3,35,1,0,HP,NA
AC13,IO_L22P_T3_35,3,35,1,0,HP,NA
AD13,IO_L22N_T3_35,3,35,1,0,HP,NA
AH13,IO_L23P_T3_35,3,35,1,0,HP,NA
AJ13,IO_L23N_T3_35,3,35,1,0,HP,NA
AE13,IO_L24P_T3_35,3,35,1,0,HP,NA
AF13,IO_L24N_T3_35,3,35,1,0,HP,NA
AD14,IO_25_VRP_35,NA,35,1,0,HP,NA
N12,IO_0_VRN_36,NA,36,1,1,HP,NA
R12,IO_L1P_T0_36,0,36,1,1,HP,NA
R11,IO_L1N_T0_36,0,36,1,1,HP,NA
L12,IO_L2P_T0_36,0,36,1,1,HP,NA
K12,IO_L2N_T0_36,0,36,1,1,HP,NA
P11,IO_L3P_T0_DQS_36,0,36,1,1,HP,NA
N11,IO_L3N_T0_DQS_36,0,36,1,1,HP,NA
M12,IO_L4P_T0_36,0,36,1,1,HP,NA
M11,IO_L4N_T0_36,0,36,1,1,HP,NA
R10,IO_L5P_T0_36,0,36,1,1,HP,NA
P10,IO_L5N_T0_36,0,36,1,1,HP,NA
K11,IO_L6P_T0_36,0,36,1,1,HP,NA
J11,IO_L6N_T0_VREF_36,0,36,1,1,HP,NA
H12,IO_L7P_T1_36,1,36,1,1,HP,NA
H11,IO_L7N_T1_36,1,36,1,1,HP,NA
G12,IO_L8P_T1_36,1,36,1,1,HP,NA
F12,IO_L8N_T1_36,1,36,1,1,HP,NA
G11,IO_L9P_T1_DQS_36,1,36,1,1,HP,NA
G10,IO_L9N_T1_DQS_36,1,36,1,1,HP,NA
G9,IO_L10P_T1_36,1,36,1,1,HP,NA
F9,IO_L10N_T1_36,1,36,1,1,HP,NA
K10,IO_L11P_T1_SRCC_36,1,36,1,1,HP,NA
J10,IO_L11N_T1_SRCC_36,1,36,1,1,HP,NA
J9,IO_L12P_T1_MRCC_36,1,36,1,1,HP,NA
H9,IO_L12N_T1_MRCC_36,1,36,1,1,HP,NA
M9,IO_L13P_T2_MRCC_36,2,36,1,1,HP,NA
L9,IO_L13N_T2_MRCC_36,2,36,1,1,HP,NA
M10,IO_L14P_T2_SRCC_36,2,36,1,1,HP,NA
L10,IO_L14N_T2_SRCC_36,2,36,1,1,HP,NA
P9,IO_L15P_T2_DQS_36,2,36,1,1,HP,NA
N9,IO_L15N_T2_DQS_36,2,36,1,1,HP,NA
T9,IO_L16P_T2_36,2,36,1,1,HP,NA
R8,IO_L16N_T2_36,2,36,1,1,HP,NA
L8,IO_L17P_T2_36,2,36,1,1,HP,NA
K8,IO_L17N_T2_36,2,36,1,1,HP,NA
P8,IO_L18P_T2_36,2,36,1,1,HP,NA
N8,IO_L18N_T2_36,2,36,1,1,HP,NA
J8,IO_L19P_T3_36,3,36,1,1,HP,NA
H8,IO_L19N_T3_VREF_36,3,36,1,1,HP,NA
K6,IO_L20P_T3_36,3,36,1,1,HP,NA
J6,IO_L20N_T3_36,3,36,1,1,HP,NA
H7,IO_L21P_T3_DQS_36,3,36,1,1,HP,NA
G7,IO_L21N_T3_DQS_36,3,36,1,1,HP,NA
F8,IO_L22P_T3_36,3,36,1,1,HP,NA
F7,IO_L22N_T3_36,3,36,1,1,HP,NA
H6,IO_L23P_T3_36,3,36,1,1,HP,NA
G6,IO_L23N_T3_36,3,36,1,1,HP,NA
L7,IO_L24P_T3_36,3,36,1,1,HP,NA
K7,IO_L24N_T3_36,3,36,1,1,HP,NA
F10,IO_25_VRP_36,NA,36,1,1,HP,NA
U2,MGTHTXP3_113,NA,113,NA,0,GTH,NA
V4,MGTHRXP3_113,NA,113,NA,0,GTH,NA
U1,MGTHTXN3_113,NA,113,NA,0,GTH,NA
V3,MGTHRXN3_113,NA,113,NA,0,GTH,NA
W2,MGTHTXP2_113,NA,113,NA,0,GTH,NA
AB4,MGTHRXP2_113,NA,113,NA,0,GTH,NA
W1,MGTHTXN2_113,NA,113,NA,0,GTH,NA
AC6,MGTREFCLK0P_113,NA,113,NA,0,GTH,NA
AB3,MGTHRXN2_113,NA,113,NA,0,GTH,NA
AC5,MGTREFCLK0N_113,NA,113,NA,0,GTH,NA
AA5,MGTREFCLK1N_113,NA,113,NA,0,GTH,NA
AA6,MGTREFCLK1P_113,NA,113,NA,0,GTH,NA
AA2,MGTHTXP1_113,NA,113,NA,0,GTH,NA
AD4,MGTHRXP1_113,NA,113,NA,0,GTH,NA
AA1,MGTHTXN1_113,NA,113,NA,0,GTH,NA
AD3,MGTHRXN1_113,NA,113,NA,0,GTH,NA
AC2,MGTHTXP0_113,NA,113,NA,0,GTH,NA
Y4,MGTHRXP0_113,NA,113,NA,0,GTH,NA
AC1,MGTHTXN0_113,NA,113,NA,0,GTH,NA
Y3,MGTHRXN0_113,NA,113,NA,0,GTH,NA
J2,MGTHTXP3_114,NA,114,NA,0,GTH,NA
M4,MGTHRXP3_114,NA,114,NA,0,GTH,NA
J1,MGTHTXN3_114,NA,114,NA,0,GTH,NA
M3,MGTHRXN3_114,NA,114,NA,0,GTH,NA
L2,MGTHTXP2_114,NA,114,NA,0,GTH,NA
K4,MGTHRXP2_114,NA,114,NA,0,GTH,NA
L1,MGTHTXN2_114,NA,114,NA,0,GTH,NA
W6,MGTREFCLK0P_114,NA,114,NA,0,GTH,NA
K3,MGTHRXN2_114,NA,114,NA,0,GTH,NA
W5,MGTREFCLK0N_114,NA,114,NA,0,GTH,NA
U5,MGTREFCLK1N_114,NA,114,NA,0,GTH,NA
U6,MGTREFCLK1P_114,NA,114,NA,0,GTH,NA
N2,MGTHTXP1_114,NA,114,NA,0,GTH,NA
P4,MGTHRXP1_114,NA,114,NA,0,GTH,NA
N1,MGTHTXN1_114,NA,114,NA,0,GTH,NA
P3,MGTHRXN1_114,NA,114,NA,0,GTH,NA
R2,MGTHTXP0_114,NA,114,NA,0,GTH,NA
T4,MGTHRXP0_114,NA,114,NA,0,GTH,NA
R1,MGTHTXN0_114,NA,114,NA,0,GTH,NA
T3,MGTHRXN0_114,NA,114,NA,0,GTH,NA
A2,MGTHTXP3_115,NA,115,NA,0,GTH,NA
B4,MGTHRXP3_115,NA,115,NA,0,GTH,NA
A1,MGTHTXN3_115,NA,115,NA,0,GTH,NA
B3,MGTHRXN3_115,NA,115,NA,0,GTH,NA
C2,MGTHTXP2_115,NA,115,NA,0,GTH,NA
D4,MGTHRXP2_115,NA,115,NA,0,GTH,NA
C1,MGTHTXN2_115,NA,115,NA,0,GTH,NA
N6,MGTREFCLK0P_115,NA,115,NA,0,GTH,NA
D3,MGTHRXN2_115,NA,115,NA,0,GTH,NA
AE2,MGTAVTTRCAL_115,NA,115,NA,0,GTH,NA
N5,MGTREFCLK0N_115,NA,115,NA,0,GTH,NA
AE1,MGTRREF_115,NA,115,NA,0,GTH,NA
R5,MGTREFCLK1N_115,NA,115,NA,0,GTH,NA
R6,MGTREFCLK1P_115,NA,115,NA,0,GTH,NA
E2,MGTHTXP1_115,NA,115,NA,0,GTH,NA
F4,MGTHRXP1_115,NA,115,NA,0,GTH,NA
E1,MGTHTXN1_115,NA,115,NA,0,GTH,NA
F3,MGTHRXN1_115,NA,115,NA,0,GTH,NA
G2,MGTHTXP0_115,NA,115,NA,0,GTH,NA
H4,MGTHRXP0_115,NA,115,NA,0,GTH,NA
G1,MGTHTXN0_115,NA,115,NA,0,GTH,NA
H3,MGTHRXN0_115,NA,115,NA,0,GTH,NA
U33,MGTHTXP3_213,NA,213,NA,0,GTH,NA
V31,MGTHRXP3_213,NA,213,NA,0,GTH,NA
U34,MGTHTXN3_213,NA,213,NA,0,GTH,NA
V32,MGTHRXN3_213,NA,213,NA,0,GTH,NA
W33,MGTHTXP2_213,NA,213,NA,0,GTH,NA
AB31,MGTHRXP2_213,NA,213,NA,0,GTH,NA
W34,MGTHTXN2_213,NA,213,NA,0,GTH,NA
AC29,MGTREFCLK0P_213,NA,213,NA,0,GTH,NA
AB32,MGTHRXN2_213,NA,213,NA,0,GTH,NA
AC30,MGTREFCLK0N_213,NA,213,NA,0,GTH,NA
AA30,MGTREFCLK1N_213,NA,213,NA,0,GTH,NA
AA29,MGTREFCLK1P_213,NA,213,NA,0,GTH,NA
AA33,MGTHTXP1_213,NA,213,NA,0,GTH,NA
AD31,MGTHRXP1_213,NA,213,NA,0,GTH,NA
AA34,MGTHTXN1_213,NA,213,NA,0,GTH,NA
AD32,MGTHRXN1_213,NA,213,NA,0,GTH,NA
AC33,MGTHTXP0_213,NA,213,NA,0,GTH,NA
Y31,MGTHRXP0_213,NA,213,NA,0,GTH,NA
AC34,MGTHTXN0_213,NA,213,NA,0,GTH,NA
Y32,MGTHRXN0_213,NA,213,NA,0,GTH,NA
J33,MGTHTXP3_214,NA,214,NA,0,GTH,NA
M31,MGTHRXP3_214,NA,214,NA,0,GTH,NA
J34,MGTHTXN3_214,NA,214,NA,0,GTH,NA
M32,MGTHRXN3_214,NA,214,NA,0,GTH,NA
L33,MGTHTXP2_214,NA,214,NA,0,GTH,NA
K31,MGTHRXP2_214,NA,214,NA,0,GTH,NA
L34,MGTHTXN2_214,NA,214,NA,0,GTH,NA
W29,MGTREFCLK0P_214,NA,214,NA,0,GTH,NA
K32,MGTHRXN2_214,NA,214,NA,0,GTH,NA
W30,MGTREFCLK0N_214,NA,214,NA,0,GTH,NA
U30,MGTREFCLK1N_214,NA,214,NA,0,GTH,NA
U29,MGTREFCLK1P_214,NA,214,NA,0,GTH,NA
N33,MGTHTXP1_214,NA,214,NA,0,GTH,NA
P31,MGTHRXP1_214,NA,214,NA,0,GTH,NA
N34,MGTHTXN1_214,NA,214,NA,0,GTH,NA
P32,MGTHRXN1_214,NA,214,NA,0,GTH,NA
R33,MGTHTXP0_214,NA,214,NA,0,GTH,NA
T31,MGTHRXP0_214,NA,214,NA,0,GTH,NA
R34,MGTHTXN0_214,NA,214,NA,0,GTH,NA
T32,MGTHRXN0_214,NA,214,NA,0,GTH,NA
A33,MGTHTXP3_215,NA,215,NA,0,GTH,NA
B31,MGTHRXP3_215,NA,215,NA,0,GTH,NA
A34,MGTHTXN3_215,NA,215,NA,0,GTH,NA
B32,MGTHRXN3_215,NA,215,NA,0,GTH,NA
C33,MGTHTXP2_215,NA,215,NA,0,GTH,NA
D31,MGTHRXP2_215,NA,215,NA,0,GTH,NA
C34,MGTHTXN2_215,NA,215,NA,0,GTH,NA
N29,MGTREFCLK0P_215,NA,215,NA,0,GTH,NA
D32,MGTHRXN2_215,NA,215,NA,0,GTH,NA
AE33,MGTAVTTRCAL_215,NA,215,NA,0,GTH,NA
N30,MGTREFCLK0N_215,NA,215,NA,0,GTH,NA
AE34,MGTRREF_215,NA,215,NA,0,GTH,NA
R30,MGTREFCLK1N_215,NA,215,NA,0,GTH,NA
R29,MGTREFCLK1P_215,NA,215,NA,0,GTH,NA
E33,MGTHTXP1_215,NA,215,NA,0,GTH,NA
F31,MGTHRXP1_215,NA,215,NA,0,GTH,NA
E34,MGTHTXN1_215,NA,215,NA,0,GTH,NA
F32,MGTHRXN1_215,NA,215,NA,0,GTH,NA
G33,MGTHTXP0_215,NA,215,NA,0,GTH,NA
H31,MGTHRXP0_215,NA,215,NA,0,GTH,NA
G34,MGTHTXN0_215,NA,215,NA,0,GTH,NA
H32,MGTHRXN0_215,NA,215,NA,0,GTH,NA
E17,MGTZREFCLK0P_300,NA,300,NA,NA,GTZ,NA
C23,MGTZRXP0_300,NA,300,NA,NA,GTZ,NA
A22,MGTZRXP1_300,NA,300,NA,NA,GTZ,NA
C20,MGTZRXP2_300,NA,300,NA,NA,GTZ,NA
A19,MGTZRXP3_300,NA,300,NA,NA,GTZ,NA
C11,MGTZRXP4_300,NA,300,NA,NA,GTZ,NA
A10,MGTZRXP5_300,NA,300,NA,NA,GTZ,NA
C8,MGTZRXP6_300,NA,300,NA,NA,GTZ,NA
A7,MGTZRXP7_300,NA,300,NA,NA,GTZ,NA
E21,MGTZREFCLK1P_300,NA,300,NA,NA,GTZ,NA
E16,MGTZREFCLK0N_300,NA,300,NA,NA,GTZ,NA
E20,MGTZREFCLK1N_300,NA,300,NA,NA,GTZ,NA
C22,MGTZRXN0_300,NA,300,NA,NA,GTZ,NA
A21,MGTZRXN1_300,NA,300,NA,NA,GTZ,NA
C19,MGTZRXN2_300,NA,300,NA,NA,GTZ,NA
A18,MGTZRXN3_300,NA,300,NA,NA,GTZ,NA
C10,MGTZRXN4_300,NA,300,NA,NA,GTZ,NA
A9,MGTZRXN5_300,NA,300,NA,NA,GTZ,NA
C7,MGTZRXN6_300,NA,300,NA,NA,GTZ,NA
A6,MGTZRXN7_300,NA,300,NA,NA,GTZ,NA
E14,MGTZ_SENSE_AVCC_300,NA,300,NA,NA,GTZ,NA
C29,MGTZTXP0_300,NA,300,NA,NA,GTZ,NA
A28,MGTZTXP1_300,NA,300,NA,NA,GTZ,NA
C26,MGTZTXP2_300,NA,300,NA,NA,GTZ,NA
A25,MGTZTXP3_300,NA,300,NA,NA,GTZ,NA
C17,MGTZTXP4_300,NA,300,NA,NA,GTZ,NA
A16,MGTZTXP5_300,NA,300,NA,NA,GTZ,NA
C14,MGTZTXP6_300,NA,300,NA,NA,GTZ,NA
A13,MGTZTXP7_300,NA,300,NA,NA,GTZ,NA
F14,MGTZ_SENSE_AGND_300,NA,300,NA,NA,GTZ,NA
C28,MGTZTXN0_300,NA,300,NA,NA,GTZ,NA
A27,MGTZTXN1_300,NA,300,NA,NA,GTZ,NA
C25,MGTZTXN2_300,NA,300,NA,NA,GTZ,NA
A24,MGTZTXN3_300,NA,300,NA,NA,GTZ,NA
C16,MGTZTXN4_300,NA,300,NA,NA,GTZ,NA
A15,MGTZTXN5_300,NA,300,NA,NA,GTZ,NA
C13,MGTZTXN6_300,NA,300,NA,NA,GTZ,NA
A12,MGTZTXN7_300,NA,300,NA,NA,GTZ,NA
K15,MGTZ_SENSE_VCCL_300,NA,300,NA,NA,GTZ,NA
G17,MGTZ_THERM_IN_300,NA,300,NA,NA,GTZ,NA
G21,MGTZ_SENSE_VCCH_300,NA,300,NA,NA,GTZ,NA
G20,MGTZ_SENSE_GND_300,NA,300,NA,NA,GTZ,NA
G16,MGTZ_THERM_OUT_300,NA,300,NA,NA,GTZ,NA
J18,MGTZ_OBS_CLK_P_300,NA,300,NA,NA,GTZ,NA
K14,MGTZ_SENSE_GNDL_300,NA,300,NA,NA,GTZ,NA
H18,MGTZ_OBS_CLK_N_300,NA,300,NA,NA,GTZ,NA
H20,MGTZ_SENSE_VCC_300,NA,300,NA,NA,GTZ,NA
B6,MGTZAVCC_300,NA,300,NA,NA,GTZ,NA
B8,MGTZAVCC_300,NA,300,NA,NA,GTZ,NA
B10,MGTZAVCC_300,NA,300,NA,NA,GTZ,NA
B12,MGTZAVCC_300,NA,300,NA,NA,GTZ,NA
B14,MGTZAVCC_300,NA,300,NA,NA,GTZ,NA
B16,MGTZAVCC_300,NA,300,NA,NA,GTZ,NA
B18,MGTZAVCC_300,NA,300,NA,NA,GTZ,NA
B20,MGTZAVCC_300,NA,300,NA,NA,GTZ,NA
B22,MGTZAVCC_300,NA,300,NA,NA,GTZ,NA
B24,MGTZAVCC_300,NA,300,NA,NA,GTZ,NA
B26,MGTZAVCC_300,NA,300,NA,NA,GTZ,NA
B28,MGTZAVCC_300,NA,300,NA,NA,GTZ,NA
A5,MGTZAGND_300,NA,300,NA,NA,GTZ,NA
A8,MGTZAGND_300,NA,300,NA,NA,GTZ,NA
A11,MGTZAGND_300,NA,300,NA,NA,GTZ,NA
A14,MGTZAGND_300,NA,300,NA,NA,GTZ,NA
A17,MGTZAGND_300,NA,300,NA,NA,GTZ,NA
A20,MGTZAGND_300,NA,300,NA,NA,GTZ,NA
A23,MGTZAGND_300,NA,300,NA,NA,GTZ,NA
A26,MGTZAGND_300,NA,300,NA,NA,GTZ,NA
A29,MGTZAGND_300,NA,300,NA,NA,GTZ,NA
A30,MGTZAGND_300,NA,300,NA,NA,GTZ,NA
B5,MGTZAGND_300,NA,300,NA,NA,GTZ,NA
B7,MGTZAGND_300,NA,300,NA,NA,GTZ,NA
B9,MGTZAGND_300,NA,300,NA,NA,GTZ,NA
B11,MGTZAGND_300,NA,300,NA,NA,GTZ,NA
B13,MGTZAGND_300,NA,300,NA,NA,GTZ,NA
B15,MGTZAGND_300,NA,300,NA,NA,GTZ,NA
B17,MGTZAGND_300,NA,300,NA,NA,GTZ,NA
B19,MGTZAGND_300,NA,300,NA,NA,GTZ,NA
B21,MGTZAGND_300,NA,300,NA,NA,GTZ,NA
B23,MGTZAGND_300,NA,300,NA,NA,GTZ,NA
B25,MGTZAGND_300,NA,300,NA,NA,GTZ,NA
B27,MGTZAGND_300,NA,300,NA,NA,GTZ,NA
B29,MGTZAGND_300,NA,300,NA,NA,GTZ,NA
B30,MGTZAGND_300,NA,300,NA,NA,GTZ,NA
C5,MGTZAGND_300,NA,300,NA,NA,GTZ,NA
C6,MGTZAGND_300,NA,300,NA,NA,GTZ,NA
C9,MGTZAGND_300,NA,300,NA,NA,GTZ,NA
C12,MGTZAGND_300,NA,300,NA,NA,GTZ,NA
C15,MGTZAGND_300,NA,300,NA,NA,GTZ,NA
C18,MGTZAGND_300,NA,300,NA,NA,GTZ,NA
C21,MGTZAGND_300,NA,300,NA,NA,GTZ,NA
C24,MGTZAGND_300,NA,300,NA,NA,GTZ,NA
C27,MGTZAGND_300,NA,300,NA,NA,GTZ,NA
C30,MGTZAGND_300,NA,300,NA,NA,GTZ,NA
D5,MGTZAGND_300,NA,300,NA,NA,GTZ,NA
D6,MGTZAGND_300,NA,300,NA,NA,GTZ,NA
D7,MGTZAGND_300,NA,300,NA,NA,GTZ,NA
D8,MGTZAGND_300,NA,300,NA,NA,GTZ,NA
D9,MGTZAGND_300,NA,300,NA,NA,GTZ,NA
D10,MGTZAGND_300,NA,300,NA,NA,GTZ,NA
D11,MGTZAGND_300,NA,300,NA,NA,GTZ,NA
D12,MGTZAGND_300,NA,300,NA,NA,GTZ,NA
D13,MGTZAGND_300,NA,300,NA,NA,GTZ,NA
D14,MGTZAGND_300,NA,300,NA,NA,GTZ,NA
D15,MGTZAGND_300,NA,300,NA,NA,GTZ,NA
D16,MGTZAGND_300,NA,300,NA,NA,GTZ,NA
D17,MGTZAGND_300,NA,300,NA,NA,GTZ,NA
D18,MGTZAGND_300,NA,300,NA,NA,GTZ,NA
D19,MGTZAGND_300,NA,300,NA,NA,GTZ,NA
D20,MGTZAGND_300,NA,300,NA,NA,GTZ,NA
D21,MGTZAGND_300,NA,300,NA,NA,GTZ,NA
D22,MGTZAGND_300,NA,300,NA,NA,GTZ,NA
D23,MGTZAGND_300,NA,300,NA,NA,GTZ,NA
D24,MGTZAGND_300,NA,300,NA,NA,GTZ,NA
D25,MGTZAGND_300,NA,300,NA,NA,GTZ,NA
D26,MGTZAGND_300,NA,300,NA,NA,GTZ,NA
D27,MGTZAGND_300,NA,300,NA,NA,GTZ,NA
D28,MGTZAGND_300,NA,300,NA,NA,GTZ,NA
D29,MGTZAGND_300,NA,300,NA,NA,GTZ,NA
D30,MGTZAGND_300,NA,300,NA,NA,GTZ,NA
C4,MGTAVCC_G10,NA,NA,NA,NA,NA,NA
G4,MGTAVCC_G10,NA,NA,NA,NA,NA,NA
L4,MGTAVCC_G10,NA,NA,NA,NA,NA,NA
P5,MGTAVCC_G10,NA,NA,NA,NA,NA,NA
R4,MGTAVCC_G10,NA,NA,NA,NA,NA,NA
W4,MGTAVCC_G10,NA,NA,NA,NA,NA,NA
AB5,MGTAVCC_G10,NA,NA,NA,NA,NA,NA
AC4,MGTAVCC_G10,NA,NA,NA,NA,NA,NA
C31,MGTAVCC_G20,NA,NA,NA,NA,NA,NA
G31,MGTAVCC_G20,NA,NA,NA,NA,NA,NA
L31,MGTAVCC_G20,NA,NA,NA,NA,NA,NA
P30,MGTAVCC_G20,NA,NA,NA,NA,NA,NA
R31,MGTAVCC_G20,NA,NA,NA,NA,NA,NA
W31,MGTAVCC_G20,NA,NA,NA,NA,NA,NA
AB30,MGTAVCC_G20,NA,NA,NA,NA,NA,NA
AC31,MGTAVCC_G20,NA,NA,NA,NA,NA,NA
V6,MGTVCCAUX_G10,NA,NA,NA,NA,NA,NA
V29,MGTVCCAUX_G20,NA,NA,NA,NA,NA,NA
B2,MGTAVTT_G10,NA,NA,NA,NA,NA,NA
F2,MGTAVTT_G10,NA,NA,NA,NA,NA,NA
K2,MGTAVTT_G10,NA,NA,NA,NA,NA,NA
P2,MGTAVTT_G10,NA,NA,NA,NA,NA,NA
V2,MGTAVTT_G10,NA,NA,NA,NA,NA,NA
AB2,MGTAVTT_G10,NA,NA,NA,NA,NA,NA
AD2,MGTAVTT_G10,NA,NA,NA,NA,NA,NA
B33,MGTAVTT_G20,NA,NA,NA,NA,NA,NA
F33,MGTAVTT_G20,NA,NA,NA,NA,NA,NA
K33,MGTAVTT_G20,NA,NA,NA,NA,NA,NA
P33,MGTAVTT_G20,NA,NA,NA,NA,NA,NA
V33,MGTAVTT_G20,NA,NA,NA,NA,NA,NA
AB33,MGTAVTT_G20,NA,NA,NA,NA,NA,NA
AD33,MGTAVTT_G20,NA,NA,NA,NA,NA,NA
F16,MGTZVCCH_300,NA,300,NA,NA,GTZ,NA
F18,MGTZVCCH_300,NA,300,NA,NA,GTZ,NA
F20,MGTZVCCH_300,NA,300,NA,NA,GTZ,NA
G14,MGTZVCCH_300,NA,300,NA,NA,GTZ,NA
J15,MGTZVCCH_300,NA,300,NA,NA,GTZ,NA
J17,MGTZVCCH_300,NA,300,NA,NA,GTZ,NA
J19,MGTZVCCH_300,NA,300,NA,NA,GTZ,NA
J21,MGTZVCCH_300,NA,300,NA,NA,GTZ,NA
L14,MGTZVCCL_300,NA,300,NA,NA,GTZ,NA
L16,MGTZVCCL_300,NA,300,NA,NA,GTZ,NA
L18,MGTZVCCL_300,NA,300,NA,NA,GTZ,NA
L20,MGTZVCCL_300,NA,300,NA,NA,GTZ,NA
A3,GND,NA,NA,NA,NA,NA,NA
A31,GND,NA,NA,NA,NA,NA,NA
A32,GND,NA,NA,NA,NA,NA,NA
A4,GND,NA,NA,NA,NA,NA,NA
AA11,GND,NA,NA,NA,NA,NA,NA
AA13,GND,NA,NA,NA,NA,NA,NA
AA15,GND,NA,NA,NA,NA,NA,NA
AA16,GND,NA,NA,NA,NA,NA,NA
AA17,GND,NA,NA,NA,NA,NA,NA
AA19,GND,NA,NA,NA,NA,NA,NA
AA21,GND,NA,NA,NA,NA,NA,NA
AA23,GND,NA,NA,NA,NA,NA,NA
AA25,GND,NA,NA,NA,NA,NA,NA
AA28,GND,NA,NA,NA,NA,NA,NA
AA3,GND,NA,NA,NA,NA,NA,NA
AA31,GND,NA,NA,NA,NA,NA,NA
AA32,GND,NA,NA,NA,NA,NA,NA
AA4,GND,NA,NA,NA,NA,NA,NA
AA7,GND,NA,NA,NA,NA,NA,NA
AA9,GND,NA,NA,NA,NA,NA,NA
AB1,GND,NA,NA,NA,NA,NA,NA
AB10,GND,NA,NA,NA,NA,NA,NA
AB12,GND,NA,NA,NA,NA,NA,NA
AB23,GND,NA,NA,NA,NA,NA,NA
AB28,GND,NA,NA,NA,NA,NA,NA
AB29,GND,NA,NA,NA,NA,NA,NA
AB34,GND,NA,NA,NA,NA,NA,NA
AB6,GND,NA,NA,NA,NA,NA,NA
AB7,GND,NA,NA,NA,NA,NA,NA
AB8,GND,NA,NA,NA,NA,NA,NA
AC10,GND,NA,NA,NA,NA,NA,NA
AC20,GND,NA,NA,NA,NA,NA,NA
AC28,GND,NA,NA,NA,NA,NA,NA
AC3,GND,NA,NA,NA,NA,NA,NA
AC32,GND,NA,NA,NA,NA,NA,NA
AC7,GND,NA,NA,NA,NA,NA,NA
AD1,GND,NA,NA,NA,NA,NA,NA
AD17,GND,NA,NA,NA,NA,NA,NA
AD27,GND,NA,NA,NA,NA,NA,NA
AD28,GND,NA,NA,NA,NA,NA,NA
AD29,GND,NA,NA,NA,NA,NA,NA
AD30,GND,NA,NA,NA,NA,NA,NA
AD34,GND,NA,NA,NA,NA,NA,NA
AD5,GND,NA,NA,NA,NA,NA,NA
AD6,GND,NA,NA,NA,NA,NA,NA
AD7,GND,NA,NA,NA,NA,NA,NA
AE14,GND,NA,NA,NA,NA,NA,NA
AE24,GND,NA,NA,NA,NA,NA,NA
AE3,GND,NA,NA,NA,NA,NA,NA
AE30,GND,NA,NA,NA,NA,NA,NA
AE31,GND,NA,NA,NA,NA,NA,NA
AE32,GND,NA,NA,NA,NA,NA,NA
AE4,GND,NA,NA,NA,NA,NA,NA
AE5,GND,NA,NA,NA,NA,NA,NA
AF1,GND,NA,NA,NA,NA,NA,NA
AF11,GND,NA,NA,NA,NA,NA,NA
AF2,GND,NA,NA,NA,NA,NA,NA
AF21,GND,NA,NA,NA,NA,NA,NA
AF3,GND,NA,NA,NA,NA,NA,NA
AF31,GND,NA,NA,NA,NA,NA,NA
AF32,GND,NA,NA,NA,NA,NA,NA
AF33,GND,NA,NA,NA,NA,NA,NA
AF34,GND,NA,NA,NA,NA,NA,NA
AG18,GND,NA,NA,NA,NA,NA,NA
AG28,GND,NA,NA,NA,NA,NA,NA
AG8,GND,NA,NA,NA,NA,NA,NA
AH15,GND,NA,NA,NA,NA,NA,NA
AH25,GND,NA,NA,NA,NA,NA,NA
AH5,GND,NA,NA,NA,NA,NA,NA
AJ12,GND,NA,NA,NA,NA,NA,NA
AJ2,GND,NA,NA,NA,NA,NA,NA
AJ22,GND,NA,NA,NA,NA,NA,NA
AJ32,GND,NA,NA,NA,NA,NA,NA
AK19,GND,NA,NA,NA,NA,NA,NA
AK29,GND,NA,NA,NA,NA,NA,NA
AK9,GND,NA,NA,NA,NA,NA,NA
AL16,GND,NA,NA,NA,NA,NA,NA
AL26,GND,NA,NA,NA,NA,NA,NA
AL6,GND,NA,NA,NA,NA,NA,NA
AM13,GND,NA,NA,NA,NA,NA,NA
AM23,GND,NA,NA,NA,NA,NA,NA
AM3,GND,NA,NA,NA,NA,NA,NA
AM33,GND,NA,NA,NA,NA,NA,NA
AN10,GND,NA,NA,NA,NA,NA,NA
AN20,GND,NA,NA,NA,NA,NA,NA
AN30,GND,NA,NA,NA,NA,NA,NA
AP17,GND,NA,NA,NA,NA,NA,NA
AP27,GND,NA,NA,NA,NA,NA,NA
AP34,GND,NA,NA,NA,NA,NA,NA
AP7,GND,NA,NA,NA,NA,NA,NA
B1,GND,NA,NA,NA,NA,NA,NA
B34,GND,NA,NA,NA,NA,NA,NA
C3,GND,NA,NA,NA,NA,NA,NA
C32,GND,NA,NA,NA,NA,NA,NA
D1,GND,NA,NA,NA,NA,NA,NA
D2,GND,NA,NA,NA,NA,NA,NA
D33,GND,NA,NA,NA,NA,NA,NA
D34,GND,NA,NA,NA,NA,NA,NA
E10,GND,NA,NA,NA,NA,NA,NA
E11,GND,NA,NA,NA,NA,NA,NA
E12,GND,NA,NA,NA,NA,NA,NA
E13,GND,NA,NA,NA,NA,NA,NA
E15,GND,NA,NA,NA,NA,NA,NA
E18,GND,NA,NA,NA,NA,NA,NA
E19,GND,NA,NA,NA,NA,NA,NA
E22,GND,NA,NA,NA,NA,NA,NA
E23,GND,NA,NA,NA,NA,NA,NA
E24,GND,NA,NA,NA,NA,NA,NA
E25,GND,NA,NA,NA,NA,NA,NA
E26,GND,NA,NA,NA,NA,NA,NA
E27,GND,NA,NA,NA,NA,NA,NA
E28,GND,NA,NA,NA,NA,NA,NA
E29,GND,NA,NA,NA,NA,NA,NA
E3,GND,NA,NA,NA,NA,NA,NA
E30,GND,NA,NA,NA,NA,NA,NA
E31,GND,NA,NA,NA,NA,NA,NA
E32,GND,NA,NA,NA,NA,NA,NA
E4,GND,NA,NA,NA,NA,NA,NA
E5,GND,NA,NA,NA,NA,NA,NA
E6,GND,NA,NA,NA,NA,NA,NA
E7,GND,NA,NA,NA,NA,NA,NA
E8,GND,NA,NA,NA,NA,NA,NA
E9,GND,NA,NA,NA,NA,NA,NA
F1,GND,NA,NA,NA,NA,NA,NA
F11,GND,NA,NA,NA,NA,NA,NA
F13,GND,NA,NA,NA,NA,NA,NA
F15,GND,NA,NA,NA,NA,NA,NA
F17,GND,NA,NA,NA,NA,NA,NA
F19,GND,NA,NA,NA,NA,NA,NA
F21,GND,NA,NA,NA,NA,NA,NA
F22,GND,NA,NA,NA,NA,NA,NA
F30,GND,NA,NA,NA,NA,NA,NA
F34,GND,NA,NA,NA,NA,NA,NA
F5,GND,NA,NA,NA,NA,NA,NA
G13,GND,NA,NA,NA,NA,NA,NA
G15,GND,NA,NA,NA,NA,NA,NA
G18,GND,NA,NA,NA,NA,NA,NA
G19,GND,NA,NA,NA,NA,NA,NA
G22,GND,NA,NA,NA,NA,NA,NA
G28,GND,NA,NA,NA,NA,NA,NA
G3,GND,NA,NA,NA,NA,NA,NA
G30,GND,NA,NA,NA,NA,NA,NA
G32,GND,NA,NA,NA,NA,NA,NA
G5,GND,NA,NA,NA,NA,NA,NA
G8,GND,NA,NA,NA,NA,NA,NA
H1,GND,NA,NA,NA,NA,NA,NA
H13,GND,NA,NA,NA,NA,NA,NA
H14,GND,NA,NA,NA,NA,NA,NA
H15,GND,NA,NA,NA,NA,NA,NA
H16,GND,NA,NA,NA,NA,NA,NA
H17,GND,NA,NA,NA,NA,NA,NA
H19,GND,NA,NA,NA,NA,NA,NA
H2,GND,NA,NA,NA,NA,NA,NA
H21,GND,NA,NA,NA,NA,NA,NA
H22,GND,NA,NA,NA,NA,NA,NA
H25,GND,NA,NA,NA,NA,NA,NA
H30,GND,NA,NA,NA,NA,NA,NA
H33,GND,NA,NA,NA,NA,NA,NA
H34,GND,NA,NA,NA,NA,NA,NA
H5,GND,NA,NA,NA,NA,NA,NA
J12,GND,NA,NA,NA,NA,NA,NA
J13,GND,NA,NA,NA,NA,NA,NA
J14,GND,NA,NA,NA,NA,NA,NA
J16,GND,NA,NA,NA,NA,NA,NA
J20,GND,NA,NA,NA,NA,NA,NA
J22,GND,NA,NA,NA,NA,NA,NA
J3,GND,NA,NA,NA,NA,NA,NA
J30,GND,NA,NA,NA,NA,NA,NA
J31,GND,NA,NA,NA,NA,NA,NA
J32,GND,NA,NA,NA,NA,NA,NA
J4,GND,NA,NA,NA,NA,NA,NA
J5,GND,NA,NA,NA,NA,NA,NA
K1,GND,NA,NA,NA,NA,NA,NA
K13,GND,NA,NA,NA,NA,NA,NA
K16,GND,NA,NA,NA,NA,NA,NA
K17,GND,NA,NA,NA,NA,NA,NA
K18,GND,NA,NA,NA,NA,NA,NA
K19,GND,NA,NA,NA,NA,NA,NA
K21,GND,NA,NA,NA,NA,NA,NA
K22,GND,NA,NA,NA,NA,NA,NA
K29,GND,NA,NA,NA,NA,NA,NA
K30,GND,NA,NA,NA,NA,NA,NA
K34,GND,NA,NA,NA,NA,NA,NA
K5,GND,NA,NA,NA,NA,NA,NA
K9,GND,NA,NA,NA,NA,NA,NA
L13,GND,NA,NA,NA,NA,NA,NA
L15,GND,NA,NA,NA,NA,NA,NA
L17,GND,NA,NA,NA,NA,NA,NA
L19,GND,NA,NA,NA,NA,NA,NA
L21,GND,NA,NA,NA,NA,NA,NA
L22,GND,NA,NA,NA,NA,NA,NA
L26,GND,NA,NA,NA,NA,NA,NA
L3,GND,NA,NA,NA,NA,NA,NA
L30,GND,NA,NA,NA,NA,NA,NA
L32,GND,NA,NA,NA,NA,NA,NA
L5,GND,NA,NA,NA,NA,NA,NA
L6,GND,NA,NA,NA,NA,NA,NA
M1,GND,NA,NA,NA,NA,NA,NA
M14,GND,NA,NA,NA,NA,NA,NA
M16,GND,NA,NA,NA,NA,NA,NA
M18,GND,NA,NA,NA,NA,NA,NA
M2,GND,NA,NA,NA,NA,NA,NA
M20,GND,NA,NA,NA,NA,NA,NA
M22,GND,NA,NA,NA,NA,NA,NA
M23,GND,NA,NA,NA,NA,NA,NA
M28,GND,NA,NA,NA,NA,NA,NA
M29,GND,NA,NA,NA,NA,NA,NA
M30,GND,NA,NA,NA,NA,NA,NA
M33,GND,NA,NA,NA,NA,NA,NA
M34,GND,NA,NA,NA,NA,NA,NA
M5,GND,NA,NA,NA,NA,NA,NA
M6,GND,NA,NA,NA,NA,NA,NA
M7,GND,NA,NA,NA,NA,NA,NA
N10,GND,NA,NA,NA,NA,NA,NA
N13,GND,NA,NA,NA,NA,NA,NA
N15,GND,NA,NA,NA,NA,NA,NA
N19,GND,NA,NA,NA,NA,NA,NA
N21,GND,NA,NA,NA,NA,NA,NA
N28,GND,NA,NA,NA,NA,NA,NA
N3,GND,NA,NA,NA,NA,NA,NA
N31,GND,NA,NA,NA,NA,NA,NA
N32,GND,NA,NA,NA,NA,NA,NA
N4,GND,NA,NA,NA,NA,NA,NA
N7,GND,NA,NA,NA,NA,NA,NA
P1,GND,NA,NA,NA,NA,NA,NA
P16,GND,NA,NA,NA,NA,NA,NA
P22,GND,NA,NA,NA,NA,NA,NA
P27,GND,NA,NA,NA,NA,NA,NA
P28,GND,NA,NA,NA,NA,NA,NA
P29,GND,NA,NA,NA,NA,NA,NA
P34,GND,NA,NA,NA,NA,NA,NA
P6,GND,NA,NA,NA,NA,NA,NA
P7,GND,NA,NA,NA,NA,NA,NA
R13,GND,NA,NA,NA,NA,NA,NA
R17,GND,NA,NA,NA,NA,NA,NA
R18,GND,NA,NA,NA,NA,NA,NA
R19,GND,NA,NA,NA,NA,NA,NA
R21,GND,NA,NA,NA,NA,NA,NA
R24,GND,NA,NA,NA,NA,NA,NA
R28,GND,NA,NA,NA,NA,NA,NA
R3,GND,NA,NA,NA,NA,NA,NA
R32,GND,NA,NA,NA,NA,NA,NA
R7,GND,NA,NA,NA,NA,NA,NA
T1,GND,NA,NA,NA,NA,NA,NA
T10,GND,NA,NA,NA,NA,NA,NA
T12,GND,NA,NA,NA,NA,NA,NA
T14,GND,NA,NA,NA,NA,NA,NA
T16,GND,NA,NA,NA,NA,NA,NA
T2,GND,NA,NA,NA,NA,NA,NA
T20,GND,NA,NA,NA,NA,NA,NA
T22,GND,NA,NA,NA,NA,NA,NA
T26,GND,NA,NA,NA,NA,NA,NA
T28,GND,NA,NA,NA,NA,NA,NA
T29,GND,NA,NA,NA,NA,NA,NA
T30,GND,NA,NA,NA,NA,NA,NA
T33,GND,NA,NA,NA,NA,NA,NA
T34,GND,NA,NA,NA,NA,NA,NA
T5,GND,NA,NA,NA,NA,NA,NA
T6,GND,NA,NA,NA,NA,NA,NA
T7,GND,NA,NA,NA,NA,NA,NA
T8,GND,NA,NA,NA,NA,NA,NA
U11,GND,NA,NA,NA,NA,NA,NA
U13,GND,NA,NA,NA,NA,NA,NA
U15,GND,NA,NA,NA,NA,NA,NA
U19,GND,NA,NA,NA,NA,NA,NA
U21,GND,NA,NA,NA,NA,NA,NA
U23,GND,NA,NA,NA,NA,NA,NA
U25,GND,NA,NA,NA,NA,NA,NA
U28,GND,NA,NA,NA,NA,NA,NA
U3,GND,NA,NA,NA,NA,NA,NA
U31,GND,NA,NA,NA,NA,NA,NA
U32,GND,NA,NA,NA,NA,NA,NA
U4,GND,NA,NA,NA,NA,NA,NA
U7,GND,NA,NA,NA,NA,NA,NA
U9,GND,NA,NA,NA,NA,NA,NA
V1,GND,NA,NA,NA,NA,NA,NA
V10,GND,NA,NA,NA,NA,NA,NA
V12,GND,NA,NA,NA,NA,NA,NA
V14,GND,NA,NA,NA,NA,NA,NA
V16,GND,NA,NA,NA,NA,NA,NA
V20,GND,NA,NA,NA,NA,NA,NA
V22,GND,NA,NA,NA,NA,NA,NA
V24,GND,NA,NA,NA,NA,NA,NA
V26,GND,NA,NA,NA,NA,NA,NA
V28,GND,NA,NA,NA,NA,NA,NA
V30,GND,NA,NA,NA,NA,NA,NA
V34,GND,NA,NA,NA,NA,NA,NA
V5,GND,NA,NA,NA,NA,NA,NA
V7,GND,NA,NA,NA,NA,NA,NA
W11,GND,NA,NA,NA,NA,NA,NA
W13,GND,NA,NA,NA,NA,NA,NA
W15,GND,NA,NA,NA,NA,NA,NA
W19,GND,NA,NA,NA,NA,NA,NA
W21,GND,NA,NA,NA,NA,NA,NA
W23,GND,NA,NA,NA,NA,NA,NA
W25,GND,NA,NA,NA,NA,NA,NA
W28,GND,NA,NA,NA,NA,NA,NA
W3,GND,NA,NA,NA,NA,NA,NA
W32,GND,NA,NA,NA,NA,NA,NA
W7,GND,NA,NA,NA,NA,NA,NA
W9,GND,NA,NA,NA,NA,NA,NA
Y1,GND,NA,NA,NA,NA,NA,NA
Y10,GND,NA,NA,NA,NA,NA,NA
Y12,GND,NA,NA,NA,NA,NA,NA
Y14,GND,NA,NA,NA,NA,NA,NA
Y16,GND,NA,NA,NA,NA,NA,NA
Y18,GND,NA,NA,NA,NA,NA,NA
Y2,GND,NA,NA,NA,NA,NA,NA
Y20,GND,NA,NA,NA,NA,NA,NA
Y22,GND,NA,NA,NA,NA,NA,NA
Y24,GND,NA,NA,NA,NA,NA,NA
Y26,GND,NA,NA,NA,NA,NA,NA
Y28,GND,NA,NA,NA,NA,NA,NA
Y29,GND,NA,NA,NA,NA,NA,NA
Y30,GND,NA,NA,NA,NA,NA,NA
Y33,GND,NA,NA,NA,NA,NA,NA
Y34,GND,NA,NA,NA,NA,NA,NA
Y5,GND,NA,NA,NA,NA,NA,NA
Y6,GND,NA,NA,NA,NA,NA,NA
Y7,GND,NA,NA,NA,NA,NA,NA
AB13,GND,NA,NA,NA,NA,NA,NA
T17,GNDADC,NA,NA,NA,NA,NA,NA
M13,VCCINT,NA,NA,NA,NA,NA,NA
M15,VCCINT,NA,NA,NA,NA,NA,NA
M17,VCCINT,NA,NA,NA,NA,NA,NA
M19,VCCINT,NA,NA,NA,NA,NA,NA
M21,VCCINT,NA,NA,NA,NA,NA,NA
N14,VCCINT,NA,NA,NA,NA,NA,NA
N16,VCCINT,NA,NA,NA,NA,NA,NA
N18,VCCINT,NA,NA,NA,NA,NA,NA
N20,VCCINT,NA,NA,NA,NA,NA,NA
N22,VCCINT,NA,NA,NA,NA,NA,NA
P13,VCCINT,NA,NA,NA,NA,NA,NA
P15,VCCINT,NA,NA,NA,NA,NA,NA
P17,VCCINT,NA,NA,NA,NA,NA,NA
P21,VCCINT,NA,NA,NA,NA,NA,NA
R16,VCCINT,NA,NA,NA,NA,NA,NA
T11,VCCINT,NA,NA,NA,NA,NA,NA
T15,VCCINT,NA,NA,NA,NA,NA,NA
T23,VCCINT,NA,NA,NA,NA,NA,NA
T27,VCCINT,NA,NA,NA,NA,NA,NA
U8,VCCINT,NA,NA,NA,NA,NA,NA
U14,VCCINT,NA,NA,NA,NA,NA,NA
U16,VCCINT,NA,NA,NA,NA,NA,NA
U24,VCCINT,NA,NA,NA,NA,NA,NA
U26,VCCINT,NA,NA,NA,NA,NA,NA
V9,VCCINT,NA,NA,NA,NA,NA,NA
V11,VCCINT,NA,NA,NA,NA,NA,NA
V15,VCCINT,NA,NA,NA,NA,NA,NA
V23,VCCINT,NA,NA,NA,NA,NA,NA
V25,VCCINT,NA,NA,NA,NA,NA,NA
V27,VCCINT,NA,NA,NA,NA,NA,NA
W8,VCCINT,NA,NA,NA,NA,NA,NA
W10,VCCINT,NA,NA,NA,NA,NA,NA
W14,VCCINT,NA,NA,NA,NA,NA,NA
W16,VCCINT,NA,NA,NA,NA,NA,NA
W22,VCCINT,NA,NA,NA,NA,NA,NA
W24,VCCINT,NA,NA,NA,NA,NA,NA
W26,VCCINT,NA,NA,NA,NA,NA,NA
Y9,VCCINT,NA,NA,NA,NA,NA,NA
Y11,VCCINT,NA,NA,NA,NA,NA,NA
Y15,VCCINT,NA,NA,NA,NA,NA,NA
Y23,VCCINT,NA,NA,NA,NA,NA,NA
Y25,VCCINT,NA,NA,NA,NA,NA,NA
Y27,VCCINT,NA,NA,NA,NA,NA,NA
AA8,VCCINT,NA,NA,NA,NA,NA,NA
AA14,VCCINT,NA,NA,NA,NA,NA,NA
AA24,VCCINT,NA,NA,NA,NA,NA,NA
AA26,VCCINT,NA,NA,NA,NA,NA,NA
AB9,VCCINT,NA,NA,NA,NA,NA,NA
AB25,VCCINT,NA,NA,NA,NA,NA,NA
AB27,VCCINT,NA,NA,NA,NA,NA,NA
AB11,VCCAUX,NA,NA,NA,NA,NA,NA
R22,VCCAUX,NA,NA,NA,NA,NA,NA
U12,VCCAUX,NA,NA,NA,NA,NA,NA
U22,VCCAUX,NA,NA,NA,NA,NA,NA
V21,VCCAUX,NA,NA,NA,NA,NA,NA
W12,VCCAUX,NA,NA,NA,NA,NA,NA
Y21,VCCAUX,NA,NA,NA,NA,NA,NA
AA12,VCCAUX,NA,NA,NA,NA,NA,NA
R20,VCCAUX_IO_G0,NA,NA,NA,NA,NA,NA
T21,VCCAUX_IO_G0,NA,NA,NA,NA,NA,NA
U20,VCCAUX_IO_G0,NA,NA,NA,NA,NA,NA
W20,VCCAUX_IO_G0,NA,NA,NA,NA,NA,NA
R14,VCCAUX_IO_G1,NA,NA,NA,NA,NA,NA
T13,VCCAUX_IO_G1,NA,NA,NA,NA,NA,NA
V13,VCCAUX_IO_G1,NA,NA,NA,NA,NA,NA
Y13,VCCAUX_IO_G1,NA,NA,NA,NA,NA,NA
U10,VCCO_0,NA,0,NA,NA,NA,NA
AA10,VCCO_0,NA,0,NA,NA,NA,NA
AG23,VCCO_13,NA,13,NA,NA,NA,NA
AC25,VCCO_13,NA,13,NA,NA,NA,NA
AF26,VCCO_13,NA,13,NA,NA,NA,NA
AJ27,VCCO_13,NA,13,NA,NA,NA,NA
AK24,VCCO_13,NA,13,NA,NA,NA,NA
AN25,VCCO_13,NA,13,NA,NA,NA,NA
AP22,VCCO_13,NA,13,NA,NA,NA,NA
AE29,VCCO_14,NA,14,NA,NA,NA,NA
AG33,VCCO_14,NA,14,NA,NA,NA,NA
AH30,VCCO_14,NA,14,NA,NA,NA,NA
AK34,VCCO_14,NA,14,NA,NA,NA,NA
AL31,VCCO_14,NA,14,NA,NA,NA,NA
AM28,VCCO_14,NA,14,NA,NA,NA,NA
AP32,VCCO_14,NA,14,NA,NA,NA,NA
AA22,VCCO_15,NA,15,NA,NA,NA,NA
AB18,VCCO_15,NA,15,NA,NA,NA,NA
AD22,VCCO_15,NA,15,NA,NA,NA,NA
AE19,VCCO_15,NA,15,NA,NA,NA,NA
AH20,VCCO_15,NA,15,NA,NA,NA,NA
AL21,VCCO_15,NA,15,NA,NA,NA,NA
AM18,VCCO_15,NA,15,NA,NA,NA,NA
F26,VCCO_16,NA,16,NA,NA,NA,NA
F29,VCCO_16,NA,16,NA,NA,NA,NA
G23,VCCO_16,NA,16,NA,NA,NA,NA
J27,VCCO_16,NA,16,NA,NA,NA,NA
K24,VCCO_16,NA,16,NA,NA,NA,NA
N25,VCCO_16,NA,16,NA,NA,NA,NA
T25,VCCO_16,NA,16,NA,NA,NA,NA
AD12,VCCO_33,NA,33,NA,NA,NA,NA
AE9,VCCO_33,NA,33,NA,NA,NA,NA
AH10,VCCO_33,NA,33,NA,NA,NA,NA
AL11,VCCO_33,NA,33,NA,NA,NA,NA
AM8,VCCO_33,NA,33,NA,NA,NA,NA
AP12,VCCO_33,NA,33,NA,NA,NA,NA
AF6,VCCO_34,NA,34,NA,NA,NA,NA
AG3,VCCO_34,NA,34,NA,NA,NA,NA
AJ7,VCCO_34,NA,34,NA,NA,NA,NA
AK4,VCCO_34,NA,34,NA,NA,NA,NA
AL1,VCCO_34,NA,34,NA,NA,NA,NA
AN5,VCCO_34,NA,34,NA,NA,NA,NA
AP2,VCCO_34,NA,34,NA,NA,NA,NA
AC15,VCCO_35,NA,35,NA,NA,NA,NA
AF16,VCCO_35,NA,35,NA,NA,NA,NA
AG13,VCCO_35,NA,35,NA,NA,NA,NA
AJ17,VCCO_35,NA,35,NA,NA,NA,NA
AK14,VCCO_35,NA,35,NA,NA,NA,NA
AN15,VCCO_35,NA,35,NA,NA,NA,NA
F6,VCCO_36,NA,36,NA,NA,NA,NA
H10,VCCO_36,NA,36,NA,NA,NA,NA
J7,VCCO_36,NA,36,NA,NA,NA,NA
L11,VCCO_36,NA,36,NA,NA,NA,NA
M8,VCCO_36,NA,36,NA,NA,NA,NA
P12,VCCO_36,NA,36,NA,NA,NA,NA
R9,VCCO_36,NA,36,NA,NA,NA,NA
T18,VCCADC,NA,NA,NA,NA,NA,NA
P19,VCCBRAM,NA,NA,NA,NA,NA,NA
T19,VCCBRAM,NA,NA,NA,NA,NA,NA
V19,VCCBRAM,NA,NA,NA,NA,NA,NA
Y17,VCCBRAM,NA,NA,NA,NA,NA,NA
Y19,VCCBRAM,NA,NA,NA,NA,NA,NA
AA18,VCCBRAM,NA,NA,NA,NA,NA,NA
,,,,,,,
Total Number of Pins,1156,,,,,,
