Device/Package xc7vx690tffg1158 12/21/2011 15:14:17,,,,,,,
,,,,,,,
Pin,Pin Name,Memory Byte Group,Bank,VCCAUX Group,Super Logic Region,I/O Type,No-Connect
AA17,DXN_0,NA,0,NA,NA,CONFIG,NA
V18,VCCADC_0,NA,0,NA,NA,CONFIG,NA
V17,GNDADC_0,NA,0,NA,NA,CONFIG,NA
AA18,DXP_0,NA,0,NA,NA,CONFIG,NA
W17,VREFN_0,NA,0,NA,NA,CONFIG,NA
Y18,VREFP_0,NA,0,NA,NA,CONFIG,NA
W18,VP_0,NA,0,NA,NA,CONFIG,NA
Y17,VN_0,NA,0,NA,NA,CONFIG,NA
U25,VCCBATT_0,NA,0,NA,NA,CONFIG,NA
V25,CCLK_0,NA,0,NA,NA,CONFIG,NA
Y25,TCK_0,NA,0,NA,NA,CONFIG,NA
W25,TMS_0,NA,0,NA,NA,CONFIG,NA
AA25,TDO_0,NA,0,NA,NA,CONFIG,NA
AB25,TDI_0,NA,0,NA,NA,CONFIG,NA
T10,INIT_B_0,NA,0,NA,NA,CONFIG,NA
V10,PROGRAM_B_0,NA,0,NA,NA,CONFIG,NA
U10,CFGBVS_0,NA,0,NA,NA,CONFIG,NA
AB10,DONE_0,NA,0,NA,NA,CONFIG,NA
W10,M2_0,NA,0,NA,NA,CONFIG,NA
AA10,M0_0,NA,0,NA,NA,CONFIG,NA
Y10,M1_0,NA,0,NA,NA,CONFIG,NA
R23,IO_0_VRN_14,NA,14,0,NA,HP,NA
A23,IO_L1P_T0_D00_MOSI_14,0,14,0,NA,HP,NA
A24,IO_L1N_T0_D01_DIN_14,0,14,0,NA,HP,NA
B26,IO_L2P_T0_D02_14,0,14,0,NA,HP,NA
A26,IO_L2N_T0_D03_14,0,14,0,NA,HP,NA
C23,IO_L3P_T0_DQS_PUDC_B_14,0,14,0,NA,HP,NA
B23,IO_L3N_T0_DQS_EMCCLK_14,0,14,0,NA,HP,NA
C27,IO_L4P_T0_D04_14,0,14,0,NA,HP,NA
B27,IO_L4N_T0_D05_14,0,14,0,NA,HP,NA
B25,IO_L5P_T0_D06_14,0,14,0,NA,HP,NA
A25,IO_L5N_T0_D07_14,0,14,0,NA,HP,NA
C24,IO_L6P_T0_FCS_B_14,0,14,0,NA,HP,NA
C25,IO_L6N_T0_D08_VREF_14,0,14,0,NA,HP,NA
F23,IO_L7P_T1_D09_14,1,14,0,NA,HP,NA
E23,IO_L7N_T1_D10_14,1,14,0,NA,HP,NA
E26,IO_L8P_T1_D11_14,1,14,0,NA,HP,NA
D26,IO_L8N_T1_D12_14,1,14,0,NA,HP,NA
D24,IO_L9P_T1_DQS_14,1,14,0,NA,HP,NA
D25,IO_L9N_T1_DQS_D13_14,1,14,0,NA,HP,NA
E27,IO_L10P_T1_D14_14,1,14,0,NA,HP,NA
D27,IO_L10N_T1_D15_14,1,14,0,NA,HP,NA
F24,IO_L11P_T1_SRCC_14,1,14,0,NA,HP,NA
E24,IO_L11N_T1_SRCC_14,1,14,0,NA,HP,NA
G25,IO_L12P_T1_MRCC_14,1,14,0,NA,HP,NA
F25,IO_L12N_T1_MRCC_14,1,14,0,NA,HP,NA
J24,IO_L13P_T2_MRCC_14,2,14,0,NA,HP,NA
H24,IO_L13N_T2_MRCC_14,2,14,0,NA,HP,NA
H23,IO_L14P_T2_SRCC_14,2,14,0,NA,HP,NA
G23,IO_L14N_T2_SRCC_14,2,14,0,NA,HP,NA
J25,IO_L15P_T2_DQS_RDWR_B_14,2,14,0,NA,HP,NA
H25,IO_L15N_T2_DQS_DOUT_CSO_B_14,2,14,0,NA,HP,NA
J22,IO_L16P_T2_CSI_B_14,2,14,0,NA,HP,NA
H22,IO_L16N_T2_A15_D31_14,2,14,0,NA,HP,NA
L24,IO_L17P_T2_A14_D30_14,2,14,0,NA,HP,NA
K24,IO_L17N_T2_A13_D29_14,2,14,0,NA,HP,NA
K22,IO_L18P_T2_A12_D28_14,2,14,0,NA,HP,NA
K23,IO_L18N_T2_A11_D27_14,2,14,0,NA,HP,NA
P24,IO_L19P_T3_A10_D26_14,3,14,0,NA,HP,NA
N24,IO_L19N_T3_A09_D25_VREF_14,3,14,0,NA,HP,NA
M22,IO_L20P_T3_A08_D24_14,3,14,0,NA,HP,NA
L23,IO_L20N_T3_A07_D23_14,3,14,0,NA,HP,NA
P25,IO_L21P_T3_DQS_14,3,14,0,NA,HP,NA
N25,IO_L21N_T3_DQS_A06_D22_14,3,14,0,NA,HP,NA
P22,IO_L22P_T3_A05_D21_14,3,14,0,NA,HP,NA
N22,IO_L22N_T3_A04_D20_14,3,14,0,NA,HP,NA
M25,IO_L23P_T3_A03_D19_14,3,14,0,NA,HP,NA
L25,IO_L23N_T3_A02_D18_14,3,14,0,NA,HP,NA
N23,IO_L24P_T3_A01_D17_14,3,14,0,NA,HP,NA
M23,IO_L24N_T3_A00_D16_14,3,14,0,NA,HP,NA
R25,IO_25_VRP_14,NA,14,0,NA,HP,NA
R13,IO_0_VRN_15,NA,15,0,NA,HP,NA
K12,IO_L1P_T0_AD0P_15,0,15,0,NA,HP,NA
J12,IO_L1N_T0_AD0N_15,0,15,0,NA,HP,NA
N12,IO_L2P_T0_AD8P_15,0,15,0,NA,HP,NA
M12,IO_L2N_T0_AD8N_15,0,15,0,NA,HP,NA
M10,IO_L3P_T0_DQS_AD1P_15,0,15,0,NA,HP,NA
L10,IO_L3N_T0_DQS_AD1N_15,0,15,0,NA,HP,NA
P10,IO_L4P_T0_15,0,15,0,NA,HP,NA
N10,IO_L4N_T0_15,0,15,0,NA,HP,NA
M11,IO_L5P_T0_AD9P_15,0,15,0,NA,HP,NA
L11,IO_L5N_T0_AD9N_15,0,15,0,NA,HP,NA
P12,IO_L6P_T0_15,0,15,0,NA,HP,NA
P11,IO_L6N_T0_VREF_15,0,15,0,NA,HP,NA
G13,IO_L7P_T1_AD2P_15,1,15,0,NA,HP,NA
F13,IO_L7N_T1_AD2N_15,1,15,0,NA,HP,NA
K11,IO_L8P_T1_AD10P_15,1,15,0,NA,HP,NA
J11,IO_L8N_T1_AD10N_15,1,15,0,NA,HP,NA
H12,IO_L9P_T1_DQS_AD3P_15,1,15,0,NA,HP,NA
G12,IO_L9N_T1_DQS_AD3N_15,1,15,0,NA,HP,NA
J10,IO_L10P_T1_AD11P_15,1,15,0,NA,HP,NA
H10,IO_L10N_T1_AD11N_15,1,15,0,NA,HP,NA
G11,IO_L11P_T1_SRCC_15,1,15,0,NA,HP,NA
F11,IO_L11N_T1_SRCC_15,1,15,0,NA,HP,NA
G10,IO_L12P_T1_MRCC_15,1,15,0,NA,HP,NA
F10,IO_L12N_T1_MRCC_15,1,15,0,NA,HP,NA
E12,IO_L13P_T2_MRCC_15,2,15,0,NA,HP,NA
E11,IO_L13N_T2_MRCC_15,2,15,0,NA,HP,NA
E13,IO_L14P_T2_SRCC_15,2,15,0,NA,HP,NA
D12,IO_L14N_T2_SRCC_15,2,15,0,NA,HP,NA
D10,IO_L15P_T2_DQS_15,2,15,0,NA,HP,NA
D9,IO_L15N_T2_DQS_ADV_B_15,2,15,0,NA,HP,NA
C13,IO_L16P_T2_A28_15,2,15,0,NA,HP,NA
C12,IO_L16N_T2_A27_15,2,15,0,NA,HP,NA
E9,IO_L17P_T2_A26_15,2,15,0,NA,HP,NA
E8,IO_L17N_T2_A25_15,2,15,0,NA,HP,NA
D11,IO_L18P_T2_A24_15,2,15,0,NA,HP,NA
C10,IO_L18N_T2_A23_15,2,15,0,NA,HP,NA
C9,IO_L19P_T3_A22_15,3,15,0,NA,HP,NA
C8,IO_L19N_T3_A21_VREF_15,3,15,0,NA,HP,NA
B13,IO_L20P_T3_A20_15,3,15,0,NA,HP,NA
A13,IO_L20N_T3_A19_15,3,15,0,NA,HP,NA
A10,IO_L21P_T3_DQS_15,3,15,0,NA,HP,NA
A9,IO_L21N_T3_DQS_A18_15,3,15,0,NA,HP,NA
B12,IO_L22P_T3_A17_15,3,15,0,NA,HP,NA
A11,IO_L22N_T3_A16_15,3,15,0,NA,HP,NA
B8,IO_L23P_T3_FOE_B_15,3,15,0,NA,HP,NA
A8,IO_L23N_T3_FWE_B_15,3,15,0,NA,HP,NA
B11,IO_L24P_T3_RS1_15,3,15,0,NA,HP,NA
B10,IO_L24N_T3_RS0_15,3,15,0,NA,HP,NA
R11,IO_25_VRP_15,NA,15,0,NA,HP,NA
J17,IO_0_VRN_16,NA,16,0,NA,HP,NA
A15,IO_L1P_T0_16,0,16,0,NA,HP,NA
A14,IO_L1N_T0_16,0,16,0,NA,HP,NA
C17,IO_L2P_T0_16,0,16,0,NA,HP,NA
B17,IO_L2N_T0_16,0,16,0,NA,HP,NA
C15,IO_L3P_T0_DQS_16,0,16,0,NA,HP,NA
B15,IO_L3N_T0_DQS_16,0,16,0,NA,HP,NA
B16,IO_L4P_T0_16,0,16,0,NA,HP,NA
A16,IO_L4N_T0_16,0,16,0,NA,HP,NA
D15,IO_L5P_T0_16,0,16,0,NA,HP,NA
C14,IO_L5N_T0_16,0,16,0,NA,HP,NA
D17,IO_L6P_T0_16,0,16,0,NA,HP,NA
D16,IO_L6N_T0_VREF_16,0,16,0,NA,HP,NA
H17,IO_L7P_T1_16,1,16,0,NA,HP,NA
G17,IO_L7N_T1_16,1,16,0,NA,HP,NA
E17,IO_L8P_T1_16,1,16,0,NA,HP,NA
E16,IO_L8N_T1_16,1,16,0,NA,HP,NA
G16,IO_L9P_T1_DQS_16,1,16,0,NA,HP,NA
F16,IO_L9N_T1_DQS_16,1,16,0,NA,HP,NA
E14,IO_L10P_T1_16,1,16,0,NA,HP,NA
D14,IO_L10N_T1_16,1,16,0,NA,HP,NA
H15,IO_L11P_T1_SRCC_16,1,16,0,NA,HP,NA
G15,IO_L11N_T1_SRCC_16,1,16,0,NA,HP,NA
F15,IO_L12P_T1_MRCC_16,1,16,0,NA,HP,NA
F14,IO_L12N_T1_MRCC_16,1,16,0,NA,HP,NA
H14,IO_L13P_T2_MRCC_16,2,16,0,NA,HP,NA
H13,IO_L13N_T2_MRCC_16,2,16,0,NA,HP,NA
K14,IO_L14P_T2_SRCC_16,2,16,0,NA,HP,NA
J14,IO_L14N_T2_SRCC_16,2,16,0,NA,HP,NA
L15,IO_L15P_T2_DQS_16,2,16,0,NA,HP,NA
L14,IO_L15N_T2_DQS_16,2,16,0,NA,HP,NA
J16,IO_L16P_T2_16,2,16,0,NA,HP,NA
J15,IO_L16N_T2_16,2,16,0,NA,HP,NA
L13,IO_L17P_T2_16,2,16,0,NA,HP,NA
K13,IO_L17N_T2_16,2,16,0,NA,HP,NA
K17,IO_L18P_T2_16,2,16,0,NA,HP,NA
K16,IO_L18N_T2_16,2,16,0,NA,HP,NA
N13,IO_L19P_T3_16,3,16,0,NA,HP,NA
M13,IO_L19N_T3_VREF_16,3,16,0,NA,HP,NA
M16,IO_L20P_T3_16,3,16,0,NA,HP,NA
L16,IO_L20N_T3_16,3,16,0,NA,HP,NA
P14,IO_L21P_T3_DQS_16,3,16,0,NA,HP,NA
N14,IO_L21N_T3_DQS_16,3,16,0,NA,HP,NA
N15,IO_L22P_T3_16,3,16,0,NA,HP,NA
M15,IO_L22N_T3_16,3,16,0,NA,HP,NA
P16,IO_L23P_T3_16,3,16,0,NA,HP,NA
P15,IO_L23N_T3_16,3,16,0,NA,HP,NA
N17,IO_L24P_T3_16,3,16,0,NA,HP,NA
M17,IO_L24N_T3_16,3,16,0,NA,HP,NA
P17,IO_25_VRP_16,NA,16,0,NA,HP,NA
K21,IO_0_VRN_17,NA,17,0,NA,HP,NA
A19,IO_L1P_T0_17,0,17,0,NA,HP,NA
A20,IO_L1N_T0_17,0,17,0,NA,HP,NA
C20,IO_L2P_T0_17,0,17,0,NA,HP,NA
B20,IO_L2N_T0_17,0,17,0,NA,HP,NA
B21,IO_L3P_T0_DQS_17,0,17,0,NA,HP,NA
A21,IO_L3N_T0_DQS_17,0,17,0,NA,HP,NA
B18,IO_L4P_T0_17,0,17,0,NA,HP,NA
A18,IO_L4N_T0_17,0,17,0,NA,HP,NA
C22,IO_L5P_T0_17,0,17,0,NA,HP,NA
B22,IO_L5N_T0_17,0,17,0,NA,HP,NA
C18,IO_L6P_T0_17,0,17,0,NA,HP,NA
C19,IO_L6N_T0_VREF_17,0,17,0,NA,HP,NA
E22,IO_L7P_T1_17,1,17,0,NA,HP,NA
D22,IO_L7N_T1_17,1,17,0,NA,HP,NA
E18,IO_L8P_T1_17,1,17,0,NA,HP,NA
E19,IO_L8N_T1_17,1,17,0,NA,HP,NA
D19,IO_L9P_T1_DQS_17,1,17,0,NA,HP,NA
D20,IO_L9N_T1_DQS_17,1,17,0,NA,HP,NA
F18,IO_L10P_T1_17,1,17,0,NA,HP,NA
F19,IO_L10N_T1_17,1,17,0,NA,HP,NA
E21,IO_L11P_T1_SRCC_17,1,17,0,NA,HP,NA
D21,IO_L11N_T1_SRCC_17,1,17,0,NA,HP,NA
F20,IO_L12P_T1_MRCC_17,1,17,0,NA,HP,NA
F21,IO_L12N_T1_MRCC_17,1,17,0,NA,HP,NA
H20,IO_L13P_T2_MRCC_17,2,17,0,NA,HP,NA
G20,IO_L13N_T2_MRCC_17,2,17,0,NA,HP,NA
G21,IO_L14P_T2_SRCC_17,2,17,0,NA,HP,NA
G22,IO_L14N_T2_SRCC_17,2,17,0,NA,HP,NA
H18,IO_L15P_T2_DQS_17,2,17,0,NA,HP,NA
G18,IO_L15N_T2_DQS_17,2,17,0,NA,HP,NA
J20,IO_L16P_T2_17,2,17,0,NA,HP,NA
J21,IO_L16N_T2_17,2,17,0,NA,HP,NA
K18,IO_L17P_T2_17,2,17,0,NA,HP,NA
K19,IO_L17N_T2_17,2,17,0,NA,HP,NA
J19,IO_L18P_T2_17,2,17,0,NA,HP,NA
H19,IO_L18N_T2_17,2,17,0,NA,HP,NA
L18,IO_L19P_T3_17,3,17,0,NA,HP,NA
L19,IO_L19N_T3_VREF_17,3,17,0,NA,HP,NA
M21,IO_L20P_T3_17,3,17,0,NA,HP,NA
L21,IO_L20N_T3_17,3,17,0,NA,HP,NA
N18,IO_L21P_T3_DQS_17,3,17,0,NA,HP,NA
M18,IO_L21N_T3_DQS_17,3,17,0,NA,HP,NA
M20,IO_L22P_T3_17,3,17,0,NA,HP,NA
L20,IO_L22N_T3_17,3,17,0,NA,HP,NA
P19,IO_L23P_T3_17,3,17,0,NA,HP,NA
N19,IO_L23N_T3_17,3,17,0,NA,HP,NA
P20,IO_L24P_T3_17,3,17,0,NA,HP,NA
N20,IO_L24N_T3_17,3,17,0,NA,HP,NA
P21,IO_25_VRP_17,NA,17,0,NA,HP,NA
AD18,IO_0_VRN_34,NA,34,1,NA,HP,NA
AE17,IO_L1P_T0_34,0,34,1,NA,HP,NA
AE16,IO_L1N_T0_34,0,34,1,NA,HP,NA
AF20,IO_L2P_T0_34,0,34,1,NA,HP,NA
AG20,IO_L2N_T0_34,0,34,1,NA,HP,NA
AE19,IO_L3P_T0_DQS_34,0,34,1,NA,HP,NA
AF19,IO_L3N_T0_DQS_34,0,34,1,NA,HP,NA
AG18,IO_L4P_T0_34,0,34,1,NA,HP,NA
AG17,IO_L4N_T0_34,0,34,1,NA,HP,NA
AE18,IO_L5P_T0_34,0,34,1,NA,HP,NA
AF18,IO_L5N_T0_34,0,34,1,NA,HP,NA
AF16,IO_L6P_T0_34,0,34,1,NA,HP,NA
AG16,IO_L6N_T0_VREF_34,0,34,1,NA,HP,NA
AH20,IO_L7P_T1_34,1,34,1,NA,HP,NA
AJ20,IO_L7N_T1_34,1,34,1,NA,HP,NA
AM18,IO_L8P_T1_34,1,34,1,NA,HP,NA
AM17,IO_L8N_T1_34,1,34,1,NA,HP,NA
AL20,IO_L9P_T1_DQS_34,1,34,1,NA,HP,NA
AM20,IO_L9N_T1_DQS_34,1,34,1,NA,HP,NA
AN20,IO_L10P_T1_34,1,34,1,NA,HP,NA
AP20,IO_L10N_T1_34,1,34,1,NA,HP,NA
AK19,IO_L11P_T1_SRCC_34,1,34,1,NA,HP,NA
AL19,IO_L11N_T1_SRCC_34,1,34,1,NA,HP,NA
AK18,IO_L12P_T1_MRCC_34,1,34,1,NA,HP,NA
AL18,IO_L12N_T1_MRCC_34,1,34,1,NA,HP,NA
AJ16,IO_L13P_T2_MRCC_34,2,34,1,NA,HP,NA
AK16,IO_L13N_T2_MRCC_34,2,34,1,NA,HP,NA
AJ17,IO_L14P_T2_SRCC_34,2,34,1,NA,HP,NA
AK17,IO_L14N_T2_SRCC_34,2,34,1,NA,HP,NA
AF15,IO_L15P_T2_DQS_34,2,34,1,NA,HP,NA
AG15,IO_L15N_T2_DQS_34,2,34,1,NA,HP,NA
AH18,IO_L16P_T2_34,2,34,1,NA,HP,NA
AH17,IO_L16N_T2_34,2,34,1,NA,HP,NA
AH15,IO_L17P_T2_34,2,34,1,NA,HP,NA
AJ15,IO_L17N_T2_34,2,34,1,NA,HP,NA
AH19,IO_L18P_T2_34,2,34,1,NA,HP,NA
AJ19,IO_L18N_T2_34,2,34,1,NA,HP,NA
AL15,IO_L19P_T3_34,3,34,1,NA,HP,NA
AM15,IO_L19N_T3_VREF_34,3,34,1,NA,HP,NA
AL16,IO_L20P_T3_34,3,34,1,NA,HP,NA
AM16,IO_L20N_T3_34,3,34,1,NA,HP,NA
AP17,IO_L21P_T3_DQS_34,3,34,1,NA,HP,NA
AP16,IO_L21N_T3_DQS_34,3,34,1,NA,HP,NA
AN18,IO_L22P_T3_34,3,34,1,NA,HP,NA
AN17,IO_L22N_T3_34,3,34,1,NA,HP,NA
AN15,IO_L23P_T3_34,3,34,1,NA,HP,NA
AP15,IO_L23N_T3_34,3,34,1,NA,HP,NA
AN19,IO_L24P_T3_34,3,34,1,NA,HP,NA
AP19,IO_L24N_T3_34,3,34,1,NA,HP,NA
AD16,IO_25_VRP_34,NA,34,1,NA,HP,NA
AE22,IO_0_VRN_35,NA,35,1,NA,HP,NA
AF25,IO_L1P_T0_AD4P_35,0,35,1,NA,HP,NA
AG25,IO_L1N_T0_AD4N_35,0,35,1,NA,HP,NA
AE23,IO_L2P_T0_AD12P_35,0,35,1,NA,HP,NA
AF23,IO_L2N_T0_AD12N_35,0,35,1,NA,HP,NA
AG23,IO_L3P_T0_DQS_AD5P_35,0,35,1,NA,HP,NA
AH23,IO_L3N_T0_DQS_AD5N_35,0,35,1,NA,HP,NA
AE24,IO_L4P_T0_35,0,35,1,NA,HP,NA
AF24,IO_L4N_T0_35,0,35,1,NA,HP,NA
AG22,IO_L5P_T0_AD13P_35,0,35,1,NA,HP,NA
AH22,IO_L5N_T0_AD13N_35,0,35,1,NA,HP,NA
AF21,IO_L6P_T0_35,0,35,1,NA,HP,NA
AG21,IO_L6N_T0_VREF_35,0,35,1,NA,HP,NA
AJ26,IO_L7P_T1_AD6P_35,1,35,1,NA,HP,NA
AK26,IO_L7N_T1_AD6N_35,1,35,1,NA,HP,NA
AJ22,IO_L8P_T1_AD14P_35,1,35,1,NA,HP,NA
AK22,IO_L8N_T1_AD14N_35,1,35,1,NA,HP,NA
AH25,IO_L9P_T1_DQS_AD7P_35,1,35,1,NA,HP,NA
AJ25,IO_L9N_T1_DQS_AD7N_35,1,35,1,NA,HP,NA
AJ21,IO_L10P_T1_AD15P_35,1,35,1,NA,HP,NA
AK21,IO_L10N_T1_AD15N_35,1,35,1,NA,HP,NA
AH24,IO_L11P_T1_SRCC_35,1,35,1,NA,HP,NA
AJ24,IO_L11N_T1_SRCC_35,1,35,1,NA,HP,NA
AK23,IO_L12P_T1_MRCC_35,1,35,1,NA,HP,NA
AK24,IO_L12N_T1_MRCC_35,1,35,1,NA,HP,NA
AL25,IO_L13P_T2_MRCC_35,2,35,1,NA,HP,NA
AL26,IO_L13N_T2_MRCC_35,2,35,1,NA,HP,NA
AL23,IO_L14P_T2_SRCC_35,2,35,1,NA,HP,NA
AL24,IO_L14N_T2_SRCC_35,2,35,1,NA,HP,NA
AM23,IO_L15P_T2_DQS_35,2,35,1,NA,HP,NA
AN23,IO_L15N_T2_DQS_35,2,35,1,NA,HP,NA
AM22,IO_L16P_T2_35,2,35,1,NA,HP,NA
AN22,IO_L16N_T2_35,2,35,1,NA,HP,NA
AL21,IO_L17P_T2_35,2,35,1,NA,HP,NA
AM21,IO_L17N_T2_35,2,35,1,NA,HP,NA
AP21,IO_L18P_T2_35,2,35,1,NA,HP,NA
AP22,IO_L18N_T2_35,2,35,1,NA,HP,NA
AJ27,IO_L19P_T3_35,3,35,1,NA,HP,NA
AK27,IO_L19N_T3_VREF_35,3,35,1,NA,HP,NA
AM25,IO_L20P_T3_35,3,35,1,NA,HP,NA
AM26,IO_L20N_T3_35,3,35,1,NA,HP,NA
AM27,IO_L21P_T3_DQS_35,3,35,1,NA,HP,NA
AN27,IO_L21N_T3_DQS_35,3,35,1,NA,HP,NA
AN24,IO_L22P_T3_35,3,35,1,NA,HP,NA
AP24,IO_L22N_T3_35,3,35,1,NA,HP,NA
AP26,IO_L23P_T3_35,3,35,1,NA,HP,NA
AP27,IO_L23N_T3_35,3,35,1,NA,HP,NA
AN25,IO_L24P_T3_35,3,35,1,NA,HP,NA
AP25,IO_L24N_T3_35,3,35,1,NA,HP,NA
AE21,IO_25_VRP_35,NA,35,1,NA,HP,NA
AE12,IO_0_VRN_36,NA,36,1,NA,HP,NA
AJ10,IO_L1P_T0_36,0,36,1,NA,HP,NA
AJ9,IO_L1N_T0_36,0,36,1,NA,HP,NA
AK8,IO_L2P_T0_36,0,36,1,NA,HP,NA
AL8,IO_L2N_T0_36,0,36,1,NA,HP,NA
AE11,IO_L3P_T0_DQS_36,0,36,1,NA,HP,NA
AF10,IO_L3N_T0_DQS_36,0,36,1,NA,HP,NA
AK9,IO_L4P_T0_36,0,36,1,NA,HP,NA
AL9,IO_L4N_T0_36,0,36,1,NA,HP,NA
AF11,IO_L5P_T0_36,0,36,1,NA,HP,NA
AG11,IO_L5N_T0_36,0,36,1,NA,HP,NA
AG10,IO_L6P_T0_36,0,36,1,NA,HP,NA
AH10,IO_L6N_T0_VREF_36,0,36,1,NA,HP,NA
AN10,IO_L7P_T1_36,1,36,1,NA,HP,NA
AP10,IO_L7N_T1_36,1,36,1,NA,HP,NA
AM8,IO_L8P_T1_36,1,36,1,NA,HP,NA
AN8,IO_L8N_T1_36,1,36,1,NA,HP,NA
AP12,IO_L9P_T1_DQS_36,1,36,1,NA,HP,NA
AP11,IO_L9N_T1_DQS_36,1,36,1,NA,HP,NA
AN9,IO_L10P_T1_36,1,36,1,NA,HP,NA
AP9,IO_L10N_T1_36,1,36,1,NA,HP,NA
AL11,IO_L11P_T1_SRCC_36,1,36,1,NA,HP,NA
AM11,IO_L11N_T1_SRCC_36,1,36,1,NA,HP,NA
AL10,IO_L12P_T1_MRCC_36,1,36,1,NA,HP,NA
AM10,IO_L12N_T1_MRCC_36,1,36,1,NA,HP,NA
AJ11,IO_L13P_T2_MRCC_36,2,36,1,NA,HP,NA
AK11,IO_L13N_T2_MRCC_36,2,36,1,NA,HP,NA
AJ12,IO_L14P_T2_SRCC_36,2,36,1,NA,HP,NA
AK12,IO_L14N_T2_SRCC_36,2,36,1,NA,HP,NA
AG12,IO_L15P_T2_DQS_36,2,36,1,NA,HP,NA
AH12,IO_L15N_T2_DQS_36,2,36,1,NA,HP,NA
AE13,IO_L16P_T2_36,2,36,1,NA,HP,NA
AF13,IO_L16N_T2_36,2,36,1,NA,HP,NA
AG13,IO_L17P_T2_36,2,36,1,NA,HP,NA
AH13,IO_L17N_T2_36,2,36,1,NA,HP,NA
AE14,IO_L18P_T2_36,2,36,1,NA,HP,NA
AF14,IO_L18N_T2_36,2,36,1,NA,HP,NA
AH14,IO_L19P_T3_36,3,36,1,NA,HP,NA
AJ14,IO_L19N_T3_VREF_36,3,36,1,NA,HP,NA
AM12,IO_L20P_T3_36,3,36,1,NA,HP,NA
AN12,IO_L20N_T3_36,3,36,1,NA,HP,NA
AK13,IO_L21P_T3_DQS_36,3,36,1,NA,HP,NA
AL13,IO_L21N_T3_DQS_36,3,36,1,NA,HP,NA
AM13,IO_L22P_T3_36,3,36,1,NA,HP,NA
AN13,IO_L22N_T3_36,3,36,1,NA,HP,NA
AK14,IO_L23P_T3_36,3,36,1,NA,HP,NA
AL14,IO_L23N_T3_36,3,36,1,NA,HP,NA
AN14,IO_L24P_T3_36,3,36,1,NA,HP,NA
AP14,IO_L24N_T3_36,3,36,1,NA,HP,NA
AD14,IO_25_VRP_36,NA,36,1,NA,HP,NA
AK2,MGTHTXP3_114,NA,114,NA,NA,GTH,NA
AK6,MGTHRXP3_114,NA,114,NA,NA,GTH,NA
AK1,MGTHTXN3_114,NA,114,NA,NA,GTH,NA
AK5,MGTHRXN3_114,NA,114,NA,NA,GTH,NA
AM2,MGTHTXP2_114,NA,114,NA,NA,GTH,NA
AL4,MGTHRXP2_114,NA,114,NA,NA,GTH,NA
AM1,MGTHTXN2_114,NA,114,NA,NA,GTH,NA
AD6,MGTREFCLK0P_114,NA,114,NA,NA,GTH,NA
AL3,MGTHRXN2_114,NA,114,NA,NA,GTH,NA
AD5,MGTREFCLK0N_114,NA,114,NA,NA,GTH,NA
AE7,MGTREFCLK1N_114,NA,114,NA,NA,GTH,NA
AE8,MGTREFCLK1P_114,NA,114,NA,NA,GTH,NA
AN4,MGTHTXP1_114,NA,114,NA,NA,GTH,NA
AM6,MGTHRXP1_114,NA,114,NA,NA,GTH,NA
AN3,MGTHTXN1_114,NA,114,NA,NA,GTH,NA
AM5,MGTHRXN1_114,NA,114,NA,NA,GTH,NA
AP2,MGTHTXP0_114,NA,114,NA,NA,GTH,NA
AP6,MGTHRXP0_114,NA,114,NA,NA,GTH,NA
AP1,MGTHTXN0_114,NA,114,NA,NA,GTH,NA
AP5,MGTHRXN0_114,NA,114,NA,NA,GTH,NA
AD2,MGTHTXP3_115,NA,115,NA,NA,GTH,NA
AE4,MGTHRXP3_115,NA,115,NA,NA,GTH,NA
AD1,MGTHTXN3_115,NA,115,NA,NA,GTH,NA
AE3,MGTHRXN3_115,NA,115,NA,NA,GTH,NA
AF2,MGTHTXP2_115,NA,115,NA,NA,GTH,NA
AF6,MGTHRXP2_115,NA,115,NA,NA,GTH,NA
AF1,MGTHTXN2_115,NA,115,NA,NA,GTH,NA
AB6,MGTREFCLK0P_115,NA,115,NA,NA,GTH,NA
AF5,MGTHRXN2_115,NA,115,NA,NA,GTH,NA
G8,MGTAVTTRCAL_115,NA,115,NA,NA,GTH,NA
AB5,MGTREFCLK0N_115,NA,115,NA,NA,GTH,NA
G7,MGTRREF_115,NA,115,NA,NA,GTH,NA
AC7,MGTREFCLK1N_115,NA,115,NA,NA,GTH,NA
AC8,MGTREFCLK1P_115,NA,115,NA,NA,GTH,NA
AH2,MGTHTXP1_115,NA,115,NA,NA,GTH,NA
AG4,MGTHRXP1_115,NA,115,NA,NA,GTH,NA
AH1,MGTHTXN1_115,NA,115,NA,NA,GTH,NA
AG3,MGTHRXN1_115,NA,115,NA,NA,GTH,NA
AJ4,MGTHTXP0_115,NA,115,NA,NA,GTH,NA
AH6,MGTHRXP0_115,NA,115,NA,NA,GTH,NA
AJ3,MGTHTXN0_115,NA,115,NA,NA,GTH,NA
AH5,MGTHRXN0_115,NA,115,NA,NA,GTH,NA
V2,MGTHTXP3_116,NA,116,NA,NA,GTH,NA
V6,MGTHRXP3_116,NA,116,NA,NA,GTH,NA
V1,MGTHTXN3_116,NA,116,NA,NA,GTH,NA
V5,MGTHRXN3_116,NA,116,NA,NA,GTH,NA
W4,MGTHTXP2_116,NA,116,NA,NA,GTH,NA
Y6,MGTHRXP2_116,NA,116,NA,NA,GTH,NA
W3,MGTHTXN2_116,NA,116,NA,NA,GTH,NA
W8,MGTREFCLK0P_116,NA,116,NA,NA,GTH,NA
Y5,MGTHRXN2_116,NA,116,NA,NA,GTH,NA
W7,MGTREFCLK0N_116,NA,116,NA,NA,GTH,NA
AA7,MGTREFCLK1N_116,NA,116,NA,NA,GTH,NA
AA8,MGTREFCLK1P_116,NA,116,NA,NA,GTH,NA
Y2,MGTHTXP1_116,NA,116,NA,NA,GTH,NA
AA4,MGTHRXP1_116,NA,116,NA,NA,GTH,NA
Y1,MGTHTXN1_116,NA,116,NA,NA,GTH,NA
AA3,MGTHRXN1_116,NA,116,NA,NA,GTH,NA
AB2,MGTHTXP0_116,NA,116,NA,NA,GTH,NA
AC4,MGTHRXP0_116,NA,116,NA,NA,GTH,NA
AB1,MGTHTXN0_116,NA,116,NA,NA,GTH,NA
AC3,MGTHRXN0_116,NA,116,NA,NA,GTH,NA
N4,MGTHTXP3_117,NA,117,NA,NA,GTH,NA
L4,MGTHRXP3_117,NA,117,NA,NA,GTH,NA
N3,MGTHTXN3_117,NA,117,NA,NA,GTH,NA
L3,MGTHRXN3_117,NA,117,NA,NA,GTH,NA
P2,MGTHTXP2_117,NA,117,NA,NA,GTH,NA
P6,MGTHRXP2_117,NA,117,NA,NA,GTH,NA
P1,MGTHTXN2_117,NA,117,NA,NA,GTH,NA
R8,MGTREFCLK0P_117,NA,117,NA,NA,GTH,NA
P5,MGTHRXN2_117,NA,117,NA,NA,GTH,NA
R7,MGTREFCLK0N_117,NA,117,NA,NA,GTH,NA
U7,MGTREFCLK1N_117,NA,117,NA,NA,GTH,NA
U8,MGTREFCLK1P_117,NA,117,NA,NA,GTH,NA
T2,MGTHTXP1_117,NA,117,NA,NA,GTH,NA
R4,MGTHRXP1_117,NA,117,NA,NA,GTH,NA
T1,MGTHTXN1_117,NA,117,NA,NA,GTH,NA
R3,MGTHRXN1_117,NA,117,NA,NA,GTH,NA
U4,MGTHTXP0_117,NA,117,NA,NA,GTH,NA
T6,MGTHRXP0_117,NA,117,NA,NA,GTH,NA
U3,MGTHTXN0_117,NA,117,NA,NA,GTH,NA
T5,MGTHRXN0_117,NA,117,NA,NA,GTH,NA
G4,MGTHTXP3_118,NA,118,NA,NA,GTH,NA
F6,MGTHRXP3_118,NA,118,NA,NA,GTH,NA
G3,MGTHTXN3_118,NA,118,NA,NA,GTH,NA
F5,MGTHRXN3_118,NA,118,NA,NA,GTH,NA
H2,MGTHTXP2_118,NA,118,NA,NA,GTH,NA
H6,MGTHRXP2_118,NA,118,NA,NA,GTH,NA
H1,MGTHTXN2_118,NA,118,NA,NA,GTH,NA
M6,MGTREFCLK0P_118,NA,118,NA,NA,GTH,NA
H5,MGTHRXN2_118,NA,118,NA,NA,GTH,NA
M5,MGTREFCLK0N_118,NA,118,NA,NA,GTH,NA
N7,MGTREFCLK1N_118,NA,118,NA,NA,GTH,NA
N8,MGTREFCLK1P_118,NA,118,NA,NA,GTH,NA
K2,MGTHTXP1_118,NA,118,NA,NA,GTH,NA
J4,MGTHRXP1_118,NA,118,NA,NA,GTH,NA
K1,MGTHTXN1_118,NA,118,NA,NA,GTH,NA
J3,MGTHRXN1_118,NA,118,NA,NA,GTH,NA
M2,MGTHTXP0_118,NA,118,NA,NA,GTH,NA
K6,MGTHRXP0_118,NA,118,NA,NA,GTH,NA
M1,MGTHTXN0_118,NA,118,NA,NA,GTH,NA
K5,MGTHRXN0_118,NA,118,NA,NA,GTH,NA
A4,MGTHTXP3_119,NA,119,NA,NA,GTH,NA
B6,MGTHRXP3_119,NA,119,NA,NA,GTH,NA
A3,MGTHTXN3_119,NA,119,NA,NA,GTH,NA
B5,MGTHRXN3_119,NA,119,NA,NA,GTH,NA
B2,MGTHTXP2_119,NA,119,NA,NA,GTH,NA
C4,MGTHRXP2_119,NA,119,NA,NA,GTH,NA
B1,MGTHTXN2_119,NA,119,NA,NA,GTH,NA
J8,MGTREFCLK0P_119,NA,119,NA,NA,GTH,NA
C3,MGTHRXN2_119,NA,119,NA,NA,GTH,NA
J7,MGTREFCLK0N_119,NA,119,NA,NA,GTH,NA
L7,MGTREFCLK1N_119,NA,119,NA,NA,GTH,NA
L8,MGTREFCLK1P_119,NA,119,NA,NA,GTH,NA
D2,MGTHTXP1_119,NA,119,NA,NA,GTH,NA
D6,MGTHRXP1_119,NA,119,NA,NA,GTH,NA
D1,MGTHTXN1_119,NA,119,NA,NA,GTH,NA
D5,MGTHRXN1_119,NA,119,NA,NA,GTH,NA
F2,MGTHTXP0_119,NA,119,NA,NA,GTH,NA
E4,MGTHRXP0_119,NA,119,NA,NA,GTH,NA
F1,MGTHTXN0_119,NA,119,NA,NA,GTH,NA
E3,MGTHRXN0_119,NA,119,NA,NA,GTH,NA
AK33,MGTHTXP3_214,NA,214,NA,NA,GTH,NA
AK29,MGTHRXP3_214,NA,214,NA,NA,GTH,NA
AK34,MGTHTXN3_214,NA,214,NA,NA,GTH,NA
AK30,MGTHRXN3_214,NA,214,NA,NA,GTH,NA
AM33,MGTHTXP2_214,NA,214,NA,NA,GTH,NA
AL31,MGTHRXP2_214,NA,214,NA,NA,GTH,NA
AM34,MGTHTXN2_214,NA,214,NA,NA,GTH,NA
AD29,MGTREFCLK0P_214,NA,214,NA,NA,GTH,NA
AL32,MGTHRXN2_214,NA,214,NA,NA,GTH,NA
AD30,MGTREFCLK0N_214,NA,214,NA,NA,GTH,NA
AE28,MGTREFCLK1N_214,NA,214,NA,NA,GTH,NA
AE27,MGTREFCLK1P_214,NA,214,NA,NA,GTH,NA
AN31,MGTHTXP1_214,NA,214,NA,NA,GTH,NA
AM29,MGTHRXP1_214,NA,214,NA,NA,GTH,NA
AN32,MGTHTXN1_214,NA,214,NA,NA,GTH,NA
AM30,MGTHRXN1_214,NA,214,NA,NA,GTH,NA
AP33,MGTHTXP0_214,NA,214,NA,NA,GTH,NA
AP29,MGTHRXP0_214,NA,214,NA,NA,GTH,NA
AP34,MGTHTXN0_214,NA,214,NA,NA,GTH,NA
AP30,MGTHRXN0_214,NA,214,NA,NA,GTH,NA
AD33,MGTHTXP3_215,NA,215,NA,NA,GTH,NA
AE31,MGTHRXP3_215,NA,215,NA,NA,GTH,NA
AD34,MGTHTXN3_215,NA,215,NA,NA,GTH,NA
AE32,MGTHRXN3_215,NA,215,NA,NA,GTH,NA
AF33,MGTHTXP2_215,NA,215,NA,NA,GTH,NA
AF29,MGTHRXP2_215,NA,215,NA,NA,GTH,NA
AF34,MGTHTXN2_215,NA,215,NA,NA,GTH,NA
AB29,MGTREFCLK0P_215,NA,215,NA,NA,GTH,NA
AF30,MGTHRXN2_215,NA,215,NA,NA,GTH,NA
G27,MGTAVTTRCAL_215,NA,215,NA,NA,GTH,NA
AB30,MGTREFCLK0N_215,NA,215,NA,NA,GTH,NA
G28,MGTRREF_215,NA,215,NA,NA,GTH,NA
AC28,MGTREFCLK1N_215,NA,215,NA,NA,GTH,NA
AC27,MGTREFCLK1P_215,NA,215,NA,NA,GTH,NA
AH33,MGTHTXP1_215,NA,215,NA,NA,GTH,NA
AG31,MGTHRXP1_215,NA,215,NA,NA,GTH,NA
AH34,MGTHTXN1_215,NA,215,NA,NA,GTH,NA
AG32,MGTHRXN1_215,NA,215,NA,NA,GTH,NA
AJ31,MGTHTXP0_215,NA,215,NA,NA,GTH,NA
AH29,MGTHRXP0_215,NA,215,NA,NA,GTH,NA
AJ32,MGTHTXN0_215,NA,215,NA,NA,GTH,NA
AH30,MGTHRXN0_215,NA,215,NA,NA,GTH,NA
V33,MGTHTXP3_216,NA,216,NA,NA,GTH,NA
V29,MGTHRXP3_216,NA,216,NA,NA,GTH,NA
V34,MGTHTXN3_216,NA,216,NA,NA,GTH,NA
V30,MGTHRXN3_216,NA,216,NA,NA,GTH,NA
W31,MGTHTXP2_216,NA,216,NA,NA,GTH,NA
Y29,MGTHRXP2_216,NA,216,NA,NA,GTH,NA
W32,MGTHTXN2_216,NA,216,NA,NA,GTH,NA
W27,MGTREFCLK0P_216,NA,216,NA,NA,GTH,NA
Y30,MGTHRXN2_216,NA,216,NA,NA,GTH,NA
W28,MGTREFCLK0N_216,NA,216,NA,NA,GTH,NA
AA28,MGTREFCLK1N_216,NA,216,NA,NA,GTH,NA
AA27,MGTREFCLK1P_216,NA,216,NA,NA,GTH,NA
Y33,MGTHTXP1_216,NA,216,NA,NA,GTH,NA
AA31,MGTHRXP1_216,NA,216,NA,NA,GTH,NA
Y34,MGTHTXN1_216,NA,216,NA,NA,GTH,NA
AA32,MGTHRXN1_216,NA,216,NA,NA,GTH,NA
AB33,MGTHTXP0_216,NA,216,NA,NA,GTH,NA
AC31,MGTHRXP0_216,NA,216,NA,NA,GTH,NA
AB34,MGTHTXN0_216,NA,216,NA,NA,GTH,NA
AC32,MGTHRXN0_216,NA,216,NA,NA,GTH,NA
N31,MGTHTXP3_217,NA,217,NA,NA,GTH,NA
L31,MGTHRXP3_217,NA,217,NA,NA,GTH,NA
N32,MGTHTXN3_217,NA,217,NA,NA,GTH,NA
L32,MGTHRXN3_217,NA,217,NA,NA,GTH,NA
P33,MGTHTXP2_217,NA,217,NA,NA,GTH,NA
P29,MGTHRXP2_217,NA,217,NA,NA,GTH,NA
P34,MGTHTXN2_217,NA,217,NA,NA,GTH,NA
R27,MGTREFCLK0P_217,NA,217,NA,NA,GTH,NA
P30,MGTHRXN2_217,NA,217,NA,NA,GTH,NA
R28,MGTREFCLK0N_217,NA,217,NA,NA,GTH,NA
U28,MGTREFCLK1N_217,NA,217,NA,NA,GTH,NA
U27,MGTREFCLK1P_217,NA,217,NA,NA,GTH,NA
T33,MGTHTXP1_217,NA,217,NA,NA,GTH,NA
R31,MGTHRXP1_217,NA,217,NA,NA,GTH,NA
T34,MGTHTXN1_217,NA,217,NA,NA,GTH,NA
R32,MGTHRXN1_217,NA,217,NA,NA,GTH,NA
U31,MGTHTXP0_217,NA,217,NA,NA,GTH,NA
T29,MGTHRXP0_217,NA,217,NA,NA,GTH,NA
U32,MGTHTXN0_217,NA,217,NA,NA,GTH,NA
T30,MGTHRXN0_217,NA,217,NA,NA,GTH,NA
G31,MGTHTXP3_218,NA,218,NA,NA,GTH,NA
F29,MGTHRXP3_218,NA,218,NA,NA,GTH,NA
G32,MGTHTXN3_218,NA,218,NA,NA,GTH,NA
F30,MGTHRXN3_218,NA,218,NA,NA,GTH,NA
H33,MGTHTXP2_218,NA,218,NA,NA,GTH,NA
H29,MGTHRXP2_218,NA,218,NA,NA,GTH,NA
H34,MGTHTXN2_218,NA,218,NA,NA,GTH,NA
M29,MGTREFCLK0P_218,NA,218,NA,NA,GTH,NA
H30,MGTHRXN2_218,NA,218,NA,NA,GTH,NA
M30,MGTREFCLK0N_218,NA,218,NA,NA,GTH,NA
N28,MGTREFCLK1N_218,NA,218,NA,NA,GTH,NA
N27,MGTREFCLK1P_218,NA,218,NA,NA,GTH,NA
K33,MGTHTXP1_218,NA,218,NA,NA,GTH,NA
J31,MGTHRXP1_218,NA,218,NA,NA,GTH,NA
K34,MGTHTXN1_218,NA,218,NA,NA,GTH,NA
J32,MGTHRXN1_218,NA,218,NA,NA,GTH,NA
M33,MGTHTXP0_218,NA,218,NA,NA,GTH,NA
K29,MGTHRXP0_218,NA,218,NA,NA,GTH,NA
M34,MGTHTXN0_218,NA,218,NA,NA,GTH,NA
K30,MGTHRXN0_218,NA,218,NA,NA,GTH,NA
A31,MGTHTXP3_219,NA,219,NA,NA,GTH,NA
B29,MGTHRXP3_219,NA,219,NA,NA,GTH,NA
A32,MGTHTXN3_219,NA,219,NA,NA,GTH,NA
B30,MGTHRXN3_219,NA,219,NA,NA,GTH,NA
B33,MGTHTXP2_219,NA,219,NA,NA,GTH,NA
C31,MGTHRXP2_219,NA,219,NA,NA,GTH,NA
B34,MGTHTXN2_219,NA,219,NA,NA,GTH,NA
J27,MGTREFCLK0P_219,NA,219,NA,NA,GTH,NA
C32,MGTHRXN2_219,NA,219,NA,NA,GTH,NA
J28,MGTREFCLK0N_219,NA,219,NA,NA,GTH,NA
L28,MGTREFCLK1N_219,NA,219,NA,NA,GTH,NA
L27,MGTREFCLK1P_219,NA,219,NA,NA,GTH,NA
D33,MGTHTXP1_219,NA,219,NA,NA,GTH,NA
D29,MGTHRXP1_219,NA,219,NA,NA,GTH,NA
D34,MGTHTXN1_219,NA,219,NA,NA,GTH,NA
D30,MGTHRXN1_219,NA,219,NA,NA,GTH,NA
F33,MGTHTXP0_219,NA,219,NA,NA,GTH,NA
E31,MGTHRXP0_219,NA,219,NA,NA,GTH,NA
F34,MGTHTXN0_219,NA,219,NA,NA,GTH,NA
E32,MGTHRXN0_219,NA,219,NA,NA,GTH,NA
C6,MGTAVCC_G11,NA,NA,NA,NA,NA,NA
E6,MGTAVCC_G11,NA,NA,NA,NA,NA,NA
G6,MGTAVCC_G11,NA,NA,NA,NA,NA,NA
J6,MGTAVCC_G11,NA,NA,NA,NA,NA,NA
L6,MGTAVCC_G11,NA,NA,NA,NA,NA,NA
N6,MGTAVCC_G11,NA,NA,NA,NA,NA,NA
R6,MGTAVCC_G11,NA,NA,NA,NA,NA,NA
AA6,MGTAVCC_G10,NA,NA,NA,NA,NA,NA
AC6,MGTAVCC_G10,NA,NA,NA,NA,NA,NA
AE6,MGTAVCC_G10,NA,NA,NA,NA,NA,NA
AG6,MGTAVCC_G10,NA,NA,NA,NA,NA,NA
AJ6,MGTAVCC_G10,NA,NA,NA,NA,NA,NA
AL6,MGTAVCC_G10,NA,NA,NA,NA,NA,NA
AN6,MGTAVCC_G10,NA,NA,NA,NA,NA,NA
C29,MGTAVCC_G21,NA,NA,NA,NA,NA,NA
E29,MGTAVCC_G21,NA,NA,NA,NA,NA,NA
G29,MGTAVCC_G21,NA,NA,NA,NA,NA,NA
J29,MGTAVCC_G21,NA,NA,NA,NA,NA,NA
L29,MGTAVCC_G21,NA,NA,NA,NA,NA,NA
N29,MGTAVCC_G21,NA,NA,NA,NA,NA,NA
R29,MGTAVCC_G21,NA,NA,NA,NA,NA,NA
AA29,MGTAVCC_G20,NA,NA,NA,NA,NA,NA
AC29,MGTAVCC_G20,NA,NA,NA,NA,NA,NA
AE29,MGTAVCC_G20,NA,NA,NA,NA,NA,NA
AG29,MGTAVCC_G20,NA,NA,NA,NA,NA,NA
AJ29,MGTAVCC_G20,NA,NA,NA,NA,NA,NA
AL29,MGTAVCC_G20,NA,NA,NA,NA,NA,NA
AN29,MGTAVCC_G20,NA,NA,NA,NA,NA,NA
U6,MGTVCCAUX_G11,NA,NA,NA,NA,NA,NA
W6,MGTVCCAUX_G10,NA,NA,NA,NA,NA,NA
U29,MGTVCCAUX_G21,NA,NA,NA,NA,NA,NA
W29,MGTVCCAUX_G20,NA,NA,NA,NA,NA,NA
C2,MGTAVTT_G11,NA,NA,NA,NA,NA,NA
D3,MGTAVTT_G11,NA,NA,NA,NA,NA,NA
G2,MGTAVTT_G11,NA,NA,NA,NA,NA,NA
H3,MGTAVTT_G11,NA,NA,NA,NA,NA,NA
L2,MGTAVTT_G11,NA,NA,NA,NA,NA,NA
M3,MGTAVTT_G11,NA,NA,NA,NA,NA,NA
R2,MGTAVTT_G11,NA,NA,NA,NA,NA,NA
T3,MGTAVTT_G11,NA,NA,NA,NA,NA,NA
W2,MGTAVTT_G10,NA,NA,NA,NA,NA,NA
Y3,MGTAVTT_G10,NA,NA,NA,NA,NA,NA
AC2,MGTAVTT_G10,NA,NA,NA,NA,NA,NA
AD3,MGTAVTT_G10,NA,NA,NA,NA,NA,NA
AG2,MGTAVTT_G10,NA,NA,NA,NA,NA,NA
AH3,MGTAVTT_G10,NA,NA,NA,NA,NA,NA
AL2,MGTAVTT_G10,NA,NA,NA,NA,NA,NA
AM3,MGTAVTT_G10,NA,NA,NA,NA,NA,NA
C33,MGTAVTT_G21,NA,NA,NA,NA,NA,NA
D32,MGTAVTT_G21,NA,NA,NA,NA,NA,NA
G33,MGTAVTT_G21,NA,NA,NA,NA,NA,NA
H32,MGTAVTT_G21,NA,NA,NA,NA,NA,NA
L33,MGTAVTT_G21,NA,NA,NA,NA,NA,NA
M32,MGTAVTT_G21,NA,NA,NA,NA,NA,NA
R33,MGTAVTT_G21,NA,NA,NA,NA,NA,NA
T32,MGTAVTT_G21,NA,NA,NA,NA,NA,NA
W33,MGTAVTT_G20,NA,NA,NA,NA,NA,NA
Y32,MGTAVTT_G20,NA,NA,NA,NA,NA,NA
AC33,MGTAVTT_G20,NA,NA,NA,NA,NA,NA
AD32,MGTAVTT_G20,NA,NA,NA,NA,NA,NA
AG33,MGTAVTT_G20,NA,NA,NA,NA,NA,NA
AH32,MGTAVTT_G20,NA,NA,NA,NA,NA,NA
AL33,MGTAVTT_G20,NA,NA,NA,NA,NA,NA
AM32,MGTAVTT_G20,NA,NA,NA,NA,NA,NA
A1,GND,NA,NA,NA,NA,NA,NA
A2,GND,NA,NA,NA,NA,NA,NA
A5,GND,NA,NA,NA,NA,NA,NA
A6,GND,NA,NA,NA,NA,NA,NA
A7,GND,NA,NA,NA,NA,NA,NA
A17,GND,NA,NA,NA,NA,NA,NA
A27,GND,NA,NA,NA,NA,NA,NA
A28,GND,NA,NA,NA,NA,NA,NA
A29,GND,NA,NA,NA,NA,NA,NA
A30,GND,NA,NA,NA,NA,NA,NA
A33,GND,NA,NA,NA,NA,NA,NA
A34,GND,NA,NA,NA,NA,NA,NA
B3,GND,NA,NA,NA,NA,NA,NA
B4,GND,NA,NA,NA,NA,NA,NA
B7,GND,NA,NA,NA,NA,NA,NA
B14,GND,NA,NA,NA,NA,NA,NA
B24,GND,NA,NA,NA,NA,NA,NA
B28,GND,NA,NA,NA,NA,NA,NA
B31,GND,NA,NA,NA,NA,NA,NA
B32,GND,NA,NA,NA,NA,NA,NA
C1,GND,NA,NA,NA,NA,NA,NA
C5,GND,NA,NA,NA,NA,NA,NA
C7,GND,NA,NA,NA,NA,NA,NA
C11,GND,NA,NA,NA,NA,NA,NA
C21,GND,NA,NA,NA,NA,NA,NA
C28,GND,NA,NA,NA,NA,NA,NA
C30,GND,NA,NA,NA,NA,NA,NA
C34,GND,NA,NA,NA,NA,NA,NA
D4,GND,NA,NA,NA,NA,NA,NA
D7,GND,NA,NA,NA,NA,NA,NA
D8,GND,NA,NA,NA,NA,NA,NA
D18,GND,NA,NA,NA,NA,NA,NA
D28,GND,NA,NA,NA,NA,NA,NA
D31,GND,NA,NA,NA,NA,NA,NA
E1,GND,NA,NA,NA,NA,NA,NA
E2,GND,NA,NA,NA,NA,NA,NA
E5,GND,NA,NA,NA,NA,NA,NA
E7,GND,NA,NA,NA,NA,NA,NA
E15,GND,NA,NA,NA,NA,NA,NA
E25,GND,NA,NA,NA,NA,NA,NA
E28,GND,NA,NA,NA,NA,NA,NA
E30,GND,NA,NA,NA,NA,NA,NA
E33,GND,NA,NA,NA,NA,NA,NA
E34,GND,NA,NA,NA,NA,NA,NA
F3,GND,NA,NA,NA,NA,NA,NA
F4,GND,NA,NA,NA,NA,NA,NA
F7,GND,NA,NA,NA,NA,NA,NA
F8,GND,NA,NA,NA,NA,NA,NA
F9,GND,NA,NA,NA,NA,NA,NA
F12,GND,NA,NA,NA,NA,NA,NA
F22,GND,NA,NA,NA,NA,NA,NA
F26,GND,NA,NA,NA,NA,NA,NA
F27,GND,NA,NA,NA,NA,NA,NA
F28,GND,NA,NA,NA,NA,NA,NA
F31,GND,NA,NA,NA,NA,NA,NA
F32,GND,NA,NA,NA,NA,NA,NA
G1,GND,NA,NA,NA,NA,NA,NA
G5,GND,NA,NA,NA,NA,NA,NA
G9,GND,NA,NA,NA,NA,NA,NA
G19,GND,NA,NA,NA,NA,NA,NA
G26,GND,NA,NA,NA,NA,NA,NA
G30,GND,NA,NA,NA,NA,NA,NA
G34,GND,NA,NA,NA,NA,NA,NA
H4,GND,NA,NA,NA,NA,NA,NA
H7,GND,NA,NA,NA,NA,NA,NA
H8,GND,NA,NA,NA,NA,NA,NA
H9,GND,NA,NA,NA,NA,NA,NA
H16,GND,NA,NA,NA,NA,NA,NA
H26,GND,NA,NA,NA,NA,NA,NA
H27,GND,NA,NA,NA,NA,NA,NA
H28,GND,NA,NA,NA,NA,NA,NA
H31,GND,NA,NA,NA,NA,NA,NA
J1,GND,NA,NA,NA,NA,NA,NA
J2,GND,NA,NA,NA,NA,NA,NA
J5,GND,NA,NA,NA,NA,NA,NA
J9,GND,NA,NA,NA,NA,NA,NA
J13,GND,NA,NA,NA,NA,NA,NA
J23,GND,NA,NA,NA,NA,NA,NA
J26,GND,NA,NA,NA,NA,NA,NA
J30,GND,NA,NA,NA,NA,NA,NA
J33,GND,NA,NA,NA,NA,NA,NA
J34,GND,NA,NA,NA,NA,NA,NA
K3,GND,NA,NA,NA,NA,NA,NA
K4,GND,NA,NA,NA,NA,NA,NA
K7,GND,NA,NA,NA,NA,NA,NA
K8,GND,NA,NA,NA,NA,NA,NA
K9,GND,NA,NA,NA,NA,NA,NA
K10,GND,NA,NA,NA,NA,NA,NA
K20,GND,NA,NA,NA,NA,NA,NA
K26,GND,NA,NA,NA,NA,NA,NA
K27,GND,NA,NA,NA,NA,NA,NA
K28,GND,NA,NA,NA,NA,NA,NA
K31,GND,NA,NA,NA,NA,NA,NA
K32,GND,NA,NA,NA,NA,NA,NA
L1,GND,NA,NA,NA,NA,NA,NA
L5,GND,NA,NA,NA,NA,NA,NA
L9,GND,NA,NA,NA,NA,NA,NA
L17,GND,NA,NA,NA,NA,NA,NA
L26,GND,NA,NA,NA,NA,NA,NA
L30,GND,NA,NA,NA,NA,NA,NA
L34,GND,NA,NA,NA,NA,NA,NA
M4,GND,NA,NA,NA,NA,NA,NA
M7,GND,NA,NA,NA,NA,NA,NA
M8,GND,NA,NA,NA,NA,NA,NA
M9,GND,NA,NA,NA,NA,NA,NA
M14,GND,NA,NA,NA,NA,NA,NA
M24,GND,NA,NA,NA,NA,NA,NA
M26,GND,NA,NA,NA,NA,NA,NA
M27,GND,NA,NA,NA,NA,NA,NA
M28,GND,NA,NA,NA,NA,NA,NA
M31,GND,NA,NA,NA,NA,NA,NA
N1,GND,NA,NA,NA,NA,NA,NA
N2,GND,NA,NA,NA,NA,NA,NA
N5,GND,NA,NA,NA,NA,NA,NA
N9,GND,NA,NA,NA,NA,NA,NA
N11,GND,NA,NA,NA,NA,NA,NA
N21,GND,NA,NA,NA,NA,NA,NA
N26,GND,NA,NA,NA,NA,NA,NA
N30,GND,NA,NA,NA,NA,NA,NA
N33,GND,NA,NA,NA,NA,NA,NA
N34,GND,NA,NA,NA,NA,NA,NA
P3,GND,NA,NA,NA,NA,NA,NA
P4,GND,NA,NA,NA,NA,NA,NA
P7,GND,NA,NA,NA,NA,NA,NA
P8,GND,NA,NA,NA,NA,NA,NA
P9,GND,NA,NA,NA,NA,NA,NA
P18,GND,NA,NA,NA,NA,NA,NA
P26,GND,NA,NA,NA,NA,NA,NA
P27,GND,NA,NA,NA,NA,NA,NA
P28,GND,NA,NA,NA,NA,NA,NA
P31,GND,NA,NA,NA,NA,NA,NA
P32,GND,NA,NA,NA,NA,NA,NA
R1,GND,NA,NA,NA,NA,NA,NA
R5,GND,NA,NA,NA,NA,NA,NA
R9,GND,NA,NA,NA,NA,NA,NA
R15,GND,NA,NA,NA,NA,NA,NA
R17,GND,NA,NA,NA,NA,NA,NA
R19,GND,NA,NA,NA,NA,NA,NA
R21,GND,NA,NA,NA,NA,NA,NA
R26,GND,NA,NA,NA,NA,NA,NA
R30,GND,NA,NA,NA,NA,NA,NA
R34,GND,NA,NA,NA,NA,NA,NA
T4,GND,NA,NA,NA,NA,NA,NA
T7,GND,NA,NA,NA,NA,NA,NA
T8,GND,NA,NA,NA,NA,NA,NA
T9,GND,NA,NA,NA,NA,NA,NA
T12,GND,NA,NA,NA,NA,NA,NA
T14,GND,NA,NA,NA,NA,NA,NA
T16,GND,NA,NA,NA,NA,NA,NA
T18,GND,NA,NA,NA,NA,NA,NA
T20,GND,NA,NA,NA,NA,NA,NA
T22,GND,NA,NA,NA,NA,NA,NA
T24,GND,NA,NA,NA,NA,NA,NA
T26,GND,NA,NA,NA,NA,NA,NA
T27,GND,NA,NA,NA,NA,NA,NA
T28,GND,NA,NA,NA,NA,NA,NA
T31,GND,NA,NA,NA,NA,NA,NA
U1,GND,NA,NA,NA,NA,NA,NA
U2,GND,NA,NA,NA,NA,NA,NA
U5,GND,NA,NA,NA,NA,NA,NA
U9,GND,NA,NA,NA,NA,NA,NA
U11,GND,NA,NA,NA,NA,NA,NA
U13,GND,NA,NA,NA,NA,NA,NA
U15,GND,NA,NA,NA,NA,NA,NA
U17,GND,NA,NA,NA,NA,NA,NA
U19,GND,NA,NA,NA,NA,NA,NA
U21,GND,NA,NA,NA,NA,NA,NA
U23,GND,NA,NA,NA,NA,NA,NA
U26,GND,NA,NA,NA,NA,NA,NA
U30,GND,NA,NA,NA,NA,NA,NA
U33,GND,NA,NA,NA,NA,NA,NA
U34,GND,NA,NA,NA,NA,NA,NA
V3,GND,NA,NA,NA,NA,NA,NA
V4,GND,NA,NA,NA,NA,NA,NA
V7,GND,NA,NA,NA,NA,NA,NA
V8,GND,NA,NA,NA,NA,NA,NA
V9,GND,NA,NA,NA,NA,NA,NA
V12,GND,NA,NA,NA,NA,NA,NA
V14,GND,NA,NA,NA,NA,NA,NA
V16,GND,NA,NA,NA,NA,NA,NA
V20,GND,NA,NA,NA,NA,NA,NA
V22,GND,NA,NA,NA,NA,NA,NA
V24,GND,NA,NA,NA,NA,NA,NA
V26,GND,NA,NA,NA,NA,NA,NA
V27,GND,NA,NA,NA,NA,NA,NA
V28,GND,NA,NA,NA,NA,NA,NA
V31,GND,NA,NA,NA,NA,NA,NA
V32,GND,NA,NA,NA,NA,NA,NA
W1,GND,NA,NA,NA,NA,NA,NA
W5,GND,NA,NA,NA,NA,NA,NA
W9,GND,NA,NA,NA,NA,NA,NA
W11,GND,NA,NA,NA,NA,NA,NA
W13,GND,NA,NA,NA,NA,NA,NA
W15,GND,NA,NA,NA,NA,NA,NA
W19,GND,NA,NA,NA,NA,NA,NA
W21,GND,NA,NA,NA,NA,NA,NA
W23,GND,NA,NA,NA,NA,NA,NA
W26,GND,NA,NA,NA,NA,NA,NA
W30,GND,NA,NA,NA,NA,NA,NA
W34,GND,NA,NA,NA,NA,NA,NA
Y4,GND,NA,NA,NA,NA,NA,NA
Y7,GND,NA,NA,NA,NA,NA,NA
Y8,GND,NA,NA,NA,NA,NA,NA
Y9,GND,NA,NA,NA,NA,NA,NA
Y12,GND,NA,NA,NA,NA,NA,NA
Y14,GND,NA,NA,NA,NA,NA,NA
Y16,GND,NA,NA,NA,NA,NA,NA
Y20,GND,NA,NA,NA,NA,NA,NA
Y22,GND,NA,NA,NA,NA,NA,NA
Y24,GND,NA,NA,NA,NA,NA,NA
Y26,GND,NA,NA,NA,NA,NA,NA
Y27,GND,NA,NA,NA,NA,NA,NA
Y28,GND,NA,NA,NA,NA,NA,NA
Y31,GND,NA,NA,NA,NA,NA,NA
AA1,GND,NA,NA,NA,NA,NA,NA
AA2,GND,NA,NA,NA,NA,NA,NA
AA5,GND,NA,NA,NA,NA,NA,NA
AA9,GND,NA,NA,NA,NA,NA,NA
AA11,GND,NA,NA,NA,NA,NA,NA
AA13,GND,NA,NA,NA,NA,NA,NA
AA15,GND,NA,NA,NA,NA,NA,NA
AA19,GND,NA,NA,NA,NA,NA,NA
AA21,GND,NA,NA,NA,NA,NA,NA
AA23,GND,NA,NA,NA,NA,NA,NA
AA26,GND,NA,NA,NA,NA,NA,NA
AA30,GND,NA,NA,NA,NA,NA,NA
AA33,GND,NA,NA,NA,NA,NA,NA
AA34,GND,NA,NA,NA,NA,NA,NA
AB3,GND,NA,NA,NA,NA,NA,NA
AB4,GND,NA,NA,NA,NA,NA,NA
AB7,GND,NA,NA,NA,NA,NA,NA
AB8,GND,NA,NA,NA,NA,NA,NA
AB9,GND,NA,NA,NA,NA,NA,NA
AB12,GND,NA,NA,NA,NA,NA,NA
AB14,GND,NA,NA,NA,NA,NA,NA
AB16,GND,NA,NA,NA,NA,NA,NA
AB18,GND,NA,NA,NA,NA,NA,NA
AB20,GND,NA,NA,NA,NA,NA,NA
AB22,GND,NA,NA,NA,NA,NA,NA
AB24,GND,NA,NA,NA,NA,NA,NA
AB26,GND,NA,NA,NA,NA,NA,NA
AB27,GND,NA,NA,NA,NA,NA,NA
AB28,GND,NA,NA,NA,NA,NA,NA
AB31,GND,NA,NA,NA,NA,NA,NA
AB32,GND,NA,NA,NA,NA,NA,NA
AC1,GND,NA,NA,NA,NA,NA,NA
AC5,GND,NA,NA,NA,NA,NA,NA
AC9,GND,NA,NA,NA,NA,NA,NA
AC13,GND,NA,NA,NA,NA,NA,NA
AC15,GND,NA,NA,NA,NA,NA,NA
AC17,GND,NA,NA,NA,NA,NA,NA
AC19,GND,NA,NA,NA,NA,NA,NA
AC21,GND,NA,NA,NA,NA,NA,NA
AC23,GND,NA,NA,NA,NA,NA,NA
AC25,GND,NA,NA,NA,NA,NA,NA
AC26,GND,NA,NA,NA,NA,NA,NA
AC30,GND,NA,NA,NA,NA,NA,NA
AC34,GND,NA,NA,NA,NA,NA,NA
AD4,GND,NA,NA,NA,NA,NA,NA
AD7,GND,NA,NA,NA,NA,NA,NA
AD8,GND,NA,NA,NA,NA,NA,NA
AD9,GND,NA,NA,NA,NA,NA,NA
AD10,GND,NA,NA,NA,NA,NA,NA
AD12,GND,NA,NA,NA,NA,NA,NA
AD20,GND,NA,NA,NA,NA,NA,NA
AD22,GND,NA,NA,NA,NA,NA,NA
AD24,GND,NA,NA,NA,NA,NA,NA
AD26,GND,NA,NA,NA,NA,NA,NA
AD27,GND,NA,NA,NA,NA,NA,NA
AD28,GND,NA,NA,NA,NA,NA,NA
AD31,GND,NA,NA,NA,NA,NA,NA
AE1,GND,NA,NA,NA,NA,NA,NA
AE2,GND,NA,NA,NA,NA,NA,NA
AE5,GND,NA,NA,NA,NA,NA,NA
AE9,GND,NA,NA,NA,NA,NA,NA
AE15,GND,NA,NA,NA,NA,NA,NA
AE25,GND,NA,NA,NA,NA,NA,NA
AE26,GND,NA,NA,NA,NA,NA,NA
AE30,GND,NA,NA,NA,NA,NA,NA
AE33,GND,NA,NA,NA,NA,NA,NA
AE34,GND,NA,NA,NA,NA,NA,NA
AF3,GND,NA,NA,NA,NA,NA,NA
AF4,GND,NA,NA,NA,NA,NA,NA
AF7,GND,NA,NA,NA,NA,NA,NA
AF8,GND,NA,NA,NA,NA,NA,NA
AF9,GND,NA,NA,NA,NA,NA,NA
AF12,GND,NA,NA,NA,NA,NA,NA
AF22,GND,NA,NA,NA,NA,NA,NA
AF26,GND,NA,NA,NA,NA,NA,NA
AF27,GND,NA,NA,NA,NA,NA,NA
AF28,GND,NA,NA,NA,NA,NA,NA
AF31,GND,NA,NA,NA,NA,NA,NA
AF32,GND,NA,NA,NA,NA,NA,NA
AG1,GND,NA,NA,NA,NA,NA,NA
AG5,GND,NA,NA,NA,NA,NA,NA
AG9,GND,NA,NA,NA,NA,NA,NA
AG19,GND,NA,NA,NA,NA,NA,NA
AG26,GND,NA,NA,NA,NA,NA,NA
AG30,GND,NA,NA,NA,NA,NA,NA
AG34,GND,NA,NA,NA,NA,NA,NA
AH4,GND,NA,NA,NA,NA,NA,NA
AH7,GND,NA,NA,NA,NA,NA,NA
AH8,GND,NA,NA,NA,NA,NA,NA
AH9,GND,NA,NA,NA,NA,NA,NA
AH16,GND,NA,NA,NA,NA,NA,NA
AH26,GND,NA,NA,NA,NA,NA,NA
AH27,GND,NA,NA,NA,NA,NA,NA
AH28,GND,NA,NA,NA,NA,NA,NA
AH31,GND,NA,NA,NA,NA,NA,NA
AJ1,GND,NA,NA,NA,NA,NA,NA
AJ2,GND,NA,NA,NA,NA,NA,NA
AJ5,GND,NA,NA,NA,NA,NA,NA
AJ7,GND,NA,NA,NA,NA,NA,NA
AJ13,GND,NA,NA,NA,NA,NA,NA
AJ23,GND,NA,NA,NA,NA,NA,NA
AJ28,GND,NA,NA,NA,NA,NA,NA
AJ30,GND,NA,NA,NA,NA,NA,NA
AJ33,GND,NA,NA,NA,NA,NA,NA
AJ34,GND,NA,NA,NA,NA,NA,NA
AK3,GND,NA,NA,NA,NA,NA,NA
AK4,GND,NA,NA,NA,NA,NA,NA
AK7,GND,NA,NA,NA,NA,NA,NA
AK10,GND,NA,NA,NA,NA,NA,NA
AK20,GND,NA,NA,NA,NA,NA,NA
AK28,GND,NA,NA,NA,NA,NA,NA
AK31,GND,NA,NA,NA,NA,NA,NA
AK32,GND,NA,NA,NA,NA,NA,NA
AL1,GND,NA,NA,NA,NA,NA,NA
AL5,GND,NA,NA,NA,NA,NA,NA
AL7,GND,NA,NA,NA,NA,NA,NA
AL17,GND,NA,NA,NA,NA,NA,NA
AL27,GND,NA,NA,NA,NA,NA,NA
AL28,GND,NA,NA,NA,NA,NA,NA
AL30,GND,NA,NA,NA,NA,NA,NA
AL34,GND,NA,NA,NA,NA,NA,NA
AM4,GND,NA,NA,NA,NA,NA,NA
AM7,GND,NA,NA,NA,NA,NA,NA
AM14,GND,NA,NA,NA,NA,NA,NA
AM24,GND,NA,NA,NA,NA,NA,NA
AM28,GND,NA,NA,NA,NA,NA,NA
AM31,GND,NA,NA,NA,NA,NA,NA
AN1,GND,NA,NA,NA,NA,NA,NA
AN2,GND,NA,NA,NA,NA,NA,NA
AN5,GND,NA,NA,NA,NA,NA,NA
AN7,GND,NA,NA,NA,NA,NA,NA
AN11,GND,NA,NA,NA,NA,NA,NA
AN21,GND,NA,NA,NA,NA,NA,NA
AN28,GND,NA,NA,NA,NA,NA,NA
AN30,GND,NA,NA,NA,NA,NA,NA
AN33,GND,NA,NA,NA,NA,NA,NA
AN34,GND,NA,NA,NA,NA,NA,NA
AP3,GND,NA,NA,NA,NA,NA,NA
AP4,GND,NA,NA,NA,NA,NA,NA
AP7,GND,NA,NA,NA,NA,NA,NA
AP8,GND,NA,NA,NA,NA,NA,NA
AP18,GND,NA,NA,NA,NA,NA,NA
AP28,GND,NA,NA,NA,NA,NA,NA
AP31,GND,NA,NA,NA,NA,NA,NA
AP32,GND,NA,NA,NA,NA,NA,NA
AG7,GND,NA,NA,NA,NA,NA,NA
AG8,GND,NA,NA,NA,NA,NA,NA
AG27,GND,NA,NA,NA,NA,NA,NA
AG28,GND,NA,NA,NA,NA,NA,NA
R10,VCCINT,NA,NA,NA,NA,NA,NA
R12,VCCINT,NA,NA,NA,NA,NA,NA
R14,VCCINT,NA,NA,NA,NA,NA,NA
R16,VCCINT,NA,NA,NA,NA,NA,NA
R18,VCCINT,NA,NA,NA,NA,NA,NA
R22,VCCINT,NA,NA,NA,NA,NA,NA
R24,VCCINT,NA,NA,NA,NA,NA,NA
T11,VCCINT,NA,NA,NA,NA,NA,NA
T13,VCCINT,NA,NA,NA,NA,NA,NA
T15,VCCINT,NA,NA,NA,NA,NA,NA
T17,VCCINT,NA,NA,NA,NA,NA,NA
T21,VCCINT,NA,NA,NA,NA,NA,NA
T23,VCCINT,NA,NA,NA,NA,NA,NA
T25,VCCINT,NA,NA,NA,NA,NA,NA
U12,VCCINT,NA,NA,NA,NA,NA,NA
U14,VCCINT,NA,NA,NA,NA,NA,NA
U16,VCCINT,NA,NA,NA,NA,NA,NA
U18,VCCINT,NA,NA,NA,NA,NA,NA
U22,VCCINT,NA,NA,NA,NA,NA,NA
U24,VCCINT,NA,NA,NA,NA,NA,NA
V11,VCCINT,NA,NA,NA,NA,NA,NA
V15,VCCINT,NA,NA,NA,NA,NA,NA
V23,VCCINT,NA,NA,NA,NA,NA,NA
W12,VCCINT,NA,NA,NA,NA,NA,NA
W16,VCCINT,NA,NA,NA,NA,NA,NA
W22,VCCINT,NA,NA,NA,NA,NA,NA
W24,VCCINT,NA,NA,NA,NA,NA,NA
Y11,VCCINT,NA,NA,NA,NA,NA,NA
Y15,VCCINT,NA,NA,NA,NA,NA,NA
Y23,VCCINT,NA,NA,NA,NA,NA,NA
AA12,VCCINT,NA,NA,NA,NA,NA,NA
AA16,VCCINT,NA,NA,NA,NA,NA,NA
AA22,VCCINT,NA,NA,NA,NA,NA,NA
AA24,VCCINT,NA,NA,NA,NA,NA,NA
AB11,VCCINT,NA,NA,NA,NA,NA,NA
AB15,VCCINT,NA,NA,NA,NA,NA,NA
AB17,VCCINT,NA,NA,NA,NA,NA,NA
AB23,VCCINT,NA,NA,NA,NA,NA,NA
AC10,VCCINT,NA,NA,NA,NA,NA,NA
AC12,VCCINT,NA,NA,NA,NA,NA,NA
AC16,VCCINT,NA,NA,NA,NA,NA,NA
AC18,VCCINT,NA,NA,NA,NA,NA,NA
AC22,VCCINT,NA,NA,NA,NA,NA,NA
AC24,VCCINT,NA,NA,NA,NA,NA,NA
AD11,VCCINT,NA,NA,NA,NA,NA,NA
AD15,VCCINT,NA,NA,NA,NA,NA,NA
AD17,VCCINT,NA,NA,NA,NA,NA,NA
AD23,VCCINT,NA,NA,NA,NA,NA,NA
AD25,VCCINT,NA,NA,NA,NA,NA,NA
V13,VCCAUX,NA,NA,NA,NA,NA,NA
V21,VCCAUX,NA,NA,NA,NA,NA,NA
Y13,VCCAUX,NA,NA,NA,NA,NA,NA
Y21,VCCAUX,NA,NA,NA,NA,NA,NA
AB13,VCCAUX,NA,NA,NA,NA,NA,NA
AB21,VCCAUX,NA,NA,NA,NA,NA,NA
AD13,VCCAUX,NA,NA,NA,NA,NA,NA
AD21,VCCAUX,NA,NA,NA,NA,NA,NA
W14,VCCAUX_IO_G1,NA,NA,NA,NA,NA,NA
AA14,VCCAUX_IO_G1,NA,NA,NA,NA,NA,NA
AC14,VCCAUX_IO_G1,NA,NA,NA,NA,NA,NA
U20,VCCAUX_IO_G0,NA,NA,NA,NA,NA,NA
W20,VCCAUX_IO_G0,NA,NA,NA,NA,NA,NA
AA20,VCCAUX_IO_G0,NA,NA,NA,NA,NA,NA
AC20,VCCAUX_IO_G0,NA,NA,NA,NA,NA,NA
C26,VCCO_14,NA,14,NA,NA,NA,NA
D23,VCCO_14,NA,14,NA,NA,NA,NA
G24,VCCO_14,NA,14,NA,NA,NA,NA
K25,VCCO_14,NA,14,NA,NA,NA,NA
L22,VCCO_14,NA,14,NA,NA,NA,NA
P23,VCCO_14,NA,14,NA,NA,NA,NA
A12,VCCO_15,NA,15,NA,NA,NA,NA
B9,VCCO_15,NA,15,NA,NA,NA,NA
E10,VCCO_15,NA,15,NA,NA,NA,NA
H11,VCCO_15,NA,15,NA,NA,NA,NA
L12,VCCO_15,NA,15,NA,NA,NA,NA
P13,VCCO_15,NA,15,NA,NA,NA,NA
C16,VCCO_16,NA,16,NA,NA,NA,NA
D13,VCCO_16,NA,16,NA,NA,NA,NA
F17,VCCO_16,NA,16,NA,NA,NA,NA
G14,VCCO_16,NA,16,NA,NA,NA,NA
K15,VCCO_16,NA,16,NA,NA,NA,NA
N16,VCCO_16,NA,16,NA,NA,NA,NA
A22,VCCO_17,NA,17,NA,NA,NA,NA
B19,VCCO_17,NA,17,NA,NA,NA,NA
E20,VCCO_17,NA,17,NA,NA,NA,NA
H21,VCCO_17,NA,17,NA,NA,NA,NA
J18,VCCO_17,NA,17,NA,NA,NA,NA
M19,VCCO_17,NA,17,NA,NA,NA,NA
AE20,VCCO_34,NA,34,NA,NA,NA,NA
AF17,VCCO_34,NA,34,NA,NA,NA,NA
AJ18,VCCO_34,NA,34,NA,NA,NA,NA
AK15,VCCO_34,NA,34,NA,NA,NA,NA
AM19,VCCO_34,NA,34,NA,NA,NA,NA
AN16,VCCO_34,NA,34,NA,NA,NA,NA
AG24,VCCO_35,NA,35,NA,NA,NA,NA
AH21,VCCO_35,NA,35,NA,NA,NA,NA
AK25,VCCO_35,NA,35,NA,NA,NA,NA
AL22,VCCO_35,NA,35,NA,NA,NA,NA
AN26,VCCO_35,NA,35,NA,NA,NA,NA
AP23,VCCO_35,NA,35,NA,NA,NA,NA
AG14,VCCO_36,NA,36,NA,NA,NA,NA
AH11,VCCO_36,NA,36,NA,NA,NA,NA
AJ8,VCCO_36,NA,36,NA,NA,NA,NA
AL12,VCCO_36,NA,36,NA,NA,NA,NA
AM9,VCCO_36,NA,36,NA,NA,NA,NA
AP13,VCCO_36,NA,36,NA,NA,NA,NA
AC11,VCCO_0,NA,0,NA,NA,NA,NA
AE10,VCCO_0,NA,0,NA,NA,NA,NA
R20,VCCBRAM,NA,NA,NA,NA,NA,NA
T19,VCCBRAM,NA,NA,NA,NA,NA,NA
V19,VCCBRAM,NA,NA,NA,NA,NA,NA
Y19,VCCBRAM,NA,NA,NA,NA,NA,NA
AB19,VCCBRAM,NA,NA,NA,NA,NA,NA
AD19,VCCBRAM,NA,NA,NA,NA,NA,NA
,,,,,,,
Total Number of Pins Generated, 1156,,,,,,,
