Device/Package xc7v2000tfhg1761 8/18/2011 15:46:50,,,,,,,,
,,,,,,,,
Pin,Pin Name,Memory Byte Group,Bank,VCCAUX Group,Super Logic Region,I/O Type,No-Connect,
AC20,DXN_0,NA,0,NA,1,CONFIG,NA,
AC21,DXP_0,NA,0,NA,1,CONFIG,NA,
AA20,VREFN_0,NA,0,NA,1,CONFIG,NA,
AB21,VREFP_0,NA,0,NA,1,CONFIG,NA,
AA21,VP_0,NA,0,NA,1,CONFIG,NA,
AB20,VN_0,NA,0,NA,1,CONFIG,NA,
N11,VCCBATT_0,NA,0,NA,1,CONFIG,NA,
N10,CCLK_0,NA,0,NA,1,CONFIG,NA,
P10,TCK_0,NA,0,NA,1,CONFIG,NA,
P11,TMS_0,NA,0,NA,1,CONFIG,NA,
T10,TDI_0,NA,0,NA,1,CONFIG,NA,
AG11,INIT_B_0,NA,0,NA,1,CONFIG,NA,
AJ11,PROGRAM_B_0,NA,0,NA,1,CONFIG,NA,
AH10,CFGBVS_0,NA,0,NA,1,CONFIG,NA,
AL11,DONE_0,NA,0,NA,1,CONFIG,NA,
AJ10,M2_0,NA,0,NA,1,CONFIG,NA,
AL10,M0_0,NA,0,NA,1,CONFIG,NA,
AK10,M1_0,NA,0,NA,1,CONFIG,NA,
R10,TDO_0,NA,0,NA,3,CONFIG,NA,
AN29,IO_0_VRN_12,NA,12,0,0,HP,7VX485T, 7VX330T
AY27,IO_L1P_T0_12,0,12,0,0,HP,7VX485T, 7VX330T
AY28,IO_L1N_T0_12,0,12,0,0,HP,7VX485T, 7VX330T
AU29,IO_L2P_T0_12,0,12,0,0,HP,7VX485T, 7VX330T
AV29,IO_L2N_T0_12,0,12,0,0,HP,7VX485T, 7VX330T
BA26,IO_L3P_T0_DQS_12,0,12,0,0,HP,7VX485T, 7VX330T
BA27,IO_L3N_T0_DQS_12,0,12,0,0,HP,7VX485T, 7VX330T
BB28,IO_L4P_T0_12,0,12,0,0,HP,7VX485T, 7VX330T
BB29,IO_L4N_T0_12,0,12,0,0,HP,7VX485T, 7VX330T
BB26,IO_L5P_T0_12,0,12,0,0,HP,7VX485T, 7VX330T
BB27,IO_L5N_T0_12,0,12,0,0,HP,7VX485T, 7VX330T
AY29,IO_L6P_T0_12,0,12,0,0,HP,7VX485T, 7VX330T
BA29,IO_L6N_T0_VREF_12,0,12,0,0,HP,7VX485T, 7VX330T
AW25,IO_L7P_T1_12,1,12,0,0,HP,7VX485T, 7VX330T
AW26,IO_L7N_T1_12,1,12,0,0,HP,7VX485T, 7VX330T
AR29,IO_L8P_T1_12,1,12,0,0,HP,7VX485T, 7VX330T
AT29,IO_L8N_T1_12,1,12,0,0,HP,7VX485T, 7VX330T
AV25,IO_L9P_T1_DQS_12,1,12,0,0,HP,7VX485T, 7VX330T
AV26,IO_L9N_T1_DQS_12,1,12,0,0,HP,7VX485T, 7VX330T
AW27,IO_L10P_T1_12,1,12,0,0,HP,7VX485T, 7VX330T
AW28,IO_L10N_T1_12,1,12,0,0,HP,7VX485T, 7VX330T
AU28,IO_L11P_T1_SRCC_12,1,12,0,0,HP,7VX485T, 7VX330T
AV28,IO_L11N_T1_SRCC_12,1,12,0,0,HP,7VX485T, 7VX330T
AU26,IO_L12P_T1_MRCC_12,1,12,0,0,HP,7VX485T, 7VX330T
AU27,IO_L12N_T1_MRCC_12,1,12,0,0,HP,7VX485T, 7VX330T
AR27,IO_L13P_T2_MRCC_12,2,12,0,0,HP,7VX485T, 7VX330T
AT27,IO_L13N_T2_MRCC_12,2,12,0,0,HP,7VX485T, 7VX330T
AP27,IO_L14P_T2_SRCC_12,2,12,0,0,HP,7VX485T, 7VX330T
AR28,IO_L14N_T2_SRCC_12,2,12,0,0,HP,7VX485T, 7VX330T
AN28,IO_L15P_T2_DQS_12,2,12,0,0,HP,7VX485T, 7VX330T
AP28,IO_L15N_T2_DQS_12,2,12,0,0,HP,7VX485T, 7VX330T
AT25,IO_L16P_T2_12,2,12,0,0,HP,7VX485T, 7VX330T
AT26,IO_L16N_T2_12,2,12,0,0,HP,7VX485T, 7VX330T
AP25,IO_L17P_T2_12,2,12,0,0,HP,7VX485T, 7VX330T
AR25,IO_L17N_T2_12,2,12,0,0,HP,7VX485T, 7VX330T
AN25,IO_L18P_T2_12,2,12,0,0,HP,7VX485T, 7VX330T
AN26,IO_L18N_T2_12,2,12,0,0,HP,7VX485T, 7VX330T
AM28,IO_L19P_T3_12,3,12,0,0,HP,7VX485T, 7VX330T
AM29,IO_L19N_T3_VREF_12,3,12,0,0,HP,7VX485T, 7VX330T
AK27,IO_L20P_T3_12,3,12,0,0,HP,7VX485T, 7VX330T
AL27,IO_L20N_T3_12,3,12,0,0,HP,7VX485T, 7VX330T
AM26,IO_L21P_T3_DQS_12,3,12,0,0,HP,7VX485T, 7VX330T
AM27,IO_L21N_T3_DQS_12,3,12,0,0,HP,7VX485T, 7VX330T
AK24,IO_L22P_T3_12,3,12,0,0,HP,7VX485T, 7VX330T
AK25,IO_L22N_T3_12,3,12,0,0,HP,7VX485T, 7VX330T
AL25,IO_L23P_T3_12,3,12,0,0,HP,7VX485T, 7VX330T
AL26,IO_L23N_T3_12,3,12,0,0,HP,7VX485T, 7VX330T
AJ25,IO_L24P_T3_12,3,12,0,0,HP,7VX485T, 7VX330T
AJ26,IO_L24N_T3_12,3,12,0,0,HP,7VX485T, 7VX330T
AP26,IO_25_VRP_12,NA,12,0,0,HP,7VX485T, 7VX330T
AR35,IO_0_VRN_13,NA,13,0,0,HP,NA,
AY34,IO_L1P_T0_13,0,13,0,0,HP,NA,
BA35,IO_L1N_T0_13,0,13,0,0,HP,NA,
AV36,IO_L2P_T0_13,0,13,0,0,HP,NA,
AW36,IO_L2N_T0_13,0,13,0,0,HP,NA,
BA34,IO_L3P_T0_DQS_13,0,13,0,0,HP,NA,
BB34,IO_L3N_T0_DQS_13,0,13,0,0,HP,NA,
BA36,IO_L4P_T0_13,0,13,0,0,HP,NA,
BB36,IO_L4N_T0_13,0,13,0,0,HP,NA,
BB32,IO_L5P_T0_13,0,13,0,0,HP,NA,
BB33,IO_L5N_T0_13,0,13,0,0,HP,NA,
AW35,IO_L6P_T0_13,0,13,0,0,HP,NA,
AY35,IO_L6N_T0_VREF_13,0,13,0,0,HP,NA,
AT34,IO_L7P_T1_13,1,13,0,0,HP,NA,
AU34,IO_L7N_T1_13,1,13,0,0,HP,NA,
AT36,IO_L8P_T1_13,1,13,0,0,HP,NA,
AU36,IO_L8N_T1_13,1,13,0,0,HP,NA,
AT32,IO_L9P_T1_DQS_13,1,13,0,0,HP,NA,
AU33,IO_L9N_T1_DQS_13,1,13,0,0,HP,NA,
AR34,IO_L10P_T1_13,1,13,0,0,HP,NA,
AT35,IO_L10N_T1_13,1,13,0,0,HP,NA,
AU32,IO_L11P_T1_SRCC_13,1,13,0,0,HP,NA,
AV33,IO_L11N_T1_SRCC_13,1,13,0,0,HP,NA,
AW32,IO_L12P_T1_MRCC_13,1,13,0,0,HP,NA,
AW33,IO_L12N_T1_MRCC_13,1,13,0,0,HP,NA,
AV34,IO_L13P_T2_MRCC_13,2,13,0,0,HP,NA,
AV35,IO_L13N_T2_MRCC_13,2,13,0,0,HP,NA,
AY32,IO_L14P_T2_SRCC_13,2,13,0,0,HP,NA,
AY33,IO_L14N_T2_SRCC_13,2,13,0,0,HP,NA,
BA31,IO_L15P_T2_DQS_13,2,13,0,0,HP,NA,
BA32,IO_L15N_T2_DQS_13,2,13,0,0,HP,NA,
AW30,IO_L16P_T2_13,2,13,0,0,HP,NA,
AY30,IO_L16N_T2_13,2,13,0,0,HP,NA,
BA30,IO_L17P_T2_13,2,13,0,0,HP,NA,
BB31,IO_L17N_T2_13,2,13,0,0,HP,NA,
AV30,IO_L18P_T2_13,2,13,0,0,HP,NA,
AW31,IO_L18N_T2_13,2,13,0,0,HP,NA,
AR30,IO_L19P_T3_13,3,13,0,0,HP,NA,
AT30,IO_L19N_T3_VREF_13,3,13,0,0,HP,NA,
AU31,IO_L20P_T3_13,3,13,0,0,HP,NA,
AV31,IO_L20N_T3_13,3,13,0,0,HP,NA,
AN30,IO_L21P_T3_DQS_13,3,13,0,0,HP,NA,
AP30,IO_L21N_T3_DQS_13,3,13,0,0,HP,NA,
AP32,IO_L22P_T3_13,3,13,0,0,HP,NA,
AR32,IO_L22N_T3_13,3,13,0,0,HP,NA,
AN31,IO_L23P_T3_13,3,13,0,0,HP,NA,
AP31,IO_L23N_T3_13,3,13,0,0,HP,NA,
AP33,IO_L24P_T3_13,3,13,0,0,HP,NA,
AR33,IO_L24N_T3_13,3,13,0,0,HP,NA,
AT31,IO_25_VRP_13,NA,13,0,0,HP,NA,
AH35,IO_0_VRN_14,NA,14,1,1,HP,NA,
AM36,IO_L1P_T0_D00_MOSI_14,0,14,1,1,HP,NA,
AN36,IO_L1N_T0_D01_DIN_14,0,14,1,1,HP,NA,
AJ36,IO_L2P_T0_D02_14,0,14,1,1,HP,NA,
AJ37,IO_L2N_T0_D03_14,0,14,1,1,HP,NA,
AP36,IO_L3P_T0_DQS_PUDC_B_14,0,14,1,1,HP,NA,
AP37,IO_L3N_T0_DQS_EMCCLK_14,0,14,1,1,HP,NA,
AK37,IO_L4P_T0_D04_14,0,14,1,1,HP,NA,
AL37,IO_L4N_T0_D05_14,0,14,1,1,HP,NA,
AN35,IO_L5P_T0_D06_14,0,14,1,1,HP,NA,
AP35,IO_L5N_T0_D07_14,0,14,1,1,HP,NA,
AL36,IO_L6P_T0_FCS_B_14,0,14,1,1,HP,NA,
AM37,IO_L6N_T0_D08_VREF_14,0,14,1,1,HP,NA,
AG33,IO_L7P_T1_D09_14,1,14,1,1,HP,NA,
AH33,IO_L7N_T1_D10_14,1,14,1,1,HP,NA,
AK35,IO_L8P_T1_D11_14,1,14,1,1,HP,NA,
AL35,IO_L8N_T1_D12_14,1,14,1,1,HP,NA,
AH31,IO_L9P_T1_DQS_14,1,14,1,1,HP,NA,
AJ31,IO_L9N_T1_DQS_D13_14,1,14,1,1,HP,NA,
AH34,IO_L10P_T1_D14_14,1,14,1,1,HP,NA,
AJ35,IO_L10N_T1_D15_14,1,14,1,1,HP,NA,
AJ33,IO_L11P_T1_SRCC_14,1,14,1,1,HP,NA,
AK33,IO_L11N_T1_SRCC_14,1,14,1,1,HP,NA,
AK34,IO_L12P_T1_MRCC_14,1,14,1,1,HP,NA,
AL34,IO_L12N_T1_MRCC_14,1,14,1,1,HP,NA,
AJ32,IO_L13P_T2_MRCC_14,2,14,1,1,HP,NA,
AK32,IO_L13N_T2_MRCC_14,2,14,1,1,HP,NA,
AL31,IO_L14P_T2_SRCC_14,2,14,1,1,HP,NA,
AL32,IO_L14N_T2_SRCC_14,2,14,1,1,HP,NA,
AM34,IO_L15P_T2_DQS_RDWR_B_14,2,14,1,1,HP,NA,
AN34,IO_L15N_T2_DQS_DOUT_CSO_B_14,2,14,1,1,HP,NA,
AM31,IO_L16P_T2_CSI_B_14,2,14,1,1,HP,NA,
AM32,IO_L16N_T2_A15_D31_14,2,14,1,1,HP,NA,
AM33,IO_L17P_T2_A14_D30_14,2,14,1,1,HP,NA,
AN33,IO_L17N_T2_A13_D29_14,2,14,1,1,HP,NA,
AL29,IO_L18P_T2_A12_D28_14,2,14,1,1,HP,NA,
AL30,IO_L18N_T2_A11_D27_14,2,14,1,1,HP,NA,
AH29,IO_L19P_T3_A10_D26_14,3,14,1,1,HP,NA,
AH30,IO_L19N_T3_A09_D25_VREF_14,3,14,1,1,HP,NA,
AJ30,IO_L20P_T3_A08_D24_14,3,14,1,1,HP,NA,
AK30,IO_L20N_T3_A07_D23_14,3,14,1,1,HP,NA,
AF29,IO_L21P_T3_DQS_14,3,14,1,1,HP,NA,
AG29,IO_L21N_T3_DQS_A06_D22_14,3,14,1,1,HP,NA,
AK28,IO_L22P_T3_A05_D21_14,3,14,1,1,HP,NA,
AK29,IO_L22N_T3_A04_D20_14,3,14,1,1,HP,NA,
AF30,IO_L23P_T3_A03_D19_14,3,14,1,1,HP,NA,
AG31,IO_L23N_T3_A02_D18_14,3,14,1,1,HP,NA,
AH28,IO_L24P_T3_A01_D17_14,3,14,1,1,HP,NA,
AJ28,IO_L24N_T3_A00_D16_14,3,14,1,1,HP,NA,
AG32,IO_25_VRP_14,NA,14,1,1,HP,NA,
AM38,IO_0_VRN_15,NA,15,1,1,HP,NA,
AN38,IO_L1P_T0_AD0P_15,0,15,1,1,HP,NA,
AP38,IO_L1N_T0_AD0N_15,0,15,1,1,HP,NA,
AM41,IO_L2P_T0_AD8P_15,0,15,1,1,HP,NA,
AM42,IO_L2N_T0_AD8N_15,0,15,1,1,HP,NA,
AR38,IO_L3P_T0_DQS_AD1P_15,0,15,1,1,HP,NA,
AR39,IO_L3N_T0_DQS_AD1N_15,0,15,1,1,HP,NA,
AN40,IO_L4P_T0_15,0,15,1,1,HP,NA,
AN41,IO_L4N_T0_15,0,15,1,1,HP,NA,
AR37,IO_L5P_T0_AD9P_15,0,15,1,1,HP,NA,
AT37,IO_L5N_T0_AD9N_15,0,15,1,1,HP,NA,
AM39,IO_L6P_T0_15,0,15,1,1,HP,NA,
AN39,IO_L6N_T0_VREF_15,0,15,1,1,HP,NA,
AP40,IO_L7P_T1_AD2P_15,1,15,1,1,HP,NA,
AR40,IO_L7N_T1_AD2N_15,1,15,1,1,HP,NA,
AP41,IO_L8P_T1_AD10P_15,1,15,1,1,HP,NA,
AP42,IO_L8N_T1_AD10N_15,1,15,1,1,HP,NA,
AT39,IO_L9P_T1_DQS_AD3P_15,1,15,1,1,HP,NA,
AT40,IO_L9N_T1_DQS_AD3N_15,1,15,1,1,HP,NA,
AR42,IO_L10P_T1_AD11P_15,1,15,1,1,HP,NA,
AT42,IO_L10N_T1_AD11N_15,1,15,1,1,HP,NA,
AU39,IO_L11P_T1_SRCC_15,1,15,1,1,HP,NA,
AV39,IO_L11N_T1_SRCC_15,1,15,1,1,HP,NA,
AU38,IO_L12P_T1_MRCC_15,1,15,1,1,HP,NA,
AV38,IO_L12N_T1_MRCC_15,1,15,1,1,HP,NA,
AV40,IO_L13P_T2_MRCC_15,2,15,1,1,HP,NA,
AW40,IO_L13N_T2_MRCC_15,2,15,1,1,HP,NA,
AY39,IO_L14P_T2_SRCC_15,2,15,1,1,HP,NA,
AY40,IO_L14N_T2_SRCC_15,2,15,1,1,HP,NA,
AW37,IO_L15P_T2_DQS_15,2,15,1,1,HP,NA,
AY37,IO_L15N_T2_DQS_ADV_B_15,2,15,1,1,HP,NA,
BA37,IO_L16P_T2_A28_15,2,15,1,1,HP,NA,
BB37,IO_L16N_T2_A27_15,2,15,1,1,HP,NA,
AW38,IO_L17P_T2_A26_15,2,15,1,1,HP,NA,
AY38,IO_L17N_T2_A25_15,2,15,1,1,HP,NA,
BB38,IO_L18P_T2_A24_15,2,15,1,1,HP,NA,
BB39,IO_L18N_T2_A23_15,2,15,1,1,HP,NA,
BA39,IO_L19P_T3_A22_15,3,15,1,1,HP,NA,
BA40,IO_L19N_T3_A21_VREF_15,3,15,1,1,HP,NA,
AT41,IO_L20P_T3_A20_15,3,15,1,1,HP,NA,
AU42,IO_L20N_T3_A19_15,3,15,1,1,HP,NA,
AY42,IO_L21P_T3_DQS_15,3,15,1,1,HP,NA,
BA42,IO_L21N_T3_DQS_A18_15,3,15,1,1,HP,NA,
AU41,IO_L22P_T3_A17_15,3,15,1,1,HP,NA,
AV41,IO_L22N_T3_A16_15,3,15,1,1,HP,NA,
BA41,IO_L23P_T3_FOE_B_15,3,15,1,1,HP,NA,
BB41,IO_L23N_T3_FWE_B_15,3,15,1,1,HP,NA,
AW41,IO_L24P_T3_RS1_15,3,15,1,1,HP,NA,
AW42,IO_L24N_T3_RS0_15,3,15,1,1,HP,NA,
AU37,IO_25_VRP_15,NA,15,1,1,HP,NA,
Y34,IO_0_VRN_16,NA,16,1,1,HP,NA,
AF35,IO_L1P_T0_16,0,16,1,1,HP,NA,
AF36,IO_L1N_T0_16,0,16,1,1,HP,NA,
AE37,IO_L2P_T0_16,0,16,1,1,HP,NA,
AF37,IO_L2N_T0_16,0,16,1,1,HP,NA,
AF34,IO_L3P_T0_DQS_16,0,16,1,1,HP,NA,
AG34,IO_L3N_T0_DQS_16,0,16,1,1,HP,NA,
AD36,IO_L4P_T0_16,0,16,1,1,HP,NA,
AD37,IO_L4N_T0_16,0,16,1,1,HP,NA,
AC35,IO_L5P_T0_16,0,16,1,1,HP,NA,
AC36,IO_L5N_T0_16,0,16,1,1,HP,NA,
AG36,IO_L6P_T0_16,0,16,1,1,HP,NA,
AH36,IO_L6N_T0_VREF_16,0,16,1,1,HP,NA,
Y37,IO_L7P_T1_16,1,16,1,1,HP,NA,
AA37,IO_L7N_T1_16,1,16,1,1,HP,NA,
Y35,IO_L8P_T1_16,1,16,1,1,HP,NA,
AA36,IO_L8N_T1_16,1,16,1,1,HP,NA,
AB36,IO_L9P_T1_DQS_16,1,16,1,1,HP,NA,
AB37,IO_L9N_T1_DQS_16,1,16,1,1,HP,NA,
AA34,IO_L10P_T1_16,1,16,1,1,HP,NA,
AA35,IO_L10N_T1_16,1,16,1,1,HP,NA,
AB31,IO_L11P_T1_SRCC_16,1,16,1,1,HP,NA,
AB32,IO_L11N_T1_SRCC_16,1,16,1,1,HP,NA,
AB33,IO_L12P_T1_MRCC_16,1,16,1,1,HP,NA,
AC33,IO_L12N_T1_MRCC_16,1,16,1,1,HP,NA,
AD32,IO_L13P_T2_MRCC_16,2,16,1,1,HP,NA,
AD33,IO_L13N_T2_MRCC_16,2,16,1,1,HP,NA,
AC34,IO_L14P_T2_SRCC_16,2,16,1,1,HP,NA,
AD35,IO_L14N_T2_SRCC_16,2,16,1,1,HP,NA,
AE32,IO_L15P_T2_DQS_16,2,16,1,1,HP,NA,
AE33,IO_L15N_T2_DQS_16,2,16,1,1,HP,NA,
AF31,IO_L16P_T2_16,2,16,1,1,HP,NA,
AF32,IO_L16N_T2_16,2,16,1,1,HP,NA,
AE34,IO_L17P_T2_16,2,16,1,1,HP,NA,
AE35,IO_L17N_T2_16,2,16,1,1,HP,NA,
AE29,IO_L18P_T2_16,2,16,1,1,HP,NA,
AE30,IO_L18N_T2_16,2,16,1,1,HP,NA,
Y32,IO_L19P_T3_16,3,16,1,1,HP,NA,
Y33,IO_L19N_T3_VREF_16,3,16,1,1,HP,NA,
AC31,IO_L20P_T3_16,3,16,1,1,HP,NA,
AD31,IO_L20N_T3_16,3,16,1,1,HP,NA,
AA31,IO_L21P_T3_DQS_16,3,16,1,1,HP,NA,
AA32,IO_L21N_T3_DQS_16,3,16,1,1,HP,NA,
AC30,IO_L22P_T3_16,3,16,1,1,HP,NA,
AD30,IO_L22N_T3_16,3,16,1,1,HP,NA,
AA29,IO_L23P_T3_16,3,16,1,1,HP,NA,
AA30,IO_L23N_T3_16,3,16,1,1,HP,NA,
AB29,IO_L24P_T3_16,3,16,1,1,HP,NA,
AC29,IO_L24N_T3_16,3,16,1,1,HP,NA,
AB34,IO_25_VRP_16,NA,16,1,1,HP,NA,
Y38,IO_0_VRN_17,NA,17,2,2,HP,NA,
AB41,IO_L1P_T0_17,0,17,2,2,HP,NA,
AB42,IO_L1N_T0_17,0,17,2,2,HP,NA,
W40,IO_L2P_T0_17,0,17,2,2,HP,NA,
Y40,IO_L2N_T0_17,0,17,2,2,HP,NA,
Y39,IO_L3P_T0_DQS_17,0,17,2,2,HP,NA,
AA39,IO_L3N_T0_DQS_17,0,17,2,2,HP,NA,
Y42,IO_L4P_T0_17,0,17,2,2,HP,NA,
AA42,IO_L4N_T0_17,0,17,2,2,HP,NA,
AB38,IO_L5P_T0_17,0,17,2,2,HP,NA,
AB39,IO_L5N_T0_17,0,17,2,2,HP,NA,
AA40,IO_L6P_T0_17,0,17,2,2,HP,NA,
AA41,IO_L6N_T0_VREF_17,0,17,2,2,HP,NA,
AC38,IO_L7P_T1_17,1,17,2,2,HP,NA,
AC39,IO_L7N_T1_17,1,17,2,2,HP,NA,
AD42,IO_L8P_T1_17,1,17,2,2,HP,NA,
AE42,IO_L8N_T1_17,1,17,2,2,HP,NA,
AD38,IO_L9P_T1_DQS_17,1,17,2,2,HP,NA,
AE38,IO_L9N_T1_DQS_17,1,17,2,2,HP,NA,
AC40,IO_L10P_T1_17,1,17,2,2,HP,NA,
AC41,IO_L10N_T1_17,1,17,2,2,HP,NA,
AE39,IO_L11P_T1_SRCC_17,1,17,2,2,HP,NA,
AE40,IO_L11N_T1_SRCC_17,1,17,2,2,HP,NA,
AD40,IO_L12P_T1_MRCC_17,1,17,2,2,HP,NA,
AD41,IO_L12N_T1_MRCC_17,1,17,2,2,HP,NA,
AF39,IO_L13P_T2_MRCC_17,2,17,2,2,HP,NA,
AF40,IO_L13N_T2_MRCC_17,2,17,2,2,HP,NA,
AF41,IO_L14P_T2_SRCC_17,2,17,2,2,HP,NA,
AG41,IO_L14N_T2_SRCC_17,2,17,2,2,HP,NA,
AG39,IO_L15P_T2_DQS_17,2,17,2,2,HP,NA,
AH39,IO_L15N_T2_DQS_17,2,17,2,2,HP,NA,
AF42,IO_L16P_T2_17,2,17,2,2,HP,NA,
AG42,IO_L16N_T2_17,2,17,2,2,HP,NA,
AG38,IO_L17P_T2_17,2,17,2,2,HP,NA,
AH38,IO_L17N_T2_17,2,17,2,2,HP,NA,
AJ38,IO_L18P_T2_17,2,17,2,2,HP,NA,
AK38,IO_L18N_T2_17,2,17,2,2,HP,NA,
AK40,IO_L19P_T3_17,3,17,2,2,HP,NA,
AL40,IO_L19N_T3_VREF_17,3,17,2,2,HP,NA,
AH40,IO_L20P_T3_17,3,17,2,2,HP,NA,
AH41,IO_L20N_T3_17,3,17,2,2,HP,NA,
AL41,IO_L21P_T3_DQS_17,3,17,2,2,HP,NA,
AL42,IO_L21N_T3_DQS_17,3,17,2,2,HP,NA,
AJ40,IO_L22P_T3_17,3,17,2,2,HP,NA,
AJ41,IO_L22N_T3_17,3,17,2,2,HP,NA,
AK39,IO_L23P_T3_17,3,17,2,2,HP,NA,
AL39,IO_L23N_T3_17,3,17,2,2,HP,NA,
AJ42,IO_L24P_T3_17,3,17,2,2,HP,NA,
AK42,IO_L24N_T3_17,3,17,2,2,HP,NA,
AG37,IO_25_VRP_17,NA,17,2,2,HP,NA,
N35,IO_0_VRN_18,NA,18,2,2,HP,NA,
T34,IO_L1P_T0_18,0,18,2,2,HP,NA,
R35,IO_L1N_T0_18,0,18,2,2,HP,NA,
N33,IO_L2P_T0_18,0,18,2,2,HP,NA,
N34,IO_L2N_T0_18,0,18,2,2,HP,NA,
R33,IO_L3P_T0_DQS_18,0,18,2,2,HP,NA,
R34,IO_L3N_T0_DQS_18,0,18,2,2,HP,NA,
P35,IO_L4P_T0_18,0,18,2,2,HP,NA,
P36,IO_L4N_T0_18,0,18,2,2,HP,NA,
T32,IO_L5P_T0_18,0,18,2,2,HP,NA,
R32,IO_L5N_T0_18,0,18,2,2,HP,NA,
P32,IO_L6P_T0_18,0,18,2,2,HP,NA,
P33,IO_L6N_T0_VREF_18,0,18,2,2,HP,NA,
T36,IO_L7P_T1_18,1,18,2,2,HP,NA,
R37,IO_L7N_T1_18,1,18,2,2,HP,NA,
P37,IO_L8P_T1_18,1,18,2,2,HP,NA,
P38,IO_L8N_T1_18,1,18,2,2,HP,NA,
U34,IO_L9P_T1_DQS_18,1,18,2,2,HP,NA,
T35,IO_L9N_T1_DQS_18,1,18,2,2,HP,NA,
R38,IO_L10P_T1_18,1,18,2,2,HP,NA,
R39,IO_L10N_T1_18,1,18,2,2,HP,NA,
U37,IO_L11P_T1_SRCC_18,1,18,2,2,HP,NA,
U38,IO_L11N_T1_SRCC_18,1,18,2,2,HP,NA,
U39,IO_L12P_T1_MRCC_18,1,18,2,2,HP,NA,
T39,IO_L12N_T1_MRCC_18,1,18,2,2,HP,NA,
U36,IO_L13P_T2_MRCC_18,2,18,2,2,HP,NA,
T37,IO_L13N_T2_MRCC_18,2,18,2,2,HP,NA,
V35,IO_L14P_T2_SRCC_18,2,18,2,2,HP,NA,
V36,IO_L14N_T2_SRCC_18,2,18,2,2,HP,NA,
V33,IO_L15P_T2_DQS_18,2,18,2,2,HP,NA,
V34,IO_L15N_T2_DQS_18,2,18,2,2,HP,NA,
W36,IO_L16P_T2_18,2,18,2,2,HP,NA,
W37,IO_L16N_T2_18,2,18,2,2,HP,NA,
U32,IO_L17P_T2_18,2,18,2,2,HP,NA,
U33,IO_L17N_T2_18,2,18,2,2,HP,NA,
W32,IO_L18P_T2_18,2,18,2,2,HP,NA,
W33,IO_L18N_T2_18,2,18,2,2,HP,NA,
V39,IO_L19P_T3_18,3,18,2,2,HP,NA,
V40,IO_L19N_T3_VREF_18,3,18,2,2,HP,NA,
T40,IO_L20P_T3_18,3,18,2,2,HP,NA,
T41,IO_L20N_T3_18,3,18,2,2,HP,NA,
W41,IO_L21P_T3_DQS_18,3,18,2,2,HP,NA,
W42,IO_L21N_T3_DQS_18,3,18,2,2,HP,NA,
U41,IO_L22P_T3_18,3,18,2,2,HP,NA,
T42,IO_L22N_T3_18,3,18,2,2,HP,NA,
W38,IO_L23P_T3_18,3,18,2,2,HP,NA,
V38,IO_L23N_T3_18,3,18,2,2,HP,NA,
V41,IO_L24P_T3_18,3,18,2,2,HP,NA,
U42,IO_L24N_T3_18,3,18,2,2,HP,NA,
W35,IO_25_VRP_18,NA,18,2,2,HP,NA,
L36,IO_0_VRN_19,NA,19,2,2,HP,NA,
E40,IO_L1P_T0_19,0,19,2,2,HP,NA,
D40,IO_L1N_T0_19,0,19,2,2,HP,NA,
A40,IO_L2P_T0_19,0,19,2,2,HP,NA,
A41,IO_L2N_T0_19,0,19,2,2,HP,NA,
D41,IO_L3P_T0_DQS_19,0,19,2,2,HP,NA,
D42,IO_L3N_T0_DQS_19,0,19,2,2,HP,NA,
B41,IO_L4P_T0_19,0,19,2,2,HP,NA,
B42,IO_L4N_T0_19,0,19,2,2,HP,NA,
F42,IO_L5P_T0_19,0,19,2,2,HP,NA,
E42,IO_L5N_T0_19,0,19,2,2,HP,NA,
C40,IO_L6P_T0_19,0,19,2,2,HP,NA,
C41,IO_L6N_T0_VREF_19,0,19,2,2,HP,NA,
H40,IO_L7P_T1_19,1,19,2,2,HP,NA,
H41,IO_L7N_T1_19,1,19,2,2,HP,NA,
H39,IO_L8P_T1_19,1,19,2,2,HP,NA,
G39,IO_L8N_T1_19,1,19,2,2,HP,NA,
G41,IO_L9P_T1_DQS_19,1,19,2,2,HP,NA,
G42,IO_L9N_T1_DQS_19,1,19,2,2,HP,NA,
F40,IO_L10P_T1_19,1,19,2,2,HP,NA,
F41,IO_L10N_T1_19,1,19,2,2,HP,NA,
J40,IO_L11P_T1_SRCC_19,1,19,2,2,HP,NA,
J41,IO_L11N_T1_SRCC_19,1,19,2,2,HP,NA,
K39,IO_L12P_T1_MRCC_19,1,19,2,2,HP,NA,
K40,IO_L12N_T1_MRCC_19,1,19,2,2,HP,NA,
L39,IO_L13P_T2_MRCC_19,2,19,2,2,HP,NA,
L40,IO_L13N_T2_MRCC_19,2,19,2,2,HP,NA,
M41,IO_L14P_T2_SRCC_19,2,19,2,2,HP,NA,
L41,IO_L14N_T2_SRCC_19,2,19,2,2,HP,NA,
K42,IO_L15P_T2_DQS_19,2,19,2,2,HP,NA,
J42,IO_L15N_T2_DQS_19,2,19,2,2,HP,NA,
M42,IO_L16P_T2_19,2,19,2,2,HP,NA,
L42,IO_L16N_T2_19,2,19,2,2,HP,NA,
K37,IO_L17P_T2_19,2,19,2,2,HP,NA,
K38,IO_L17N_T2_19,2,19,2,2,HP,NA,
M36,IO_L18P_T2_19,2,19,2,2,HP,NA,
L37,IO_L18N_T2_19,2,19,2,2,HP,NA,
P41,IO_L19P_T3_19,3,19,2,2,HP,NA,
N41,IO_L19N_T3_VREF_19,3,19,2,2,HP,NA,
M37,IO_L20P_T3_19,3,19,2,2,HP,NA,
M38,IO_L20N_T3_19,3,19,2,2,HP,NA,
R42,IO_L21P_T3_DQS_19,3,19,2,2,HP,NA,
P42,IO_L21N_T3_DQS_19,3,19,2,2,HP,NA,
N38,IO_L22P_T3_19,3,19,2,2,HP,NA,
M39,IO_L22N_T3_19,3,19,2,2,HP,NA,
R40,IO_L23P_T3_19,3,19,2,2,HP,NA,
P40,IO_L23N_T3_19,3,19,2,2,HP,NA,
N39,IO_L24P_T3_19,3,19,2,2,HP,NA,
N40,IO_L24N_T3_19,3,19,2,2,HP,NA,
N36,IO_25_VRP_19,NA,19,2,2,HP,NA,
AM14,IO_0_VRN_31,NA,31,3,0,HP,7VX485T, 7VX330T
AJ16,IO_L1P_T0_31,0,31,3,0,HP,7VX485T, 7VX330T
AJ15,IO_L1N_T0_31,0,31,3,0,HP,7VX485T, 7VX330T
AK14,IO_L2P_T0_31,0,31,3,0,HP,7VX485T, 7VX330T
AK13,IO_L2N_T0_31,0,31,3,0,HP,7VX485T, 7VX330T
AK15,IO_L3P_T0_DQS_31,0,31,3,0,HP,7VX485T, 7VX330T
AL14,IO_L3N_T0_DQS_31,0,31,3,0,HP,7VX485T, 7VX330T
AJ13,IO_L4P_T0_31,0,31,3,0,HP,7VX485T, 7VX330T
AJ12,IO_L4N_T0_31,0,31,3,0,HP,7VX485T, 7VX330T
AL16,IO_L5P_T0_31,0,31,3,0,HP,7VX485T, 7VX330T
AL15,IO_L5N_T0_31,0,31,3,0,HP,7VX485T, 7VX330T
AK12,IO_L6P_T0_31,0,31,3,0,HP,7VX485T, 7VX330T
AL12,IO_L6N_T0_VREF_31,0,31,3,0,HP,7VX485T, 7VX330T
AM13,IO_L7P_T1_31,1,31,3,0,HP,7VX485T, 7VX330T
AN13,IO_L7N_T1_31,1,31,3,0,HP,7VX485T, 7VX330T
AM12,IO_L8P_T1_31,1,31,3,0,HP,7VX485T, 7VX330T
AM11,IO_L8N_T1_31,1,31,3,0,HP,7VX485T, 7VX330T
AN15,IO_L9P_T1_DQS_31,1,31,3,0,HP,7VX485T, 7VX330T
AN14,IO_L9N_T1_DQS_31,1,31,3,0,HP,7VX485T, 7VX330T
AN11,IO_L10P_T1_31,1,31,3,0,HP,7VX485T, 7VX330T
AP11,IO_L10N_T1_31,1,31,3,0,HP,7VX485T, 7VX330T
AR14,IO_L11P_T1_SRCC_31,1,31,3,0,HP,7VX485T, 7VX330T
AT14,IO_L11N_T1_SRCC_31,1,31,3,0,HP,7VX485T, 7VX330T
AP13,IO_L12P_T1_MRCC_31,1,31,3,0,HP,7VX485T, 7VX330T
AR13,IO_L12N_T1_MRCC_31,1,31,3,0,HP,7VX485T, 7VX330T
AU14,IO_L13P_T2_MRCC_31,2,31,3,0,HP,7VX485T, 7VX330T
AU13,IO_L13N_T2_MRCC_31,2,31,3,0,HP,7VX485T, 7VX330T
AV13,IO_L14P_T2_SRCC_31,2,31,3,0,HP,7VX485T, 7VX330T
AW13,IO_L14N_T2_SRCC_31,2,31,3,0,HP,7VX485T, 7VX330T
AP12,IO_L15P_T2_DQS_31,2,31,3,0,HP,7VX485T, 7VX330T
AR12,IO_L15N_T2_DQS_31,2,31,3,0,HP,7VX485T, 7VX330T
AR15,IO_L16P_T2_31,2,31,3,0,HP,7VX485T, 7VX330T
AT15,IO_L16N_T2_31,2,31,3,0,HP,7VX485T, 7VX330T
AT12,IO_L17P_T2_31,2,31,3,0,HP,7VX485T, 7VX330T
AU12,IO_L17N_T2_31,2,31,3,0,HP,7VX485T, 7VX330T
AV15,IO_L18P_T2_31,2,31,3,0,HP,7VX485T, 7VX330T
AV14,IO_L18N_T2_31,2,31,3,0,HP,7VX485T, 7VX330T
AW15,IO_L19P_T3_31,3,31,3,0,HP,7VX485T, 7VX330T
AY15,IO_L19N_T3_VREF_31,3,31,3,0,HP,7VX485T, 7VX330T
AW12,IO_L20P_T3_31,3,31,3,0,HP,7VX485T, 7VX330T
AY12,IO_L20N_T3_31,3,31,3,0,HP,7VX485T, 7VX330T
BA15,IO_L21P_T3_DQS_31,3,31,3,0,HP,7VX485T, 7VX330T
BA14,IO_L21N_T3_DQS_31,3,31,3,0,HP,7VX485T, 7VX330T
AY14,IO_L22P_T3_31,3,31,3,0,HP,7VX485T, 7VX330T
AY13,IO_L22N_T3_31,3,31,3,0,HP,7VX485T, 7VX330T
BB14,IO_L23P_T3_31,3,31,3,0,HP,7VX485T, 7VX330T
BB13,IO_L23N_T3_31,3,31,3,0,HP,7VX485T, 7VX330T
BA12,IO_L24P_T3_31,3,31,3,0,HP,7VX485T, 7VX330T
BB12,IO_L24N_T3_31,3,31,3,0,HP,7VX485T, 7VX330T
AP15,IO_25_VRP_31,NA,31,3,0,HP,7VX485T, 7VX330T
AR20,IO_0_VRN_32,NA,32,3,0,HP,7VX485T, 7VX330T
AL19,IO_L1P_T0_32,0,32,3,0,HP,7VX485T, 7VX330T
AM19,IO_L1N_T0_32,0,32,3,0,HP,7VX485T, 7VX330T
AK17,IO_L2P_T0_32,0,32,3,0,HP,7VX485T, 7VX330T
AL17,IO_L2N_T0_32,0,32,3,0,HP,7VX485T, 7VX330T
AM18,IO_L3P_T0_DQS_32,0,32,3,0,HP,7VX485T, 7VX330T
AM17,IO_L3N_T0_DQS_32,0,32,3,0,HP,7VX485T, 7VX330T
AK19,IO_L4P_T0_32,0,32,3,0,HP,7VX485T, 7VX330T
AK18,IO_L4N_T0_32,0,32,3,0,HP,7VX485T, 7VX330T
AM16,IO_L5P_T0_32,0,32,3,0,HP,7VX485T, 7VX330T
AN16,IO_L5N_T0_32,0,32,3,0,HP,7VX485T, 7VX330T
AJ18,IO_L6P_T0_32,0,32,3,0,HP,7VX485T, 7VX330T
AJ17,IO_L6N_T0_VREF_32,0,32,3,0,HP,7VX485T, 7VX330T
AP18,IO_L7P_T1_32,1,32,3,0,HP,7VX485T, 7VX330T
AP17,IO_L7N_T1_32,1,32,3,0,HP,7VX485T, 7VX330T
AP20,IO_L8P_T1_32,1,32,3,0,HP,7VX485T, 7VX330T
AR19,IO_L8N_T1_32,1,32,3,0,HP,7VX485T, 7VX330T
AN19,IO_L9P_T1_DQS_32,1,32,3,0,HP,7VX485T, 7VX330T
AN18,IO_L9N_T1_DQS_32,1,32,3,0,HP,7VX485T, 7VX330T
AR18,IO_L10P_T1_32,1,32,3,0,HP,7VX485T, 7VX330T
AR17,IO_L10N_T1_32,1,32,3,0,HP,7VX485T, 7VX330T
AU18,IO_L11P_T1_SRCC_32,1,32,3,0,HP,7VX485T, 7VX330T
AV18,IO_L11N_T1_SRCC_32,1,32,3,0,HP,7VX485T, 7VX330T
AT17,IO_L12P_T1_MRCC_32,1,32,3,0,HP,7VX485T, 7VX330T
AU17,IO_L12N_T1_MRCC_32,1,32,3,0,HP,7VX485T, 7VX330T
AY18,IO_L13P_T2_MRCC_32,2,32,3,0,HP,7VX485T, 7VX330T
AY17,IO_L13N_T2_MRCC_32,2,32,3,0,HP,7VX485T, 7VX330T
AW18,IO_L14P_T2_SRCC_32,2,32,3,0,HP,7VX485T, 7VX330T
AW17,IO_L14N_T2_SRCC_32,2,32,3,0,HP,7VX485T, 7VX330T
AU19,IO_L15P_T2_DQS_32,2,32,3,0,HP,7VX485T, 7VX330T
AV19,IO_L15N_T2_DQS_32,2,32,3,0,HP,7VX485T, 7VX330T
AT20,IO_L16P_T2_32,2,32,3,0,HP,7VX485T, 7VX330T
AT19,IO_L16N_T2_32,2,32,3,0,HP,7VX485T, 7VX330T
AV16,IO_L17P_T2_32,2,32,3,0,HP,7VX485T, 7VX330T
AW16,IO_L17N_T2_32,2,32,3,0,HP,7VX485T, 7VX330T
AT16,IO_L18P_T2_32,2,32,3,0,HP,7VX485T, 7VX330T
AU16,IO_L18N_T2_32,2,32,3,0,HP,7VX485T, 7VX330T
BB19,IO_L19P_T3_32,3,32,3,0,HP,7VX485T, 7VX330T
BB18,IO_L19N_T3_VREF_32,3,32,3,0,HP,7VX485T, 7VX330T
AV20,IO_L20P_T3_32,3,32,3,0,HP,7VX485T, 7VX330T
AW20,IO_L20N_T3_32,3,32,3,0,HP,7VX485T, 7VX330T
BA17,IO_L21P_T3_DQS_32,3,32,3,0,HP,7VX485T, 7VX330T
BB17,IO_L21N_T3_DQS_32,3,32,3,0,HP,7VX485T, 7VX330T
AY20,IO_L22P_T3_32,3,32,3,0,HP,7VX485T, 7VX330T
BA20,IO_L22N_T3_32,3,32,3,0,HP,7VX485T, 7VX330T
BA16,IO_L23P_T3_32,3,32,3,0,HP,7VX485T, 7VX330T
BB16,IO_L23N_T3_32,3,32,3,0,HP,7VX485T, 7VX330T
AY19,IO_L24P_T3_32,3,32,3,0,HP,7VX485T, 7VX330T
BA19,IO_L24N_T3_32,3,32,3,0,HP,7VX485T, 7VX330T
AP16,IO_25_VRP_32,NA,32,3,0,HP,7VX485T, 7VX330T
AL24,IO_0_VRN_33,NA,33,3,0,HP,NA,
AJ23,IO_L1P_T0_33,0,33,3,0,HP,NA,
AK23,IO_L1N_T0_33,0,33,3,0,HP,NA,
AK20,IO_L2P_T0_33,0,33,3,0,HP,NA,
AL20,IO_L2N_T0_33,0,33,3,0,HP,NA,
AJ22,IO_L3P_T0_DQS_33,0,33,3,0,HP,NA,
AK22,IO_L3N_T0_DQS_33,0,33,3,0,HP,NA,
AL21,IO_L4P_T0_33,0,33,3,0,HP,NA,
AM21,IO_L4N_T0_33,0,33,3,0,HP,NA,
AJ21,IO_L5P_T0_33,0,33,3,0,HP,NA,
AJ20,IO_L5N_T0_33,0,33,3,0,HP,NA,
AL22,IO_L6P_T0_33,0,33,3,0,HP,NA,
AM22,IO_L6N_T0_VREF_33,0,33,3,0,HP,NA,
AM24,IO_L7P_T1_33,1,33,3,0,HP,NA,
AN24,IO_L7N_T1_33,1,33,3,0,HP,NA,
AM23,IO_L8P_T1_33,1,33,3,0,HP,NA,
AN23,IO_L8N_T1_33,1,33,3,0,HP,NA,
AP23,IO_L9P_T1_DQS_33,1,33,3,0,HP,NA,
AP22,IO_L9N_T1_DQS_33,1,33,3,0,HP,NA,
AN21,IO_L10P_T1_33,1,33,3,0,HP,NA,
AP21,IO_L10N_T1_33,1,33,3,0,HP,NA,
AR23,IO_L11P_T1_SRCC_33,1,33,3,0,HP,NA,
AR22,IO_L11N_T1_SRCC_33,1,33,3,0,HP,NA,
AT22,IO_L12P_T1_MRCC_33,1,33,3,0,HP,NA,
AU22,IO_L12N_T1_MRCC_33,1,33,3,0,HP,NA,
AU23,IO_L13P_T2_MRCC_33,2,33,3,0,HP,NA,
AV23,IO_L13N_T2_MRCC_33,2,33,3,0,HP,NA,
AW23,IO_L14P_T2_SRCC_33,2,33,3,0,HP,NA,
AW22,IO_L14N_T2_SRCC_33,2,33,3,0,HP,NA,
AT21,IO_L15P_T2_DQS_33,2,33,3,0,HP,NA,
AU21,IO_L15N_T2_DQS_33,2,33,3,0,HP,NA,
AR24,IO_L16P_T2_33,2,33,3,0,HP,NA,
AT24,IO_L16N_T2_33,2,33,3,0,HP,NA,
AV21,IO_L17P_T2_33,2,33,3,0,HP,NA,
AW21,IO_L17N_T2_33,2,33,3,0,HP,NA,
AU24,IO_L18P_T2_33,2,33,3,0,HP,NA,
AV24,IO_L18N_T2_33,2,33,3,0,HP,NA,
AY23,IO_L19P_T3_33,3,33,3,0,HP,NA,
AY22,IO_L19N_T3_VREF_33,3,33,3,0,HP,NA,
AY25,IO_L20P_T3_33,3,33,3,0,HP,NA,
BA25,IO_L20N_T3_33,3,33,3,0,HP,NA,
BA22,IO_L21P_T3_DQS_33,3,33,3,0,HP,NA,
BB22,IO_L21N_T3_DQS_33,3,33,3,0,HP,NA,
AY24,IO_L22P_T3_33,3,33,3,0,HP,NA,
BA24,IO_L22N_T3_33,3,33,3,0,HP,NA,
BA21,IO_L23P_T3_33,3,33,3,0,HP,NA,
BB21,IO_L23N_T3_33,3,33,3,0,HP,NA,
BB24,IO_L24P_T3_33,3,33,3,0,HP,NA,
BB23,IO_L24N_T3_33,3,33,3,0,HP,NA,
AN20,IO_25_VRP_33,NA,33,3,0,HP,NA,
R29,IO_0_VRN_34,NA,34,4,1,HP,NA,
K35,IO_L1P_T0_34,0,34,4,1,HP,NA,
J35,IO_L1N_T0_34,0,34,4,1,HP,NA,
J32,IO_L2P_T0_34,0,34,4,1,HP,NA,
J33,IO_L2N_T0_34,0,34,4,1,HP,NA,
K33,IO_L3P_T0_DQS_34,0,34,4,1,HP,NA,
K34,IO_L3N_T0_DQS_34,0,34,4,1,HP,NA,
L34,IO_L4P_T0_34,0,34,4,1,HP,NA,
L35,IO_L4N_T0_34,0,34,4,1,HP,NA,
M33,IO_L5P_T0_34,0,34,4,1,HP,NA,
M34,IO_L5N_T0_34,0,34,4,1,HP,NA,
H34,IO_L6P_T0_34,0,34,4,1,HP,NA,
H35,IO_L6N_T0_VREF_34,0,34,4,1,HP,NA,
K29,IO_L7P_T1_34,1,34,4,1,HP,NA,
K30,IO_L7N_T1_34,1,34,4,1,HP,NA,
J30,IO_L8P_T1_34,1,34,4,1,HP,NA,
H30,IO_L8N_T1_34,1,34,4,1,HP,NA,
L29,IO_L9P_T1_DQS_34,1,34,4,1,HP,NA,
L30,IO_L9N_T1_DQS_34,1,34,4,1,HP,NA,
J31,IO_L10P_T1_34,1,34,4,1,HP,NA,
H31,IO_L10N_T1_34,1,34,4,1,HP,NA,
M32,IO_L11P_T1_SRCC_34,1,34,4,1,HP,NA,
L32,IO_L11N_T1_SRCC_34,1,34,4,1,HP,NA,
L31,IO_L12P_T1_MRCC_34,1,34,4,1,HP,NA,
K32,IO_L12N_T1_MRCC_34,1,34,4,1,HP,NA,
N30,IO_L13P_T2_MRCC_34,2,34,4,1,HP,NA,
M31,IO_L13N_T2_MRCC_34,2,34,4,1,HP,NA,
P30,IO_L14P_T2_SRCC_34,2,34,4,1,HP,NA,
N31,IO_L14N_T2_SRCC_34,2,34,4,1,HP,NA,
M28,IO_L15P_T2_DQS_34,2,34,4,1,HP,NA,
M29,IO_L15N_T2_DQS_34,2,34,4,1,HP,NA,
R28,IO_L16P_T2_34,2,34,4,1,HP,NA,
P28,IO_L16N_T2_34,2,34,4,1,HP,NA,
N28,IO_L17P_T2_34,2,34,4,1,HP,NA,
N29,IO_L17N_T2_34,2,34,4,1,HP,NA,
R30,IO_L18P_T2_34,2,34,4,1,HP,NA,
P31,IO_L18N_T2_34,2,34,4,1,HP,NA,
U31,IO_L19P_T3_34,3,34,4,1,HP,NA,
T31,IO_L19N_T3_VREF_34,3,34,4,1,HP,NA,
V30,IO_L20P_T3_34,3,34,4,1,HP,NA,
V31,IO_L20N_T3_34,3,34,4,1,HP,NA,
T29,IO_L21P_T3_DQS_34,3,34,4,1,HP,NA,
T30,IO_L21N_T3_DQS_34,3,34,4,1,HP,NA,
W30,IO_L22P_T3_34,3,34,4,1,HP,NA,
W31,IO_L22N_T3_34,3,34,4,1,HP,NA,
V29,IO_L23P_T3_34,3,34,4,1,HP,NA,
U29,IO_L23N_T3_34,3,34,4,1,HP,NA,
Y29,IO_L24P_T3_34,3,34,4,1,HP,NA,
Y30,IO_L24N_T3_34,3,34,4,1,HP,NA,
U28,IO_25_VRP_34,NA,34,4,1,HP,NA,
G31,IO_0_VRN_35,NA,35,4,1,HP,NA,
B36,IO_L1P_T0_AD4P_35,0,35,4,1,HP,NA,
A37,IO_L1N_T0_AD4N_35,0,35,4,1,HP,NA,
B34,IO_L2P_T0_AD12P_35,0,35,4,1,HP,NA,
A34,IO_L2N_T0_AD12N_35,0,35,4,1,HP,NA,
B39,IO_L3P_T0_DQS_AD5P_35,0,35,4,1,HP,NA,
A39,IO_L3N_T0_DQS_AD5N_35,0,35,4,1,HP,NA,
A35,IO_L4P_T0_35,0,35,4,1,HP,NA,
A36,IO_L4N_T0_35,0,35,4,1,HP,NA,
C38,IO_L5P_T0_AD13P_35,0,35,4,1,HP,NA,
C39,IO_L5N_T0_AD13N_35,0,35,4,1,HP,NA,
B37,IO_L6P_T0_35,0,35,4,1,HP,NA,
B38,IO_L6N_T0_VREF_35,0,35,4,1,HP,NA,
E32,IO_L7P_T1_AD6P_35,1,35,4,1,HP,NA,
D32,IO_L7N_T1_AD6N_35,1,35,4,1,HP,NA,
B32,IO_L8P_T1_AD14P_35,1,35,4,1,HP,NA,
B33,IO_L8N_T1_AD14N_35,1,35,4,1,HP,NA,
E33,IO_L9P_T1_DQS_AD7P_35,1,35,4,1,HP,NA,
D33,IO_L9N_T1_DQS_AD7N_35,1,35,4,1,HP,NA,
C33,IO_L10P_T1_AD15P_35,1,35,4,1,HP,NA,
C34,IO_L10N_T1_AD15N_35,1,35,4,1,HP,NA,
D35,IO_L11P_T1_SRCC_35,1,35,4,1,HP,NA,
D36,IO_L11N_T1_SRCC_35,1,35,4,1,HP,NA,
C35,IO_L12P_T1_MRCC_35,1,35,4,1,HP,NA,
C36,IO_L12N_T1_MRCC_35,1,35,4,1,HP,NA,
E34,IO_L13P_T2_MRCC_35,2,35,4,1,HP,NA,
E35,IO_L13N_T2_MRCC_35,2,35,4,1,HP,NA,
D37,IO_L14P_T2_SRCC_35,2,35,4,1,HP,NA,
D38,IO_L14N_T2_SRCC_35,2,35,4,1,HP,NA,
G32,IO_L15P_T2_DQS_35,2,35,4,1,HP,NA,
F32,IO_L15N_T2_DQS_35,2,35,4,1,HP,NA,
F36,IO_L16P_T2_35,2,35,4,1,HP,NA,
F37,IO_L16N_T2_35,2,35,4,1,HP,NA,
F34,IO_L17P_T2_35,2,35,4,1,HP,NA,
F35,IO_L17N_T2_35,2,35,4,1,HP,NA,
H33,IO_L18P_T2_35,2,35,4,1,HP,NA,
G33,IO_L18N_T2_35,2,35,4,1,HP,NA,
E37,IO_L19P_T3_35,3,35,4,1,HP,NA,
E38,IO_L19N_T3_VREF_35,3,35,4,1,HP,NA,
G36,IO_L20P_T3_35,3,35,4,1,HP,NA,
G37,IO_L20N_T3_35,3,35,4,1,HP,NA,
F39,IO_L21P_T3_DQS_35,3,35,4,1,HP,NA,
E39,IO_L21N_T3_DQS_35,3,35,4,1,HP,NA,
J37,IO_L22P_T3_35,3,35,4,1,HP,NA,
J38,IO_L22N_T3_35,3,35,4,1,HP,NA,
H38,IO_L23P_T3_35,3,35,4,1,HP,NA,
G38,IO_L23N_T3_35,3,35,4,1,HP,NA,
J36,IO_L24P_T3_35,3,35,4,1,HP,NA,
H36,IO_L24N_T3_35,3,35,4,1,HP,NA,
G34,IO_25_VRP_35,NA,35,4,1,HP,NA,
M23,IO_0_VRN_36,NA,36,4,1,HP,NA,
H24,IO_L1P_T0_36,0,36,4,1,HP,NA,
G24,IO_L1N_T0_36,0,36,4,1,HP,NA,
J21,IO_L2P_T0_36,0,36,4,1,HP,NA,
H21,IO_L2N_T0_36,0,36,4,1,HP,NA,
H25,IO_L3P_T0_DQS_36,0,36,4,1,HP,NA,
H26,IO_L3N_T0_DQS_36,0,36,4,1,HP,NA,
G21,IO_L4P_T0_36,0,36,4,1,HP,NA,
G22,IO_L4N_T0_36,0,36,4,1,HP,NA,
G26,IO_L5P_T0_36,0,36,4,1,HP,NA,
G27,IO_L5N_T0_36,0,36,4,1,HP,NA,
H23,IO_L6P_T0_36,0,36,4,1,HP,NA,
G23,IO_L6N_T0_VREF_36,0,36,4,1,HP,NA,
G28,IO_L7P_T1_36,1,36,4,1,HP,NA,
G29,IO_L7N_T1_36,1,36,4,1,HP,NA,
K28,IO_L8P_T1_36,1,36,4,1,HP,NA,
J28,IO_L8N_T1_36,1,36,4,1,HP,NA,
H28,IO_L9P_T1_DQS_36,1,36,4,1,HP,NA,
H29,IO_L9N_T1_DQS_36,1,36,4,1,HP,NA,
K27,IO_L10P_T1_36,1,36,4,1,HP,NA,
J27,IO_L10N_T1_36,1,36,4,1,HP,NA,
K24,IO_L11P_T1_SRCC_36,1,36,4,1,HP,NA,
K25,IO_L11N_T1_SRCC_36,1,36,4,1,HP,NA,
J25,IO_L12P_T1_MRCC_36,1,36,4,1,HP,NA,
J26,IO_L12N_T1_MRCC_36,1,36,4,1,HP,NA,
M24,IO_L13P_T2_MRCC_36,2,36,4,1,HP,NA,
L24,IO_L13N_T2_MRCC_36,2,36,4,1,HP,NA,
K23,IO_L14P_T2_SRCC_36,2,36,4,1,HP,NA,
J23,IO_L14N_T2_SRCC_36,2,36,4,1,HP,NA,
M22,IO_L15P_T2_DQS_36,2,36,4,1,HP,NA,
L22,IO_L15N_T2_DQS_36,2,36,4,1,HP,NA,
L25,IO_L16P_T2_36,2,36,4,1,HP,NA,
L26,IO_L16N_T2_36,2,36,4,1,HP,NA,
K22,IO_L17P_T2_36,2,36,4,1,HP,NA,
J22,IO_L17N_T2_36,2,36,4,1,HP,NA,
M21,IO_L18P_T2_36,2,36,4,1,HP,NA,
L21,IO_L18N_T2_36,2,36,4,1,HP,NA,
P21,IO_L19P_T3_36,3,36,4,1,HP,NA,
N21,IO_L19N_T3_VREF_36,3,36,4,1,HP,NA,
P25,IO_L20P_T3_36,3,36,4,1,HP,NA,
P26,IO_L20N_T3_36,3,36,4,1,HP,NA,
P22,IO_L21P_T3_DQS_36,3,36,4,1,HP,NA,
P23,IO_L21N_T3_DQS_36,3,36,4,1,HP,NA,
N25,IO_L22P_T3_36,3,36,4,1,HP,NA,
N26,IO_L22N_T3_36,3,36,4,1,HP,NA,
N23,IO_L23P_T3_36,3,36,4,1,HP,NA,
N24,IO_L23N_T3_36,3,36,4,1,HP,NA,
M27,IO_L24P_T3_36,3,36,4,1,HP,NA,
L27,IO_L24N_T3_36,3,36,4,1,HP,NA,
M26,IO_25_VRP_36,NA,36,4,1,HP,NA,
F21,IO_0_VRN_37,NA,37,5,2,HP,NA,
A24,IO_L1P_T0_37,0,37,5,2,HP,NA,
A25,IO_L1N_T0_37,0,37,5,2,HP,NA,
B22,IO_L2P_T0_37,0,37,5,2,HP,NA,
A22,IO_L2N_T0_37,0,37,5,2,HP,NA,
A26,IO_L3P_T0_DQS_37,0,37,5,2,HP,NA,
A27,IO_L3N_T0_DQS_37,0,37,5,2,HP,NA,
C23,IO_L4P_T0_37,0,37,5,2,HP,NA,
B23,IO_L4N_T0_37,0,37,5,2,HP,NA,
B26,IO_L5P_T0_37,0,37,5,2,HP,NA,
B27,IO_L5N_T0_37,0,37,5,2,HP,NA,
C24,IO_L6P_T0_37,0,37,5,2,HP,NA,
B24,IO_L6N_T0_VREF_37,0,37,5,2,HP,NA,
E23,IO_L7P_T1_37,1,37,5,2,HP,NA,
E24,IO_L7N_T1_37,1,37,5,2,HP,NA,
F22,IO_L8P_T1_37,1,37,5,2,HP,NA,
E22,IO_L8N_T1_37,1,37,5,2,HP,NA,
F25,IO_L9P_T1_DQS_37,1,37,5,2,HP,NA,
E25,IO_L9N_T1_DQS_37,1,37,5,2,HP,NA,
D22,IO_L10P_T1_37,1,37,5,2,HP,NA,
D23,IO_L10N_T1_37,1,37,5,2,HP,NA,
D25,IO_L11P_T1_SRCC_37,1,37,5,2,HP,NA,
D26,IO_L11N_T1_SRCC_37,1,37,5,2,HP,NA,
C25,IO_L12P_T1_MRCC_37,1,37,5,2,HP,NA,
C26,IO_L12N_T1_MRCC_37,1,37,5,2,HP,NA,
D27,IO_L13P_T2_MRCC_37,2,37,5,2,HP,NA,
D28,IO_L13N_T2_MRCC_37,2,37,5,2,HP,NA,
C28,IO_L14P_T2_SRCC_37,2,37,5,2,HP,NA,
C29,IO_L14N_T2_SRCC_37,2,37,5,2,HP,NA,
B28,IO_L15P_T2_DQS_37,2,37,5,2,HP,NA,
B29,IO_L15N_T2_DQS_37,2,37,5,2,HP,NA,
A31,IO_L16P_T2_37,2,37,5,2,HP,NA,
A32,IO_L16N_T2_37,2,37,5,2,HP,NA,
A29,IO_L17P_T2_37,2,37,5,2,HP,NA,
A30,IO_L17N_T2_37,2,37,5,2,HP,NA,
C31,IO_L18P_T2_37,2,37,5,2,HP,NA,
B31,IO_L18N_T2_37,2,37,5,2,HP,NA,
E30,IO_L19P_T3_37,3,37,5,2,HP,NA,
D31,IO_L19N_T3_VREF_37,3,37,5,2,HP,NA,
D30,IO_L20P_T3_37,3,37,5,2,HP,NA,
C30,IO_L20N_T3_37,3,37,5,2,HP,NA,
E27,IO_L21P_T3_DQS_37,3,37,5,2,HP,NA,
E28,IO_L21N_T3_DQS_37,3,37,5,2,HP,NA,
F29,IO_L22P_T3_37,3,37,5,2,HP,NA,
E29,IO_L22N_T3_37,3,37,5,2,HP,NA,
F26,IO_L23P_T3_37,3,37,5,2,HP,NA,
F27,IO_L23N_T3_37,3,37,5,2,HP,NA,
F30,IO_L24P_T3_37,3,37,5,2,HP,NA,
F31,IO_L24N_T3_37,3,37,5,2,HP,NA,
F24,IO_25_VRP_37,NA,37,5,2,HP,NA,
K18,IO_0_VRN_38,NA,38,5,2,HP,NA,
C19,IO_L1P_T0_38,0,38,5,2,HP,NA,
B19,IO_L1N_T0_38,0,38,5,2,HP,NA,
A16,IO_L2P_T0_38,0,38,5,2,HP,NA,
A15,IO_L2N_T0_38,0,38,5,2,HP,NA,
A20,IO_L3P_T0_DQS_38,0,38,5,2,HP,NA,
A19,IO_L3N_T0_DQS_38,0,38,5,2,HP,NA,
B17,IO_L4P_T0_38,0,38,5,2,HP,NA,
A17,IO_L4N_T0_38,0,38,5,2,HP,NA,
B21,IO_L5P_T0_38,0,38,5,2,HP,NA,
A21,IO_L5N_T0_38,0,38,5,2,HP,NA,
C18,IO_L6P_T0_38,0,38,5,2,HP,NA,
B18,IO_L6N_T0_VREF_38,0,38,5,2,HP,NA,
D20,IO_L7P_T1_38,1,38,5,2,HP,NA,
C20,IO_L7N_T1_38,1,38,5,2,HP,NA,
F17,IO_L8P_T1_38,1,38,5,2,HP,NA,
E17,IO_L8N_T1_38,1,38,5,2,HP,NA,
D21,IO_L9P_T1_DQS_38,1,38,5,2,HP,NA,
C21,IO_L9N_T1_DQS_38,1,38,5,2,HP,NA,
D18,IO_L10P_T1_38,1,38,5,2,HP,NA,
D17,IO_L10N_T1_38,1,38,5,2,HP,NA,
G19,IO_L11P_T1_SRCC_38,1,38,5,2,HP,NA,
F19,IO_L11N_T1_SRCC_38,1,38,5,2,HP,NA,
E19,IO_L12P_T1_MRCC_38,1,38,5,2,HP,NA,
E18,IO_L12N_T1_MRCC_38,1,38,5,2,HP,NA,
H19,IO_L13P_T2_MRCC_38,2,38,5,2,HP,NA,
G18,IO_L13N_T2_MRCC_38,2,38,5,2,HP,NA,
K19,IO_L14P_T2_SRCC_38,2,38,5,2,HP,NA,
J18,IO_L14N_T2_SRCC_38,2,38,5,2,HP,NA,
F20,IO_L15P_T2_DQS_38,2,38,5,2,HP,NA,
E20,IO_L15N_T2_DQS_38,2,38,5,2,HP,NA,
K17,IO_L16P_T2_38,2,38,5,2,HP,NA,
J17,IO_L16N_T2_38,2,38,5,2,HP,NA,
J20,IO_L17P_T2_38,2,38,5,2,HP,NA,
H20,IO_L17N_T2_38,2,38,5,2,HP,NA,
H18,IO_L18P_T2_38,2,38,5,2,HP,NA,
G17,IO_L18N_T2_38,2,38,5,2,HP,NA,
P18,IO_L19P_T3_38,3,38,5,2,HP,NA,
P17,IO_L19N_T3_VREF_38,3,38,5,2,HP,NA,
M17,IO_L20P_T3_38,3,38,5,2,HP,NA,
L17,IO_L20N_T3_38,3,38,5,2,HP,NA,
N19,IO_L21P_T3_DQS_38,3,38,5,2,HP,NA,
N18,IO_L21N_T3_DQS_38,3,38,5,2,HP,NA,
M19,IO_L22P_T3_38,3,38,5,2,HP,NA,
M18,IO_L22N_T3_38,3,38,5,2,HP,NA,
P20,IO_L23P_T3_38,3,38,5,2,HP,NA,
N20,IO_L23N_T3_38,3,38,5,2,HP,NA,
L20,IO_L24P_T3_38,3,38,5,2,HP,NA,
L19,IO_L24N_T3_38,3,38,5,2,HP,NA,
K20,IO_25_VRP_38,NA,38,5,2,HP,NA,
J16,IO_0_VRN_39,NA,39,5,2,HP,NA,
C16,IO_L1P_T0_39,0,39,5,2,HP,NA,
B16,IO_L1N_T0_39,0,39,5,2,HP,NA,
B14,IO_L2P_T0_39,0,39,5,2,HP,NA,
A14,IO_L2N_T0_39,0,39,5,2,HP,NA,
C15,IO_L3P_T0_DQS_39,0,39,5,2,HP,NA,
C14,IO_L3N_T0_DQS_39,0,39,5,2,HP,NA,
D13,IO_L4P_T0_39,0,39,5,2,HP,NA,
C13,IO_L4N_T0_39,0,39,5,2,HP,NA,
D16,IO_L5P_T0_39,0,39,5,2,HP,NA,
D15,IO_L5N_T0_39,0,39,5,2,HP,NA,
E12,IO_L6P_T0_39,0,39,5,2,HP,NA,
D12,IO_L6N_T0_VREF_39,0,39,5,2,HP,NA,
F16,IO_L7P_T1_39,1,39,5,2,HP,NA,
E15,IO_L7N_T1_39,1,39,5,2,HP,NA,
E14,IO_L8P_T1_39,1,39,5,2,HP,NA,
E13,IO_L8N_T1_39,1,39,5,2,HP,NA,
H16,IO_L9P_T1_DQS_39,1,39,5,2,HP,NA,
G16,IO_L9N_T1_DQS_39,1,39,5,2,HP,NA,
G12,IO_L10P_T1_39,1,39,5,2,HP,NA,
F12,IO_L10N_T1_39,1,39,5,2,HP,NA,
F15,IO_L11P_T1_SRCC_39,1,39,5,2,HP,NA,
F14,IO_L11N_T1_SRCC_39,1,39,5,2,HP,NA,
G14,IO_L12P_T1_MRCC_39,1,39,5,2,HP,NA,
G13,IO_L12N_T1_MRCC_39,1,39,5,2,HP,NA,
H15,IO_L13P_T2_MRCC_39,2,39,5,2,HP,NA,
H14,IO_L13N_T2_MRCC_39,2,39,5,2,HP,NA,
J13,IO_L14P_T2_SRCC_39,2,39,5,2,HP,NA,
H13,IO_L14N_T2_SRCC_39,2,39,5,2,HP,NA,
K12,IO_L15P_T2_DQS_39,2,39,5,2,HP,NA,
J12,IO_L15N_T2_DQS_39,2,39,5,2,HP,NA,
K15,IO_L16P_T2_39,2,39,5,2,HP,NA,
J15,IO_L16N_T2_39,2,39,5,2,HP,NA,
K14,IO_L17P_T2_39,2,39,5,2,HP,NA,
K13,IO_L17N_T2_39,2,39,5,2,HP,NA,
L16,IO_L18P_T2_39,2,39,5,2,HP,NA,
L15,IO_L18N_T2_39,2,39,5,2,HP,NA,
L12,IO_L19P_T3_39,3,39,5,2,HP,NA,
L11,IO_L19N_T3_VREF_39,3,39,5,2,HP,NA,
M14,IO_L20P_T3_39,3,39,5,2,HP,NA,
L14,IO_L20N_T3_39,3,39,5,2,HP,NA,
N16,IO_L21P_T3_DQS_39,3,39,5,2,HP,NA,
M16,IO_L21N_T3_DQS_39,3,39,5,2,HP,NA,
N13,IO_L22P_T3_39,3,39,5,2,HP,NA,
M13,IO_L22N_T3_39,3,39,5,2,HP,NA,
N15,IO_L23P_T3_39,3,39,5,2,HP,NA,
N14,IO_L23N_T3_39,3,39,5,2,HP,NA,
M12,IO_L24P_T3_39,3,39,5,2,HP,NA,
M11,IO_L24N_T3_39,3,39,5,2,HP,NA,
J11,IO_25_VRP_39,NA,39,5,2,HP,NA,
AW2,MGTXTXP3_111,NA,111,NA,0,GTX,7VX485T, 7VX330T
AW6,MGTXRXP3_111,NA,111,NA,0,GTX,7VX485T, 7VX330T
AW1,MGTXTXN3_111,NA,111,NA,0,GTX,7VX485T, 7VX330T
AW5,MGTXRXN3_111,NA,111,NA,0,GTX,7VX485T, 7VX330T
AY4,MGTXTXP2_111,NA,111,NA,0,GTX,7VX485T, 7VX330T
AY8,MGTXRXP2_111,NA,111,NA,0,GTX,7VX485T, 7VX330T
AY3,MGTXTXN2_111,NA,111,NA,0,GTX,7VX485T, 7VX330T
AW10,MGTREFCLK0P_111,NA,111,NA,0,GTX,7VX485T, 7VX330T
AY7,MGTXRXN2_111,NA,111,NA,0,GTX,7VX485T, 7VX330T
AW9,MGTREFCLK0N_111,NA,111,NA,0,GTX,7VX485T, 7VX330T
BA9,MGTREFCLK1N_111,NA,111,NA,0,GTX,7VX485T, 7VX330T
BA10,MGTREFCLK1P_111,NA,111,NA,0,GTX,7VX485T, 7VX330T
BA2,MGTXTXP1_111,NA,111,NA,0,GTX,7VX485T, 7VX330T
BA6,MGTXRXP1_111,NA,111,NA,0,GTX,7VX485T, 7VX330T
BA1,MGTXTXN1_111,NA,111,NA,0,GTX,7VX485T, 7VX330T
BA5,MGTXRXN1_111,NA,111,NA,0,GTX,7VX485T, 7VX330T
BB4,MGTXTXP0_111,NA,111,NA,0,GTX,7VX485T, 7VX330T
BB8,MGTXRXP0_111,NA,111,NA,0,GTX,7VX485T, 7VX330T
BB3,MGTXTXN0_111,NA,111,NA,0,GTX,7VX485T, 7VX330T
BB7,MGTXRXN0_111,NA,111,NA,0,GTX,7VX485T, 7VX330T
AR2,MGTXTXP3_112,NA,112,NA,0,GTX,7VX485T, 7VX330T
AP8,MGTXRXP3_112,NA,112,NA,0,GTX,7VX485T, 7VX330T
AR1,MGTXTXN3_112,NA,112,NA,0,GTX,7VX485T, 7VX330T
AP7,MGTXRXN3_112,NA,112,NA,0,GTX,7VX485T, 7VX330T
AT4,MGTXTXP2_112,NA,112,NA,0,GTX,7VX485T, 7VX330T
AR6,MGTXRXP2_112,NA,112,NA,0,GTX,7VX485T, 7VX330T
AT3,MGTXTXN2_112,NA,112,NA,0,GTX,7VX485T, 7VX330T
AT8,MGTREFCLK0P_112,NA,112,NA,0,GTX,7VX485T, 7VX330T
AR5,MGTXRXN2_112,NA,112,NA,0,GTX,7VX485T, 7VX330T
W10,MGTAVTTRCAL_112,NA,112,NA,0,GTX,7VX485T, 7VX330T
AT7,MGTREFCLK0N_112,NA,112,NA,0,GTX,7VX485T, 7VX330T
W9,MGTRREF_112,NA,112,NA,0,GTX,7VX485T, 7VX330T
AU9,MGTREFCLK1N_112,NA,112,NA,0,GTX,7VX485T, 7VX330T
AU10,MGTREFCLK1P_112,NA,112,NA,0,GTX,7VX485T, 7VX330T
AU2,MGTXTXP1_112,NA,112,NA,0,GTX,7VX485T, 7VX330T
AU6,MGTXRXP1_112,NA,112,NA,0,GTX,7VX485T, 7VX330T
AU1,MGTXTXN1_112,NA,112,NA,0,GTX,7VX485T, 7VX330T
AU5,MGTXRXN1_112,NA,112,NA,0,GTX,7VX485T, 7VX330T
AV4,MGTXTXP0_112,NA,112,NA,0,GTX,7VX485T, 7VX330T
AV8,MGTXRXP0_112,NA,112,NA,0,GTX,7VX485T, 7VX330T
AV3,MGTXTXN0_112,NA,112,NA,0,GTX,7VX485T, 7VX330T
AV7,MGTXRXN0_112,NA,112,NA,0,GTX,7VX485T, 7VX330T
AL2,MGTXTXP3_113,NA,113,NA,0,GTX,NA,
AJ6,MGTXRXP3_113,NA,113,NA,0,GTX,NA,
AL1,MGTXTXN3_113,NA,113,NA,0,GTX,NA,
AJ5,MGTXRXN3_113,NA,113,NA,0,GTX,NA,
AM4,MGTXTXP2_113,NA,113,NA,0,GTX,NA,
AL6,MGTXRXP2_113,NA,113,NA,0,GTX,NA,
AM3,MGTXTXN2_113,NA,113,NA,0,GTX,NA,
AH8,MGTREFCLK0P_113,NA,113,NA,0,GTX,NA,
AL5,MGTXRXN2_113,NA,113,NA,0,GTX,NA,
AH7,MGTREFCLK0N_113,NA,113,NA,0,GTX,NA,
AK7,MGTREFCLK1N_113,NA,113,NA,0,GTX,NA,
AK8,MGTREFCLK1P_113,NA,113,NA,0,GTX,NA,
AN2,MGTXTXP1_113,NA,113,NA,0,GTX,NA,
AM8,MGTXRXP1_113,NA,113,NA,0,GTX,NA,
AN1,MGTXTXN1_113,NA,113,NA,0,GTX,NA,
AM7,MGTXRXN1_113,NA,113,NA,0,GTX,NA,
AP4,MGTXTXP0_113,NA,113,NA,0,GTX,NA,
AN6,MGTXRXP0_113,NA,113,NA,0,GTX,NA,
AP3,MGTXTXN0_113,NA,113,NA,0,GTX,NA,
AN5,MGTXRXN0_113,NA,113,NA,0,GTX,NA,
AG2,MGTXTXP3_114,NA,114,NA,1,GTX,NA,
AD4,MGTXRXP3_114,NA,114,NA,1,GTX,NA,
AG1,MGTXTXN3_114,NA,114,NA,1,GTX,NA,
AD3,MGTXRXN3_114,NA,114,NA,1,GTX,NA,
AH4,MGTXTXP2_114,NA,114,NA,1,GTX,NA,
AE6,MGTXRXP2_114,NA,114,NA,1,GTX,NA,
AH3,MGTXTXN2_114,NA,114,NA,1,GTX,NA,
AD8,MGTREFCLK0P_114,NA,114,NA,1,GTX,NA,
AE5,MGTXRXN2_114,NA,114,NA,1,GTX,NA,
AD7,MGTREFCLK0N_114,NA,114,NA,1,GTX,NA,
AF7,MGTREFCLK1N_114,NA,114,NA,1,GTX,NA,
AF8,MGTREFCLK1P_114,NA,114,NA,1,GTX,NA,
AJ2,MGTXTXP1_114,NA,114,NA,1,GTX,NA,
AF4,MGTXRXP1_114,NA,114,NA,1,GTX,NA,
AJ1,MGTXTXN1_114,NA,114,NA,1,GTX,NA,
AF3,MGTXRXN1_114,NA,114,NA,1,GTX,NA,
AK4,MGTXTXP0_114,NA,114,NA,1,GTX,NA,
AG6,MGTXRXP0_114,NA,114,NA,1,GTX,NA,
AK3,MGTXTXN0_114,NA,114,NA,1,GTX,NA,
AG5,MGTXRXN0_114,NA,114,NA,1,GTX,NA,
W2,MGTXTXP3_115,NA,115,NA,1,GTX,NA,
Y4,MGTXRXP3_115,NA,115,NA,1,GTX,NA,
W1,MGTXTXN3_115,NA,115,NA,1,GTX,NA,
Y3,MGTXRXN3_115,NA,115,NA,1,GTX,NA,
AA2,MGTXTXP2_115,NA,115,NA,1,GTX,NA,
AA6,MGTXRXP2_115,NA,115,NA,1,GTX,NA,
AA1,MGTXTXN2_115,NA,115,NA,1,GTX,NA,
Y8,MGTREFCLK0P_115,NA,115,NA,1,GTX,NA,
AA5,MGTXRXN2_115,NA,115,NA,1,GTX,NA,
A12,MGTAVTTRCAL_115,NA,115,NA,1,GTX,NA,
Y7,MGTREFCLK0N_115,NA,115,NA,1,GTX,NA,
B11,MGTRREF_115,NA,115,NA,1,GTX,NA,
AB7,MGTREFCLK1N_115,NA,115,NA,1,GTX,NA,
AB8,MGTREFCLK1P_115,NA,115,NA,1,GTX,NA,
AC2,MGTXTXP1_115,NA,115,NA,1,GTX,NA,
AB4,MGTXRXP1_115,NA,115,NA,1,GTX,NA,
AC1,MGTXTXN1_115,NA,115,NA,1,GTX,NA,
AB3,MGTXRXN1_115,NA,115,NA,1,GTX,NA,
AE2,MGTXTXP0_115,NA,115,NA,1,GTX,NA,
AC6,MGTXRXP0_115,NA,115,NA,1,GTX,NA,
AE1,MGTXTXN0_115,NA,115,NA,1,GTX,NA,
AC5,MGTXRXN0_115,NA,115,NA,1,GTX,NA,
P4,MGTXTXP3_116,NA,116,NA,1,GTX,NA,
R6,MGTXRXP3_116,NA,116,NA,1,GTX,NA,
P3,MGTXTXN3_116,NA,116,NA,1,GTX,NA,
R5,MGTXRXN3_116,NA,116,NA,1,GTX,NA,
R2,MGTXTXP2_116,NA,116,NA,1,GTX,NA,
U6,MGTXRXP2_116,NA,116,NA,1,GTX,NA,
R1,MGTXTXN2_116,NA,116,NA,1,GTX,NA,
T8,MGTREFCLK0P_116,NA,116,NA,1,GTX,NA,
U5,MGTXRXN2_116,NA,116,NA,1,GTX,NA,
T7,MGTREFCLK0N_116,NA,116,NA,1,GTX,NA,
V7,MGTREFCLK1N_116,NA,116,NA,1,GTX,NA,
V8,MGTREFCLK1P_116,NA,116,NA,1,GTX,NA,
T4,MGTXTXP1_116,NA,116,NA,1,GTX,NA,
V4,MGTXRXP1_116,NA,116,NA,1,GTX,NA,
T3,MGTXTXN1_116,NA,116,NA,1,GTX,NA,
V3,MGTXRXN1_116,NA,116,NA,1,GTX,NA,
U2,MGTXTXP0_116,NA,116,NA,1,GTX,NA,
W6,MGTXRXP0_116,NA,116,NA,1,GTX,NA,
U1,MGTXTXN0_116,NA,116,NA,1,GTX,NA,
W5,MGTXRXN0_116,NA,116,NA,1,GTX,NA,
K4,MGTXTXP3_117,NA,117,NA,2,GTX,NA,
J6,MGTXRXP3_117,NA,117,NA,2,GTX,NA,
K3,MGTXTXN3_117,NA,117,NA,2,GTX,NA,
J5,MGTXRXN3_117,NA,117,NA,2,GTX,NA,
L2,MGTXTXP2_117,NA,117,NA,2,GTX,NA,
L6,MGTXRXP2_117,NA,117,NA,2,GTX,NA,
L1,MGTXTXN2_117,NA,117,NA,2,GTX,NA,
K8,MGTREFCLK0P_117,NA,117,NA,2,GTX,NA,
L5,MGTXRXN2_117,NA,117,NA,2,GTX,NA,
K7,MGTREFCLK0N_117,NA,117,NA,2,GTX,NA,
M7,MGTREFCLK1N_117,NA,117,NA,2,GTX,NA,
M8,MGTREFCLK1P_117,NA,117,NA,2,GTX,NA,
M4,MGTXTXP1_117,NA,117,NA,2,GTX,NA,
N6,MGTXRXP1_117,NA,117,NA,2,GTX,NA,
M3,MGTXTXN1_117,NA,117,NA,2,GTX,NA,
N5,MGTXRXN1_117,NA,117,NA,2,GTX,NA,
N2,MGTXTXP0_117,NA,117,NA,2,GTX,NA,
P8,MGTXRXP0_117,NA,117,NA,2,GTX,NA,
N1,MGTXTXN0_117,NA,117,NA,2,GTX,NA,
P7,MGTXRXN0_117,NA,117,NA,2,GTX,NA,
F4,MGTXTXP3_118,NA,118,NA,2,GTX,NA,
E6,MGTXRXP3_118,NA,118,NA,2,GTX,NA,
F3,MGTXTXN3_118,NA,118,NA,2,GTX,NA,
E5,MGTXRXN3_118,NA,118,NA,2,GTX,NA,
G2,MGTXTXP2_118,NA,118,NA,2,GTX,NA,
F8,MGTXRXP2_118,NA,118,NA,2,GTX,NA,
G1,MGTXTXN2_118,NA,118,NA,2,GTX,NA,
E10,MGTREFCLK0P_118,NA,118,NA,2,GTX,NA,
F7,MGTXRXN2_118,NA,118,NA,2,GTX,NA,
AC10,MGTAVTTRCAL_118,NA,118,NA,2,GTX,NA,
E9,MGTREFCLK0N_118,NA,118,NA,2,GTX,NA,
AC9,MGTRREF_118,NA,118,NA,2,GTX,NA,
G9,MGTREFCLK1N_118,NA,118,NA,2,GTX,NA,
G10,MGTREFCLK1P_118,NA,118,NA,2,GTX,NA,
H4,MGTXTXP1_118,NA,118,NA,2,GTX,NA,
G6,MGTXRXP1_118,NA,118,NA,2,GTX,NA,
H3,MGTXTXN1_118,NA,118,NA,2,GTX,NA,
G5,MGTXRXN1_118,NA,118,NA,2,GTX,NA,
J2,MGTXTXP0_118,NA,118,NA,2,GTX,NA,
H8,MGTXRXP0_118,NA,118,NA,2,GTX,NA,
J1,MGTXTXN0_118,NA,118,NA,2,GTX,NA,
H7,MGTXRXN0_118,NA,118,NA,2,GTX,NA,
B4,MGTXTXP3_119,NA,119,NA,2,GTX,NA,
A6,MGTXRXP3_119,NA,119,NA,2,GTX,NA,
B3,MGTXTXN3_119,NA,119,NA,2,GTX,NA,
A5,MGTXRXN3_119,NA,119,NA,2,GTX,NA,
C2,MGTXTXP2_119,NA,119,NA,2,GTX,NA,
B8,MGTXRXP2_119,NA,119,NA,2,GTX,NA,
C1,MGTXTXN2_119,NA,119,NA,2,GTX,NA,
A10,MGTREFCLK0P_119,NA,119,NA,2,GTX,NA,
B7,MGTXRXN2_119,NA,119,NA,2,GTX,NA,
A9,MGTREFCLK0N_119,NA,119,NA,2,GTX,NA,
C9,MGTREFCLK1N_119,NA,119,NA,2,GTX,NA,
C10,MGTREFCLK1P_119,NA,119,NA,2,GTX,NA,
D4,MGTXTXP1_119,NA,119,NA,2,GTX,NA,
C6,MGTXRXP1_119,NA,119,NA,2,GTX,NA,
D3,MGTXTXN1_119,NA,119,NA,2,GTX,NA,
C5,MGTXRXN1_119,NA,119,NA,2,GTX,NA,
E2,MGTXTXP0_119,NA,119,NA,2,GTX,NA,
D8,MGTXRXP0_119,NA,119,NA,2,GTX,NA,
E1,MGTXTXN0_119,NA,119,NA,2,GTX,NA,
D7,MGTXRXN0_119,NA,119,NA,2,GTX,NA,
C8,MGTAVCC_G11,NA,NA,NA,NA,NA,NA,
E8,MGTAVCC_G11,NA,NA,NA,NA,NA,NA,
G8,MGTAVCC_G11,NA,NA,NA,NA,NA,NA,
J8,MGTAVCC_G11,NA,NA,NA,NA,NA,NA,
L8,MGTAVCC_G11,NA,NA,NA,NA,NA,NA,
AA8,MGTAVCC_G10,NA,NA,NA,NA,NA,NA,
AC8,MGTAVCC_G10,NA,NA,NA,NA,NA,NA,
AE8,MGTAVCC_G10,NA,NA,NA,NA,NA,NA,
AJ8,MGTAVCC_G10,NA,NA,NA,NA,NA,NA,
AL8,MGTAVCC_G10,NA,NA,NA,NA,NA,NA,
AN8,MGTAVCC_G10,NA,NA,NA,NA,NA,NA,
AR8,MGTAVCC_G10,NA,NA,NA,NA,NA,NA,
AU8,MGTAVCC_G10,NA,NA,NA,NA,NA,NA,
AW8,MGTAVCC_G10,NA,NA,NA,NA,NA,NA,
BA8,MGTAVCC_G10,NA,NA,NA,NA,NA,NA,
W8,MGTAVCC_G10,NA,NA,NA,NA,NA,NA,
B6,MGTAVTT_G11,NA,NA,NA,NA,NA,NA,
C4,MGTAVTT_G11,NA,NA,NA,NA,NA,NA,
D6,MGTAVTT_G11,NA,NA,NA,NA,NA,NA,
E4,MGTAVTT_G11,NA,NA,NA,NA,NA,NA,
F6,MGTAVTT_G11,NA,NA,NA,NA,NA,NA,
G4,MGTAVTT_G11,NA,NA,NA,NA,NA,NA,
H6,MGTAVTT_G11,NA,NA,NA,NA,NA,NA,
J4,MGTAVTT_G11,NA,NA,NA,NA,NA,NA,
L4,MGTAVTT_G11,NA,NA,NA,NA,NA,NA,
N4,MGTAVTT_G11,NA,NA,NA,NA,NA,NA,
P6,MGTAVTT_G11,NA,NA,NA,NA,NA,NA,
R4,MGTAVTT_G10,NA,NA,NA,NA,NA,NA,
W4,MGTAVTT_G10,NA,NA,NA,NA,NA,NA,
AA4,MGTAVTT_G10,NA,NA,NA,NA,NA,NA,
AC4,MGTAVTT_G10,NA,NA,NA,NA,NA,NA,
AE4,MGTAVTT_G10,NA,NA,NA,NA,NA,NA,
AJ4,MGTAVTT_G10,NA,NA,NA,NA,NA,NA,
AL4,MGTAVTT_G10,NA,NA,NA,NA,NA,NA,
AM6,MGTAVTT_G10,NA,NA,NA,NA,NA,NA,
AN4,MGTAVTT_G10,NA,NA,NA,NA,NA,NA,
AP6,MGTAVTT_G10,NA,NA,NA,NA,NA,NA,
AR4,MGTAVTT_G10,NA,NA,NA,NA,NA,NA,
AU4,MGTAVTT_G10,NA,NA,NA,NA,NA,NA,
AV6,MGTAVTT_G10,NA,NA,NA,NA,NA,NA,
AW4,MGTAVTT_G10,NA,NA,NA,NA,NA,NA,
AY6,MGTAVTT_G10,NA,NA,NA,NA,NA,NA,
BA4,MGTAVTT_G10,NA,NA,NA,NA,NA,NA,
N8,MGTVCCAUX_G11,NA,NA,NA,NA,NA,NA,
R8,MGTVCCAUX_G10,NA,NA,NA,NA,NA,NA,
U8,MGTVCCAUX_G10,NA,NA,NA,NA,NA,NA,
A2,GND,NA,NA,NA,NA,NA,NA,
A3,GND,NA,NA,NA,NA,NA,NA,
A4,GND,NA,NA,NA,NA,NA,NA,
A7,GND,NA,NA,NA,NA,NA,NA,
A8,GND,NA,NA,NA,NA,NA,NA,
A11,GND,NA,NA,NA,NA,NA,NA,
A13,GND,NA,NA,NA,NA,NA,NA,
A18,GND,NA,NA,NA,NA,NA,NA,
A28,GND,NA,NA,NA,NA,NA,NA,
A38,GND,NA,NA,NA,NA,NA,NA,
AA3,GND,NA,NA,NA,NA,NA,NA,
AA7,GND,NA,NA,NA,NA,NA,NA,
AA9,GND,NA,NA,NA,NA,NA,NA,
AA11,GND,NA,NA,NA,NA,NA,NA,
AA13,GND,NA,NA,NA,NA,NA,NA,
AA15,GND,NA,NA,NA,NA,NA,NA,
AA17,GND,NA,NA,NA,NA,NA,NA,
AA19,GND,NA,NA,NA,NA,NA,NA,
AA23,GND,NA,NA,NA,NA,NA,NA,
AA25,GND,NA,NA,NA,NA,NA,NA,
AA27,GND,NA,NA,NA,NA,NA,NA,
AA38,GND,NA,NA,NA,NA,NA,NA,
AB1,GND,NA,NA,NA,NA,NA,NA,
AB2,GND,NA,NA,NA,NA,NA,NA,
AB5,GND,NA,NA,NA,NA,NA,NA,
AB6,GND,NA,NA,NA,NA,NA,NA,
AB9,GND,NA,NA,NA,NA,NA,NA,
AB10,GND,NA,NA,NA,NA,NA,NA,
AB12,GND,NA,NA,NA,NA,NA,NA,
AB14,GND,NA,NA,NA,NA,NA,NA,
AB16,GND,NA,NA,NA,NA,NA,NA,
AB18,GND,NA,NA,NA,NA,NA,NA,
AB22,GND,NA,NA,NA,NA,NA,NA,
AB24,GND,NA,NA,NA,NA,NA,NA,
AB26,GND,NA,NA,NA,NA,NA,NA,
AB28,GND,NA,NA,NA,NA,NA,NA,
AB35,GND,NA,NA,NA,NA,NA,NA,
AC3,GND,NA,NA,NA,NA,NA,NA,
AC7,GND,NA,NA,NA,NA,NA,NA,
AC11,GND,NA,NA,NA,NA,NA,NA,
AC13,GND,NA,NA,NA,NA,NA,NA,
AC15,GND,NA,NA,NA,NA,NA,NA,
AC17,GND,NA,NA,NA,NA,NA,NA,
AC19,GND,NA,NA,NA,NA,NA,NA,
AC23,GND,NA,NA,NA,NA,NA,NA,
AC25,GND,NA,NA,NA,NA,NA,NA,
AC27,GND,NA,NA,NA,NA,NA,NA,
AC32,GND,NA,NA,NA,NA,NA,NA,
AC42,GND,NA,NA,NA,NA,NA,NA,
AD1,GND,NA,NA,NA,NA,NA,NA,
AD2,GND,NA,NA,NA,NA,NA,NA,
AD5,GND,NA,NA,NA,NA,NA,NA,
AD6,GND,NA,NA,NA,NA,NA,NA,
AD9,GND,NA,NA,NA,NA,NA,NA,
AD10,GND,NA,NA,NA,NA,NA,NA,
AD12,GND,NA,NA,NA,NA,NA,NA,
AD14,GND,NA,NA,NA,NA,NA,NA,
AD16,GND,NA,NA,NA,NA,NA,NA,
AD18,GND,NA,NA,NA,NA,NA,NA,
AD20,GND,NA,NA,NA,NA,NA,NA,
AD22,GND,NA,NA,NA,NA,NA,NA,
AD24,GND,NA,NA,NA,NA,NA,NA,
AD26,GND,NA,NA,NA,NA,NA,NA,
AD28,GND,NA,NA,NA,NA,NA,NA,
AD29,GND,NA,NA,NA,NA,NA,NA,
AD39,GND,NA,NA,NA,NA,NA,NA,
AE3,GND,NA,NA,NA,NA,NA,NA,
AE7,GND,NA,NA,NA,NA,NA,NA,
AE9,GND,NA,NA,NA,NA,NA,NA,
AE11,GND,NA,NA,NA,NA,NA,NA,
AE13,GND,NA,NA,NA,NA,NA,NA,
AE15,GND,NA,NA,NA,NA,NA,NA,
AE17,GND,NA,NA,NA,NA,NA,NA,
AE19,GND,NA,NA,NA,NA,NA,NA,
AE21,GND,NA,NA,NA,NA,NA,NA,
AE23,GND,NA,NA,NA,NA,NA,NA,
AE25,GND,NA,NA,NA,NA,NA,NA,
AE27,GND,NA,NA,NA,NA,NA,NA,
AE36,GND,NA,NA,NA,NA,NA,NA,
AF1,GND,NA,NA,NA,NA,NA,NA,
AF2,GND,NA,NA,NA,NA,NA,NA,
AF5,GND,NA,NA,NA,NA,NA,NA,
AF6,GND,NA,NA,NA,NA,NA,NA,
AF9,GND,NA,NA,NA,NA,NA,NA,
AF10,GND,NA,NA,NA,NA,NA,NA,
AF12,GND,NA,NA,NA,NA,NA,NA,
AF14,GND,NA,NA,NA,NA,NA,NA,
AF16,GND,NA,NA,NA,NA,NA,NA,
AF18,GND,NA,NA,NA,NA,NA,NA,
AF20,GND,NA,NA,NA,NA,NA,NA,
AF22,GND,NA,NA,NA,NA,NA,NA,
AF24,GND,NA,NA,NA,NA,NA,NA,
AF26,GND,NA,NA,NA,NA,NA,NA,
AF33,GND,NA,NA,NA,NA,NA,NA,
AG3,GND,NA,NA,NA,NA,NA,NA,
AG4,GND,NA,NA,NA,NA,NA,NA,
AG7,GND,NA,NA,NA,NA,NA,NA,
AG8,GND,NA,NA,NA,NA,NA,NA,
AG9,GND,NA,NA,NA,NA,NA,NA,
AG10,GND,NA,NA,NA,NA,NA,NA,
AG13,GND,NA,NA,NA,NA,NA,NA,
AG15,GND,NA,NA,NA,NA,NA,NA,
AG17,GND,NA,NA,NA,NA,NA,NA,
AG19,GND,NA,NA,NA,NA,NA,NA,
AG21,GND,NA,NA,NA,NA,NA,NA,
AG23,GND,NA,NA,NA,NA,NA,NA,
AG25,GND,NA,NA,NA,NA,NA,NA,
AG27,GND,NA,NA,NA,NA,NA,NA,
AG30,GND,NA,NA,NA,NA,NA,NA,
AG40,GND,NA,NA,NA,NA,NA,NA,
AH1,GND,NA,NA,NA,NA,NA,NA,
AH2,GND,NA,NA,NA,NA,NA,NA,
AH5,GND,NA,NA,NA,NA,NA,NA,
AH6,GND,NA,NA,NA,NA,NA,NA,
AH9,GND,NA,NA,NA,NA,NA,NA,
AH12,GND,NA,NA,NA,NA,NA,NA,
AH14,GND,NA,NA,NA,NA,NA,NA,
AH16,GND,NA,NA,NA,NA,NA,NA,
AH17,GND,NA,NA,NA,NA,NA,NA,
AH18,GND,NA,NA,NA,NA,NA,NA,
AH20,GND,NA,NA,NA,NA,NA,NA,
AH22,GND,NA,NA,NA,NA,NA,NA,
AH24,GND,NA,NA,NA,NA,NA,NA,
AH26,GND,NA,NA,NA,NA,NA,NA,
AH37,GND,NA,NA,NA,NA,NA,NA,
AJ3,GND,NA,NA,NA,NA,NA,NA,
AJ7,GND,NA,NA,NA,NA,NA,NA,
AJ9,GND,NA,NA,NA,NA,NA,NA,
AJ14,GND,NA,NA,NA,NA,NA,NA,
AJ24,GND,NA,NA,NA,NA,NA,NA,
AJ27,GND,NA,NA,NA,NA,NA,NA,
AJ34,GND,NA,NA,NA,NA,NA,NA,
AK1,GND,NA,NA,NA,NA,NA,NA,
AK2,GND,NA,NA,NA,NA,NA,NA,
AK5,GND,NA,NA,NA,NA,NA,NA,
AK6,GND,NA,NA,NA,NA,NA,NA,
AK9,GND,NA,NA,NA,NA,NA,NA,
AK11,GND,NA,NA,NA,NA,NA,NA,
AK21,GND,NA,NA,NA,NA,NA,NA,
AK31,GND,NA,NA,NA,NA,NA,NA,
AK41,GND,NA,NA,NA,NA,NA,NA,
AL3,GND,NA,NA,NA,NA,NA,NA,
AL7,GND,NA,NA,NA,NA,NA,NA,
AL9,GND,NA,NA,NA,NA,NA,NA,
AL18,GND,NA,NA,NA,NA,NA,NA,
AL28,GND,NA,NA,NA,NA,NA,NA,
AL38,GND,NA,NA,NA,NA,NA,NA,
AM1,GND,NA,NA,NA,NA,NA,NA,
AM2,GND,NA,NA,NA,NA,NA,NA,
AM5,GND,NA,NA,NA,NA,NA,NA,
AM9,GND,NA,NA,NA,NA,NA,NA,
AM10,GND,NA,NA,NA,NA,NA,NA,
AM15,GND,NA,NA,NA,NA,NA,NA,
AM25,GND,NA,NA,NA,NA,NA,NA,
AM35,GND,NA,NA,NA,NA,NA,NA,
AN3,GND,NA,NA,NA,NA,NA,NA,
AN7,GND,NA,NA,NA,NA,NA,NA,
AN9,GND,NA,NA,NA,NA,NA,NA,
AN10,GND,NA,NA,NA,NA,NA,NA,
AN12,GND,NA,NA,NA,NA,NA,NA,
AN22,GND,NA,NA,NA,NA,NA,NA,
AN32,GND,NA,NA,NA,NA,NA,NA,
AN42,GND,NA,NA,NA,NA,NA,NA,
AP1,GND,NA,NA,NA,NA,NA,NA,
AP2,GND,NA,NA,NA,NA,NA,NA,
AP5,GND,NA,NA,NA,NA,NA,NA,
AP9,GND,NA,NA,NA,NA,NA,NA,
AP10,GND,NA,NA,NA,NA,NA,NA,
AP19,GND,NA,NA,NA,NA,NA,NA,
AP29,GND,NA,NA,NA,NA,NA,NA,
AP39,GND,NA,NA,NA,NA,NA,NA,
AR3,GND,NA,NA,NA,NA,NA,NA,
AR7,GND,NA,NA,NA,NA,NA,NA,
AR9,GND,NA,NA,NA,NA,NA,NA,
AR10,GND,NA,NA,NA,NA,NA,NA,
AR16,GND,NA,NA,NA,NA,NA,NA,
AR26,GND,NA,NA,NA,NA,NA,NA,
AR36,GND,NA,NA,NA,NA,NA,NA,
AT1,GND,NA,NA,NA,NA,NA,NA,
AT2,GND,NA,NA,NA,NA,NA,NA,
AT5,GND,NA,NA,NA,NA,NA,NA,
AT6,GND,NA,NA,NA,NA,NA,NA,
AT9,GND,NA,NA,NA,NA,NA,NA,
AT10,GND,NA,NA,NA,NA,NA,NA,
AT11,GND,NA,NA,NA,NA,NA,NA,
AT13,GND,NA,NA,NA,NA,NA,NA,
AT23,GND,NA,NA,NA,NA,NA,NA,
AT33,GND,NA,NA,NA,NA,NA,NA,
AU3,GND,NA,NA,NA,NA,NA,NA,
AU7,GND,NA,NA,NA,NA,NA,NA,
AU11,GND,NA,NA,NA,NA,NA,NA,
AU20,GND,NA,NA,NA,NA,NA,NA,
AU30,GND,NA,NA,NA,NA,NA,NA,
AU40,GND,NA,NA,NA,NA,NA,NA,
AV1,GND,NA,NA,NA,NA,NA,NA,
AV2,GND,NA,NA,NA,NA,NA,NA,
AV5,GND,NA,NA,NA,NA,NA,NA,
AV9,GND,NA,NA,NA,NA,NA,NA,
AV10,GND,NA,NA,NA,NA,NA,NA,
AV11,GND,NA,NA,NA,NA,NA,NA,
AV17,GND,NA,NA,NA,NA,NA,NA,
AV27,GND,NA,NA,NA,NA,NA,NA,
AV37,GND,NA,NA,NA,NA,NA,NA,
AW3,GND,NA,NA,NA,NA,NA,NA,
AW7,GND,NA,NA,NA,NA,NA,NA,
AW11,GND,NA,NA,NA,NA,NA,NA,
AW14,GND,NA,NA,NA,NA,NA,NA,
AW24,GND,NA,NA,NA,NA,NA,NA,
AW34,GND,NA,NA,NA,NA,NA,NA,
AY1,GND,NA,NA,NA,NA,NA,NA,
AY2,GND,NA,NA,NA,NA,NA,NA,
AY5,GND,NA,NA,NA,NA,NA,NA,
AY9,GND,NA,NA,NA,NA,NA,NA,
AY10,GND,NA,NA,NA,NA,NA,NA,
AY11,GND,NA,NA,NA,NA,NA,NA,
AY21,GND,NA,NA,NA,NA,NA,NA,
AY31,GND,NA,NA,NA,NA,NA,NA,
AY41,GND,NA,NA,NA,NA,NA,NA,
B1,GND,NA,NA,NA,NA,NA,NA,
B2,GND,NA,NA,NA,NA,NA,NA,
B5,GND,NA,NA,NA,NA,NA,NA,
B9,GND,NA,NA,NA,NA,NA,NA,
B10,GND,NA,NA,NA,NA,NA,NA,
B12,GND,NA,NA,NA,NA,NA,NA,
B13,GND,NA,NA,NA,NA,NA,NA,
B15,GND,NA,NA,NA,NA,NA,NA,
B25,GND,NA,NA,NA,NA,NA,NA,
B35,GND,NA,NA,NA,NA,NA,NA,
BA3,GND,NA,NA,NA,NA,NA,NA,
BA7,GND,NA,NA,NA,NA,NA,NA,
BA11,GND,NA,NA,NA,NA,NA,NA,
BA18,GND,NA,NA,NA,NA,NA,NA,
BA28,GND,NA,NA,NA,NA,NA,NA,
BA38,GND,NA,NA,NA,NA,NA,NA,
BB2,GND,NA,NA,NA,NA,NA,NA,
BB5,GND,NA,NA,NA,NA,NA,NA,
BB6,GND,NA,NA,NA,NA,NA,NA,
BB9,GND,NA,NA,NA,NA,NA,NA,
BB10,GND,NA,NA,NA,NA,NA,NA,
BB11,GND,NA,NA,NA,NA,NA,NA,
BB15,GND,NA,NA,NA,NA,NA,NA,
BB25,GND,NA,NA,NA,NA,NA,NA,
BB35,GND,NA,NA,NA,NA,NA,NA,
C3,GND,NA,NA,NA,NA,NA,NA,
C7,GND,NA,NA,NA,NA,NA,NA,
C11,GND,NA,NA,NA,NA,NA,NA,
C12,GND,NA,NA,NA,NA,NA,NA,
C22,GND,NA,NA,NA,NA,NA,NA,
C32,GND,NA,NA,NA,NA,NA,NA,
C42,GND,NA,NA,NA,NA,NA,NA,
D1,GND,NA,NA,NA,NA,NA,NA,
D2,GND,NA,NA,NA,NA,NA,NA,
D5,GND,NA,NA,NA,NA,NA,NA,
D9,GND,NA,NA,NA,NA,NA,NA,
D10,GND,NA,NA,NA,NA,NA,NA,
D11,GND,NA,NA,NA,NA,NA,NA,
D19,GND,NA,NA,NA,NA,NA,NA,
D29,GND,NA,NA,NA,NA,NA,NA,
D39,GND,NA,NA,NA,NA,NA,NA,
E3,GND,NA,NA,NA,NA,NA,NA,
E7,GND,NA,NA,NA,NA,NA,NA,
E11,GND,NA,NA,NA,NA,NA,NA,
E16,GND,NA,NA,NA,NA,NA,NA,
E26,GND,NA,NA,NA,NA,NA,NA,
E36,GND,NA,NA,NA,NA,NA,NA,
F1,GND,NA,NA,NA,NA,NA,NA,
F2,GND,NA,NA,NA,NA,NA,NA,
F5,GND,NA,NA,NA,NA,NA,NA,
F9,GND,NA,NA,NA,NA,NA,NA,
F10,GND,NA,NA,NA,NA,NA,NA,
F11,GND,NA,NA,NA,NA,NA,NA,
F13,GND,NA,NA,NA,NA,NA,NA,
F23,GND,NA,NA,NA,NA,NA,NA,
F33,GND,NA,NA,NA,NA,NA,NA,
G3,GND,NA,NA,NA,NA,NA,NA,
G7,GND,NA,NA,NA,NA,NA,NA,
G11,GND,NA,NA,NA,NA,NA,NA,
G20,GND,NA,NA,NA,NA,NA,NA,
G30,GND,NA,NA,NA,NA,NA,NA,
G40,GND,NA,NA,NA,NA,NA,NA,
H1,GND,NA,NA,NA,NA,NA,NA,
H2,GND,NA,NA,NA,NA,NA,NA,
H5,GND,NA,NA,NA,NA,NA,NA,
H9,GND,NA,NA,NA,NA,NA,NA,
H10,GND,NA,NA,NA,NA,NA,NA,
H11,GND,NA,NA,NA,NA,NA,NA,
H17,GND,NA,NA,NA,NA,NA,NA,
H27,GND,NA,NA,NA,NA,NA,NA,
H37,GND,NA,NA,NA,NA,NA,NA,
J3,GND,NA,NA,NA,NA,NA,NA,
J7,GND,NA,NA,NA,NA,NA,NA,
J9,GND,NA,NA,NA,NA,NA,NA,
J10,GND,NA,NA,NA,NA,NA,NA,
J14,GND,NA,NA,NA,NA,NA,NA,
J24,GND,NA,NA,NA,NA,NA,NA,
J34,GND,NA,NA,NA,NA,NA,NA,
K1,GND,NA,NA,NA,NA,NA,NA,
K2,GND,NA,NA,NA,NA,NA,NA,
K5,GND,NA,NA,NA,NA,NA,NA,
K6,GND,NA,NA,NA,NA,NA,NA,
K9,GND,NA,NA,NA,NA,NA,NA,
K10,GND,NA,NA,NA,NA,NA,NA,
K11,GND,NA,NA,NA,NA,NA,NA,
K21,GND,NA,NA,NA,NA,NA,NA,
K31,GND,NA,NA,NA,NA,NA,NA,
K41,GND,NA,NA,NA,NA,NA,NA,
L3,GND,NA,NA,NA,NA,NA,NA,
L7,GND,NA,NA,NA,NA,NA,NA,
L9,GND,NA,NA,NA,NA,NA,NA,
L10,GND,NA,NA,NA,NA,NA,NA,
L18,GND,NA,NA,NA,NA,NA,NA,
L28,GND,NA,NA,NA,NA,NA,NA,
L38,GND,NA,NA,NA,NA,NA,NA,
M1,GND,NA,NA,NA,NA,NA,NA,
M2,GND,NA,NA,NA,NA,NA,NA,
M5,GND,NA,NA,NA,NA,NA,NA,
M6,GND,NA,NA,NA,NA,NA,NA,
M9,GND,NA,NA,NA,NA,NA,NA,
M15,GND,NA,NA,NA,NA,NA,NA,
M25,GND,NA,NA,NA,NA,NA,NA,
M35,GND,NA,NA,NA,NA,NA,NA,
N3,GND,NA,NA,NA,NA,NA,NA,
N7,GND,NA,NA,NA,NA,NA,NA,
N9,GND,NA,NA,NA,NA,NA,NA,
N12,GND,NA,NA,NA,NA,NA,NA,
N22,GND,NA,NA,NA,NA,NA,NA,
N32,GND,NA,NA,NA,NA,NA,NA,
N42,GND,NA,NA,NA,NA,NA,NA,
P1,GND,NA,NA,NA,NA,NA,NA,
P2,GND,NA,NA,NA,NA,NA,NA,
P5,GND,NA,NA,NA,NA,NA,NA,
P9,GND,NA,NA,NA,NA,NA,NA,
P12,GND,NA,NA,NA,NA,NA,NA,
P16,GND,NA,NA,NA,NA,NA,NA,
P19,GND,NA,NA,NA,NA,NA,NA,
P29,GND,NA,NA,NA,NA,NA,NA,
P39,GND,NA,NA,NA,NA,NA,NA,
R3,GND,NA,NA,NA,NA,NA,NA,
R7,GND,NA,NA,NA,NA,NA,NA,
R9,GND,NA,NA,NA,NA,NA,NA,
R11,GND,NA,NA,NA,NA,NA,NA,
R13,GND,NA,NA,NA,NA,NA,NA,
R15,GND,NA,NA,NA,NA,NA,NA,
R17,GND,NA,NA,NA,NA,NA,NA,
R19,GND,NA,NA,NA,NA,NA,NA,
R21,GND,NA,NA,NA,NA,NA,NA,
R23,GND,NA,NA,NA,NA,NA,NA,
R25,GND,NA,NA,NA,NA,NA,NA,
R27,GND,NA,NA,NA,NA,NA,NA,
R36,GND,NA,NA,NA,NA,NA,NA,
T1,GND,NA,NA,NA,NA,NA,NA,
T2,GND,NA,NA,NA,NA,NA,NA,
T5,GND,NA,NA,NA,NA,NA,NA,
T6,GND,NA,NA,NA,NA,NA,NA,
T9,GND,NA,NA,NA,NA,NA,NA,
T12,GND,NA,NA,NA,NA,NA,NA,
T14,GND,NA,NA,NA,NA,NA,NA,
T16,GND,NA,NA,NA,NA,NA,NA,
T18,GND,NA,NA,NA,NA,NA,NA,
T20,GND,NA,NA,NA,NA,NA,NA,
T22,GND,NA,NA,NA,NA,NA,NA,
T24,GND,NA,NA,NA,NA,NA,NA,
T26,GND,NA,NA,NA,NA,NA,NA,
T33,GND,NA,NA,NA,NA,NA,NA,
U3,GND,NA,NA,NA,NA,NA,NA,
U4,GND,NA,NA,NA,NA,NA,NA,
U7,GND,NA,NA,NA,NA,NA,NA,
U9,GND,NA,NA,NA,NA,NA,NA,
U10,GND,NA,NA,NA,NA,NA,NA,
U11,GND,NA,NA,NA,NA,NA,NA,
U13,GND,NA,NA,NA,NA,NA,NA,
U15,GND,NA,NA,NA,NA,NA,NA,
U17,GND,NA,NA,NA,NA,NA,NA,
U19,GND,NA,NA,NA,NA,NA,NA,
U21,GND,NA,NA,NA,NA,NA,NA,
U23,GND,NA,NA,NA,NA,NA,NA,
U25,GND,NA,NA,NA,NA,NA,NA,
U27,GND,NA,NA,NA,NA,NA,NA,
U30,GND,NA,NA,NA,NA,NA,NA,
U40,GND,NA,NA,NA,NA,NA,NA,
V1,GND,NA,NA,NA,NA,NA,NA,
V2,GND,NA,NA,NA,NA,NA,NA,
V5,GND,NA,NA,NA,NA,NA,NA,
V6,GND,NA,NA,NA,NA,NA,NA,
V9,GND,NA,NA,NA,NA,NA,NA,
V10,GND,NA,NA,NA,NA,NA,NA,
V12,GND,NA,NA,NA,NA,NA,NA,
V14,GND,NA,NA,NA,NA,NA,NA,
V16,GND,NA,NA,NA,NA,NA,NA,
V18,GND,NA,NA,NA,NA,NA,NA,
V20,GND,NA,NA,NA,NA,NA,NA,
V22,GND,NA,NA,NA,NA,NA,NA,
V24,GND,NA,NA,NA,NA,NA,NA,
V26,GND,NA,NA,NA,NA,NA,NA,
V28,GND,NA,NA,NA,NA,NA,NA,
V37,GND,NA,NA,NA,NA,NA,NA,
W3,GND,NA,NA,NA,NA,NA,NA,
W7,GND,NA,NA,NA,NA,NA,NA,
W11,GND,NA,NA,NA,NA,NA,NA,
W13,GND,NA,NA,NA,NA,NA,NA,
W15,GND,NA,NA,NA,NA,NA,NA,
W17,GND,NA,NA,NA,NA,NA,NA,
W19,GND,NA,NA,NA,NA,NA,NA,
W21,GND,NA,NA,NA,NA,NA,NA,
W23,GND,NA,NA,NA,NA,NA,NA,
W25,GND,NA,NA,NA,NA,NA,NA,
W27,GND,NA,NA,NA,NA,NA,NA,
W34,GND,NA,NA,NA,NA,NA,NA,
Y1,GND,NA,NA,NA,NA,NA,NA,
Y2,GND,NA,NA,NA,NA,NA,NA,
Y5,GND,NA,NA,NA,NA,NA,NA,
Y6,GND,NA,NA,NA,NA,NA,NA,
Y9,GND,NA,NA,NA,NA,NA,NA,
Y10,GND,NA,NA,NA,NA,NA,NA,
Y12,GND,NA,NA,NA,NA,NA,NA,
Y14,GND,NA,NA,NA,NA,NA,NA,
Y16,GND,NA,NA,NA,NA,NA,NA,
Y18,GND,NA,NA,NA,NA,NA,NA,
Y22,GND,NA,NA,NA,NA,NA,NA,
Y24,GND,NA,NA,NA,NA,NA,NA,
Y26,GND,NA,NA,NA,NA,NA,NA,
Y28,GND,NA,NA,NA,NA,NA,NA,
Y31,GND,NA,NA,NA,NA,NA,NA,
Y41,GND,NA,NA,NA,NA,NA,NA,
AA10,VCCINT,NA,NA,NA,NA,NA,NA,
AA12,VCCINT,NA,NA,NA,NA,NA,NA,
AA14,VCCINT,NA,NA,NA,NA,NA,NA,
AA16,VCCINT,NA,NA,NA,NA,NA,NA,
AA24,VCCINT,NA,NA,NA,NA,NA,NA,
AA28,VCCINT,NA,NA,NA,NA,NA,NA,
AB11,VCCINT,NA,NA,NA,NA,NA,NA,
AB13,VCCINT,NA,NA,NA,NA,NA,NA,
AB15,VCCINT,NA,NA,NA,NA,NA,NA,
AB19,VCCINT,NA,NA,NA,NA,NA,NA,
AB23,VCCINT,NA,NA,NA,NA,NA,NA,
AB27,VCCINT,NA,NA,NA,NA,NA,NA,
AC12,VCCINT,NA,NA,NA,NA,NA,NA,
AC14,VCCINT,NA,NA,NA,NA,NA,NA,
AC16,VCCINT,NA,NA,NA,NA,NA,NA,
AC24,VCCINT,NA,NA,NA,NA,NA,NA,
AC28,VCCINT,NA,NA,NA,NA,NA,NA,
AD11,VCCINT,NA,NA,NA,NA,NA,NA,
AD13,VCCINT,NA,NA,NA,NA,NA,NA,
AD15,VCCINT,NA,NA,NA,NA,NA,NA,
AD19,VCCINT,NA,NA,NA,NA,NA,NA,
AD21,VCCINT,NA,NA,NA,NA,NA,NA,
AD23,VCCINT,NA,NA,NA,NA,NA,NA,
AD27,VCCINT,NA,NA,NA,NA,NA,NA,
AE10,VCCINT,NA,NA,NA,NA,NA,NA,
AE12,VCCINT,NA,NA,NA,NA,NA,NA,
AE14,VCCINT,NA,NA,NA,NA,NA,NA,
AE16,VCCINT,NA,NA,NA,NA,NA,NA,
AE20,VCCINT,NA,NA,NA,NA,NA,NA,
AE24,VCCINT,NA,NA,NA,NA,NA,NA,
AE28,VCCINT,NA,NA,NA,NA,NA,NA,
AF11,VCCINT,NA,NA,NA,NA,NA,NA,
AF13,VCCINT,NA,NA,NA,NA,NA,NA,
AF15,VCCINT,NA,NA,NA,NA,NA,NA,
AF21,VCCINT,NA,NA,NA,NA,NA,NA,
AF23,VCCINT,NA,NA,NA,NA,NA,NA,
AF27,VCCINT,NA,NA,NA,NA,NA,NA,
AG12,VCCINT,NA,NA,NA,NA,NA,NA,
AG14,VCCINT,NA,NA,NA,NA,NA,NA,
AG16,VCCINT,NA,NA,NA,NA,NA,NA,
AG20,VCCINT,NA,NA,NA,NA,NA,NA,
AG24,VCCINT,NA,NA,NA,NA,NA,NA,
AG28,VCCINT,NA,NA,NA,NA,NA,NA,
AH11,VCCINT,NA,NA,NA,NA,NA,NA,
AH13,VCCINT,NA,NA,NA,NA,NA,NA,
AH15,VCCINT,NA,NA,NA,NA,NA,NA,
AH19,VCCINT,NA,NA,NA,NA,NA,NA,
AH23,VCCINT,NA,NA,NA,NA,NA,NA,
AH27,VCCINT,NA,NA,NA,NA,NA,NA,
P13,VCCINT,NA,NA,NA,NA,NA,NA,
P15,VCCINT,NA,NA,NA,NA,NA,NA,
P27,VCCINT,NA,NA,NA,NA,NA,NA,
R12,VCCINT,NA,NA,NA,NA,NA,NA,
R14,VCCINT,NA,NA,NA,NA,NA,NA,
R16,VCCINT,NA,NA,NA,NA,NA,NA,
R20,VCCINT,NA,NA,NA,NA,NA,NA,
R24,VCCINT,NA,NA,NA,NA,NA,NA,
T13,VCCINT,NA,NA,NA,NA,NA,NA,
T15,VCCINT,NA,NA,NA,NA,NA,NA,
T21,VCCINT,NA,NA,NA,NA,NA,NA,
T23,VCCINT,NA,NA,NA,NA,NA,NA,
T27,VCCINT,NA,NA,NA,NA,NA,NA,
U12,VCCINT,NA,NA,NA,NA,NA,NA,
U14,VCCINT,NA,NA,NA,NA,NA,NA,
U16,VCCINT,NA,NA,NA,NA,NA,NA,
U20,VCCINT,NA,NA,NA,NA,NA,NA,
U24,VCCINT,NA,NA,NA,NA,NA,NA,
V11,VCCINT,NA,NA,NA,NA,NA,NA,
V13,VCCINT,NA,NA,NA,NA,NA,NA,
V15,VCCINT,NA,NA,NA,NA,NA,NA,
V19,VCCINT,NA,NA,NA,NA,NA,NA,
V21,VCCINT,NA,NA,NA,NA,NA,NA,
V23,VCCINT,NA,NA,NA,NA,NA,NA,
V27,VCCINT,NA,NA,NA,NA,NA,NA,
W12,VCCINT,NA,NA,NA,NA,NA,NA,
W14,VCCINT,NA,NA,NA,NA,NA,NA,
W16,VCCINT,NA,NA,NA,NA,NA,NA,
W20,VCCINT,NA,NA,NA,NA,NA,NA,
W24,VCCINT,NA,NA,NA,NA,NA,NA,
W28,VCCINT,NA,NA,NA,NA,NA,NA,
Y11,VCCINT,NA,NA,NA,NA,NA,NA,
Y13,VCCINT,NA,NA,NA,NA,NA,NA,
Y15,VCCINT,NA,NA,NA,NA,NA,NA,
Y19,VCCINT,NA,NA,NA,NA,NA,NA,
Y23,VCCINT,NA,NA,NA,NA,NA,NA,
Y27,VCCINT,NA,NA,NA,NA,NA,NA,
AA26,VCCAUX,NA,NA,NA,NA,NA,NA,
AB17,VCCAUX,NA,NA,NA,NA,NA,NA,
AC26,VCCAUX,NA,NA,NA,NA,NA,NA,
AD17,VCCAUX,NA,NA,NA,NA,NA,NA,
AE26,VCCAUX,NA,NA,NA,NA,NA,NA,
AF17,VCCAUX,NA,NA,NA,NA,NA,NA,
AG26,VCCAUX,NA,NA,NA,NA,NA,NA,
T17,VCCAUX,NA,NA,NA,NA,NA,NA,
U26,VCCAUX,NA,NA,NA,NA,NA,NA,
V17,VCCAUX,NA,NA,NA,NA,NA,NA,
W26,VCCAUX,NA,NA,NA,NA,NA,NA,
Y17,VCCAUX,NA,NA,NA,NA,NA,NA,
AH25,VCCAUX_IO_G0,NA,NA,NA,NA,NA,NA,
AF25,VCCAUX_IO_G0,NA,NA,NA,NA,NA,NA,
AD25,VCCAUX_IO_G1,NA,NA,NA,NA,NA,NA,
AB25,VCCAUX_IO_G1,NA,NA,NA,NA,NA,NA,
Y25,VCCAUX_IO_G1,NA,NA,NA,NA,NA,NA,
V25,VCCAUX_IO_G2,NA,NA,NA,NA,NA,NA,
T25,VCCAUX_IO_G2,NA,NA,NA,NA,NA,NA,
R26,VCCAUX_IO_G2,NA,NA,NA,NA,NA,NA,
AG18,VCCAUX_IO_G3,NA,NA,NA,NA,NA,NA,
AF19,VCCAUX_IO_G3,NA,NA,NA,NA,NA,NA,
AE18,VCCAUX_IO_G3,NA,NA,NA,NA,NA,NA,
AC18,VCCAUX_IO_G4,NA,NA,NA,NA,NA,NA,
AA18,VCCAUX_IO_G4,NA,NA,NA,NA,NA,NA,
W18,VCCAUX_IO_G4,NA,NA,NA,NA,NA,NA,
U18,VCCAUX_IO_G5,NA,NA,NA,NA,NA,NA,
T19,VCCAUX_IO_G5,NA,NA,NA,NA,NA,NA,
R18,VCCAUX_IO_G5,NA,NA,NA,NA,NA,NA,
AF28,VCCO_14,NA,14,NA,NA,NA,NA,
AH32,VCCO_14,NA,14,NA,NA,NA,NA,
AJ29,VCCO_14,NA,14,NA,NA,NA,NA,
AK36,VCCO_14,NA,14,NA,NA,NA,NA,
AL33,VCCO_14,NA,14,NA,NA,NA,NA,
AM30,VCCO_14,NA,14,NA,NA,NA,NA,
AN37,VCCO_14,NA,14,NA,NA,NA,NA,
AM40,VCCO_15,NA,15,NA,NA,NA,NA,
AR41,VCCO_15,NA,15,NA,NA,NA,NA,
AT38,VCCO_15,NA,15,NA,NA,NA,NA,
AV42,VCCO_15,NA,15,NA,NA,NA,NA,
AW39,VCCO_15,NA,15,NA,NA,NA,NA,
BB40,VCCO_15,NA,15,NA,NA,NA,NA,
AA33,VCCO_16,NA,16,NA,NA,NA,NA,
AB30,VCCO_16,NA,16,NA,NA,NA,NA,
AD34,VCCO_16,NA,16,NA,NA,NA,NA,
AE31,VCCO_16,NA,16,NA,NA,NA,NA,
AG35,VCCO_16,NA,16,NA,NA,NA,NA,
Y36,VCCO_16,NA,16,NA,NA,NA,NA,
AB40,VCCO_17,NA,17,NA,NA,NA,NA,
AC37,VCCO_17,NA,17,NA,NA,NA,NA,
AE41,VCCO_17,NA,17,NA,NA,NA,NA,
AF38,VCCO_17,NA,17,NA,NA,NA,NA,
AH42,VCCO_17,NA,17,NA,NA,NA,NA,
AJ39,VCCO_17,NA,17,NA,NA,NA,NA,
P34,VCCO_18,NA,18,NA,NA,NA,NA,
T38,VCCO_18,NA,18,NA,NA,NA,NA,
U35,VCCO_18,NA,18,NA,NA,NA,NA,
V32,VCCO_18,NA,18,NA,NA,NA,NA,
V42,VCCO_18,NA,18,NA,NA,NA,NA,
W39,VCCO_18,NA,18,NA,NA,NA,NA,
B40,VCCO_19,NA,19,NA,NA,NA,NA,
E41,VCCO_19,NA,19,NA,NA,NA,NA,
H42,VCCO_19,NA,19,NA,NA,NA,NA,
J39,VCCO_19,NA,19,NA,NA,NA,NA,
M40,VCCO_19,NA,19,NA,NA,NA,NA,
N37,VCCO_19,NA,19,NA,NA,NA,NA,
R41,VCCO_19,NA,19,NA,NA,NA,NA,
AK16,VCCO_31,NA,31,NA,NA,NA,NA,
AL13,VCCO_31,NA,31,NA,NA,NA,NA,
AP14,VCCO_31,NA,31,NA,NA,NA,NA,
AR11,VCCO_31,NA,31,NA,NA,NA,NA,
AU15,VCCO_31,NA,31,NA,NA,NA,NA,
AV12,VCCO_31,NA,31,NA,NA,NA,NA,
BA13,VCCO_31,NA,31,NA,NA,NA,NA,
AJ19,VCCO_32,NA,32,NA,NA,NA,NA,
AN17,VCCO_32,NA,32,NA,NA,NA,NA,
AT18,VCCO_32,NA,32,NA,NA,NA,NA,
AW19,VCCO_32,NA,32,NA,NA,NA,NA,
AY16,VCCO_32,NA,32,NA,NA,NA,NA,
BB20,VCCO_32,NA,32,NA,NA,NA,NA,
AL23,VCCO_33,NA,33,NA,NA,NA,NA,
AM20,VCCO_33,NA,33,NA,NA,NA,NA,
AP24,VCCO_33,NA,33,NA,NA,NA,NA,
AR21,VCCO_33,NA,33,NA,NA,NA,NA,
AV22,VCCO_33,NA,33,NA,NA,NA,NA,
BA23,VCCO_33,NA,33,NA,NA,NA,NA,
H32,VCCO_34,NA,34,NA,NA,NA,NA,
L33,VCCO_34,NA,34,NA,NA,NA,NA,
M30,VCCO_34,NA,34,NA,NA,NA,NA,
R31,VCCO_34,NA,34,NA,NA,NA,NA,
T28,VCCO_34,NA,34,NA,NA,NA,NA,
W29,VCCO_34,NA,34,NA,NA,NA,NA,
A33,VCCO_35,NA,35,NA,NA,NA,NA,
C37,VCCO_35,NA,35,NA,NA,NA,NA,
D34,VCCO_35,NA,35,NA,NA,NA,NA,
E31,VCCO_35,NA,35,NA,NA,NA,NA,
F38,VCCO_35,NA,35,NA,NA,NA,NA,
G35,VCCO_35,NA,35,NA,NA,NA,NA,
K36,VCCO_35,NA,35,NA,NA,NA,NA,
G25,VCCO_36,NA,36,NA,NA,NA,NA,
H22,VCCO_36,NA,36,NA,NA,NA,NA,
J29,VCCO_36,NA,36,NA,NA,NA,NA,
K26,VCCO_36,NA,36,NA,NA,NA,NA,
L23,VCCO_36,NA,36,NA,NA,NA,NA,
N27,VCCO_36,NA,36,NA,NA,NA,NA,
P24,VCCO_36,NA,36,NA,NA,NA,NA,
A23,VCCO_37,NA,37,NA,NA,NA,NA,
B30,VCCO_37,NA,37,NA,NA,NA,NA,
C27,VCCO_37,NA,37,NA,NA,NA,NA,
D24,VCCO_37,NA,37,NA,NA,NA,NA,
E21,VCCO_37,NA,37,NA,NA,NA,NA,
F28,VCCO_37,NA,37,NA,NA,NA,NA,
B20,VCCO_38,NA,38,NA,NA,NA,NA,
C17,VCCO_38,NA,38,NA,NA,NA,NA,
F18,VCCO_38,NA,38,NA,NA,NA,NA,
J19,VCCO_38,NA,38,NA,NA,NA,NA,
M20,VCCO_38,NA,38,NA,NA,NA,NA,
N17,VCCO_38,NA,38,NA,NA,NA,NA,
D14,VCCO_39,NA,39,NA,NA,NA,NA,
G15,VCCO_39,NA,39,NA,NA,NA,NA,
H12,VCCO_39,NA,39,NA,NA,NA,NA,
K16,VCCO_39,NA,39,NA,NA,NA,NA,
L13,VCCO_39,NA,39,NA,NA,NA,NA,
P14,VCCO_39,NA,39,NA,NA,NA,NA,
M10,VCCO_0,NA,0,NA,NA,NA,NA,
T11,VCCO_0,NA,0,NA,NA,NA,NA,
AK26,VCCO_12,NA,12,NA,NA,NA,NA,
AN27,VCCO_12,NA,12,NA,NA,NA,NA,
AT28,VCCO_12,NA,12,NA,NA,NA,NA,
AU25,VCCO_12,NA,12,NA,NA,NA,NA,
AW29,VCCO_12,NA,12,NA,NA,NA,NA,
AY26,VCCO_12,NA,12,NA,NA,NA,NA,
AP34,VCCO_13,NA,13,NA,NA,NA,NA,
AR31,VCCO_13,NA,13,NA,NA,NA,NA,
AU35,VCCO_13,NA,13,NA,NA,NA,NA,
AV32,VCCO_13,NA,13,NA,NA,NA,NA,
AY36,VCCO_13,NA,13,NA,NA,NA,NA,
BA33,VCCO_13,NA,13,NA,NA,NA,NA,
BB30,VCCO_13,NA,13,NA,NA,NA,NA,
AA22,VCCBRAM,NA,NA,NA,NA,NA,NA,
AC22,VCCBRAM,NA,NA,NA,NA,NA,NA,
AE22,VCCBRAM,NA,NA,NA,NA,NA,NA,
AG22,VCCBRAM,NA,NA,NA,NA,NA,NA,
AH21,VCCBRAM,NA,NA,NA,NA,NA,NA,
R22,VCCBRAM,NA,NA,NA,NA,NA,NA,
U22,VCCBRAM,NA,NA,NA,NA,NA,NA,
W22,VCCBRAM,NA,NA,NA,NA,NA,NA,
Y21,VCCADC,NA,NA,NA,NA,NA,NA,
Y20,GNDADC,NA,NA,NA,NA,NA,NA,
,,,,,,,,
Total Number of Pins Generated,1760,,,,,,,
