Device/Package xc7vx1140tflg1926 4/30/2012 11:04:14,,,,,,,
,,,,,,,
Pin,Pin Name,Memory Byte Group,Bank,VCCAUX Group,Super Logic Region,I/O Type,No-Connect
AD22,DXN_0,NA,0,NA,1,CONFIG,NA
AD23,DXP_0,NA,0,NA,1,CONFIG,NA
AB22,VREFN_0,NA,0,NA,1,CONFIG,NA
AC23,VREFP_0,NA,0,NA,1,CONFIG,NA
AB23,VP_0,NA,0,NA,1,CONFIG,NA
AC22,VN_0,NA,0,NA,1,CONFIG,NA
U35,VCCBATT_0,NA,0,NA,1,CONFIG,NA
W35,CCLK_0,NA,0,NA,1,CONFIG,NA
AC35,TCK_0,NA,0,NA,1,CONFIG,NA
AG35,TMS_0,NA,0,NA,1,CONFIG,NA
AE35,TDI_0,NA,0,NA,1,CONFIG,NA
W10,INIT_B_0,NA,0,NA,1,CONFIG,NA
Y11,PROGRAM_B_0,NA,0,NA,1,CONFIG,NA
AA10,CFGBVS_0,NA,0,NA,1,CONFIG,NA
AE10,DONE_0,NA,0,NA,1,CONFIG,NA
AD11,M2_0,NA,0,NA,1,CONFIG,NA
AC10,M0_0,NA,0,NA,1,CONFIG,NA
AB11,M1_0,NA,0,NA,1,CONFIG,NA
AA35,TDO_0,NA,0,NA,3,CONFIG,NA
AH30,IO_0_VRN_10,NA,10,0,0,HP,NA
AK31,IO_L1P_T0_10,0,10,0,0,HP,NA
AL31,IO_L1N_T0_10,0,10,0,0,HP,NA
AJ30,IO_L2P_T0_10,0,10,0,0,HP,NA
AJ31,IO_L2N_T0_10,0,10,0,0,HP,NA
AM30,IO_L3P_T0_DQS_10,0,10,0,0,HP,NA
AN30,IO_L3N_T0_DQS_10,0,10,0,0,HP,NA
AL30,IO_L4P_T0_10,0,10,0,0,HP,NA
AM31,IO_L4N_T0_10,0,10,0,0,HP,NA
AM32,IO_L5P_T0_10,0,10,0,0,HP,NA
AN32,IO_L5N_T0_10,0,10,0,0,HP,NA
AN29,IO_L6P_T0_10,0,10,0,0,HP,NA
AP30,IO_L6N_T0_VREF_10,0,10,0,0,HP,NA
AY28,IO_L7P_T1_10,1,10,0,0,HP,NA
BA28,IO_L7N_T1_10,1,10,0,0,HP,NA
BA30,IO_L8P_T1_10,1,10,0,0,HP,NA
BA31,IO_L8N_T1_10,1,10,0,0,HP,NA
AY29,IO_L9P_T1_DQS_10,1,10,0,0,HP,NA
BA29,IO_L9N_T1_DQS_10,1,10,0,0,HP,NA
AY31,IO_L10P_T1_10,1,10,0,0,HP,NA
AY32,IO_L10N_T1_10,1,10,0,0,HP,NA
AV29,IO_L11P_T1_SRCC_10,1,10,0,0,HP,NA
AW29,IO_L11N_T1_SRCC_10,1,10,0,0,HP,NA
AW30,IO_L12P_T1_MRCC_10,1,10,0,0,HP,NA
AW31,IO_L12N_T1_MRCC_10,1,10,0,0,HP,NA
AU30,IO_L13P_T2_MRCC_10,2,10,0,0,HP,NA
AV30,IO_L13N_T2_MRCC_10,2,10,0,0,HP,NA
AU28,IO_L14P_T2_SRCC_10,2,10,0,0,HP,NA
AV28,IO_L14N_T2_SRCC_10,2,10,0,0,HP,NA
AP31,IO_L15P_T2_DQS_10,2,10,0,0,HP,NA
AR31,IO_L15N_T2_DQS_10,2,10,0,0,HP,NA
AR29,IO_L16P_T2_10,2,10,0,0,HP,NA
AT30,IO_L16N_T2_10,2,10,0,0,HP,NA
AT31,IO_L17P_T2_10,2,10,0,0,HP,NA
AU31,IO_L17N_T2_10,2,10,0,0,HP,NA
AT28,IO_L18P_T2_10,2,10,0,0,HP,NA
AT29,IO_L18N_T2_10,2,10,0,0,HP,NA
BB30,IO_L19P_T3_10,3,10,0,0,HP,NA
BB31,IO_L19N_T3_VREF_10,3,10,0,0,HP,NA
BB28,IO_L20P_T3_10,3,10,0,0,HP,NA
BC28,IO_L20N_T3_10,3,10,0,0,HP,NA
BD31,IO_L21P_T3_DQS_10,3,10,0,0,HP,NA
BD32,IO_L21N_T3_DQS_10,3,10,0,0,HP,NA
BC29,IO_L22P_T3_10,3,10,0,0,HP,NA
BD29,IO_L22N_T3_10,3,10,0,0,HP,NA
BB32,IO_L23P_T3_10,3,10,0,0,HP,NA
BC32,IO_L23N_T3_10,3,10,0,0,HP,NA
BC30,IO_L24P_T3_10,3,10,0,0,HP,NA
BD30,IO_L24N_T3_10,3,10,0,0,HP,NA
AP29,IO_25_VRP_10,NA,10,0,0,HP,NA
AL25,IO_0_VRN_11,NA,11,0,0,HP,NA
AH27,IO_L1P_T0_11,0,11,0,0,HP,NA
AH28,IO_L1N_T0_11,0,11,0,0,HP,NA
AJ26,IO_L2P_T0_11,0,11,0,0,HP,NA
AJ27,IO_L2N_T0_11,0,11,0,0,HP,NA
AH29,IO_L3P_T0_DQS_11,0,11,0,0,HP,NA
AJ29,IO_L3N_T0_DQS_11,0,11,0,0,HP,NA
AK27,IO_L4P_T0_11,0,11,0,0,HP,NA
AK28,IO_L4N_T0_11,0,11,0,0,HP,NA
AK29,IO_L5P_T0_11,0,11,0,0,HP,NA
AL29,IO_L5N_T0_11,0,11,0,0,HP,NA
AK26,IO_L6P_T0_11,0,11,0,0,HP,NA
AL26,IO_L6N_T0_VREF_11,0,11,0,0,HP,NA
AM27,IO_L7P_T1_11,1,11,0,0,HP,NA
AM28,IO_L7N_T1_11,1,11,0,0,HP,NA
AM25,IO_L8P_T1_11,1,11,0,0,HP,NA
AM26,IO_L8N_T1_11,1,11,0,0,HP,NA
AN27,IO_L9P_T1_DQS_11,1,11,0,0,HP,NA
AN28,IO_L9N_T1_DQS_11,1,11,0,0,HP,NA
AN25,IO_L10P_T1_11,1,11,0,0,HP,NA
AP25,IO_L10N_T1_11,1,11,0,0,HP,NA
AR27,IO_L11P_T1_SRCC_11,1,11,0,0,HP,NA
AR28,IO_L11N_T1_SRCC_11,1,11,0,0,HP,NA
AP26,IO_L12P_T1_MRCC_11,1,11,0,0,HP,NA
AP27,IO_L12N_T1_MRCC_11,1,11,0,0,HP,NA
AR26,IO_L13P_T2_MRCC_11,2,11,0,0,HP,NA
AT26,IO_L13N_T2_MRCC_11,2,11,0,0,HP,NA
AT25,IO_L14P_T2_SRCC_11,2,11,0,0,HP,NA
AU26,IO_L14N_T2_SRCC_11,2,11,0,0,HP,NA
AU25,IO_L15P_T2_DQS_11,2,11,0,0,HP,NA
AV25,IO_L15N_T2_DQS_11,2,11,0,0,HP,NA
AW27,IO_L16P_T2_11,2,11,0,0,HP,NA
AY27,IO_L16N_T2_11,2,11,0,0,HP,NA
AW25,IO_L17P_T2_11,2,11,0,0,HP,NA
AW26,IO_L17N_T2_11,2,11,0,0,HP,NA
AU27,IO_L18P_T2_11,2,11,0,0,HP,NA
AV27,IO_L18N_T2_11,2,11,0,0,HP,NA
AY26,IO_L19P_T3_11,3,11,0,0,HP,NA
BA26,IO_L19N_T3_VREF_11,3,11,0,0,HP,NA
BD24,IO_L20P_T3_11,3,11,0,0,HP,NA
BD25,IO_L20N_T3_11,3,11,0,0,HP,NA
BC25,IO_L21P_T3_DQS_11,3,11,0,0,HP,NA
BD26,IO_L21N_T3_DQS_11,3,11,0,0,HP,NA
BA25,IO_L22P_T3_11,3,11,0,0,HP,NA
BB25,IO_L22N_T3_11,3,11,0,0,HP,NA
BB26,IO_L23P_T3_11,3,11,0,0,HP,NA
BB27,IO_L23N_T3_11,3,11,0,0,HP,NA
BC27,IO_L24P_T3_11,3,11,0,0,HP,NA
BD27,IO_L24N_T3_11,3,11,0,0,HP,NA
AL28,IO_25_VRP_11,NA,11,0,0,HP,NA
AJ21,IO_0_VRN_12,NA,12,0,0,HP,NA
AJ25,IO_L1P_T0_12,0,12,0,0,HP,NA
AJ24,IO_L1N_T0_12,0,12,0,0,HP,NA
AK21,IO_L2P_T0_12,0,12,0,0,HP,NA
AL21,IO_L2N_T0_12,0,12,0,0,HP,NA
AK24,IO_L3P_T0_DQS_12,0,12,0,0,HP,NA
AK23,IO_L3N_T0_DQS_12,0,12,0,0,HP,NA
AJ22,IO_L4P_T0_12,0,12,0,0,HP,NA
AK22,IO_L4N_T0_12,0,12,0,0,HP,NA
AL23,IO_L5P_T0_12,0,12,0,0,HP,NA
AM23,IO_L5N_T0_12,0,12,0,0,HP,NA
AM22,IO_L6P_T0_12,0,12,0,0,HP,NA
AM21,IO_L6N_T0_VREF_12,0,12,0,0,HP,NA
AN24,IO_L7P_T1_12,1,12,0,0,HP,NA
AP24,IO_L7N_T1_12,1,12,0,0,HP,NA
AP22,IO_L8P_T1_12,1,12,0,0,HP,NA
AP21,IO_L8N_T1_12,1,12,0,0,HP,NA
AR24,IO_L9P_T1_DQS_12,1,12,0,0,HP,NA
AR23,IO_L9N_T1_DQS_12,1,12,0,0,HP,NA
AN23,IO_L10P_T1_12,1,12,0,0,HP,NA
AN22,IO_L10N_T1_12,1,12,0,0,HP,NA
AT24,IO_L11P_T1_SRCC_12,1,12,0,0,HP,NA
AT23,IO_L11N_T1_SRCC_12,1,12,0,0,HP,NA
AR22,IO_L12P_T1_MRCC_12,1,12,0,0,HP,NA
AR21,IO_L12N_T1_MRCC_12,1,12,0,0,HP,NA
AT21,IO_L13P_T2_MRCC_12,2,12,0,0,HP,NA
AU21,IO_L13N_T2_MRCC_12,2,12,0,0,HP,NA
AU23,IO_L14P_T2_SRCC_12,2,12,0,0,HP,NA
AU22,IO_L14N_T2_SRCC_12,2,12,0,0,HP,NA
AW22,IO_L15P_T2_DQS_12,2,12,0,0,HP,NA
AW21,IO_L15N_T2_DQS_12,2,12,0,0,HP,NA
AV23,IO_L16P_T2_12,2,12,0,0,HP,NA
AV22,IO_L16N_T2_12,2,12,0,0,HP,NA
AY22,IO_L17P_T2_12,2,12,0,0,HP,NA
AY21,IO_L17N_T2_12,2,12,0,0,HP,NA
AV24,IO_L18P_T2_12,2,12,0,0,HP,NA
AW24,IO_L18N_T2_12,2,12,0,0,HP,NA
AY24,IO_L19P_T3_12,3,12,0,0,HP,NA
AY23,IO_L19N_T3_VREF_12,3,12,0,0,HP,NA
BA21,IO_L20P_T3_12,3,12,0,0,HP,NA
BB21,IO_L20N_T3_12,3,12,0,0,HP,NA
BA24,IO_L21P_T3_DQS_12,3,12,0,0,HP,NA
BA23,IO_L21N_T3_DQS_12,3,12,0,0,HP,NA
BC22,IO_L22P_T3_12,3,12,0,0,HP,NA
BD22,IO_L22N_T3_12,3,12,0,0,HP,NA
BB23,IO_L23P_T3_12,3,12,0,0,HP,NA
BB22,IO_L23N_T3_12,3,12,0,0,HP,NA
BC24,IO_L24P_T3_12,3,12,0,0,HP,NA
BC23,IO_L24N_T3_12,3,12,0,0,HP,NA
AL24,IO_25_VRP_12,NA,12,0,0,HP,NA
N27,IO_0_VRN_13,NA,13,1,1,HP,NA
R26,IO_L1P_T0_13,0,13,1,1,HP,NA
R27,IO_L1N_T0_13,0,13,1,1,HP,NA
U26,IO_L2P_T0_13,0,13,1,1,HP,NA
U27,IO_L2N_T0_13,0,13,1,1,HP,NA
P26,IO_L3P_T0_DQS_13,0,13,1,1,HP,NA
P27,IO_L3N_T0_DQS_13,0,13,1,1,HP,NA
T25,IO_L4P_T0_13,0,13,1,1,HP,NA
T26,IO_L4N_T0_13,0,13,1,1,HP,NA
P24,IO_L5P_T0_13,0,13,1,1,HP,NA
P25,IO_L5N_T0_13,0,13,1,1,HP,NA
T24,IO_L6P_T0_13,0,13,1,1,HP,NA
R24,IO_L6N_T0_VREF_13,0,13,1,1,HP,NA
M25,IO_L7P_T1_13,1,13,1,1,HP,NA
L25,IO_L7N_T1_13,1,13,1,1,HP,NA
N24,IO_L8P_T1_13,1,13,1,1,HP,NA
N25,IO_L8N_T1_13,1,13,1,1,HP,NA
L24,IO_L9P_T1_DQS_13,1,13,1,1,HP,NA
K24,IO_L9N_T1_DQS_13,1,13,1,1,HP,NA
M26,IO_L10P_T1_13,1,13,1,1,HP,NA
M27,IO_L10N_T1_13,1,13,1,1,HP,NA
K26,IO_L11P_T1_SRCC_13,1,13,1,1,HP,NA
J26,IO_L11N_T1_SRCC_13,1,13,1,1,HP,NA
L26,IO_L12P_T1_MRCC_13,1,13,1,1,HP,NA
K27,IO_L12N_T1_MRCC_13,1,13,1,1,HP,NA
J27,IO_L13P_T2_MRCC_13,2,13,1,1,HP,NA
H27,IO_L13N_T2_MRCC_13,2,13,1,1,HP,NA
J24,IO_L14P_T2_SRCC_13,2,13,1,1,HP,NA
J25,IO_L14N_T2_SRCC_13,2,13,1,1,HP,NA
H24,IO_L15P_T2_DQS_13,2,13,1,1,HP,NA
H25,IO_L15N_T2_DQS_13,2,13,1,1,HP,NA
F25,IO_L16P_T2_13,2,13,1,1,HP,NA
F26,IO_L16N_T2_13,2,13,1,1,HP,NA
G25,IO_L17P_T2_13,2,13,1,1,HP,NA
G26,IO_L17N_T2_13,2,13,1,1,HP,NA
F24,IO_L18P_T2_13,2,13,1,1,HP,NA
E24,IO_L18N_T2_13,2,13,1,1,HP,NA
E26,IO_L19P_T3_13,3,13,1,1,HP,NA
D26,IO_L19N_T3_VREF_13,3,13,1,1,HP,NA
B25,IO_L20P_T3_13,3,13,1,1,HP,NA
B26,IO_L20N_T3_13,3,13,1,1,HP,NA
D24,IO_L21P_T3_DQS_13,3,13,1,1,HP,NA
D25,IO_L21N_T3_DQS_13,3,13,1,1,HP,NA
A25,IO_L22P_T3_13,3,13,1,1,HP,NA
A26,IO_L22N_T3_13,3,13,1,1,HP,NA
C24,IO_L23P_T3_13,3,13,1,1,HP,NA
C25,IO_L23N_T3_13,3,13,1,1,HP,NA
A23,IO_L24P_T3_13,3,13,1,1,HP,NA
A24,IO_L24N_T3_13,3,13,1,1,HP,NA
U25,IO_25_VRP_13,NA,13,1,1,HP,NA
AJ35,IO_0_VRN_14,NA,14,1,1,HP,NA
AN34,IO_L1P_T0_D00_MOSI_14,0,14,1,1,HP,NA
AN35,IO_L1N_T0_D01_DIN_14,0,14,1,1,HP,NA
AJ34,IO_L2P_T0_D02_14,0,14,1,1,HP,NA
AK34,IO_L2N_T0_D03_14,0,14,1,1,HP,NA
AL33,IO_L3P_T0_DQS_PUDC_B_14,0,14,1,1,HP,NA
AM33,IO_L3N_T0_DQS_EMCCLK_14,0,14,1,1,HP,NA
AJ32,IO_L4P_T0_D04_14,0,14,1,1,HP,NA
AK32,IO_L4N_T0_D05_14,0,14,1,1,HP,NA
AL35,IO_L5P_T0_D06_14,0,14,1,1,HP,NA
AM35,IO_L5N_T0_D07_14,0,14,1,1,HP,NA
AK33,IO_L6P_T0_FCS_B_14,0,14,1,1,HP,NA
AL34,IO_L6N_T0_D08_VREF_14,0,14,1,1,HP,NA
AP32,IO_L7P_T1_D09_14,1,14,1,1,HP,NA
AR32,IO_L7N_T1_D10_14,1,14,1,1,HP,NA
AP34,IO_L8P_T1_D11_14,1,14,1,1,HP,NA
AP35,IO_L8N_T1_D12_14,1,14,1,1,HP,NA
AT33,IO_L9P_T1_DQS_14,1,14,1,1,HP,NA
AT34,IO_L9N_T1_DQS_D13_14,1,14,1,1,HP,NA
AR33,IO_L10P_T1_D14_14,1,14,1,1,HP,NA
AR34,IO_L10N_T1_D15_14,1,14,1,1,HP,NA
AU32,IO_L11P_T1_SRCC_14,1,14,1,1,HP,NA
AU33,IO_L11N_T1_SRCC_14,1,14,1,1,HP,NA
AT35,IO_L12P_T1_MRCC_14,1,14,1,1,HP,NA
AU35,IO_L12N_T1_MRCC_14,1,14,1,1,HP,NA
AV33,IO_L13P_T2_MRCC_14,2,14,1,1,HP,NA
AV34,IO_L13N_T2_MRCC_14,2,14,1,1,HP,NA
AV32,IO_L14P_T2_SRCC_14,2,14,1,1,HP,NA
AW32,IO_L14N_T2_SRCC_14,2,14,1,1,HP,NA
AV35,IO_L15P_T2_DQS_RDWR_B_14,2,14,1,1,HP,NA
AW35,IO_L15N_T2_DQS_DOUT_CSO_B_14,2,14,1,1,HP,NA
AY33,IO_L16P_T2_CSI_B_14,2,14,1,1,HP,NA
BA33,IO_L16N_T2_A15_D31_14,2,14,1,1,HP,NA
AW34,IO_L17P_T2_A14_D30_14,2,14,1,1,HP,NA
AY34,IO_L17N_T2_A13_D29_14,2,14,1,1,HP,NA
BA34,IO_L18P_T2_A12_D28_14,2,14,1,1,HP,NA
BA35,IO_L18N_T2_A11_D27_14,2,14,1,1,HP,NA
BB35,IO_L19P_T3_A10_D26_14,3,14,1,1,HP,NA
BB36,IO_L19N_T3_A09_D25_VREF_14,3,14,1,1,HP,NA
BB33,IO_L20P_T3_A08_D24_14,3,14,1,1,HP,NA
BC33,IO_L20N_T3_A07_D23_14,3,14,1,1,HP,NA
BB37,IO_L21P_T3_DQS_14,3,14,1,1,HP,NA
BC37,IO_L21N_T3_DQS_A06_D22_14,3,14,1,1,HP,NA
BC34,IO_L22P_T3_A05_D21_14,3,14,1,1,HP,NA
BC35,IO_L22N_T3_A04_D20_14,3,14,1,1,HP,NA
BD36,IO_L23P_T3_A03_D19_14,3,14,1,1,HP,NA
BD37,IO_L23N_T3_A02_D18_14,3,14,1,1,HP,NA
BD34,IO_L24P_T3_A01_D17_14,3,14,1,1,HP,NA
BD35,IO_L24N_T3_A00_D16_14,3,14,1,1,HP,NA
AN33,IO_25_VRP_14,NA,14,1,1,HP,NA
P35,IO_0_VRN_15,NA,15,1,1,HP,NA
B31,IO_L1P_T0_AD0P_15,0,15,1,1,HP,NA
A31,IO_L1N_T0_AD0N_15,0,15,1,1,HP,NA
G31,IO_L2P_T0_AD8P_15,0,15,1,1,HP,NA
F31,IO_L2N_T0_AD8N_15,0,15,1,1,HP,NA
C32,IO_L3P_T0_DQS_AD1P_15,0,15,1,1,HP,NA
B32,IO_L3N_T0_DQS_AD1N_15,0,15,1,1,HP,NA
E32,IO_L4P_T0_15,0,15,1,1,HP,NA
D32,IO_L4N_T0_15,0,15,1,1,HP,NA
E31,IO_L5P_T0_AD9P_15,0,15,1,1,HP,NA
D31,IO_L5N_T0_AD9N_15,0,15,1,1,HP,NA
G32,IO_L6P_T0_15,0,15,1,1,HP,NA
G33,IO_L6N_T0_VREF_15,0,15,1,1,HP,NA
K31,IO_L7P_T1_AD2P_15,1,15,1,1,HP,NA
J31,IO_L7N_T1_AD2N_15,1,15,1,1,HP,NA
H33,IO_L8P_T1_AD10P_15,1,15,1,1,HP,NA
H34,IO_L8N_T1_AD10N_15,1,15,1,1,HP,NA
J32,IO_L9P_T1_DQS_AD3P_15,1,15,1,1,HP,NA
H32,IO_L9N_T1_DQS_AD3N_15,1,15,1,1,HP,NA
J34,IO_L10P_T1_AD11P_15,1,15,1,1,HP,NA
J35,IO_L10N_T1_AD11N_15,1,15,1,1,HP,NA
L31,IO_L11P_T1_SRCC_15,1,15,1,1,HP,NA
K32,IO_L11N_T1_SRCC_15,1,15,1,1,HP,NA
K33,IO_L12P_T1_MRCC_15,1,15,1,1,HP,NA
K34,IO_L12N_T1_MRCC_15,1,15,1,1,HP,NA
L33,IO_L13P_T2_MRCC_15,2,15,1,1,HP,NA
L34,IO_L13N_T2_MRCC_15,2,15,1,1,HP,NA
M31,IO_L14P_T2_SRCC_15,2,15,1,1,HP,NA
M32,IO_L14N_T2_SRCC_15,2,15,1,1,HP,NA
N34,IO_L15P_T2_DQS_15,2,15,1,1,HP,NA
N35,IO_L15N_T2_DQS_ADV_B_15,2,15,1,1,HP,NA
M35,IO_L16P_T2_A28_15,2,15,1,1,HP,NA
L35,IO_L16N_T2_A27_15,2,15,1,1,HP,NA
P32,IO_L17P_T2_A26_15,2,15,1,1,HP,NA
N32,IO_L17N_T2_A25_15,2,15,1,1,HP,NA
N33,IO_L18P_T2_A24_15,2,15,1,1,HP,NA
M33,IO_L18N_T2_A23_15,2,15,1,1,HP,NA
U31,IO_L19P_T3_A22_15,3,15,1,1,HP,NA
T31,IO_L19N_T3_A21_VREF_15,3,15,1,1,HP,NA
R31,IO_L20P_T3_A20_15,3,15,1,1,HP,NA
P31,IO_L20N_T3_A19_15,3,15,1,1,HP,NA
U32,IO_L21P_T3_DQS_15,3,15,1,1,HP,NA
T33,IO_L21N_T3_DQS_A18_15,3,15,1,1,HP,NA
R32,IO_L22P_T3_A17_15,3,15,1,1,HP,NA
R33,IO_L22N_T3_A16_15,3,15,1,1,HP,NA
V33,IO_L23P_T3_FOE_B_15,3,15,1,1,HP,NA
U33,IO_L23N_T3_FWE_B_15,3,15,1,1,HP,NA
R34,IO_L24P_T3_RS1_15,3,15,1,1,HP,NA
P34,IO_L24N_T3_RS0_15,3,15,1,1,HP,NA
V32,IO_25_VRP_15,NA,15,1,1,HP,NA
V27,IO_0_VRN_16,NA,16,2,2,HP,NA
V29,IO_L1P_T0_16,0,16,2,2,HP,NA
V30,IO_L1N_T0_16,0,16,2,2,HP,NA
T28,IO_L2P_T0_16,0,16,2,2,HP,NA
T29,IO_L2N_T0_16,0,16,2,2,HP,NA
V28,IO_L3P_T0_DQS_16,0,16,2,2,HP,NA
U28,IO_L3N_T0_DQS_16,0,16,2,2,HP,NA
R28,IO_L4P_T0_16,0,16,2,2,HP,NA
R29,IO_L4N_T0_16,0,16,2,2,HP,NA
U30,IO_L5P_T0_16,0,16,2,2,HP,NA
T30,IO_L5N_T0_16,0,16,2,2,HP,NA
P29,IO_L6P_T0_16,0,16,2,2,HP,NA
N29,IO_L6N_T0_VREF_16,0,16,2,2,HP,NA
N30,IO_L7P_T1_16,1,16,2,2,HP,NA
M30,IO_L7N_T1_16,1,16,2,2,HP,NA
N28,IO_L8P_T1_16,1,16,2,2,HP,NA
M28,IO_L8N_T1_16,1,16,2,2,HP,NA
L29,IO_L9P_T1_DQS_16,1,16,2,2,HP,NA
L30,IO_L9N_T1_DQS_16,1,16,2,2,HP,NA
L28,IO_L10P_T1_16,1,16,2,2,HP,NA
K28,IO_L10N_T1_16,1,16,2,2,HP,NA
J30,IO_L11P_T1_SRCC_16,1,16,2,2,HP,NA
H30,IO_L11N_T1_SRCC_16,1,16,2,2,HP,NA
K29,IO_L12P_T1_MRCC_16,1,16,2,2,HP,NA
J29,IO_L12N_T1_MRCC_16,1,16,2,2,HP,NA
H28,IO_L13P_T2_MRCC_16,2,16,2,2,HP,NA
H29,IO_L13N_T2_MRCC_16,2,16,2,2,HP,NA
G27,IO_L14P_T2_SRCC_16,2,16,2,2,HP,NA
G28,IO_L14N_T2_SRCC_16,2,16,2,2,HP,NA
G30,IO_L15P_T2_DQS_16,2,16,2,2,HP,NA
F30,IO_L15N_T2_DQS_16,2,16,2,2,HP,NA
E28,IO_L16P_T2_16,2,16,2,2,HP,NA
E29,IO_L16N_T2_16,2,16,2,2,HP,NA
F28,IO_L17P_T2_16,2,16,2,2,HP,NA
F29,IO_L17N_T2_16,2,16,2,2,HP,NA
E27,IO_L18P_T2_16,2,16,2,2,HP,NA
D27,IO_L18N_T2_16,2,16,2,2,HP,NA
D29,IO_L19P_T3_16,3,16,2,2,HP,NA
D30,IO_L19N_T3_VREF_16,3,16,2,2,HP,NA
C27,IO_L20P_T3_16,3,16,2,2,HP,NA
C28,IO_L20N_T3_16,3,16,2,2,HP,NA
C29,IO_L21P_T3_DQS_16,3,16,2,2,HP,NA
C30,IO_L21N_T3_DQS_16,3,16,2,2,HP,NA
B27,IO_L22P_T3_16,3,16,2,2,HP,NA
B28,IO_L22N_T3_16,3,16,2,2,HP,NA
B30,IO_L23P_T3_16,3,16,2,2,HP,NA
A30,IO_L23N_T3_16,3,16,2,2,HP,NA
A28,IO_L24P_T3_16,3,16,2,2,HP,NA
A29,IO_L24N_T3_16,3,16,2,2,HP,NA
P30,IO_25_VRP_16,NA,16,2,2,HP,NA
F33,IO_0_VRN_17,NA,17,2,2,HP,NA
B33,IO_L6N_T0_VREF_17,0,17,2,2,HP,NA
D35,IO_L11P_T1_SRCC_17,1,17,2,2,HP,NA
C35,IO_L11N_T1_SRCC_17,1,17,2,2,HP,NA
C33,IO_L12P_T1_MRCC_17,1,17,2,2,HP,NA
C34,IO_L12N_T1_MRCC_17,1,17,2,2,HP,NA
E33,IO_L13P_T2_MRCC_17,2,17,2,2,HP,NA
D34,IO_L13N_T2_MRCC_17,2,17,2,2,HP,NA
F34,IO_L14P_T2_SRCC_17,2,17,2,2,HP,NA
E34,IO_L14N_T2_SRCC_17,2,17,2,2,HP,NA
A35,IO_L15P_T2_DQS_17,2,17,2,2,HP,NA
A36,IO_L15N_T2_DQS_17,2,17,2,2,HP,NA
A33,IO_L16P_T2_17,2,17,2,2,HP,NA
A34,IO_L16N_T2_17,2,17,2,2,HP,NA
B36,IO_L17P_T2_17,2,17,2,2,HP,NA
B37,IO_L17N_T2_17,2,17,2,2,HP,NA
B35,IO_L18P_T2_17,2,17,2,2,HP,NA
G35,IO_L19P_T3_17,3,17,2,2,HP,NA
F35,IO_L19N_T3_VREF_17,3,17,2,2,HP,NA
H35,IO_25_VRP_17,NA,17,2,2,HP,NA
AJ14,IO_0_VRN_30,NA,30,3,0,HP,NA
AK16,IO_L1P_T0_30,0,30,3,0,HP,NA
AL16,IO_L1N_T0_30,0,30,3,0,HP,NA
AJ16,IO_L2P_T0_30,0,30,3,0,HP,NA
AJ15,IO_L2N_T0_30,0,30,3,0,HP,NA
AL15,IO_L3P_T0_DQS_30,0,30,3,0,HP,NA
AM15,IO_L3N_T0_DQS_30,0,30,3,0,HP,NA
AK14,IO_L4P_T0_30,0,30,3,0,HP,NA
AL14,IO_L4N_T0_30,0,30,3,0,HP,NA
AN15,IO_L5P_T0_30,0,30,3,0,HP,NA
AN14,IO_L5N_T0_30,0,30,3,0,HP,NA
AP16,IO_L6P_T0_30,0,30,3,0,HP,NA
AP15,IO_L6N_T0_VREF_30,0,30,3,0,HP,NA
AY17,IO_L7P_T1_30,1,30,3,0,HP,NA
AY16,IO_L7N_T1_30,1,30,3,0,HP,NA
AY14,IO_L8P_T1_30,1,30,3,0,HP,NA
BA14,IO_L8N_T1_30,1,30,3,0,HP,NA
BA16,IO_L9P_T1_DQS_30,1,30,3,0,HP,NA
BA15,IO_L9N_T1_DQS_30,1,30,3,0,HP,NA
AY13,IO_L10P_T1_30,1,30,3,0,HP,NA
BA13,IO_L10N_T1_30,1,30,3,0,HP,NA
AW16,IO_L11P_T1_SRCC_30,1,30,3,0,HP,NA
AW15,IO_L11N_T1_SRCC_30,1,30,3,0,HP,NA
AV14,IO_L12P_T1_MRCC_30,1,30,3,0,HP,NA
AW14,IO_L12N_T1_MRCC_30,1,30,3,0,HP,NA
AU13,IO_L13P_T2_MRCC_30,2,30,3,0,HP,NA
AV13,IO_L13N_T2_MRCC_30,2,30,3,0,HP,NA
AU15,IO_L14P_T2_SRCC_30,2,30,3,0,HP,NA
AV15,IO_L14N_T2_SRCC_30,2,30,3,0,HP,NA
AP14,IO_L15P_T2_DQS_30,2,30,3,0,HP,NA
AR14,IO_L15N_T2_DQS_30,2,30,3,0,HP,NA
AR16,IO_L16P_T2_30,2,30,3,0,HP,NA
AT15,IO_L16N_T2_30,2,30,3,0,HP,NA
AT14,IO_L17P_T2_30,2,30,3,0,HP,NA
AT13,IO_L17N_T2_30,2,30,3,0,HP,NA
AT16,IO_L18P_T2_30,2,30,3,0,HP,NA
AU16,IO_L18N_T2_30,2,30,3,0,HP,NA
BB16,IO_L19P_T3_30,3,30,3,0,HP,NA
BB15,IO_L19N_T3_VREF_30,3,30,3,0,HP,NA
BB17,IO_L20P_T3_30,3,30,3,0,HP,NA
BC17,IO_L20N_T3_30,3,30,3,0,HP,NA
BD15,IO_L21P_T3_DQS_30,3,30,3,0,HP,NA
BD14,IO_L21N_T3_DQS_30,3,30,3,0,HP,NA
BD17,IO_L22P_T3_30,3,30,3,0,HP,NA
BD16,IO_L22N_T3_30,3,30,3,0,HP,NA
BB13,IO_L23P_T3_30,3,30,3,0,HP,NA
BC13,IO_L23N_T3_30,3,30,3,0,HP,NA
BC15,IO_L24P_T3_30,3,30,3,0,HP,NA
BC14,IO_L24N_T3_30,3,30,3,0,HP,NA
AM16,IO_25_VRP_30,NA,30,3,0,HP,NA
AJ17,IO_0_VRN_31,NA,31,3,0,HP,NA
AK18,IO_L1P_T0_31,0,31,3,0,HP,NA
AK17,IO_L1N_T0_31,0,31,3,0,HP,NA
AH18,IO_L2P_T0_31,0,31,3,0,HP,NA
AH17,IO_L2N_T0_31,0,31,3,0,HP,NA
AL18,IO_L3P_T0_DQS_31,0,31,3,0,HP,NA
AM18,IO_L3N_T0_DQS_31,0,31,3,0,HP,NA
AJ20,IO_L4P_T0_31,0,31,3,0,HP,NA
AJ19,IO_L4N_T0_31,0,31,3,0,HP,NA
AL20,IO_L5P_T0_31,0,31,3,0,HP,NA
AM20,IO_L5N_T0_31,0,31,3,0,HP,NA
AK19,IO_L6P_T0_31,0,31,3,0,HP,NA
AL19,IO_L6N_T0_VREF_31,0,31,3,0,HP,NA
AN19,IO_L7P_T1_31,1,31,3,0,HP,NA
AN18,IO_L7N_T1_31,1,31,3,0,HP,NA
AP17,IO_L8P_T1_31,1,31,3,0,HP,NA
AR17,IO_L8N_T1_31,1,31,3,0,HP,NA
AP20,IO_L9P_T1_DQS_31,1,31,3,0,HP,NA
AP19,IO_L9N_T1_DQS_31,1,31,3,0,HP,NA
AM17,IO_L10P_T1_31,1,31,3,0,HP,NA
AN17,IO_L10N_T1_31,1,31,3,0,HP,NA
AR19,IO_L11P_T1_SRCC_31,1,31,3,0,HP,NA
AR18,IO_L11N_T1_SRCC_31,1,31,3,0,HP,NA
AT19,IO_L12P_T1_MRCC_31,1,31,3,0,HP,NA
AT18,IO_L12N_T1_MRCC_31,1,31,3,0,HP,NA
AT20,IO_L13P_T2_MRCC_31,2,31,3,0,HP,NA
AU20,IO_L13N_T2_MRCC_31,2,31,3,0,HP,NA
AU18,IO_L14P_T2_SRCC_31,2,31,3,0,HP,NA
AU17,IO_L14N_T2_SRCC_31,2,31,3,0,HP,NA
AV19,IO_L15P_T2_DQS_31,2,31,3,0,HP,NA
AV18,IO_L15N_T2_DQS_31,2,31,3,0,HP,NA
AV20,IO_L16P_T2_31,2,31,3,0,HP,NA
AW20,IO_L16N_T2_31,2,31,3,0,HP,NA
AV17,IO_L17P_T2_31,2,31,3,0,HP,NA
AW17,IO_L17N_T2_31,2,31,3,0,HP,NA
AW19,IO_L18P_T2_31,2,31,3,0,HP,NA
AY19,IO_L18N_T2_31,2,31,3,0,HP,NA
AY18,IO_L19P_T3_31,3,31,3,0,HP,NA
BA18,IO_L19N_T3_VREF_31,3,31,3,0,HP,NA
BB20,IO_L20P_T3_31,3,31,3,0,HP,NA
BC20,IO_L20N_T3_31,3,31,3,0,HP,NA
BA20,IO_L21P_T3_DQS_31,3,31,3,0,HP,NA
BA19,IO_L21N_T3_DQS_31,3,31,3,0,HP,NA
BD21,IO_L22P_T3_31,3,31,3,0,HP,NA
BD20,IO_L22N_T3_31,3,31,3,0,HP,NA
BB18,IO_L23P_T3_31,3,31,3,0,HP,NA
BC18,IO_L23N_T3_31,3,31,3,0,HP,NA
BC19,IO_L24P_T3_31,3,31,3,0,HP,NA
BD19,IO_L24N_T3_31,3,31,3,0,HP,NA
AN20,IO_25_VRP_31,NA,31,3,0,HP,NA
AH10,IO_0_VRN_32,NA,32,3,0,HP,NA
AK11,IO_L1P_T0_32,0,32,3,0,HP,NA
AL11,IO_L1N_T0_32,0,32,3,0,HP,NA
AH12,IO_L2P_T0_32,0,32,3,0,HP,NA
AJ12,IO_L2N_T0_32,0,32,3,0,HP,NA
AL10,IO_L3P_T0_DQS_32,0,32,3,0,HP,NA
AM10,IO_L3N_T0_DQS_32,0,32,3,0,HP,NA
AJ11,IO_L4P_T0_32,0,32,3,0,HP,NA
AJ10,IO_L4N_T0_32,0,32,3,0,HP,NA
AM12,IO_L5P_T0_32,0,32,3,0,HP,NA
AM11,IO_L5N_T0_32,0,32,3,0,HP,NA
AK13,IO_L6P_T0_32,0,32,3,0,HP,NA
AK12,IO_L6N_T0_VREF_32,0,32,3,0,HP,NA
AN10,IO_L7P_T1_32,1,32,3,0,HP,NA
AP10,IO_L7N_T1_32,1,32,3,0,HP,NA
AM13,IO_L8P_T1_32,1,32,3,0,HP,NA
AN13,IO_L8N_T1_32,1,32,3,0,HP,NA
AP11,IO_L9P_T1_DQS_32,1,32,3,0,HP,NA
AR11,IO_L9N_T1_DQS_32,1,32,3,0,HP,NA
AN12,IO_L10P_T1_32,1,32,3,0,HP,NA
AP12,IO_L10N_T1_32,1,32,3,0,HP,NA
AT11,IO_L11P_T1_SRCC_32,1,32,3,0,HP,NA
AT10,IO_L11N_T1_SRCC_32,1,32,3,0,HP,NA
AR13,IO_L12P_T1_MRCC_32,1,32,3,0,HP,NA
AR12,IO_L12N_T1_MRCC_32,1,32,3,0,HP,NA
AU11,IO_L13P_T2_MRCC_32,2,32,3,0,HP,NA
AU10,IO_L13N_T2_MRCC_32,2,32,3,0,HP,NA
AU12,IO_L14P_T2_SRCC_32,2,32,3,0,HP,NA
AV12,IO_L14N_T2_SRCC_32,2,32,3,0,HP,NA
AV10,IO_L15P_T2_DQS_32,2,32,3,0,HP,NA
AW10,IO_L15N_T2_DQS_32,2,32,3,0,HP,NA
AW11,IO_L16P_T2_32,2,32,3,0,HP,NA
AY11,IO_L16N_T2_32,2,32,3,0,HP,NA
BA11,IO_L17P_T2_32,2,32,3,0,HP,NA
BA10,IO_L17N_T2_32,2,32,3,0,HP,NA
AW12,IO_L18P_T2_32,2,32,3,0,HP,NA
AY12,IO_L18N_T2_32,2,32,3,0,HP,NA
BB11,IO_L19P_T3_32,3,32,3,0,HP,NA
BB10,IO_L19N_T3_VREF_32,3,32,3,0,HP,NA
BD10,IO_L20P_T3_32,3,32,3,0,HP,NA
BD9,IO_L20N_T3_32,3,32,3,0,HP,NA
BB8,IO_L21P_T3_DQS_32,3,32,3,0,HP,NA
BC8,IO_L21N_T3_DQS_32,3,32,3,0,HP,NA
BB12,IO_L22P_T3_32,3,32,3,0,HP,NA
BC12,IO_L22N_T3_32,3,32,3,0,HP,NA
BC10,IO_L23P_T3_32,3,32,3,0,HP,NA
BC9,IO_L23N_T3_32,3,32,3,0,HP,NA
BD12,IO_L24P_T3_32,3,32,3,0,HP,NA
BD11,IO_L24N_T3_32,3,32,3,0,HP,NA
AL13,IO_25_VRP_32,NA,32,3,0,HP,NA
V20,IO_0_VRN_33,NA,33,4,1,HP,NA
R22,IO_L1P_T0_33,0,33,4,1,HP,NA
P22,IO_L1N_T0_33,0,33,4,1,HP,NA
U20,IO_L2P_T0_33,0,33,4,1,HP,NA
T20,IO_L2N_T0_33,0,33,4,1,HP,NA
U23,IO_L3P_T0_DQS_33,0,33,4,1,HP,NA
T23,IO_L3N_T0_DQS_33,0,33,4,1,HP,NA
U21,IO_L4P_T0_33,0,33,4,1,HP,NA
T21,IO_L4N_T0_33,0,33,4,1,HP,NA
V22,IO_L5P_T0_33,0,33,4,1,HP,NA
U22,IO_L5N_T0_33,0,33,4,1,HP,NA
R21,IO_L6P_T0_33,0,33,4,1,HP,NA
P21,IO_L6N_T0_VREF_33,0,33,4,1,HP,NA
M22,IO_L7P_T1_33,1,33,4,1,HP,NA
M21,IO_L7N_T1_33,1,33,4,1,HP,NA
P20,IO_L8P_T1_33,1,33,4,1,HP,NA
N20,IO_L8N_T1_33,1,33,4,1,HP,NA
N23,IO_L9P_T1_DQS_33,1,33,4,1,HP,NA
N22,IO_L9N_T1_DQS_33,1,33,4,1,HP,NA
M20,IO_L10P_T1_33,1,33,4,1,HP,NA
L20,IO_L10N_T1_33,1,33,4,1,HP,NA
M23,IO_L11P_T1_SRCC_33,1,33,4,1,HP,NA
L23,IO_L11N_T1_SRCC_33,1,33,4,1,HP,NA
L21,IO_L12P_T1_MRCC_33,1,33,4,1,HP,NA
K21,IO_L12N_T1_MRCC_33,1,33,4,1,HP,NA
J22,IO_L13P_T2_MRCC_33,2,33,4,1,HP,NA
J21,IO_L13N_T2_MRCC_33,2,33,4,1,HP,NA
K23,IO_L14P_T2_SRCC_33,2,33,4,1,HP,NA
K22,IO_L14N_T2_SRCC_33,2,33,4,1,HP,NA
G21,IO_L15P_T2_DQS_33,2,33,4,1,HP,NA
F21,IO_L15N_T2_DQS_33,2,33,4,1,HP,NA
H23,IO_L16P_T2_33,2,33,4,1,HP,NA
G23,IO_L16N_T2_33,2,33,4,1,HP,NA
H22,IO_L17P_T2_33,2,33,4,1,HP,NA
G22,IO_L17N_T2_33,2,33,4,1,HP,NA
F23,IO_L18P_T2_33,2,33,4,1,HP,NA
E23,IO_L18N_T2_33,2,33,4,1,HP,NA
E22,IO_L19P_T3_33,3,33,4,1,HP,NA
E21,IO_L19N_T3_VREF_33,3,33,4,1,HP,NA
C22,IO_L20P_T3_33,3,33,4,1,HP,NA
B22,IO_L20N_T3_33,3,33,4,1,HP,NA
D22,IO_L21P_T3_DQS_33,3,33,4,1,HP,NA
D21,IO_L21N_T3_DQS_33,3,33,4,1,HP,NA
C23,IO_L22P_T3_33,3,33,4,1,HP,NA
B23,IO_L22N_T3_33,3,33,4,1,HP,NA
B21,IO_L23P_T3_33,3,33,4,1,HP,NA
B20,IO_L23N_T3_33,3,33,4,1,HP,NA
A21,IO_L24P_T3_33,3,33,4,1,HP,NA
A20,IO_L24N_T3_33,3,33,4,1,HP,NA
R23,IO_25_VRP_33,NA,33,4,1,HP,NA
R16,IO_0_VRN_34,NA,34,4,1,HP,NA
B16,IO_L1P_T0_34,0,34,4,1,HP,NA
A16,IO_L1N_T0_34,0,34,4,1,HP,NA
B13,IO_L2P_T0_34,0,34,4,1,HP,NA
A13,IO_L2N_T0_34,0,34,4,1,HP,NA
C15,IO_L3P_T0_DQS_34,0,34,4,1,HP,NA
B15,IO_L3N_T0_DQS_34,0,34,4,1,HP,NA
C12,IO_L4P_T0_34,0,34,4,1,HP,NA
B12,IO_L4N_T0_34,0,34,4,1,HP,NA
A15,IO_L5P_T0_34,0,34,4,1,HP,NA
A14,IO_L5N_T0_34,0,34,4,1,HP,NA
C14,IO_L6P_T0_34,0,34,4,1,HP,NA
C13,IO_L6N_T0_VREF_34,0,34,4,1,HP,NA
E14,IO_L7P_T1_34,1,34,4,1,HP,NA
E13,IO_L7N_T1_34,1,34,4,1,HP,NA
F16,IO_L8P_T1_34,1,34,4,1,HP,NA
E16,IO_L8N_T1_34,1,34,4,1,HP,NA
F15,IO_L9P_T1_DQS_34,1,34,4,1,HP,NA
F14,IO_L9N_T1_DQS_34,1,34,4,1,HP,NA
D15,IO_L10P_T1_34,1,34,4,1,HP,NA
D14,IO_L10N_T1_34,1,34,4,1,HP,NA
G13,IO_L11P_T1_SRCC_34,1,34,4,1,HP,NA
F13,IO_L11N_T1_SRCC_34,1,34,4,1,HP,NA
G16,IO_L12P_T1_MRCC_34,1,34,4,1,HP,NA
G15,IO_L12N_T1_MRCC_34,1,34,4,1,HP,NA
J15,IO_L13P_T2_MRCC_34,2,34,4,1,HP,NA
H15,IO_L13N_T2_MRCC_34,2,34,4,1,HP,NA
H14,IO_L14P_T2_SRCC_34,2,34,4,1,HP,NA
H13,IO_L14N_T2_SRCC_34,2,34,4,1,HP,NA
K14,IO_L15P_T2_DQS_34,2,34,4,1,HP,NA
J14,IO_L15N_T2_DQS_34,2,34,4,1,HP,NA
K16,IO_L16P_T2_34,2,34,4,1,HP,NA
J16,IO_L16N_T2_34,2,34,4,1,HP,NA
L15,IO_L17P_T2_34,2,34,4,1,HP,NA
L14,IO_L17N_T2_34,2,34,4,1,HP,NA
M16,IO_L18P_T2_34,2,34,4,1,HP,NA
L16,IO_L18N_T2_34,2,34,4,1,HP,NA
U15,IO_L19P_T3_34,3,34,4,1,HP,NA
T15,IO_L19N_T3_VREF_34,3,34,4,1,HP,NA
U16,IO_L20P_T3_34,3,34,4,1,HP,NA
T16,IO_L20N_T3_34,3,34,4,1,HP,NA
P14,IO_L21P_T3_DQS_34,3,34,4,1,HP,NA
N14,IO_L21N_T3_DQS_34,3,34,4,1,HP,NA
P16,IO_L22P_T3_34,3,34,4,1,HP,NA
P15,IO_L22N_T3_34,3,34,4,1,HP,NA
T14,IO_L23P_T3_34,3,34,4,1,HP,NA
R14,IO_L23N_T3_34,3,34,4,1,HP,NA
N15,IO_L24P_T3_34,3,34,4,1,HP,NA
M15,IO_L24N_T3_34,3,34,4,1,HP,NA
V15,IO_25_VRP_34,NA,34,4,1,HP,NA
V17,IO_0_VRN_35,NA,35,4,1,HP,NA
R17,IO_L1P_T0_AD4P_35,0,35,4,1,HP,NA
P17,IO_L1N_T0_AD4N_35,0,35,4,1,HP,NA
V19,IO_L2P_T0_AD12P_35,0,35,4,1,HP,NA
V18,IO_L2N_T0_AD12N_35,0,35,4,1,HP,NA
N19,IO_L3P_T0_DQS_AD5P_35,0,35,4,1,HP,NA
N18,IO_L3N_T0_DQS_AD5N_35,0,35,4,1,HP,NA
U18,IO_L4P_T0_35,0,35,4,1,HP,NA
U17,IO_L4N_T0_35,0,35,4,1,HP,NA
T19,IO_L5P_T0_AD13P_35,0,35,4,1,HP,NA
R19,IO_L5N_T0_AD13N_35,0,35,4,1,HP,NA
T18,IO_L6P_T0_35,0,35,4,1,HP,NA
R18,IO_L6N_T0_VREF_35,0,35,4,1,HP,NA
L19,IO_L7P_T1_AD6P_35,1,35,4,1,HP,NA
K18,IO_L7N_T1_AD6N_35,1,35,4,1,HP,NA
N17,IO_L8P_T1_AD14P_35,1,35,4,1,HP,NA
M17,IO_L8N_T1_AD14N_35,1,35,4,1,HP,NA
K17,IO_L9P_T1_DQS_AD7P_35,1,35,4,1,HP,NA
J17,IO_L9N_T1_DQS_AD7N_35,1,35,4,1,HP,NA
M18,IO_L10P_T1_AD15P_35,1,35,4,1,HP,NA
L18,IO_L10N_T1_AD15N_35,1,35,4,1,HP,NA
J20,IO_L11P_T1_SRCC_35,1,35,4,1,HP,NA
H20,IO_L11N_T1_SRCC_35,1,35,4,1,HP,NA
K19,IO_L12P_T1_MRCC_35,1,35,4,1,HP,NA
J19,IO_L12N_T1_MRCC_35,1,35,4,1,HP,NA
H19,IO_L13P_T2_MRCC_35,2,35,4,1,HP,NA
H18,IO_L13N_T2_MRCC_35,2,35,4,1,HP,NA
H17,IO_L14P_T2_SRCC_35,2,35,4,1,HP,NA
G17,IO_L14N_T2_SRCC_35,2,35,4,1,HP,NA
G18,IO_L15P_T2_DQS_35,2,35,4,1,HP,NA
F18,IO_L15N_T2_DQS_35,2,35,4,1,HP,NA
G20,IO_L16P_T2_35,2,35,4,1,HP,NA
F20,IO_L16N_T2_35,2,35,4,1,HP,NA
F19,IO_L17P_T2_35,2,35,4,1,HP,NA
E19,IO_L17N_T2_35,2,35,4,1,HP,NA
E18,IO_L18P_T2_35,2,35,4,1,HP,NA
E17,IO_L18N_T2_35,2,35,4,1,HP,NA
D17,IO_L19P_T3_35,3,35,4,1,HP,NA
D16,IO_L19N_T3_VREF_35,3,35,4,1,HP,NA
D20,IO_L20P_T3_35,3,35,4,1,HP,NA
D19,IO_L20N_T3_35,3,35,4,1,HP,NA
C18,IO_L21P_T3_DQS_35,3,35,4,1,HP,NA
C17,IO_L21N_T3_DQS_35,3,35,4,1,HP,NA
C20,IO_L22P_T3_35,3,35,4,1,HP,NA
C19,IO_L22N_T3_35,3,35,4,1,HP,NA
B18,IO_L23P_T3_35,3,35,4,1,HP,NA
B17,IO_L23N_T3_35,3,35,4,1,HP,NA
A19,IO_L24P_T3_35,3,35,4,1,HP,NA
A18,IO_L24N_T3_35,3,35,4,1,HP,NA
P19,IO_25_VRP_35,NA,35,4,1,HP,NA
P10,IO_0_VRN_36,NA,36,5,2,HP,NA
B11,IO_L1P_T0_36,0,36,5,2,HP,NA
A11,IO_L1N_T0_36,0,36,5,2,HP,NA
D11,IO_L2P_T0_36,0,36,5,2,HP,NA
D10,IO_L2N_T0_36,0,36,5,2,HP,NA
A10,IO_L3P_T0_DQS_36,0,36,5,2,HP,NA
A9,IO_L3N_T0_DQS_36,0,36,5,2,HP,NA
C10,IO_L4P_T0_36,0,36,5,2,HP,NA
B10,IO_L4N_T0_36,0,36,5,2,HP,NA
B8,IO_L5P_T0_36,0,36,5,2,HP,NA
A8,IO_L5N_T0_36,0,36,5,2,HP,NA
E12,IO_L6P_T0_36,0,36,5,2,HP,NA
D12,IO_L6N_T0_VREF_36,0,36,5,2,HP,NA
G12,IO_L7P_T1_36,1,36,5,2,HP,NA
G11,IO_L7N_T1_36,1,36,5,2,HP,NA
F11,IO_L8P_T1_36,1,36,5,2,HP,NA
E11,IO_L8N_T1_36,1,36,5,2,HP,NA
J10,IO_L9P_T1_DQS_36,1,36,5,2,HP,NA
H10,IO_L9N_T1_DQS_36,1,36,5,2,HP,NA
G10,IO_L10P_T1_36,1,36,5,2,HP,NA
F10,IO_L10N_T1_36,1,36,5,2,HP,NA
J12,IO_L11P_T1_SRCC_36,1,36,5,2,HP,NA
H12,IO_L11N_T1_SRCC_36,1,36,5,2,HP,NA
K11,IO_L12P_T1_MRCC_36,1,36,5,2,HP,NA
J11,IO_L12N_T1_MRCC_36,1,36,5,2,HP,NA
K13,IO_L13P_T2_MRCC_36,2,36,5,2,HP,NA
K12,IO_L13N_T2_MRCC_36,2,36,5,2,HP,NA
L11,IO_L14P_T2_SRCC_36,2,36,5,2,HP,NA
L10,IO_L14N_T2_SRCC_36,2,36,5,2,HP,NA
M13,IO_L15P_T2_DQS_36,2,36,5,2,HP,NA
L13,IO_L15N_T2_DQS_36,2,36,5,2,HP,NA
M12,IO_L16P_T2_36,2,36,5,2,HP,NA
M11,IO_L16N_T2_36,2,36,5,2,HP,NA
N13,IO_L17P_T2_36,2,36,5,2,HP,NA
N12,IO_L17N_T2_36,2,36,5,2,HP,NA
N10,IO_L18P_T2_36,2,36,5,2,HP,NA
M10,IO_L18N_T2_36,2,36,5,2,HP,NA
T11,IO_L19P_T3_36,3,36,5,2,HP,NA
T10,IO_L19N_T3_VREF_36,3,36,5,2,HP,NA
P12,IO_L20P_T3_36,3,36,5,2,HP,NA
P11,IO_L20N_T3_36,3,36,5,2,HP,NA
U13,IO_L21P_T3_DQS_36,3,36,5,2,HP,NA
U12,IO_L21N_T3_DQS_36,3,36,5,2,HP,NA
R12,IO_L22P_T3_36,3,36,5,2,HP,NA
R11,IO_L22N_T3_36,3,36,5,2,HP,NA
U11,IO_L23P_T3_36,3,36,5,2,HP,NA
U10,IO_L23N_T3_36,3,36,5,2,HP,NA
T13,IO_L24P_T3_36,3,36,5,2,HP,NA
R13,IO_L24N_T3_36,3,36,5,2,HP,NA
V13,IO_25_VRP_36,NA,36,5,2,HP,NA
AW2,MGTHTXP3_111,NA,111,NA,0,GTH,NA
AW6,MGTHRXP3_111,NA,111,NA,0,GTH,NA
AW1,MGTHTXN3_111,NA,111,NA,0,GTH,NA
AW5,MGTHRXN3_111,NA,111,NA,0,GTH,NA
BA2,MGTHTXP2_111,NA,111,NA,0,GTH,NA
AY4,MGTHRXP2_111,NA,111,NA,0,GTH,NA
BA1,MGTHTXN2_111,NA,111,NA,0,GTH,NA
AV8,MGTREFCLK0P_111,NA,111,NA,0,GTH,NA
AY3,MGTHRXN2_111,NA,111,NA,0,GTH,NA
AV7,MGTREFCLK0N_111,NA,111,NA,0,GTH,NA
AY7,MGTREFCLK1N_111,NA,111,NA,0,GTH,NA
AY8,MGTREFCLK1P_111,NA,111,NA,0,GTH,NA
BB4,MGTHTXP1_111,NA,111,NA,0,GTH,NA
BA6,MGTHRXP1_111,NA,111,NA,0,GTH,NA
BB3,MGTHTXN1_111,NA,111,NA,0,GTH,NA
BA5,MGTHRXN1_111,NA,111,NA,0,GTH,NA
BD4,MGTHTXP0_111,NA,111,NA,0,GTH,NA
BC6,MGTHRXP0_111,NA,111,NA,0,GTH,NA
BD3,MGTHTXN0_111,NA,111,NA,0,GTH,NA
BC5,MGTHRXN0_111,NA,111,NA,0,GTH,NA
AP4,MGTHTXP3_112,NA,112,NA,0,GTH,NA
AN6,MGTHRXP3_112,NA,112,NA,0,GTH,NA
AP3,MGTHTXN3_112,NA,112,NA,0,GTH,NA
AN5,MGTHRXN3_112,NA,112,NA,0,GTH,NA
AR2,MGTHTXP2_112,NA,112,NA,0,GTH,NA
AR6,MGTHRXP2_112,NA,112,NA,0,GTH,NA
AR1,MGTHTXN2_112,NA,112,NA,0,GTH,NA
AP8,MGTREFCLK0P_112,NA,112,NA,0,GTH,NA
AR5,MGTHRXN2_112,NA,112,NA,0,GTH,NA
AM7,MGTAVTTRCAL_112,NA,112,NA,0,GTH,NA
AP7,MGTREFCLK0N_112,NA,112,NA,0,GTH,NA
AM8,MGTRREF_112,NA,112,NA,0,GTH,NA
AT7,MGTREFCLK1N_112,NA,112,NA,0,GTH,NA
AT8,MGTREFCLK1P_112,NA,112,NA,0,GTH,NA
AU2,MGTHTXP1_112,NA,112,NA,0,GTH,NA
AT4,MGTHRXP1_112,NA,112,NA,0,GTH,NA
AU1,MGTHTXN1_112,NA,112,NA,0,GTH,NA
AT3,MGTHRXN1_112,NA,112,NA,0,GTH,NA
AV4,MGTHTXP0_112,NA,112,NA,0,GTH,NA
AU6,MGTHRXP0_112,NA,112,NA,0,GTH,NA
AV3,MGTHTXN0_112,NA,112,NA,0,GTH,NA
AU5,MGTHRXN0_112,NA,112,NA,0,GTH,NA
AJ2,MGTHTXP3_113,NA,113,NA,1,GTH,NA
AH4,MGTHRXP3_113,NA,113,NA,1,GTH,NA
AJ1,MGTHTXN3_113,NA,113,NA,1,GTH,NA
AH3,MGTHRXN3_113,NA,113,NA,1,GTH,NA
AK4,MGTHTXP2_113,NA,113,NA,1,GTH,NA
AJ6,MGTHRXP2_113,NA,113,NA,1,GTH,NA
AK3,MGTHTXN2_113,NA,113,NA,1,GTH,NA
AH8,MGTREFCLK0P_113,NA,113,NA,1,GTH,NA
AJ5,MGTHRXN2_113,NA,113,NA,1,GTH,NA
AH7,MGTREFCLK0N_113,NA,113,NA,1,GTH,NA
AK7,MGTREFCLK1N_113,NA,113,NA,1,GTH,NA
AK8,MGTREFCLK1P_113,NA,113,NA,1,GTH,NA
AL2,MGTHTXP1_113,NA,113,NA,1,GTH,NA
AL6,MGTHRXP1_113,NA,113,NA,1,GTH,NA
AL1,MGTHTXN1_113,NA,113,NA,1,GTH,NA
AL5,MGTHRXN1_113,NA,113,NA,1,GTH,NA
AN2,MGTHTXP0_113,NA,113,NA,1,GTH,NA
AM4,MGTHRXP0_113,NA,113,NA,1,GTH,NA
AN1,MGTHTXN0_113,NA,113,NA,1,GTH,NA
AM3,MGTHRXN0_113,NA,113,NA,1,GTH,NA
AC2,MGTHTXP3_114,NA,114,NA,1,GTH,NA
AC6,MGTHRXP3_114,NA,114,NA,1,GTH,NA
AC1,MGTHTXN3_114,NA,114,NA,1,GTH,NA
AC5,MGTHRXN3_114,NA,114,NA,1,GTH,NA
AE2,MGTHTXP2_114,NA,114,NA,1,GTH,NA
AD4,MGTHRXP2_114,NA,114,NA,1,GTH,NA
AE1,MGTHTXN2_114,NA,114,NA,1,GTH,NA
AD8,MGTREFCLK0P_114,NA,114,NA,1,GTH,NA
AD3,MGTHRXN2_114,NA,114,NA,1,GTH,NA
AD7,MGTREFCLK0N_114,NA,114,NA,1,GTH,NA
AF7,MGTREFCLK1N_114,NA,114,NA,1,GTH,NA
AF8,MGTREFCLK1P_114,NA,114,NA,1,GTH,NA
AF4,MGTHTXP1_114,NA,114,NA,1,GTH,NA
AE6,MGTHRXP1_114,NA,114,NA,1,GTH,NA
AF3,MGTHTXN1_114,NA,114,NA,1,GTH,NA
AE5,MGTHRXN1_114,NA,114,NA,1,GTH,NA
AG2,MGTHTXP0_114,NA,114,NA,1,GTH,NA
AG6,MGTHRXP0_114,NA,114,NA,1,GTH,NA
AG1,MGTHTXN0_114,NA,114,NA,1,GTH,NA
AG5,MGTHRXN0_114,NA,114,NA,1,GTH,NA
V4,MGTHTXP3_115,NA,115,NA,1,GTH,NA
U6,MGTHRXP3_115,NA,115,NA,1,GTH,NA
V3,MGTHTXN3_115,NA,115,NA,1,GTH,NA
U5,MGTHRXN3_115,NA,115,NA,1,GTH,NA
W2,MGTHTXP2_115,NA,115,NA,1,GTH,NA
W6,MGTHRXP2_115,NA,115,NA,1,GTH,NA
W1,MGTHTXN2_115,NA,115,NA,1,GTH,NA
V8,MGTREFCLK0P_115,NA,115,NA,1,GTH,NA
W5,MGTHRXN2_115,NA,115,NA,1,GTH,NA
Y7,MGTAVTTRCAL_115,NA,115,NA,1,GTH,NA
V7,MGTREFCLK0N_115,NA,115,NA,1,GTH,NA
Y8,MGTRREF_115,NA,115,NA,1,GTH,NA
AB7,MGTREFCLK1N_115,NA,115,NA,1,GTH,NA
AB8,MGTREFCLK1P_115,NA,115,NA,1,GTH,NA
AA2,MGTHTXP1_115,NA,115,NA,1,GTH,NA
Y4,MGTHRXP1_115,NA,115,NA,1,GTH,NA
AA1,MGTHTXN1_115,NA,115,NA,1,GTH,NA
Y3,MGTHRXN1_115,NA,115,NA,1,GTH,NA
AB4,MGTHTXP0_115,NA,115,NA,1,GTH,NA
AA6,MGTHRXP0_115,NA,115,NA,1,GTH,NA
AB3,MGTHTXN0_115,NA,115,NA,1,GTH,NA
AA5,MGTHRXN0_115,NA,115,NA,1,GTH,NA
N2,MGTHTXP3_116,NA,116,NA,2,GTH,NA
M4,MGTHRXP3_116,NA,116,NA,2,GTH,NA
N1,MGTHTXN3_116,NA,116,NA,2,GTH,NA
M3,MGTHRXN3_116,NA,116,NA,2,GTH,NA
P4,MGTHTXP2_116,NA,116,NA,2,GTH,NA
N6,MGTHRXP2_116,NA,116,NA,2,GTH,NA
P3,MGTHTXN2_116,NA,116,NA,2,GTH,NA
P8,MGTREFCLK0P_116,NA,116,NA,2,GTH,NA
N5,MGTHRXN2_116,NA,116,NA,2,GTH,NA
P7,MGTREFCLK0N_116,NA,116,NA,2,GTH,NA
T7,MGTREFCLK1N_116,NA,116,NA,2,GTH,NA
T8,MGTREFCLK1P_116,NA,116,NA,2,GTH,NA
R2,MGTHTXP1_116,NA,116,NA,2,GTH,NA
R6,MGTHRXP1_116,NA,116,NA,2,GTH,NA
R1,MGTHTXN1_116,NA,116,NA,2,GTH,NA
R5,MGTHRXN1_116,NA,116,NA,2,GTH,NA
U2,MGTHTXP0_116,NA,116,NA,2,GTH,NA
T4,MGTHRXP0_116,NA,116,NA,2,GTH,NA
U1,MGTHTXN0_116,NA,116,NA,2,GTH,NA
T3,MGTHRXN0_116,NA,116,NA,2,GTH,NA
G2,MGTHTXP3_117,NA,117,NA,2,GTH,NA
G6,MGTHRXP3_117,NA,117,NA,2,GTH,NA
G1,MGTHTXN3_117,NA,117,NA,2,GTH,NA
G5,MGTHRXN3_117,NA,117,NA,2,GTH,NA
J2,MGTHTXP2_117,NA,117,NA,2,GTH,NA
H4,MGTHRXP2_117,NA,117,NA,2,GTH,NA
J1,MGTHTXN2_117,NA,117,NA,2,GTH,NA
K8,MGTREFCLK0P_117,NA,117,NA,2,GTH,NA
H3,MGTHRXN2_117,NA,117,NA,2,GTH,NA
K7,MGTREFCLK0N_117,NA,117,NA,2,GTH,NA
M7,MGTREFCLK1N_117,NA,117,NA,2,GTH,NA
M8,MGTREFCLK1P_117,NA,117,NA,2,GTH,NA
K4,MGTHTXP1_117,NA,117,NA,2,GTH,NA
J6,MGTHRXP1_117,NA,117,NA,2,GTH,NA
K3,MGTHTXN1_117,NA,117,NA,2,GTH,NA
J5,MGTHRXN1_117,NA,117,NA,2,GTH,NA
L2,MGTHTXP0_117,NA,117,NA,2,GTH,NA
L6,MGTHRXP0_117,NA,117,NA,2,GTH,NA
L1,MGTHTXN0_117,NA,117,NA,2,GTH,NA
L5,MGTHRXN0_117,NA,117,NA,2,GTH,NA
B4,MGTHTXP3_118,NA,118,NA,2,GTH,NA
A6,MGTHRXP3_118,NA,118,NA,2,GTH,NA
B3,MGTHTXN3_118,NA,118,NA,2,GTH,NA
A5,MGTHRXN3_118,NA,118,NA,2,GTH,NA
C2,MGTHTXP2_118,NA,118,NA,2,GTH,NA
C6,MGTHRXP2_118,NA,118,NA,2,GTH,NA
C1,MGTHTXN2_118,NA,118,NA,2,GTH,NA
D8,MGTREFCLK0P_118,NA,118,NA,2,GTH,NA
C5,MGTHRXN2_118,NA,118,NA,2,GTH,NA
H7,MGTAVTTRCAL_118,NA,118,NA,2,GTH,NA
D7,MGTREFCLK0N_118,NA,118,NA,2,GTH,NA
H8,MGTRREF_118,NA,118,NA,2,GTH,NA
F7,MGTREFCLK1N_118,NA,118,NA,2,GTH,NA
F8,MGTREFCLK1P_118,NA,118,NA,2,GTH,NA
E2,MGTHTXP1_118,NA,118,NA,2,GTH,NA
D4,MGTHRXP1_118,NA,118,NA,2,GTH,NA
E1,MGTHTXN1_118,NA,118,NA,2,GTH,NA
D3,MGTHRXN1_118,NA,118,NA,2,GTH,NA
F4,MGTHTXP0_118,NA,118,NA,2,GTH,NA
E6,MGTHRXP0_118,NA,118,NA,2,GTH,NA
F3,MGTHTXN0_118,NA,118,NA,2,GTH,NA
E5,MGTHRXN0_118,NA,118,NA,2,GTH,NA
AW43,MGTHTXP3_211,NA,211,NA,0,GTH,NA
AW39,MGTHRXP3_211,NA,211,NA,0,GTH,NA
AW44,MGTHTXN3_211,NA,211,NA,0,GTH,NA
AW40,MGTHRXN3_211,NA,211,NA,0,GTH,NA
BA43,MGTHTXP2_211,NA,211,NA,0,GTH,NA
AY41,MGTHRXP2_211,NA,211,NA,0,GTH,NA
BA44,MGTHTXN2_211,NA,211,NA,0,GTH,NA
AV37,MGTREFCLK0P_211,NA,211,NA,0,GTH,NA
AY42,MGTHRXN2_211,NA,211,NA,0,GTH,NA
AV38,MGTREFCLK0N_211,NA,211,NA,0,GTH,NA
AY38,MGTREFCLK1N_211,NA,211,NA,0,GTH,NA
AY37,MGTREFCLK1P_211,NA,211,NA,0,GTH,NA
BB41,MGTHTXP1_211,NA,211,NA,0,GTH,NA
BA39,MGTHRXP1_211,NA,211,NA,0,GTH,NA
BB42,MGTHTXN1_211,NA,211,NA,0,GTH,NA
BA40,MGTHRXN1_211,NA,211,NA,0,GTH,NA
BD41,MGTHTXP0_211,NA,211,NA,0,GTH,NA
BC39,MGTHRXP0_211,NA,211,NA,0,GTH,NA
BD42,MGTHTXN0_211,NA,211,NA,0,GTH,NA
BC40,MGTHRXN0_211,NA,211,NA,0,GTH,NA
AP41,MGTHTXP3_212,NA,212,NA,0,GTH,NA
AN39,MGTHRXP3_212,NA,212,NA,0,GTH,NA
AP42,MGTHTXN3_212,NA,212,NA,0,GTH,NA
AN40,MGTHRXN3_212,NA,212,NA,0,GTH,NA
AR43,MGTHTXP2_212,NA,212,NA,0,GTH,NA
AR39,MGTHRXP2_212,NA,212,NA,0,GTH,NA
AR44,MGTHTXN2_212,NA,212,NA,0,GTH,NA
AP37,MGTREFCLK0P_212,NA,212,NA,0,GTH,NA
AR40,MGTHRXN2_212,NA,212,NA,0,GTH,NA
AM38,MGTAVTTRCAL_212,NA,212,NA,0,GTH,NA
AP38,MGTREFCLK0N_212,NA,212,NA,0,GTH,NA
AM37,MGTRREF_212,NA,212,NA,0,GTH,NA
AT38,MGTREFCLK1N_212,NA,212,NA,0,GTH,NA
AT37,MGTREFCLK1P_212,NA,212,NA,0,GTH,NA
AU43,MGTHTXP1_212,NA,212,NA,0,GTH,NA
AT41,MGTHRXP1_212,NA,212,NA,0,GTH,NA
AU44,MGTHTXN1_212,NA,212,NA,0,GTH,NA
AT42,MGTHRXN1_212,NA,212,NA,0,GTH,NA
AV41,MGTHTXP0_212,NA,212,NA,0,GTH,NA
AU39,MGTHRXP0_212,NA,212,NA,0,GTH,NA
AV42,MGTHTXN0_212,NA,212,NA,0,GTH,NA
AU40,MGTHRXN0_212,NA,212,NA,0,GTH,NA
AJ43,MGTHTXP3_213,NA,213,NA,1,GTH,NA
AH41,MGTHRXP3_213,NA,213,NA,1,GTH,NA
AJ44,MGTHTXN3_213,NA,213,NA,1,GTH,NA
AH42,MGTHRXN3_213,NA,213,NA,1,GTH,NA
AK41,MGTHTXP2_213,NA,213,NA,1,GTH,NA
AJ39,MGTHRXP2_213,NA,213,NA,1,GTH,NA
AK42,MGTHTXN2_213,NA,213,NA,1,GTH,NA
AH37,MGTREFCLK0P_213,NA,213,NA,1,GTH,NA
AJ40,MGTHRXN2_213,NA,213,NA,1,GTH,NA
AH38,MGTREFCLK0N_213,NA,213,NA,1,GTH,NA
AK38,MGTREFCLK1N_213,NA,213,NA,1,GTH,NA
AK37,MGTREFCLK1P_213,NA,213,NA,1,GTH,NA
AL43,MGTHTXP1_213,NA,213,NA,1,GTH,NA
AL39,MGTHRXP1_213,NA,213,NA,1,GTH,NA
AL44,MGTHTXN1_213,NA,213,NA,1,GTH,NA
AL40,MGTHRXN1_213,NA,213,NA,1,GTH,NA
AN43,MGTHTXP0_213,NA,213,NA,1,GTH,NA
AM41,MGTHRXP0_213,NA,213,NA,1,GTH,NA
AN44,MGTHTXN0_213,NA,213,NA,1,GTH,NA
AM42,MGTHRXN0_213,NA,213,NA,1,GTH,NA
AC43,MGTHTXP3_214,NA,214,NA,1,GTH,NA
AC39,MGTHRXP3_214,NA,214,NA,1,GTH,NA
AC44,MGTHTXN3_214,NA,214,NA,1,GTH,NA
AC40,MGTHRXN3_214,NA,214,NA,1,GTH,NA
AE43,MGTHTXP2_214,NA,214,NA,1,GTH,NA
AD41,MGTHRXP2_214,NA,214,NA,1,GTH,NA
AE44,MGTHTXN2_214,NA,214,NA,1,GTH,NA
AD37,MGTREFCLK0P_214,NA,214,NA,1,GTH,NA
AD42,MGTHRXN2_214,NA,214,NA,1,GTH,NA
AD38,MGTREFCLK0N_214,NA,214,NA,1,GTH,NA
AF38,MGTREFCLK1N_214,NA,214,NA,1,GTH,NA
AF37,MGTREFCLK1P_214,NA,214,NA,1,GTH,NA
AF41,MGTHTXP1_214,NA,214,NA,1,GTH,NA
AE39,MGTHRXP1_214,NA,214,NA,1,GTH,NA
AF42,MGTHTXN1_214,NA,214,NA,1,GTH,NA
AE40,MGTHRXN1_214,NA,214,NA,1,GTH,NA
AG43,MGTHTXP0_214,NA,214,NA,1,GTH,NA
AG39,MGTHRXP0_214,NA,214,NA,1,GTH,NA
AG44,MGTHTXN0_214,NA,214,NA,1,GTH,NA
AG40,MGTHRXN0_214,NA,214,NA,1,GTH,NA
V41,MGTHTXP3_215,NA,215,NA,1,GTH,NA
U39,MGTHRXP3_215,NA,215,NA,1,GTH,NA
V42,MGTHTXN3_215,NA,215,NA,1,GTH,NA
U40,MGTHRXN3_215,NA,215,NA,1,GTH,NA
W43,MGTHTXP2_215,NA,215,NA,1,GTH,NA
W39,MGTHRXP2_215,NA,215,NA,1,GTH,NA
W44,MGTHTXN2_215,NA,215,NA,1,GTH,NA
V37,MGTREFCLK0P_215,NA,215,NA,1,GTH,NA
W40,MGTHRXN2_215,NA,215,NA,1,GTH,NA
Y38,MGTAVTTRCAL_215,NA,215,NA,1,GTH,NA
V38,MGTREFCLK0N_215,NA,215,NA,1,GTH,NA
Y37,MGTRREF_215,NA,215,NA,1,GTH,NA
AB38,MGTREFCLK1N_215,NA,215,NA,1,GTH,NA
AB37,MGTREFCLK1P_215,NA,215,NA,1,GTH,NA
AA43,MGTHTXP1_215,NA,215,NA,1,GTH,NA
Y41,MGTHRXP1_215,NA,215,NA,1,GTH,NA
AA44,MGTHTXN1_215,NA,215,NA,1,GTH,NA
Y42,MGTHRXN1_215,NA,215,NA,1,GTH,NA
AB41,MGTHTXP0_215,NA,215,NA,1,GTH,NA
AA39,MGTHRXP0_215,NA,215,NA,1,GTH,NA
AB42,MGTHTXN0_215,NA,215,NA,1,GTH,NA
AA40,MGTHRXN0_215,NA,215,NA,1,GTH,NA
N43,MGTHTXP3_216,NA,216,NA,2,GTH,NA
M41,MGTHRXP3_216,NA,216,NA,2,GTH,NA
N44,MGTHTXN3_216,NA,216,NA,2,GTH,NA
M42,MGTHRXN3_216,NA,216,NA,2,GTH,NA
P41,MGTHTXP2_216,NA,216,NA,2,GTH,NA
N39,MGTHRXP2_216,NA,216,NA,2,GTH,NA
P42,MGTHTXN2_216,NA,216,NA,2,GTH,NA
P37,MGTREFCLK0P_216,NA,216,NA,2,GTH,NA
N40,MGTHRXN2_216,NA,216,NA,2,GTH,NA
P38,MGTREFCLK0N_216,NA,216,NA,2,GTH,NA
T38,MGTREFCLK1N_216,NA,216,NA,2,GTH,NA
T37,MGTREFCLK1P_216,NA,216,NA,2,GTH,NA
R43,MGTHTXP1_216,NA,216,NA,2,GTH,NA
R39,MGTHRXP1_216,NA,216,NA,2,GTH,NA
R44,MGTHTXN1_216,NA,216,NA,2,GTH,NA
R40,MGTHRXN1_216,NA,216,NA,2,GTH,NA
U43,MGTHTXP0_216,NA,216,NA,2,GTH,NA
T41,MGTHRXP0_216,NA,216,NA,2,GTH,NA
U44,MGTHTXN0_216,NA,216,NA,2,GTH,NA
T42,MGTHRXN0_216,NA,216,NA,2,GTH,NA
G43,MGTHTXP3_217,NA,217,NA,2,GTH,NA
G39,MGTHRXP3_217,NA,217,NA,2,GTH,NA
G44,MGTHTXN3_217,NA,217,NA,2,GTH,NA
G40,MGTHRXN3_217,NA,217,NA,2,GTH,NA
J43,MGTHTXP2_217,NA,217,NA,2,GTH,NA
H41,MGTHRXP2_217,NA,217,NA,2,GTH,NA
J44,MGTHTXN2_217,NA,217,NA,2,GTH,NA
K37,MGTREFCLK0P_217,NA,217,NA,2,GTH,NA
H42,MGTHRXN2_217,NA,217,NA,2,GTH,NA
K38,MGTREFCLK0N_217,NA,217,NA,2,GTH,NA
M38,MGTREFCLK1N_217,NA,217,NA,2,GTH,NA
M37,MGTREFCLK1P_217,NA,217,NA,2,GTH,NA
K41,MGTHTXP1_217,NA,217,NA,2,GTH,NA
J39,MGTHRXP1_217,NA,217,NA,2,GTH,NA
K42,MGTHTXN1_217,NA,217,NA,2,GTH,NA
J40,MGTHRXN1_217,NA,217,NA,2,GTH,NA
L43,MGTHTXP0_217,NA,217,NA,2,GTH,NA
L39,MGTHRXP0_217,NA,217,NA,2,GTH,NA
L44,MGTHTXN0_217,NA,217,NA,2,GTH,NA
L40,MGTHRXN0_217,NA,217,NA,2,GTH,NA
B41,MGTHTXP3_218,NA,218,NA,2,GTH,NA
A39,MGTHRXP3_218,NA,218,NA,2,GTH,NA
B42,MGTHTXN3_218,NA,218,NA,2,GTH,NA
A40,MGTHRXN3_218,NA,218,NA,2,GTH,NA
C43,MGTHTXP2_218,NA,218,NA,2,GTH,NA
C39,MGTHRXP2_218,NA,218,NA,2,GTH,NA
C44,MGTHTXN2_218,NA,218,NA,2,GTH,NA
D37,MGTREFCLK0P_218,NA,218,NA,2,GTH,NA
C40,MGTHRXN2_218,NA,218,NA,2,GTH,NA
H38,MGTAVTTRCAL_218,NA,218,NA,2,GTH,NA
D38,MGTREFCLK0N_218,NA,218,NA,2,GTH,NA
H37,MGTRREF_218,NA,218,NA,2,GTH,NA
F38,MGTREFCLK1N_218,NA,218,NA,2,GTH,NA
F37,MGTREFCLK1P_218,NA,218,NA,2,GTH,NA
E43,MGTHTXP1_218,NA,218,NA,2,GTH,NA
D41,MGTHRXP1_218,NA,218,NA,2,GTH,NA
E44,MGTHTXN1_218,NA,218,NA,2,GTH,NA
D42,MGTHRXN1_218,NA,218,NA,2,GTH,NA
F41,MGTHTXP0_218,NA,218,NA,2,GTH,NA
E39,MGTHRXP0_218,NA,218,NA,2,GTH,NA
F42,MGTHTXN0_218,NA,218,NA,2,GTH,NA
E40,MGTHRXN0_218,NA,218,NA,2,GTH,NA
AP39,MGTAVCC_G20,NA,NA,NA,NA,NA,NA
AR37,MGTAVCC_G20,NA,NA,NA,NA,NA,NA
AV39,MGTAVCC_G20,NA,NA,NA,NA,NA,NA
AW37,MGTAVCC_G20,NA,NA,NA,NA,NA,NA
BB39,MGTAVCC_G20,NA,NA,NA,NA,NA,NA
V39,MGTAVCC_G21,NA,NA,NA,NA,NA,NA
AA37,MGTAVCC_G21,NA,NA,NA,NA,NA,NA
AB39,MGTAVCC_G21,NA,NA,NA,NA,NA,NA
AE37,MGTAVCC_G21,NA,NA,NA,NA,NA,NA
AF39,MGTAVCC_G21,NA,NA,NA,NA,NA,NA
AJ37,MGTAVCC_G21,NA,NA,NA,NA,NA,NA
AK39,MGTAVCC_G21,NA,NA,NA,NA,NA,NA
B39,MGTAVCC_G22,NA,NA,NA,NA,NA,NA
E37,MGTAVCC_G22,NA,NA,NA,NA,NA,NA
F39,MGTAVCC_G22,NA,NA,NA,NA,NA,NA
J37,MGTAVCC_G22,NA,NA,NA,NA,NA,NA
K39,MGTAVCC_G22,NA,NA,NA,NA,NA,NA
N37,MGTAVCC_G22,NA,NA,NA,NA,NA,NA
P39,MGTAVCC_G22,NA,NA,NA,NA,NA,NA
AP6,MGTAVCC_G10,NA,NA,NA,NA,NA,NA
AR8,MGTAVCC_G10,NA,NA,NA,NA,NA,NA
AV6,MGTAVCC_G10,NA,NA,NA,NA,NA,NA
AW8,MGTAVCC_G10,NA,NA,NA,NA,NA,NA
BB6,MGTAVCC_G10,NA,NA,NA,NA,NA,NA
V6,MGTAVCC_G11,NA,NA,NA,NA,NA,NA
AA8,MGTAVCC_G11,NA,NA,NA,NA,NA,NA
AB6,MGTAVCC_G11,NA,NA,NA,NA,NA,NA
AE8,MGTAVCC_G11,NA,NA,NA,NA,NA,NA
AF6,MGTAVCC_G11,NA,NA,NA,NA,NA,NA
AJ8,MGTAVCC_G11,NA,NA,NA,NA,NA,NA
AK6,MGTAVCC_G11,NA,NA,NA,NA,NA,NA
B6,MGTAVCC_G12,NA,NA,NA,NA,NA,NA
E8,MGTAVCC_G12,NA,NA,NA,NA,NA,NA
F6,MGTAVCC_G12,NA,NA,NA,NA,NA,NA
J8,MGTAVCC_G12,NA,NA,NA,NA,NA,NA
K6,MGTAVCC_G12,NA,NA,NA,NA,NA,NA
N8,MGTAVCC_G12,NA,NA,NA,NA,NA,NA
P6,MGTAVCC_G12,NA,NA,NA,NA,NA,NA
AN37,MGTVCCAUX_G20,NA,NA,NA,NA,NA,NA
W37,MGTVCCAUX_G21,NA,NA,NA,NA,NA,NA
U37,MGTVCCAUX_G22,NA,NA,NA,NA,NA,NA
AN8,MGTVCCAUX_G10,NA,NA,NA,NA,NA,NA
W8,MGTVCCAUX_G11,NA,NA,NA,NA,NA,NA
U8,MGTVCCAUX_G12,NA,NA,NA,NA,NA,NA
AR41,MGTAVTT_G20,NA,NA,NA,NA,NA,NA
AT43,MGTAVTT_G20,NA,NA,NA,NA,NA,NA
AW41,MGTAVTT_G20,NA,NA,NA,NA,NA,NA
AY43,MGTAVTT_G20,NA,NA,NA,NA,NA,NA
BC41,MGTAVTT_G20,NA,NA,NA,NA,NA,NA
W41,MGTAVTT_G21,NA,NA,NA,NA,NA,NA
Y43,MGTAVTT_G21,NA,NA,NA,NA,NA,NA
AC41,MGTAVTT_G21,NA,NA,NA,NA,NA,NA
AD43,MGTAVTT_G21,NA,NA,NA,NA,NA,NA
AG41,MGTAVTT_G21,NA,NA,NA,NA,NA,NA
AH43,MGTAVTT_G21,NA,NA,NA,NA,NA,NA
AL41,MGTAVTT_G21,NA,NA,NA,NA,NA,NA
AM43,MGTAVTT_G21,NA,NA,NA,NA,NA,NA
C41,MGTAVTT_G22,NA,NA,NA,NA,NA,NA
D43,MGTAVTT_G22,NA,NA,NA,NA,NA,NA
G41,MGTAVTT_G22,NA,NA,NA,NA,NA,NA
H43,MGTAVTT_G22,NA,NA,NA,NA,NA,NA
L41,MGTAVTT_G22,NA,NA,NA,NA,NA,NA
M43,MGTAVTT_G22,NA,NA,NA,NA,NA,NA
R41,MGTAVTT_G22,NA,NA,NA,NA,NA,NA
T43,MGTAVTT_G22,NA,NA,NA,NA,NA,NA
AR4,MGTAVTT_G10,NA,NA,NA,NA,NA,NA
AT2,MGTAVTT_G10,NA,NA,NA,NA,NA,NA
AW4,MGTAVTT_G10,NA,NA,NA,NA,NA,NA
AY2,MGTAVTT_G10,NA,NA,NA,NA,NA,NA
BC4,MGTAVTT_G10,NA,NA,NA,NA,NA,NA
W4,MGTAVTT_G11,NA,NA,NA,NA,NA,NA
Y2,MGTAVTT_G11,NA,NA,NA,NA,NA,NA
AC4,MGTAVTT_G11,NA,NA,NA,NA,NA,NA
AD2,MGTAVTT_G11,NA,NA,NA,NA,NA,NA
AG4,MGTAVTT_G11,NA,NA,NA,NA,NA,NA
AH2,MGTAVTT_G11,NA,NA,NA,NA,NA,NA
AL4,MGTAVTT_G11,NA,NA,NA,NA,NA,NA
AM2,MGTAVTT_G11,NA,NA,NA,NA,NA,NA
C4,MGTAVTT_G12,NA,NA,NA,NA,NA,NA
D2,MGTAVTT_G12,NA,NA,NA,NA,NA,NA
G4,MGTAVTT_G12,NA,NA,NA,NA,NA,NA
H2,MGTAVTT_G12,NA,NA,NA,NA,NA,NA
L4,MGTAVTT_G12,NA,NA,NA,NA,NA,NA
M2,MGTAVTT_G12,NA,NA,NA,NA,NA,NA
R4,MGTAVTT_G12,NA,NA,NA,NA,NA,NA
T2,MGTAVTT_G12,NA,NA,NA,NA,NA,NA
A3,GND,NA,NA,NA,NA,NA,NA
A4,GND,NA,NA,NA,NA,NA,NA
A7,GND,NA,NA,NA,NA,NA,NA
A12,GND,NA,NA,NA,NA,NA,NA
A22,GND,NA,NA,NA,NA,NA,NA
A32,GND,NA,NA,NA,NA,NA,NA
A38,GND,NA,NA,NA,NA,NA,NA
A41,GND,NA,NA,NA,NA,NA,NA
A42,GND,NA,NA,NA,NA,NA,NA
B2,GND,NA,NA,NA,NA,NA,NA
B5,GND,NA,NA,NA,NA,NA,NA
B7,GND,NA,NA,NA,NA,NA,NA
B9,GND,NA,NA,NA,NA,NA,NA
B19,GND,NA,NA,NA,NA,NA,NA
B29,GND,NA,NA,NA,NA,NA,NA
B38,GND,NA,NA,NA,NA,NA,NA
B40,GND,NA,NA,NA,NA,NA,NA
B43,GND,NA,NA,NA,NA,NA,NA
C3,GND,NA,NA,NA,NA,NA,NA
C7,GND,NA,NA,NA,NA,NA,NA
C8,GND,NA,NA,NA,NA,NA,NA
C9,GND,NA,NA,NA,NA,NA,NA
C16,GND,NA,NA,NA,NA,NA,NA
C26,GND,NA,NA,NA,NA,NA,NA
C36,GND,NA,NA,NA,NA,NA,NA
C37,GND,NA,NA,NA,NA,NA,NA
C38,GND,NA,NA,NA,NA,NA,NA
C42,GND,NA,NA,NA,NA,NA,NA
D1,GND,NA,NA,NA,NA,NA,NA
D5,GND,NA,NA,NA,NA,NA,NA
D6,GND,NA,NA,NA,NA,NA,NA
D9,GND,NA,NA,NA,NA,NA,NA
D13,GND,NA,NA,NA,NA,NA,NA
D23,GND,NA,NA,NA,NA,NA,NA
D33,GND,NA,NA,NA,NA,NA,NA
D36,GND,NA,NA,NA,NA,NA,NA
D39,GND,NA,NA,NA,NA,NA,NA
D40,GND,NA,NA,NA,NA,NA,NA
D44,GND,NA,NA,NA,NA,NA,NA
E3,GND,NA,NA,NA,NA,NA,NA
E4,GND,NA,NA,NA,NA,NA,NA
E7,GND,NA,NA,NA,NA,NA,NA
E9,GND,NA,NA,NA,NA,NA,NA
E10,GND,NA,NA,NA,NA,NA,NA
E20,GND,NA,NA,NA,NA,NA,NA
E30,GND,NA,NA,NA,NA,NA,NA
E36,GND,NA,NA,NA,NA,NA,NA
E38,GND,NA,NA,NA,NA,NA,NA
E41,GND,NA,NA,NA,NA,NA,NA
E42,GND,NA,NA,NA,NA,NA,NA
F1,GND,NA,NA,NA,NA,NA,NA
F2,GND,NA,NA,NA,NA,NA,NA
F5,GND,NA,NA,NA,NA,NA,NA
F9,GND,NA,NA,NA,NA,NA,NA
F17,GND,NA,NA,NA,NA,NA,NA
F27,GND,NA,NA,NA,NA,NA,NA
F36,GND,NA,NA,NA,NA,NA,NA
F40,GND,NA,NA,NA,NA,NA,NA
F43,GND,NA,NA,NA,NA,NA,NA
F44,GND,NA,NA,NA,NA,NA,NA
G3,GND,NA,NA,NA,NA,NA,NA
G7,GND,NA,NA,NA,NA,NA,NA
G8,GND,NA,NA,NA,NA,NA,NA
G9,GND,NA,NA,NA,NA,NA,NA
G14,GND,NA,NA,NA,NA,NA,NA
G24,GND,NA,NA,NA,NA,NA,NA
G34,GND,NA,NA,NA,NA,NA,NA
G36,GND,NA,NA,NA,NA,NA,NA
G37,GND,NA,NA,NA,NA,NA,NA
G38,GND,NA,NA,NA,NA,NA,NA
G42,GND,NA,NA,NA,NA,NA,NA
H1,GND,NA,NA,NA,NA,NA,NA
H5,GND,NA,NA,NA,NA,NA,NA
H6,GND,NA,NA,NA,NA,NA,NA
H9,GND,NA,NA,NA,NA,NA,NA
H11,GND,NA,NA,NA,NA,NA,NA
H21,GND,NA,NA,NA,NA,NA,NA
H31,GND,NA,NA,NA,NA,NA,NA
H36,GND,NA,NA,NA,NA,NA,NA
H39,GND,NA,NA,NA,NA,NA,NA
H40,GND,NA,NA,NA,NA,NA,NA
H44,GND,NA,NA,NA,NA,NA,NA
J3,GND,NA,NA,NA,NA,NA,NA
J4,GND,NA,NA,NA,NA,NA,NA
J7,GND,NA,NA,NA,NA,NA,NA
J9,GND,NA,NA,NA,NA,NA,NA
J18,GND,NA,NA,NA,NA,NA,NA
J28,GND,NA,NA,NA,NA,NA,NA
J36,GND,NA,NA,NA,NA,NA,NA
J38,GND,NA,NA,NA,NA,NA,NA
J41,GND,NA,NA,NA,NA,NA,NA
J42,GND,NA,NA,NA,NA,NA,NA
K1,GND,NA,NA,NA,NA,NA,NA
K2,GND,NA,NA,NA,NA,NA,NA
K5,GND,NA,NA,NA,NA,NA,NA
K9,GND,NA,NA,NA,NA,NA,NA
K15,GND,NA,NA,NA,NA,NA,NA
K25,GND,NA,NA,NA,NA,NA,NA
K35,GND,NA,NA,NA,NA,NA,NA
K36,GND,NA,NA,NA,NA,NA,NA
K40,GND,NA,NA,NA,NA,NA,NA
K43,GND,NA,NA,NA,NA,NA,NA
K44,GND,NA,NA,NA,NA,NA,NA
L3,GND,NA,NA,NA,NA,NA,NA
L7,GND,NA,NA,NA,NA,NA,NA
L8,GND,NA,NA,NA,NA,NA,NA
L9,GND,NA,NA,NA,NA,NA,NA
L12,GND,NA,NA,NA,NA,NA,NA
L22,GND,NA,NA,NA,NA,NA,NA
L32,GND,NA,NA,NA,NA,NA,NA
L36,GND,NA,NA,NA,NA,NA,NA
L37,GND,NA,NA,NA,NA,NA,NA
L38,GND,NA,NA,NA,NA,NA,NA
L42,GND,NA,NA,NA,NA,NA,NA
M1,GND,NA,NA,NA,NA,NA,NA
M5,GND,NA,NA,NA,NA,NA,NA
M6,GND,NA,NA,NA,NA,NA,NA
M9,GND,NA,NA,NA,NA,NA,NA
M19,GND,NA,NA,NA,NA,NA,NA
M29,GND,NA,NA,NA,NA,NA,NA
M36,GND,NA,NA,NA,NA,NA,NA
M39,GND,NA,NA,NA,NA,NA,NA
M40,GND,NA,NA,NA,NA,NA,NA
M44,GND,NA,NA,NA,NA,NA,NA
N3,GND,NA,NA,NA,NA,NA,NA
N4,GND,NA,NA,NA,NA,NA,NA
N7,GND,NA,NA,NA,NA,NA,NA
N9,GND,NA,NA,NA,NA,NA,NA
N16,GND,NA,NA,NA,NA,NA,NA
N26,GND,NA,NA,NA,NA,NA,NA
N36,GND,NA,NA,NA,NA,NA,NA
N38,GND,NA,NA,NA,NA,NA,NA
N41,GND,NA,NA,NA,NA,NA,NA
N42,GND,NA,NA,NA,NA,NA,NA
P1,GND,NA,NA,NA,NA,NA,NA
P2,GND,NA,NA,NA,NA,NA,NA
P5,GND,NA,NA,NA,NA,NA,NA
P9,GND,NA,NA,NA,NA,NA,NA
P13,GND,NA,NA,NA,NA,NA,NA
P23,GND,NA,NA,NA,NA,NA,NA
P33,GND,NA,NA,NA,NA,NA,NA
P36,GND,NA,NA,NA,NA,NA,NA
P40,GND,NA,NA,NA,NA,NA,NA
P43,GND,NA,NA,NA,NA,NA,NA
P44,GND,NA,NA,NA,NA,NA,NA
R3,GND,NA,NA,NA,NA,NA,NA
R7,GND,NA,NA,NA,NA,NA,NA
R8,GND,NA,NA,NA,NA,NA,NA
R9,GND,NA,NA,NA,NA,NA,NA
R10,GND,NA,NA,NA,NA,NA,NA
R20,GND,NA,NA,NA,NA,NA,NA
R30,GND,NA,NA,NA,NA,NA,NA
R36,GND,NA,NA,NA,NA,NA,NA
R37,GND,NA,NA,NA,NA,NA,NA
R38,GND,NA,NA,NA,NA,NA,NA
R42,GND,NA,NA,NA,NA,NA,NA
T1,GND,NA,NA,NA,NA,NA,NA
T5,GND,NA,NA,NA,NA,NA,NA
T6,GND,NA,NA,NA,NA,NA,NA
T9,GND,NA,NA,NA,NA,NA,NA
T17,GND,NA,NA,NA,NA,NA,NA
T27,GND,NA,NA,NA,NA,NA,NA
T34,GND,NA,NA,NA,NA,NA,NA
T35,GND,NA,NA,NA,NA,NA,NA
T36,GND,NA,NA,NA,NA,NA,NA
T39,GND,NA,NA,NA,NA,NA,NA
T40,GND,NA,NA,NA,NA,NA,NA
T44,GND,NA,NA,NA,NA,NA,NA
U3,GND,NA,NA,NA,NA,NA,NA
U4,GND,NA,NA,NA,NA,NA,NA
U7,GND,NA,NA,NA,NA,NA,NA
U9,GND,NA,NA,NA,NA,NA,NA
U14,GND,NA,NA,NA,NA,NA,NA
U24,GND,NA,NA,NA,NA,NA,NA
U34,GND,NA,NA,NA,NA,NA,NA
U36,GND,NA,NA,NA,NA,NA,NA
U38,GND,NA,NA,NA,NA,NA,NA
U41,GND,NA,NA,NA,NA,NA,NA
U42,GND,NA,NA,NA,NA,NA,NA
V1,GND,NA,NA,NA,NA,NA,NA
V2,GND,NA,NA,NA,NA,NA,NA
V5,GND,NA,NA,NA,NA,NA,NA
V9,GND,NA,NA,NA,NA,NA,NA
V10,GND,NA,NA,NA,NA,NA,NA
V11,GND,NA,NA,NA,NA,NA,NA
V21,GND,NA,NA,NA,NA,NA,NA
V23,GND,NA,NA,NA,NA,NA,NA
V25,GND,NA,NA,NA,NA,NA,NA
V31,GND,NA,NA,NA,NA,NA,NA
V35,GND,NA,NA,NA,NA,NA,NA
V36,GND,NA,NA,NA,NA,NA,NA
V40,GND,NA,NA,NA,NA,NA,NA
V43,GND,NA,NA,NA,NA,NA,NA
V44,GND,NA,NA,NA,NA,NA,NA
W3,GND,NA,NA,NA,NA,NA,NA
W7,GND,NA,NA,NA,NA,NA,NA
W9,GND,NA,NA,NA,NA,NA,NA
W12,GND,NA,NA,NA,NA,NA,NA
W14,GND,NA,NA,NA,NA,NA,NA
W16,GND,NA,NA,NA,NA,NA,NA
W18,GND,NA,NA,NA,NA,NA,NA
W20,GND,NA,NA,NA,NA,NA,NA
W22,GND,NA,NA,NA,NA,NA,NA
W24,GND,NA,NA,NA,NA,NA,NA
W26,GND,NA,NA,NA,NA,NA,NA
W28,GND,NA,NA,NA,NA,NA,NA
W30,GND,NA,NA,NA,NA,NA,NA
W32,GND,NA,NA,NA,NA,NA,NA
W34,GND,NA,NA,NA,NA,NA,NA
W36,GND,NA,NA,NA,NA,NA,NA
W38,GND,NA,NA,NA,NA,NA,NA
W42,GND,NA,NA,NA,NA,NA,NA
Y1,GND,NA,NA,NA,NA,NA,NA
Y5,GND,NA,NA,NA,NA,NA,NA
Y6,GND,NA,NA,NA,NA,NA,NA
Y9,GND,NA,NA,NA,NA,NA,NA
Y10,GND,NA,NA,NA,NA,NA,NA
Y13,GND,NA,NA,NA,NA,NA,NA
Y15,GND,NA,NA,NA,NA,NA,NA
Y17,GND,NA,NA,NA,NA,NA,NA
Y19,GND,NA,NA,NA,NA,NA,NA
Y21,GND,NA,NA,NA,NA,NA,NA
Y23,GND,NA,NA,NA,NA,NA,NA
Y25,GND,NA,NA,NA,NA,NA,NA
Y27,GND,NA,NA,NA,NA,NA,NA
Y29,GND,NA,NA,NA,NA,NA,NA
Y31,GND,NA,NA,NA,NA,NA,NA
Y33,GND,NA,NA,NA,NA,NA,NA
Y35,GND,NA,NA,NA,NA,NA,NA
Y36,GND,NA,NA,NA,NA,NA,NA
Y39,GND,NA,NA,NA,NA,NA,NA
Y40,GND,NA,NA,NA,NA,NA,NA
Y44,GND,NA,NA,NA,NA,NA,NA
AA3,GND,NA,NA,NA,NA,NA,NA
AA4,GND,NA,NA,NA,NA,NA,NA
AA7,GND,NA,NA,NA,NA,NA,NA
AA9,GND,NA,NA,NA,NA,NA,NA
AA12,GND,NA,NA,NA,NA,NA,NA
AA14,GND,NA,NA,NA,NA,NA,NA
AA16,GND,NA,NA,NA,NA,NA,NA
AA18,GND,NA,NA,NA,NA,NA,NA
AA20,GND,NA,NA,NA,NA,NA,NA
AA24,GND,NA,NA,NA,NA,NA,NA
AA26,GND,NA,NA,NA,NA,NA,NA
AA28,GND,NA,NA,NA,NA,NA,NA
AA30,GND,NA,NA,NA,NA,NA,NA
AA32,GND,NA,NA,NA,NA,NA,NA
AA34,GND,NA,NA,NA,NA,NA,NA
AA36,GND,NA,NA,NA,NA,NA,NA
AA38,GND,NA,NA,NA,NA,NA,NA
AA41,GND,NA,NA,NA,NA,NA,NA
AA42,GND,NA,NA,NA,NA,NA,NA
AB1,GND,NA,NA,NA,NA,NA,NA
AB2,GND,NA,NA,NA,NA,NA,NA
AB5,GND,NA,NA,NA,NA,NA,NA
AB9,GND,NA,NA,NA,NA,NA,NA
AB10,GND,NA,NA,NA,NA,NA,NA
AB13,GND,NA,NA,NA,NA,NA,NA
AB15,GND,NA,NA,NA,NA,NA,NA
AB17,GND,NA,NA,NA,NA,NA,NA
AB19,GND,NA,NA,NA,NA,NA,NA
AB21,GND,NA,NA,NA,NA,NA,NA
AB25,GND,NA,NA,NA,NA,NA,NA
AB27,GND,NA,NA,NA,NA,NA,NA
AB29,GND,NA,NA,NA,NA,NA,NA
AB31,GND,NA,NA,NA,NA,NA,NA
AB33,GND,NA,NA,NA,NA,NA,NA
AB35,GND,NA,NA,NA,NA,NA,NA
AB36,GND,NA,NA,NA,NA,NA,NA
AB40,GND,NA,NA,NA,NA,NA,NA
AB43,GND,NA,NA,NA,NA,NA,NA
AB44,GND,NA,NA,NA,NA,NA,NA
AC3,GND,NA,NA,NA,NA,NA,NA
AC7,GND,NA,NA,NA,NA,NA,NA
AC8,GND,NA,NA,NA,NA,NA,NA
AC9,GND,NA,NA,NA,NA,NA,NA
AC12,GND,NA,NA,NA,NA,NA,NA
AC14,GND,NA,NA,NA,NA,NA,NA
AC16,GND,NA,NA,NA,NA,NA,NA
AC18,GND,NA,NA,NA,NA,NA,NA
AC20,GND,NA,NA,NA,NA,NA,NA
AC24,GND,NA,NA,NA,NA,NA,NA
AC26,GND,NA,NA,NA,NA,NA,NA
AC28,GND,NA,NA,NA,NA,NA,NA
AC30,GND,NA,NA,NA,NA,NA,NA
AC32,GND,NA,NA,NA,NA,NA,NA
AC34,GND,NA,NA,NA,NA,NA,NA
AC36,GND,NA,NA,NA,NA,NA,NA
AC37,GND,NA,NA,NA,NA,NA,NA
AC38,GND,NA,NA,NA,NA,NA,NA
AC42,GND,NA,NA,NA,NA,NA,NA
AD1,GND,NA,NA,NA,NA,NA,NA
AD5,GND,NA,NA,NA,NA,NA,NA
AD6,GND,NA,NA,NA,NA,NA,NA
AD9,GND,NA,NA,NA,NA,NA,NA
AD10,GND,NA,NA,NA,NA,NA,NA
AD13,GND,NA,NA,NA,NA,NA,NA
AD15,GND,NA,NA,NA,NA,NA,NA
AD17,GND,NA,NA,NA,NA,NA,NA
AD19,GND,NA,NA,NA,NA,NA,NA
AD21,GND,NA,NA,NA,NA,NA,NA
AD25,GND,NA,NA,NA,NA,NA,NA
AD27,GND,NA,NA,NA,NA,NA,NA
AD29,GND,NA,NA,NA,NA,NA,NA
AD31,GND,NA,NA,NA,NA,NA,NA
AD33,GND,NA,NA,NA,NA,NA,NA
AD36,GND,NA,NA,NA,NA,NA,NA
AD39,GND,NA,NA,NA,NA,NA,NA
AD40,GND,NA,NA,NA,NA,NA,NA
AD44,GND,NA,NA,NA,NA,NA,NA
AE3,GND,NA,NA,NA,NA,NA,NA
AE4,GND,NA,NA,NA,NA,NA,NA
AE7,GND,NA,NA,NA,NA,NA,NA
AE9,GND,NA,NA,NA,NA,NA,NA
AE12,GND,NA,NA,NA,NA,NA,NA
AE14,GND,NA,NA,NA,NA,NA,NA
AE16,GND,NA,NA,NA,NA,NA,NA
AE18,GND,NA,NA,NA,NA,NA,NA
AE20,GND,NA,NA,NA,NA,NA,NA
AE22,GND,NA,NA,NA,NA,NA,NA
AE24,GND,NA,NA,NA,NA,NA,NA
AE26,GND,NA,NA,NA,NA,NA,NA
AE28,GND,NA,NA,NA,NA,NA,NA
AE30,GND,NA,NA,NA,NA,NA,NA
AE32,GND,NA,NA,NA,NA,NA,NA
AE34,GND,NA,NA,NA,NA,NA,NA
AE36,GND,NA,NA,NA,NA,NA,NA
AE38,GND,NA,NA,NA,NA,NA,NA
AE41,GND,NA,NA,NA,NA,NA,NA
AE42,GND,NA,NA,NA,NA,NA,NA
AF1,GND,NA,NA,NA,NA,NA,NA
AF2,GND,NA,NA,NA,NA,NA,NA
AF5,GND,NA,NA,NA,NA,NA,NA
AF9,GND,NA,NA,NA,NA,NA,NA
AF10,GND,NA,NA,NA,NA,NA,NA
AF11,GND,NA,NA,NA,NA,NA,NA
AF13,GND,NA,NA,NA,NA,NA,NA
AF15,GND,NA,NA,NA,NA,NA,NA
AF17,GND,NA,NA,NA,NA,NA,NA
AF19,GND,NA,NA,NA,NA,NA,NA
AF21,GND,NA,NA,NA,NA,NA,NA
AF23,GND,NA,NA,NA,NA,NA,NA
AF25,GND,NA,NA,NA,NA,NA,NA
AF27,GND,NA,NA,NA,NA,NA,NA
AF29,GND,NA,NA,NA,NA,NA,NA
AF31,GND,NA,NA,NA,NA,NA,NA
AF33,GND,NA,NA,NA,NA,NA,NA
AF36,GND,NA,NA,NA,NA,NA,NA
AF40,GND,NA,NA,NA,NA,NA,NA
AF43,GND,NA,NA,NA,NA,NA,NA
AF44,GND,NA,NA,NA,NA,NA,NA
AG3,GND,NA,NA,NA,NA,NA,NA
AG7,GND,NA,NA,NA,NA,NA,NA
AG8,GND,NA,NA,NA,NA,NA,NA
AG9,GND,NA,NA,NA,NA,NA,NA
AG10,GND,NA,NA,NA,NA,NA,NA
AG12,GND,NA,NA,NA,NA,NA,NA
AG14,GND,NA,NA,NA,NA,NA,NA
AG16,GND,NA,NA,NA,NA,NA,NA
AG18,GND,NA,NA,NA,NA,NA,NA
AG20,GND,NA,NA,NA,NA,NA,NA
AG22,GND,NA,NA,NA,NA,NA,NA
AG24,GND,NA,NA,NA,NA,NA,NA
AG26,GND,NA,NA,NA,NA,NA,NA
AG28,GND,NA,NA,NA,NA,NA,NA
AG30,GND,NA,NA,NA,NA,NA,NA
AG32,GND,NA,NA,NA,NA,NA,NA
AG34,GND,NA,NA,NA,NA,NA,NA
AG36,GND,NA,NA,NA,NA,NA,NA
AG37,GND,NA,NA,NA,NA,NA,NA
AG38,GND,NA,NA,NA,NA,NA,NA
AG42,GND,NA,NA,NA,NA,NA,NA
AH1,GND,NA,NA,NA,NA,NA,NA
AH5,GND,NA,NA,NA,NA,NA,NA
AH6,GND,NA,NA,NA,NA,NA,NA
AH9,GND,NA,NA,NA,NA,NA,NA
AH11,GND,NA,NA,NA,NA,NA,NA
AH13,GND,NA,NA,NA,NA,NA,NA
AH15,GND,NA,NA,NA,NA,NA,NA
AH19,GND,NA,NA,NA,NA,NA,NA
AH21,GND,NA,NA,NA,NA,NA,NA
AH23,GND,NA,NA,NA,NA,NA,NA
AH25,GND,NA,NA,NA,NA,NA,NA
AH31,GND,NA,NA,NA,NA,NA,NA
AH33,GND,NA,NA,NA,NA,NA,NA
AH35,GND,NA,NA,NA,NA,NA,NA
AH36,GND,NA,NA,NA,NA,NA,NA
AH39,GND,NA,NA,NA,NA,NA,NA
AH40,GND,NA,NA,NA,NA,NA,NA
AH44,GND,NA,NA,NA,NA,NA,NA
AJ3,GND,NA,NA,NA,NA,NA,NA
AJ4,GND,NA,NA,NA,NA,NA,NA
AJ7,GND,NA,NA,NA,NA,NA,NA
AJ9,GND,NA,NA,NA,NA,NA,NA
AJ18,GND,NA,NA,NA,NA,NA,NA
AJ28,GND,NA,NA,NA,NA,NA,NA
AJ36,GND,NA,NA,NA,NA,NA,NA
AJ38,GND,NA,NA,NA,NA,NA,NA
AJ41,GND,NA,NA,NA,NA,NA,NA
AJ42,GND,NA,NA,NA,NA,NA,NA
AK1,GND,NA,NA,NA,NA,NA,NA
AK2,GND,NA,NA,NA,NA,NA,NA
AK5,GND,NA,NA,NA,NA,NA,NA
AK9,GND,NA,NA,NA,NA,NA,NA
AK15,GND,NA,NA,NA,NA,NA,NA
AK25,GND,NA,NA,NA,NA,NA,NA
AK35,GND,NA,NA,NA,NA,NA,NA
AK36,GND,NA,NA,NA,NA,NA,NA
AK40,GND,NA,NA,NA,NA,NA,NA
AK43,GND,NA,NA,NA,NA,NA,NA
AK44,GND,NA,NA,NA,NA,NA,NA
AL3,GND,NA,NA,NA,NA,NA,NA
AL7,GND,NA,NA,NA,NA,NA,NA
AL8,GND,NA,NA,NA,NA,NA,NA
AL9,GND,NA,NA,NA,NA,NA,NA
AL12,GND,NA,NA,NA,NA,NA,NA
AL22,GND,NA,NA,NA,NA,NA,NA
AL32,GND,NA,NA,NA,NA,NA,NA
AL36,GND,NA,NA,NA,NA,NA,NA
AL37,GND,NA,NA,NA,NA,NA,NA
AL38,GND,NA,NA,NA,NA,NA,NA
AL42,GND,NA,NA,NA,NA,NA,NA
AM1,GND,NA,NA,NA,NA,NA,NA
AM5,GND,NA,NA,NA,NA,NA,NA
AM6,GND,NA,NA,NA,NA,NA,NA
AM9,GND,NA,NA,NA,NA,NA,NA
AM19,GND,NA,NA,NA,NA,NA,NA
AM29,GND,NA,NA,NA,NA,NA,NA
AM36,GND,NA,NA,NA,NA,NA,NA
AM39,GND,NA,NA,NA,NA,NA,NA
AM40,GND,NA,NA,NA,NA,NA,NA
AM44,GND,NA,NA,NA,NA,NA,NA
AN3,GND,NA,NA,NA,NA,NA,NA
AN4,GND,NA,NA,NA,NA,NA,NA
AN7,GND,NA,NA,NA,NA,NA,NA
AN9,GND,NA,NA,NA,NA,NA,NA
AN16,GND,NA,NA,NA,NA,NA,NA
AN26,GND,NA,NA,NA,NA,NA,NA
AN36,GND,NA,NA,NA,NA,NA,NA
AN38,GND,NA,NA,NA,NA,NA,NA
AN41,GND,NA,NA,NA,NA,NA,NA
AN42,GND,NA,NA,NA,NA,NA,NA
AP1,GND,NA,NA,NA,NA,NA,NA
AP2,GND,NA,NA,NA,NA,NA,NA
AP5,GND,NA,NA,NA,NA,NA,NA
AP9,GND,NA,NA,NA,NA,NA,NA
AP13,GND,NA,NA,NA,NA,NA,NA
AP23,GND,NA,NA,NA,NA,NA,NA
AP33,GND,NA,NA,NA,NA,NA,NA
AP36,GND,NA,NA,NA,NA,NA,NA
AP40,GND,NA,NA,NA,NA,NA,NA
AP43,GND,NA,NA,NA,NA,NA,NA
AP44,GND,NA,NA,NA,NA,NA,NA
AR3,GND,NA,NA,NA,NA,NA,NA
AR7,GND,NA,NA,NA,NA,NA,NA
AR9,GND,NA,NA,NA,NA,NA,NA
AR10,GND,NA,NA,NA,NA,NA,NA
AR20,GND,NA,NA,NA,NA,NA,NA
AR30,GND,NA,NA,NA,NA,NA,NA
AR36,GND,NA,NA,NA,NA,NA,NA
AR38,GND,NA,NA,NA,NA,NA,NA
AR42,GND,NA,NA,NA,NA,NA,NA
AT1,GND,NA,NA,NA,NA,NA,NA
AT5,GND,NA,NA,NA,NA,NA,NA
AT6,GND,NA,NA,NA,NA,NA,NA
AT9,GND,NA,NA,NA,NA,NA,NA
AT17,GND,NA,NA,NA,NA,NA,NA
AT27,GND,NA,NA,NA,NA,NA,NA
AT36,GND,NA,NA,NA,NA,NA,NA
AT39,GND,NA,NA,NA,NA,NA,NA
AT40,GND,NA,NA,NA,NA,NA,NA
AT44,GND,NA,NA,NA,NA,NA,NA
AU3,GND,NA,NA,NA,NA,NA,NA
AU4,GND,NA,NA,NA,NA,NA,NA
AU7,GND,NA,NA,NA,NA,NA,NA
AU8,GND,NA,NA,NA,NA,NA,NA
AU9,GND,NA,NA,NA,NA,NA,NA
AU14,GND,NA,NA,NA,NA,NA,NA
AU24,GND,NA,NA,NA,NA,NA,NA
AU34,GND,NA,NA,NA,NA,NA,NA
AU36,GND,NA,NA,NA,NA,NA,NA
AU37,GND,NA,NA,NA,NA,NA,NA
AU38,GND,NA,NA,NA,NA,NA,NA
AU41,GND,NA,NA,NA,NA,NA,NA
AU42,GND,NA,NA,NA,NA,NA,NA
AV1,GND,NA,NA,NA,NA,NA,NA
AV2,GND,NA,NA,NA,NA,NA,NA
AV5,GND,NA,NA,NA,NA,NA,NA
AV9,GND,NA,NA,NA,NA,NA,NA
AV11,GND,NA,NA,NA,NA,NA,NA
AV21,GND,NA,NA,NA,NA,NA,NA
AV31,GND,NA,NA,NA,NA,NA,NA
AV36,GND,NA,NA,NA,NA,NA,NA
AV40,GND,NA,NA,NA,NA,NA,NA
AV43,GND,NA,NA,NA,NA,NA,NA
AV44,GND,NA,NA,NA,NA,NA,NA
AW3,GND,NA,NA,NA,NA,NA,NA
AW7,GND,NA,NA,NA,NA,NA,NA
AW9,GND,NA,NA,NA,NA,NA,NA
AW18,GND,NA,NA,NA,NA,NA,NA
AW28,GND,NA,NA,NA,NA,NA,NA
AW36,GND,NA,NA,NA,NA,NA,NA
AW38,GND,NA,NA,NA,NA,NA,NA
AW42,GND,NA,NA,NA,NA,NA,NA
AY1,GND,NA,NA,NA,NA,NA,NA
AY5,GND,NA,NA,NA,NA,NA,NA
AY6,GND,NA,NA,NA,NA,NA,NA
AY9,GND,NA,NA,NA,NA,NA,NA
AY15,GND,NA,NA,NA,NA,NA,NA
AY25,GND,NA,NA,NA,NA,NA,NA
AY35,GND,NA,NA,NA,NA,NA,NA
AY36,GND,NA,NA,NA,NA,NA,NA
AY39,GND,NA,NA,NA,NA,NA,NA
AY40,GND,NA,NA,NA,NA,NA,NA
AY44,GND,NA,NA,NA,NA,NA,NA
BA3,GND,NA,NA,NA,NA,NA,NA
BA4,GND,NA,NA,NA,NA,NA,NA
BA7,GND,NA,NA,NA,NA,NA,NA
BA8,GND,NA,NA,NA,NA,NA,NA
BA9,GND,NA,NA,NA,NA,NA,NA
BA12,GND,NA,NA,NA,NA,NA,NA
BA22,GND,NA,NA,NA,NA,NA,NA
BA32,GND,NA,NA,NA,NA,NA,NA
BA36,GND,NA,NA,NA,NA,NA,NA
BA37,GND,NA,NA,NA,NA,NA,NA
BA38,GND,NA,NA,NA,NA,NA,NA
BA41,GND,NA,NA,NA,NA,NA,NA
BA42,GND,NA,NA,NA,NA,NA,NA
BB1,GND,NA,NA,NA,NA,NA,NA
BB2,GND,NA,NA,NA,NA,NA,NA
BB5,GND,NA,NA,NA,NA,NA,NA
BB7,GND,NA,NA,NA,NA,NA,NA
BB9,GND,NA,NA,NA,NA,NA,NA
BB19,GND,NA,NA,NA,NA,NA,NA
BB29,GND,NA,NA,NA,NA,NA,NA
BB38,GND,NA,NA,NA,NA,NA,NA
BB40,GND,NA,NA,NA,NA,NA,NA
BB43,GND,NA,NA,NA,NA,NA,NA
BB44,GND,NA,NA,NA,NA,NA,NA
BC2,GND,NA,NA,NA,NA,NA,NA
BC3,GND,NA,NA,NA,NA,NA,NA
BC7,GND,NA,NA,NA,NA,NA,NA
BC16,GND,NA,NA,NA,NA,NA,NA
BC26,GND,NA,NA,NA,NA,NA,NA
BC36,GND,NA,NA,NA,NA,NA,NA
BC38,GND,NA,NA,NA,NA,NA,NA
BC42,GND,NA,NA,NA,NA,NA,NA
BC43,GND,NA,NA,NA,NA,NA,NA
BD5,GND,NA,NA,NA,NA,NA,NA
BD6,GND,NA,NA,NA,NA,NA,NA
BD7,GND,NA,NA,NA,NA,NA,NA
BD13,GND,NA,NA,NA,NA,NA,NA
BD23,GND,NA,NA,NA,NA,NA,NA
BD33,GND,NA,NA,NA,NA,NA,NA
BD38,GND,NA,NA,NA,NA,NA,NA
BD39,GND,NA,NA,NA,NA,NA,NA
BD40,GND,NA,NA,NA,NA,NA,NA
AA22,GNDADC,NA,NA,NA,NA,NA,NA
AA11,VCCINT,NA,NA,NA,NA,NA,NA
AA13,VCCINT,NA,NA,NA,NA,NA,NA
AA15,VCCINT,NA,NA,NA,NA,NA,NA
AA19,VCCINT,NA,NA,NA,NA,NA,NA
AA21,VCCINT,NA,NA,NA,NA,NA,NA
AA29,VCCINT,NA,NA,NA,NA,NA,NA
AA31,VCCINT,NA,NA,NA,NA,NA,NA
AA33,VCCINT,NA,NA,NA,NA,NA,NA
AB12,VCCINT,NA,NA,NA,NA,NA,NA
AB14,VCCINT,NA,NA,NA,NA,NA,NA
AB16,VCCINT,NA,NA,NA,NA,NA,NA
AB20,VCCINT,NA,NA,NA,NA,NA,NA
AB28,VCCINT,NA,NA,NA,NA,NA,NA
AB30,VCCINT,NA,NA,NA,NA,NA,NA
AB32,VCCINT,NA,NA,NA,NA,NA,NA
AB34,VCCINT,NA,NA,NA,NA,NA,NA
AC11,VCCINT,NA,NA,NA,NA,NA,NA
AC13,VCCINT,NA,NA,NA,NA,NA,NA
AC15,VCCINT,NA,NA,NA,NA,NA,NA
AC19,VCCINT,NA,NA,NA,NA,NA,NA
AC21,VCCINT,NA,NA,NA,NA,NA,NA
AC29,VCCINT,NA,NA,NA,NA,NA,NA
AC31,VCCINT,NA,NA,NA,NA,NA,NA
AC33,VCCINT,NA,NA,NA,NA,NA,NA
AD12,VCCINT,NA,NA,NA,NA,NA,NA
AD14,VCCINT,NA,NA,NA,NA,NA,NA
AD16,VCCINT,NA,NA,NA,NA,NA,NA
AD20,VCCINT,NA,NA,NA,NA,NA,NA
AD28,VCCINT,NA,NA,NA,NA,NA,NA
AD30,VCCINT,NA,NA,NA,NA,NA,NA
AD32,VCCINT,NA,NA,NA,NA,NA,NA
AD34,VCCINT,NA,NA,NA,NA,NA,NA
AE11,VCCINT,NA,NA,NA,NA,NA,NA
AE13,VCCINT,NA,NA,NA,NA,NA,NA
AE15,VCCINT,NA,NA,NA,NA,NA,NA
AE21,VCCINT,NA,NA,NA,NA,NA,NA
AE29,VCCINT,NA,NA,NA,NA,NA,NA
AE31,VCCINT,NA,NA,NA,NA,NA,NA
AE33,VCCINT,NA,NA,NA,NA,NA,NA
AF12,VCCINT,NA,NA,NA,NA,NA,NA
AF14,VCCINT,NA,NA,NA,NA,NA,NA
AF16,VCCINT,NA,NA,NA,NA,NA,NA
AF20,VCCINT,NA,NA,NA,NA,NA,NA
AF22,VCCINT,NA,NA,NA,NA,NA,NA
AF28,VCCINT,NA,NA,NA,NA,NA,NA
AF30,VCCINT,NA,NA,NA,NA,NA,NA
AF32,VCCINT,NA,NA,NA,NA,NA,NA
AF34,VCCINT,NA,NA,NA,NA,NA,NA
AG11,VCCINT,NA,NA,NA,NA,NA,NA
AG13,VCCINT,NA,NA,NA,NA,NA,NA
AG15,VCCINT,NA,NA,NA,NA,NA,NA
AG21,VCCINT,NA,NA,NA,NA,NA,NA
AG23,VCCINT,NA,NA,NA,NA,NA,NA
AG29,VCCINT,NA,NA,NA,NA,NA,NA
AG31,VCCINT,NA,NA,NA,NA,NA,NA
AG33,VCCINT,NA,NA,NA,NA,NA,NA
AH14,VCCINT,NA,NA,NA,NA,NA,NA
AH20,VCCINT,NA,NA,NA,NA,NA,NA
AH22,VCCINT,NA,NA,NA,NA,NA,NA
AH32,VCCINT,NA,NA,NA,NA,NA,NA
AH34,VCCINT,NA,NA,NA,NA,NA,NA
V12,VCCINT,NA,NA,NA,NA,NA,NA
V14,VCCINT,NA,NA,NA,NA,NA,NA
V34,VCCINT,NA,NA,NA,NA,NA,NA
W11,VCCINT,NA,NA,NA,NA,NA,NA
W13,VCCINT,NA,NA,NA,NA,NA,NA
W15,VCCINT,NA,NA,NA,NA,NA,NA
W21,VCCINT,NA,NA,NA,NA,NA,NA
W29,VCCINT,NA,NA,NA,NA,NA,NA
W31,VCCINT,NA,NA,NA,NA,NA,NA
W33,VCCINT,NA,NA,NA,NA,NA,NA
Y12,VCCINT,NA,NA,NA,NA,NA,NA
Y14,VCCINT,NA,NA,NA,NA,NA,NA
Y16,VCCINT,NA,NA,NA,NA,NA,NA
Y20,VCCINT,NA,NA,NA,NA,NA,NA
Y22,VCCINT,NA,NA,NA,NA,NA,NA
Y28,VCCINT,NA,NA,NA,NA,NA,NA
Y30,VCCINT,NA,NA,NA,NA,NA,NA
Y32,VCCINT,NA,NA,NA,NA,NA,NA
Y34,VCCINT,NA,NA,NA,NA,NA,NA
AA17,VCCAUX,NA,NA,NA,NA,NA,NA
AA27,VCCAUX,NA,NA,NA,NA,NA,NA
AC17,VCCAUX,NA,NA,NA,NA,NA,NA
AC27,VCCAUX,NA,NA,NA,NA,NA,NA
AE17,VCCAUX,NA,NA,NA,NA,NA,NA
AE27,VCCAUX,NA,NA,NA,NA,NA,NA
AG17,VCCAUX,NA,NA,NA,NA,NA,NA
AG27,VCCAUX,NA,NA,NA,NA,NA,NA
W17,VCCAUX,NA,NA,NA,NA,NA,NA
W27,VCCAUX,NA,NA,NA,NA,NA,NA
AD26,VCCAUX_IO_G0,NA,NA,NA,NA,NA,NA
AE25,VCCAUX_IO_G0,NA,NA,NA,NA,NA,NA
AF26,VCCAUX_IO_G0,NA,NA,NA,NA,NA,NA
AA25,VCCAUX_IO_G1,NA,NA,NA,NA,NA,NA
AB26,VCCAUX_IO_G1,NA,NA,NA,NA,NA,NA
AC25,VCCAUX_IO_G1,NA,NA,NA,NA,NA,NA
V26,VCCAUX_IO_G2,NA,NA,NA,NA,NA,NA
Y26,VCCAUX_IO_G2,NA,NA,NA,NA,NA,NA
AE19,VCCAUX_IO_G3,NA,NA,NA,NA,NA,NA
AF18,VCCAUX_IO_G3,NA,NA,NA,NA,NA,NA
AG19,VCCAUX_IO_G3,NA,NA,NA,NA,NA,NA
AB18,VCCAUX_IO_G4,NA,NA,NA,NA,NA,NA
AD18,VCCAUX_IO_G4,NA,NA,NA,NA,NA,NA
Y18,VCCAUX_IO_G4,NA,NA,NA,NA,NA,NA
W19,VCCAUX_IO_G5,NA,NA,NA,NA,NA,NA
AD35,VCCO_0,NA,0,NA,NA,NA,NA
AF35,VCCO_0,NA,0,NA,NA,NA,NA
AK30,VCCO_10,NA,10,NA,NA,NA,NA
AN31,VCCO_10,NA,10,NA,NA,NA,NA
AU29,VCCO_10,NA,10,NA,NA,NA,NA
AY30,VCCO_10,NA,10,NA,NA,NA,NA
BC31,VCCO_10,NA,10,NA,NA,NA,NA
BD28,VCCO_10,NA,10,NA,NA,NA,NA
AH26,VCCO_11,NA,11,NA,NA,NA,NA
AL27,VCCO_11,NA,11,NA,NA,NA,NA
AP28,VCCO_11,NA,11,NA,NA,NA,NA
AR25,VCCO_11,NA,11,NA,NA,NA,NA
AV26,VCCO_11,NA,11,NA,NA,NA,NA
BA27,VCCO_11,NA,11,NA,NA,NA,NA
BB24,VCCO_11,NA,11,NA,NA,NA,NA
AJ23,VCCO_12,NA,12,NA,NA,NA,NA
AM24,VCCO_12,NA,12,NA,NA,NA,NA
AN21,VCCO_12,NA,12,NA,NA,NA,NA
AT22,VCCO_12,NA,12,NA,NA,NA,NA
AW23,VCCO_12,NA,12,NA,NA,NA,NA
BC21,VCCO_12,NA,12,NA,NA,NA,NA
B24,VCCO_13,NA,13,NA,NA,NA,NA
E25,VCCO_13,NA,13,NA,NA,NA,NA
H26,VCCO_13,NA,13,NA,NA,NA,NA
L27,VCCO_13,NA,13,NA,NA,NA,NA
M24,VCCO_13,NA,13,NA,NA,NA,NA
R25,VCCO_13,NA,13,NA,NA,NA,NA
AJ33,VCCO_14,NA,14,NA,NA,NA,NA
AM34,VCCO_14,NA,14,NA,NA,NA,NA
AR35,VCCO_14,NA,14,NA,NA,NA,NA
AT32,VCCO_14,NA,14,NA,NA,NA,NA
AW33,VCCO_14,NA,14,NA,NA,NA,NA
BB34,VCCO_14,NA,14,NA,NA,NA,NA
C31,VCCO_15,NA,15,NA,NA,NA,NA
F32,VCCO_15,NA,15,NA,NA,NA,NA
J33,VCCO_15,NA,15,NA,NA,NA,NA
M34,VCCO_15,NA,15,NA,NA,NA,NA
N31,VCCO_15,NA,15,NA,NA,NA,NA
R35,VCCO_15,NA,15,NA,NA,NA,NA
T32,VCCO_15,NA,15,NA,NA,NA,NA
A27,VCCO_16,NA,16,NA,NA,NA,NA
D28,VCCO_16,NA,16,NA,NA,NA,NA
G29,VCCO_16,NA,16,NA,NA,NA,NA
K30,VCCO_16,NA,16,NA,NA,NA,NA
P28,VCCO_16,NA,16,NA,NA,NA,NA
U29,VCCO_16,NA,16,NA,NA,NA,NA
A37,VCCO_17,NA,17,NA,NA,NA,NA
B34,VCCO_17,NA,17,NA,NA,NA,NA
E35,VCCO_17,NA,17,NA,NA,NA,NA
AH16,VCCO_30,NA,30,NA,NA,NA,NA
AM14,VCCO_30,NA,30,NA,NA,NA,NA
AR15,VCCO_30,NA,30,NA,NA,NA,NA
AV16,VCCO_30,NA,30,NA,NA,NA,NA
AW13,VCCO_30,NA,30,NA,NA,NA,NA
BA17,VCCO_30,NA,30,NA,NA,NA,NA
BB14,VCCO_30,NA,30,NA,NA,NA,NA
AK20,VCCO_31,NA,31,NA,NA,NA,NA
AL17,VCCO_31,NA,31,NA,NA,NA,NA
AP18,VCCO_31,NA,31,NA,NA,NA,NA
AU19,VCCO_31,NA,31,NA,NA,NA,NA
AY20,VCCO_31,NA,31,NA,NA,NA,NA
BD18,VCCO_31,NA,31,NA,NA,NA,NA
AJ13,VCCO_32,NA,32,NA,NA,NA,NA
AK10,VCCO_32,NA,32,NA,NA,NA,NA
AN11,VCCO_32,NA,32,NA,NA,NA,NA
AT12,VCCO_32,NA,32,NA,NA,NA,NA
AY10,VCCO_32,NA,32,NA,NA,NA,NA
BC11,VCCO_32,NA,32,NA,NA,NA,NA
BD8,VCCO_32,NA,32,NA,NA,NA,NA
C21,VCCO_33,NA,33,NA,NA,NA,NA
F22,VCCO_33,NA,33,NA,NA,NA,NA
J23,VCCO_33,NA,33,NA,NA,NA,NA
K20,VCCO_33,NA,33,NA,NA,NA,NA
N21,VCCO_33,NA,33,NA,NA,NA,NA
T22,VCCO_33,NA,33,NA,NA,NA,NA
B14,VCCO_34,NA,34,NA,NA,NA,NA
E15,VCCO_34,NA,34,NA,NA,NA,NA
H16,VCCO_34,NA,34,NA,NA,NA,NA
M14,VCCO_34,NA,34,NA,NA,NA,NA
R15,VCCO_34,NA,34,NA,NA,NA,NA
V16,VCCO_34,NA,34,NA,NA,NA,NA
A17,VCCO_35,NA,35,NA,NA,NA,NA
D18,VCCO_35,NA,35,NA,NA,NA,NA
G19,VCCO_35,NA,35,NA,NA,NA,NA
L17,VCCO_35,NA,35,NA,NA,NA,NA
P18,VCCO_35,NA,35,NA,NA,NA,NA
U19,VCCO_35,NA,35,NA,NA,NA,NA
C11,VCCO_36,NA,36,NA,NA,NA,NA
F12,VCCO_36,NA,36,NA,NA,NA,NA
J13,VCCO_36,NA,36,NA,NA,NA,NA
K10,VCCO_36,NA,36,NA,NA,NA,NA
N11,VCCO_36,NA,36,NA,NA,NA,NA
T12,VCCO_36,NA,36,NA,NA,NA,NA
AA23,VCCADC,NA,NA,NA,NA,NA,NA
AB24,VCCBRAM,NA,NA,NA,NA,NA,NA
AD24,VCCBRAM,NA,NA,NA,NA,NA,NA
AE23,VCCBRAM,NA,NA,NA,NA,NA,NA
AF24,VCCBRAM,NA,NA,NA,NA,NA,NA
AG25,VCCBRAM,NA,NA,NA,NA,NA,NA
AH24,VCCBRAM,NA,NA,NA,NA,NA,NA
V24,VCCBRAM,NA,NA,NA,NA,NA,NA
W23,VCCBRAM,NA,NA,NA,NA,NA,NA
W25,VCCBRAM,NA,NA,NA,NA,NA,NA
Y24,VCCBRAM,NA,NA,NA,NA,NA,NA
,,,,,,,
Total Number of Pins,1924,,,,,,
