"#  (c) Copyright 2016 Xilinx, Inc. All rights reserved."
"# "
"#  This file contains confidential and proprietary information"
"#  of Xilinx, Inc. and is protected under U.S. and"
"#  international copyright and other intellectual property"
"#  laws."
"# "
"#  DISCLAIMER"
"#  This disclaimer is not a license and does not grant any"
"#  rights to the materials distributed herewith. Except as"
"#  otherwise provided in a valid license issued to you by"
"#  Xilinx, and to the maximum extent permitted by applicable"
"#  law: (1) THESE MATERIALS ARE MADE AVAILABLE ""AS IS"" AND"
"#  WITH ALL FAULTS, AND XILINX HEREBY DISCLAIMS ALL WARRANTIES"
"#  AND CONDITIONS, EXPRESS, IMPLIED, OR STATUTORY, INCLUDING"
"#  BUT NOT LIMITED TO WARRANTIES OF MERCHANTABILITY, NON-"
"#  INFRINGEMENT, OR FITNESS FOR ANY PARTICULAR PURPOSE; and"
"#  (2) Xilinx shall not be liable (whether in contract or tort,"
"#  including negligence, or under any other theory of"
"#  liability) for any loss or damage of any kind or nature"
"#  related to, arising under or in connection with these"
"#  materials, including for any direct, or any indirect,"
"#  special, incidental, or consequential loss or damage"
"#  (including loss of data, profits, goodwill, or any type of"
"#  loss or damage suffered as a result of any action brought"
"#  by a third party) even if such damage or loss was"
"#  reasonably foreseeable or Xilinx had been advised of the"
"#  possibility of the same."
"# "
"#  CRITICAL APPLICATIONS"
"#  Xilinx products are not designed or intended to be fail-"
"#  safe, or for use in any application requiring fail-safe"
"#  performance, such as life-support or safety devices or"
"#  systems, Class III medical devices, nuclear facilities,"
"#  applications related to the deployment of airbags, or any"
"#  other applications that could lead to death, personal"
"#  injury, or severe property or environmental damage"
"#  (individually and collectively, ""Critical"
"#  Applications""). Customer assumes the sole risk and"
"#  liability of any use of Xilinx products in Critical"
"#  Applications, subject only to applicable laws and"
"#  regulations governing limitations on product liability."
"# "
"#  THIS COPYRIGHT NOTICE AND DISCLAIMER MUST BE RETAINED AS"
"#  PART OF THIS FILE AT ALL TIMES."
"# "
"#----------------------------------------------------------------------"
"#  ASCII Pinout File"
"# "
"#  Device   : xcku15pffve1760"
"#  Date     : 10/26/2016 08:34:29"
"#  Revision : 1.1"
"#  Status   : Engineering Sample"
"# "
"#  Engineering Sample pkg specifications are based on a released"
"#  package design and validated with ES engineering sample"
"#  (ES) devices. Package specifications with this designation"
"#  are considered stable, however some pinout and mechanical"
"#  specifications might change prior to the production release"
"#  of the particular device. Package pinouts with this"
"#  designation are to be used for PCB and Vivado designs"
"#  using ES devices."
"# "
"#----------------------------------------------------------------------"
"#  Modification History"
"#  | Date    : 10/5/2016"
"#  | Revision: 1.0"
"#  | Status  : Engineering Sample"
"#  | Details : Initial creation."
"#----------------------------------------------------------------------"
"#  | Date    : 10/26/2016"
"#  | Revision: 1.1"
"#  | Status  : Engineering Sample"
"#  | Details : Updated customer facing files to remove column 7 (NC)."
"#----------------------------------------------------------------------"
,,,,,
Pin,Pin Name,Memory Byte Group,Bank,I/O Type,Super Logic Region
Y13,CCLK_0,NA,0,CONFIG,NA
AD13,RSVDGND,NA,NA,NA,NA
AE12,D00_MOSI_0,NA,0,CONFIG,NA
AC12,D01_DIN_0,NA,0,CONFIG,NA
AB12,D02_0,NA,0,CONFIG,NA
AA12,D03_0,NA,0,CONFIG,NA
AF12,DONE_0,NA,0,CONFIG,NA
AB21,DXN,NA,NA,NA,NA
AB22,DXP,NA,NA,NA,NA
W21,GNDADC,NA,NA,NA,NA
T12,INIT_B_0,NA,0,CONFIG,NA
W12,M0_0,NA,0,CONFIG,NA
V12,M1_0,NA,0,CONFIG,NA
U12,M2_0,NA,0,CONFIG,NA
AG12,POR_OVERRIDE,NA,NA,NA,NA
R13,PROGRAM_B_0,NA,0,CONFIG,NA
AG13,PUDC_B_0,NA,0,CONFIG,NA
T13,RDWR_FCS_B_0,NA,0,CONFIG,NA
V13,TCK_0,NA,0,CONFIG,NA
AC13,TDI_0,NA,0,CONFIG,NA
AB13,TDO_0,NA,0,CONFIG,NA
W13,TMS_0,NA,0,CONFIG,NA
AE13,VBATT,NA,NA,NA,NA
W22,VCCADC,NA,NA,NA,NA
AA21,VN,NA,NA,NA,NA
Y22,VP,NA,NA,NA,NA
Y21,VREFN,NA,NA,NA,NA
AA22,VREFP,NA,NA,NA,NA
B21,IO_L24N_T3U_N11_74,3U,74,HP,NA
C21,IO_L24P_T3U_N10_74,3U,74,HP,NA
A20,IO_L23N_T3U_N9_74,3U,74,HP,NA
A21,IO_L23P_T3U_N8_74,3U,74,HP,NA
C19,IO_L22N_T3U_N7_DBC_AD0N_74,3U,74,HP,NA
C20,IO_L22P_T3U_N6_DBC_AD0P_74,3U,74,HP,NA
A19,IO_L21N_T3L_N5_AD8N_74,3L,74,HP,NA
B19,IO_L21P_T3L_N4_AD8P_74,3L,74,HP,NA
D19,IO_L20N_T3L_N3_AD1N_74,3L,74,HP,NA
D20,IO_L20P_T3L_N2_AD1P_74,3L,74,HP,NA
A18,IO_L19N_T3L_N1_DBC_AD9N_74,3L,74,HP,NA
B18,IO_L19P_T3L_N0_DBC_AD9P_74,3L,74,HP,NA
C22,IO_T3U_N12_74,3U,74,HP,NA
F19,IO_T2U_N12_74,2U,74,HP,NA
G22,IO_L18N_T2U_N11_AD2N_74,2U,74,HP,NA
H22,IO_L18P_T2U_N10_AD2P_74,2U,74,HP,NA
D22,IO_L17N_T2U_N9_AD10N_74,2U,74,HP,NA
E22,IO_L17P_T2U_N8_AD10P_74,2U,74,HP,NA
G18,IO_L16N_T2U_N7_QBC_AD3N_74,2U,74,HP,NA
G19,IO_L16P_T2U_N6_QBC_AD3P_74,2U,74,HP,NA
E20,IO_L15N_T2L_N5_AD11N_74,2L,74,HP,NA
E21,IO_L15P_T2L_N4_AD11P_74,2L,74,HP,NA
G21,IO_L14N_T2L_N3_GC_74,2L,74,HP,NA
H21,IO_L14P_T2L_N2_GC_74,2L,74,HP,NA
F20,IO_L13N_T2L_N1_GC_QBC_74,2L,74,HP,NA
F21,IO_L13P_T2L_N0_GC_QBC_74,2L,74,HP,NA
H20,IO_L12N_T1U_N11_GC_74,1U,74,HP,NA
J20,IO_L12P_T1U_N10_GC_74,1U,74,HP,NA
H19,IO_L11N_T1U_N9_GC_74,1U,74,HP,NA
J19,IO_L11P_T1U_N8_GC_74,1U,74,HP,NA
J22,IO_L10N_T1U_N7_QBC_AD4N_74,1U,74,HP,NA
K22,IO_L10P_T1U_N6_QBC_AD4P_74,1U,74,HP,NA
K18,IO_L9N_T1L_N5_AD12N_74,1L,74,HP,NA
L18,IO_L9P_T1L_N4_AD12P_74,1L,74,HP,NA
K20,IO_L8N_T1L_N3_AD5N_74,1L,74,HP,NA
K21,IO_L8P_T1L_N2_AD5P_74,1L,74,HP,NA
L19,IO_L7N_T1L_N1_QBC_AD13N_74,1L,74,HP,NA
L20,IO_L7P_T1L_N0_QBC_AD13P_74,1L,74,HP,NA
J18,IO_T1U_N12_74,1U,74,HP,NA
M22,IO_T0U_N12_VRP_74,0U,74,HP,NA
N22,IO_L6N_T0U_N11_AD6N_74,0U,74,HP,NA
P22,IO_L6P_T0U_N10_AD6P_74,0U,74,HP,NA
N19,IO_L5N_T0U_N9_AD14N_74,0U,74,HP,NA
P20,IO_L5P_T0U_N8_AD14P_74,0U,74,HP,NA
L21,IO_L4N_T0U_N7_DBC_AD7N_74,0U,74,HP,NA
M21,IO_L4P_T0U_N6_DBC_AD7P_74,0U,74,HP,NA
P18,IO_L3N_T0L_N5_AD15N_74,0L,74,HP,NA
P19,IO_L3P_T0L_N4_AD15P_74,0L,74,HP,NA
N20,IO_L2N_T0L_N3_74,0L,74,HP,NA
N21,IO_L2P_T0L_N2_74,0L,74,HP,NA
M18,IO_L1N_T0L_N1_DBC_74,0L,74,HP,NA
M19,IO_L1P_T0L_N0_DBC_74,0L,74,HP,NA
P21,VREF_74,NA,74,HP,NA
D17,IO_L24N_T3U_N11_73,3U,73,HP,NA
D18,IO_L24P_T3U_N10_73,3U,73,HP,NA
B17,IO_L23N_T3U_N9_73,3U,73,HP,NA
C17,IO_L23P_T3U_N8_73,3U,73,HP,NA
B16,IO_L22N_T3U_N7_DBC_AD0N_73,3U,73,HP,NA
C16,IO_L22P_T3U_N6_DBC_AD0P_73,3U,73,HP,NA
A15,IO_L21N_T3L_N5_AD8N_73,3L,73,HP,NA
A16,IO_L21P_T3L_N4_AD8P_73,3L,73,HP,NA
C15,IO_L20N_T3L_N3_AD1N_73,3L,73,HP,NA
D15,IO_L20P_T3L_N2_AD1P_73,3L,73,HP,NA
A14,IO_L19N_T3L_N1_DBC_AD9N_73,3L,73,HP,NA
B14,IO_L19P_T3L_N0_DBC_AD9P_73,3L,73,HP,NA
C14,IO_T3U_N12_73,3U,73,HP,NA
D14,IO_T2U_N12_73,2U,73,HP,NA
G17,IO_L18N_T2U_N11_AD2N_73,2U,73,HP,NA
H17,IO_L18P_T2U_N10_AD2P_73,2U,73,HP,NA
E18,IO_L17N_T2U_N9_AD10N_73,2U,73,HP,NA
F18,IO_L17P_T2U_N8_AD10P_73,2U,73,HP,NA
F14,IO_L16N_T2U_N7_QBC_AD3N_73,2U,73,HP,NA
G14,IO_L16P_T2U_N6_QBC_AD3P_73,2U,73,HP,NA
E16,IO_L15N_T2L_N5_AD11N_73,2L,73,HP,NA
E17,IO_L15P_T2L_N4_AD11P_73,2L,73,HP,NA
F16,IO_L14N_T2L_N3_GC_73,2L,73,HP,NA
G16,IO_L14P_T2L_N2_GC_73,2L,73,HP,NA
E15,IO_L13N_T2L_N1_GC_QBC_73,2L,73,HP,NA
F15,IO_L13P_T2L_N0_GC_QBC_73,2L,73,HP,NA
J15,IO_L12N_T1U_N11_GC_73,1U,73,HP,NA
K15,IO_L12P_T1U_N10_GC_73,1U,73,HP,NA
H15,IO_L11N_T1U_N9_GC_73,1U,73,HP,NA
H16,IO_L11P_T1U_N8_GC_73,1U,73,HP,NA
L14,IO_L10N_T1U_N7_QBC_AD4N_73,1U,73,HP,NA
L15,IO_L10P_T1U_N6_QBC_AD4P_73,1U,73,HP,NA
H14,IO_L9N_T1L_N5_AD12N_73,1L,73,HP,NA
J14,IO_L9P_T1L_N4_AD12P_73,1L,73,HP,NA
K16,IO_L8N_T1L_N3_AD5N_73,1L,73,HP,NA
L16,IO_L8P_T1L_N2_AD5P_73,1L,73,HP,NA
J17,IO_L7N_T1L_N1_QBC_AD13N_73,1L,73,HP,NA
K17,IO_L7P_T1L_N0_QBC_AD13P_73,1L,73,HP,NA
M17,IO_T1U_N12_73,1U,73,HP,NA
N17,IO_T0U_N12_VRP_73,0U,73,HP,NA
N15,IO_L6N_T0U_N11_AD6N_73,0U,73,HP,NA
P15,IO_L6P_T0U_N10_AD6P_73,0U,73,HP,NA
M13,IO_L5N_T0U_N9_AD14N_73,0U,73,HP,NA
M14,IO_L5P_T0U_N8_AD14P_73,0U,73,HP,NA
N14,IO_L4N_T0U_N7_DBC_AD7N_73,0U,73,HP,NA
P14,IO_L4P_T0U_N6_DBC_AD7P_73,0U,73,HP,NA
M12,IO_L3N_T0L_N5_AD15N_73,0L,73,HP,NA
N12,IO_L3P_T0L_N4_AD15P_73,0L,73,HP,NA
P12,IO_L2N_T0L_N3_73,0L,73,HP,NA
P13,IO_L2P_T0L_N2_73,0L,73,HP,NA
M16,IO_L1N_T0L_N1_DBC_73,0L,73,HP,NA
N16,IO_L1P_T0L_N0_DBC_73,0L,73,HP,NA
P17,VREF_73,NA,73,HP,NA
A24,IO_L24N_T3U_N11_72,3U,72,HP,NA
A23,IO_L24P_T3U_N10_72,3U,72,HP,NA
C25,IO_L23N_T3U_N9_72,3U,72,HP,NA
C24,IO_L23P_T3U_N8_72,3U,72,HP,NA
B24,IO_L22N_T3U_N7_DBC_AD0N_72,3U,72,HP,NA
B23,IO_L22P_T3U_N6_DBC_AD0P_72,3U,72,HP,NA
B26,IO_L21N_T3L_N5_AD8N_72,3L,72,HP,NA
C26,IO_L21P_T3L_N4_AD8P_72,3L,72,HP,NA
A26,IO_L20N_T3L_N3_AD1N_72,3L,72,HP,NA
A25,IO_L20P_T3L_N2_AD1P_72,3L,72,HP,NA
B27,IO_L19N_T3L_N1_DBC_AD9N_72,3L,72,HP,NA
C27,IO_L19P_T3L_N0_DBC_AD9P_72,3L,72,HP,NA
B22,IO_T3U_N12_72,3U,72,HP,NA
D23,IO_T2U_N12_72,2U,72,HP,NA
D25,IO_L18N_T2U_N11_AD2N_72,2U,72,HP,NA
D24,IO_L18P_T2U_N10_AD2P_72,2U,72,HP,NA
E23,IO_L17N_T2U_N9_AD10N_72,2U,72,HP,NA
F23,IO_L17P_T2U_N8_AD10P_72,2U,72,HP,NA
D27,IO_L16N_T2U_N7_QBC_AD3N_72,2U,72,HP,NA
E27,IO_L16P_T2U_N6_QBC_AD3P_72,2U,72,HP,NA
E26,IO_L15N_T2L_N5_AD11N_72,2L,72,HP,NA
E25,IO_L15P_T2L_N4_AD11P_72,2L,72,HP,NA
F25,IO_L14N_T2L_N3_GC_72,2L,72,HP,NA
F24,IO_L14P_T2L_N2_GC_72,2L,72,HP,NA
F26,IO_L13N_T2L_N1_GC_QBC_72,2L,72,HP,NA
G26,IO_L13P_T2L_N0_GC_QBC_72,2L,72,HP,NA
G24,IO_L12N_T1U_N11_GC_72,1U,72,HP,NA
H24,IO_L12P_T1U_N10_GC_72,1U,72,HP,NA
H26,IO_L11N_T1U_N9_GC_72,1U,72,HP,NA
H25,IO_L11P_T1U_N8_GC_72,1U,72,HP,NA
G27,IO_L10N_T1U_N7_QBC_AD4N_72,1U,72,HP,NA
H27,IO_L10P_T1U_N6_QBC_AD4P_72,1U,72,HP,NA
J24,IO_L9N_T1L_N5_AD12N_72,1L,72,HP,NA
J23,IO_L9P_T1L_N4_AD12P_72,1L,72,HP,NA
J27,IO_L8N_T1L_N3_AD5N_72,1L,72,HP,NA
K26,IO_L8P_T1L_N2_AD5P_72,1L,72,HP,NA
J25,IO_L7N_T1L_N1_QBC_AD13N_72,1L,72,HP,NA
K25,IO_L7P_T1L_N0_QBC_AD13P_72,1L,72,HP,NA
G23,IO_T1U_N12_72,1U,72,HP,NA
K23,IO_T0U_N12_VRP_72,0U,72,HP,NA
L23,IO_L6N_T0U_N11_AD6N_72,0U,72,HP,NA
M23,IO_L6P_T0U_N10_AD6P_72,0U,72,HP,NA
M26,IO_L5N_T0U_N9_AD14N_72,0U,72,HP,NA
N26,IO_L5P_T0U_N8_AD14P_72,0U,72,HP,NA
L24,IO_L4N_T0U_N7_DBC_AD7N_72,0U,72,HP,NA
M24,IO_L4P_T0U_N6_DBC_AD7P_72,0U,72,HP,NA
N25,IO_L3N_T0L_N5_AD15N_72,0L,72,HP,NA
N24,IO_L3P_T0L_N4_AD15P_72,0L,72,HP,NA
L26,IO_L2N_T0L_N3_72,0L,72,HP,NA
L25,IO_L2P_T0L_N2_72,0L,72,HP,NA
P24,IO_L1N_T0L_N1_DBC_72,0L,72,HP,NA
P23,IO_L1P_T0L_N0_DBC_72,0L,72,HP,NA
P25,VREF_72,NA,72,HP,NA
A29,IO_L24N_T3U_N11_71,3U,71,HP,NA
A28,IO_L24P_T3U_N10_71,3U,71,HP,NA
B29,IO_L23N_T3U_N9_71,3U,71,HP,NA
C29,IO_L23P_T3U_N8_71,3U,71,HP,NA
A31,IO_L22N_T3U_N7_DBC_AD0N_71,3U,71,HP,NA
A30,IO_L22P_T3U_N6_DBC_AD0P_71,3U,71,HP,NA
B32,IO_L21N_T3L_N5_AD8N_71,3L,71,HP,NA
B31,IO_L21P_T3L_N4_AD8P_71,3L,71,HP,NA
A33,IO_L20N_T3L_N3_AD1N_71,3L,71,HP,NA
B33,IO_L20P_T3L_N2_AD1P_71,3L,71,HP,NA
C31,IO_L19N_T3L_N1_DBC_AD9N_71,3L,71,HP,NA
C30,IO_L19P_T3L_N0_DBC_AD9P_71,3L,71,HP,NA
B28,IO_T3U_N12_71,3U,71,HP,NA
C32,IO_T2U_N12_71,2U,71,HP,NA
D30,IO_L18N_T2U_N11_AD2N_71,2U,71,HP,NA
E30,IO_L18P_T2U_N10_AD2P_71,2U,71,HP,NA
D29,IO_L17N_T2U_N9_AD10N_71,2U,71,HP,NA
D28,IO_L17P_T2U_N8_AD10P_71,2U,71,HP,NA
D32,IO_L16N_T2U_N7_QBC_AD3N_71,2U,71,HP,NA
E32,IO_L16P_T2U_N6_QBC_AD3P_71,2U,71,HP,NA
E28,IO_L15N_T2L_N5_AD11N_71,2L,71,HP,NA
F28,IO_L15P_T2L_N4_AD11P_71,2L,71,HP,NA
E31,IO_L14N_T2L_N3_GC_71,2L,71,HP,NA
F31,IO_L14P_T2L_N2_GC_71,2L,71,HP,NA
F30,IO_L13N_T2L_N1_GC_QBC_71,2L,71,HP,NA
F29,IO_L13P_T2L_N0_GC_QBC_71,2L,71,HP,NA
H31,IO_L12N_T1U_N11_GC_71,1U,71,HP,NA
H30,IO_L12P_T1U_N10_GC_71,1U,71,HP,NA
G29,IO_L11N_T1U_N9_GC_71,1U,71,HP,NA
G28,IO_L11P_T1U_N8_GC_71,1U,71,HP,NA
G32,IO_L10N_T1U_N7_QBC_AD4N_71,1U,71,HP,NA
G31,IO_L10P_T1U_N6_QBC_AD4P_71,1U,71,HP,NA
H29,IO_L9N_T1L_N5_AD12N_71,1L,71,HP,NA
J28,IO_L9P_T1L_N4_AD12P_71,1L,71,HP,NA
H32,IO_L8N_T1L_N3_AD5N_71,1L,71,HP,NA
J32,IO_L8P_T1L_N2_AD5P_71,1L,71,HP,NA
J30,IO_L7N_T1L_N1_QBC_AD13N_71,1L,71,HP,NA
J29,IO_L7P_T1L_N0_QBC_AD13P_71,1L,71,HP,NA
K32,IO_T1U_N12_71,1U,71,HP,NA
K27,IO_T0U_N12_VRP_71,0U,71,HP,NA
K28,IO_L6N_T0U_N11_AD6N_71,0U,71,HP,NA
L28,IO_L6P_T0U_N10_AD6P_71,0U,71,HP,NA
M27,IO_L5N_T0U_N9_AD14N_71,0U,71,HP,NA
N27,IO_L5P_T0U_N8_AD14P_71,0U,71,HP,NA
K30,IO_L4N_T0U_N7_DBC_AD7N_71,0U,71,HP,NA
L30,IO_L4P_T0U_N6_DBC_AD7P_71,0U,71,HP,NA
N28,IO_L3N_T0L_N5_AD15N_71,0L,71,HP,NA
P28,IO_L3P_T0L_N4_AD15P_71,0L,71,HP,NA
K31,IO_L2N_T0L_N3_71,0L,71,HP,NA
L31,IO_L2P_T0L_N2_71,0L,71,HP,NA
L29,IO_L1N_T0L_N1_DBC_71,0L,71,HP,NA
M28,IO_L1P_T0L_N0_DBC_71,0L,71,HP,NA
P27,VREF_71,NA,71,HP,NA
A38,IO_L24N_T3U_N11_70,3U,70,HP,NA
B38,IO_L24P_T3U_N10_70,3U,70,HP,NA
B41,IO_L23N_T3U_N9_70,3U,70,HP,NA
C40,IO_L23P_T3U_N8_70,3U,70,HP,NA
A40,IO_L22N_T3U_N7_DBC_AD0N_70,3U,70,HP,NA
A39,IO_L22P_T3U_N6_DBC_AD0P_70,3U,70,HP,NA
C42,IO_L21N_T3L_N5_AD8N_70,3L,70,HP,NA
C41,IO_L21P_T3L_N4_AD8P_70,3L,70,HP,NA
B39,IO_L20N_T3L_N3_AD1N_70,3L,70,HP,NA
C39,IO_L20P_T3L_N2_AD1P_70,3L,70,HP,NA
D40,IO_L19N_T3L_N1_DBC_AD9N_70,3L,70,HP,NA
D39,IO_L19P_T3L_N0_DBC_AD9P_70,3L,70,HP,NA
D38,IO_T3U_N12_70,3U,70,HP,NA
D33,IO_T2U_N12_70,2U,70,HP,NA
A36,IO_L18N_T2U_N11_AD2N_70,2U,70,HP,NA
A35,IO_L18P_T2U_N10_AD2P_70,2U,70,HP,NA
A34,IO_L17N_T2U_N9_AD10N_70,2U,70,HP,NA
B34,IO_L17P_T2U_N8_AD10P_70,2U,70,HP,NA
B37,IO_L16N_T2U_N7_QBC_AD3N_70,2U,70,HP,NA
B36,IO_L16P_T2U_N6_QBC_AD3P_70,2U,70,HP,NA
C34,IO_L15N_T2L_N5_AD11N_70,2L,70,HP,NA
D34,IO_L15P_T2L_N4_AD11P_70,2L,70,HP,NA
C37,IO_L14N_T2L_N3_GC_70,2L,70,HP,NA
C36,IO_L14P_T2L_N2_GC_70,2L,70,HP,NA
C35,IO_L13N_T2L_N1_GC_QBC_70,2L,70,HP,NA
D35,IO_L13P_T2L_N0_GC_QBC_70,2L,70,HP,NA
E38,IO_L12N_T1U_N11_GC_70,1U,70,HP,NA
E37,IO_L12P_T1U_N10_GC_70,1U,70,HP,NA
D37,IO_L11N_T1U_N9_GC_70,1U,70,HP,NA
E36,IO_L11P_T1U_N8_GC_70,1U,70,HP,NA
E35,IO_L10N_T1U_N7_QBC_AD4N_70,1U,70,HP,NA
F35,IO_L10P_T1U_N6_QBC_AD4P_70,1U,70,HP,NA
E33,IO_L9N_T1L_N5_AD12N_70,1L,70,HP,NA
F33,IO_L9P_T1L_N4_AD12P_70,1L,70,HP,NA
F36,IO_L8N_T1L_N3_AD5N_70,1L,70,HP,NA
G36,IO_L8P_T1L_N2_AD5P_70,1L,70,HP,NA
F34,IO_L7N_T1L_N1_QBC_AD13N_70,1L,70,HP,NA
G34,IO_L7P_T1L_N0_QBC_AD13P_70,1L,70,HP,NA
G37,IO_T1U_N12_70,1U,70,HP,NA
E40,IO_T0U_N12_VRP_70,0U,70,HP,NA
D42,IO_L6N_T0U_N11_AD6N_70,0U,70,HP,NA
E42,IO_L6P_T0U_N10_AD6P_70,0U,70,HP,NA
F39,IO_L5N_T0U_N9_AD14N_70,0U,70,HP,NA
F38,IO_L5P_T0U_N8_AD14P_70,0U,70,HP,NA
E41,IO_L4N_T0U_N7_DBC_AD7N_70,0U,70,HP,NA
F41,IO_L4P_T0U_N6_DBC_AD7P_70,0U,70,HP,NA
G39,IO_L3N_T0L_N5_AD15N_70,0L,70,HP,NA
G38,IO_L3P_T0L_N4_AD15P_70,0L,70,HP,NA
G42,IO_L2N_T0L_N3_70,0L,70,HP,NA
G41,IO_L2P_T0L_N2_70,0L,70,HP,NA
F40,IO_L1N_T0L_N1_DBC_70,0L,70,HP,NA
G40,IO_L1P_T0L_N0_DBC_70,0L,70,HP,NA
G33,VREF_70,NA,70,HP,NA
AR38,IO_L24N_T3U_N11_69,3U,69,HP,NA
AR37,IO_L24P_T3U_N10_69,3U,69,HP,NA
AP37,IO_L23N_T3U_N9_69,3U,69,HP,NA
AP36,IO_L23P_T3U_N8_69,3U,69,HP,NA
AU38,IO_L22N_T3U_N7_DBC_AD0N_69,3U,69,HP,NA
AT37,IO_L22P_T3U_N6_DBC_AD0P_69,3U,69,HP,NA
AP40,IO_L21N_T3L_N5_AD8N_69,3L,69,HP,NA
AP39,IO_L21P_T3L_N4_AD8P_69,3L,69,HP,NA
AT36,IO_L20N_T3L_N3_AD1N_69,3L,69,HP,NA
AR36,IO_L20P_T3L_N2_AD1P_69,3L,69,HP,NA
AR39,IO_L19N_T3L_N1_DBC_AD9N_69,3L,69,HP,NA
AP38,IO_L19P_T3L_N0_DBC_AD9P_69,3L,69,HP,NA
AT35,IO_T3U_N12_69,3U,69,HP,NA
AN42,IO_T2U_N12_69,2U,69,HP,NA
AT41,IO_L18N_T2U_N11_AD2N_69,2U,69,HP,NA
AT40,IO_L18P_T2U_N10_AD2P_69,2U,69,HP,NA
AR41,IO_L17N_T2U_N9_AD10N_69,2U,69,HP,NA
AP41,IO_L17P_T2U_N8_AD10P_69,2U,69,HP,NA
AU42,IO_L16N_T2U_N7_QBC_AD3N_69,2U,69,HP,NA
AT42,IO_L16P_T2U_N6_QBC_AD3P_69,2U,69,HP,NA
AR42,IO_L15N_T2L_N5_AD11N_69,2L,69,HP,NA
AP42,IO_L15P_T2L_N4_AD11P_69,2L,69,HP,NA
AV40,IO_L14N_T2L_N3_GC_69,2L,69,HP,NA
AU40,IO_L14P_T2L_N2_GC_69,2L,69,HP,NA
AU39,IO_L13N_T2L_N1_GC_QBC_69,2L,69,HP,NA
AT39,IO_L13P_T2L_N0_GC_QBC_69,2L,69,HP,NA
AW38,IO_L12N_T1U_N11_GC_69,1U,69,HP,NA
AV38,IO_L12P_T1U_N10_GC_69,1U,69,HP,NA
AV37,IO_L11N_T1U_N9_GC_69,1U,69,HP,NA
AU37,IO_L11P_T1U_N8_GC_69,1U,69,HP,NA
AY38,IO_L10N_T1U_N7_QBC_AD4N_69,1U,69,HP,NA
AY37,IO_L10P_T1U_N6_QBC_AD4P_69,1U,69,HP,NA
AW36,IO_L9N_T1L_N5_AD12N_69,1L,69,HP,NA
AV36,IO_L9P_T1L_N4_AD12P_69,1L,69,HP,NA
BB38,IO_L8N_T1L_N3_AD5N_69,1L,69,HP,NA
BA37,IO_L8P_T1L_N2_AD5P_69,1L,69,HP,NA
AV35,IO_L7N_T1L_N1_QBC_AD13N_69,1L,69,HP,NA
AU35,IO_L7P_T1L_N0_QBC_AD13P_69,1L,69,HP,NA
AY36,IO_T1U_N12_69,1U,69,HP,NA
AW40,IO_T0U_N12_VRP_69,0U,69,HP,NA
BB39,IO_L6N_T0U_N11_AD6N_69,0U,69,HP,NA
BA39,IO_L6P_T0U_N10_AD6P_69,0U,69,HP,NA
AV42,IO_L5N_T0U_N9_AD14N_69,0U,69,HP,NA
AV41,IO_L5P_T0U_N8_AD14P_69,0U,69,HP,NA
BA41,IO_L4N_T0U_N7_DBC_AD7N_69,0U,69,HP,NA
AY41,IO_L4P_T0U_N6_DBC_AD7P_69,0U,69,HP,NA
AY42,IO_L3N_T0L_N5_AD15N_69,0L,69,HP,NA
AW41,IO_L3P_T0L_N4_AD15P_69,0L,69,HP,NA
BB40,IO_L2N_T0L_N3_69,0L,69,HP,NA
BA40,IO_L2P_T0L_N2_69,0L,69,HP,NA
AY39,IO_L1N_T0L_N1_DBC_69,0L,69,HP,NA
AW39,IO_L1P_T0L_N0_DBC_69,0L,69,HP,NA
AP35,VREF_69,NA,69,HP,NA
AL29,IO_L24N_T3U_N11_68,3U,68,HP,NA
AK29,IO_L24P_T3U_N10_68,3U,68,HP,NA
AK30,IO_L23N_T3U_N9_68,3U,68,HP,NA
AJ29,IO_L23P_T3U_N8_68,3U,68,HP,NA
AK28,IO_L22N_T3U_N7_DBC_AD0N_68,3U,68,HP,NA
AJ28,IO_L22P_T3U_N6_DBC_AD0P_68,3U,68,HP,NA
AJ30,IO_L21N_T3L_N5_AD8N_68,3L,68,HP,NA
AH30,IO_L21P_T3L_N4_AD8P_68,3L,68,HP,NA
AM29,IO_L20N_T3L_N3_AD1N_68,3L,68,HP,NA
AM28,IO_L20P_T3L_N2_AD1P_68,3L,68,HP,NA
AM30,IO_L19N_T3L_N1_DBC_AD9N_68,3L,68,HP,NA
AL30,IO_L19P_T3L_N0_DBC_AD9P_68,3L,68,HP,NA
AN28,IO_T3U_N12_68,3U,68,HP,NA
AP28,IO_T2U_N12_68,2U,68,HP,NA
AR29,IO_L18N_T2U_N11_AD2N_68,2U,68,HP,NA
AP29,IO_L18P_T2U_N10_AD2P_68,2U,68,HP,NA
AP30,IO_L17N_T2U_N9_AD10N_68,2U,68,HP,NA
AN30,IO_L17P_T2U_N8_AD10P_68,2U,68,HP,NA
AU30,IO_L16N_T2U_N7_QBC_AD3N_68,2U,68,HP,NA
AT30,IO_L16P_T2U_N6_QBC_AD3P_68,2U,68,HP,NA
AN32,IO_L15N_T2L_N5_AD11N_68,2L,68,HP,NA
AN31,IO_L15P_T2L_N4_AD11P_68,2L,68,HP,NA
AT31,IO_L14N_T2L_N3_GC_68,2L,68,HP,NA
AR31,IO_L14P_T2L_N2_GC_68,2L,68,HP,NA
AR32,IO_L13N_T2L_N1_GC_QBC_68,2L,68,HP,NA
AP31,IO_L13P_T2L_N0_GC_QBC_68,2L,68,HP,NA
AV33,IO_L12N_T1U_N11_GC_68,1U,68,HP,NA
AU33,IO_L12P_T1U_N10_GC_68,1U,68,HP,NA
AU32,IO_L11N_T1U_N9_GC_68,1U,68,HP,NA
AT32,IO_L11P_T1U_N8_GC_68,1U,68,HP,NA
AU34,IO_L10N_T1U_N7_QBC_AD4N_68,1U,68,HP,NA
AT34,IO_L10P_T1U_N6_QBC_AD4P_68,1U,68,HP,NA
AP34,IO_L9N_T1L_N5_AD12N_68,1L,68,HP,NA
AP33,IO_L9P_T1L_N4_AD12P_68,1L,68,HP,NA
AV32,IO_L8N_T1L_N3_AD5N_68,1L,68,HP,NA
AV31,IO_L8P_T1L_N2_AD5P_68,1L,68,HP,NA
AR34,IO_L7N_T1L_N1_QBC_AD13N_68,1L,68,HP,NA
AR33,IO_L7P_T1L_N0_QBC_AD13P_68,1L,68,HP,NA
AW31,IO_T1U_N12_68,1U,68,HP,NA
AW35,IO_T0U_N12_VRP_68,0U,68,HP,NA
BB37,IO_L6N_T0U_N11_AD6N_68,0U,68,HP,NA
BA36,IO_L6P_T0U_N10_AD6P_68,0U,68,HP,NA
AW34,IO_L5N_T0U_N9_AD14N_68,0U,68,HP,NA
AW33,IO_L5P_T0U_N8_AD14P_68,0U,68,HP,NA
BB35,IO_L4N_T0U_N7_DBC_AD7N_68,0U,68,HP,NA
BA35,IO_L4P_T0U_N6_DBC_AD7P_68,0U,68,HP,NA
AY33,IO_L3N_T0L_N5_AD15N_68,0L,68,HP,NA
AY32,IO_L3P_T0L_N4_AD15P_68,0L,68,HP,NA
BB34,IO_L2N_T0L_N3_68,0L,68,HP,NA
BB33,IO_L2P_T0L_N2_68,0L,68,HP,NA
BA34,IO_L1N_T0L_N1_DBC_68,0L,68,HP,NA
AY34,IO_L1P_T0L_N0_DBC_68,0L,68,HP,NA
AH28,VREF_68,NA,68,HP,NA
AM27,IO_L24N_T3U_N11_67,3U,67,HP,NA
AL27,IO_L24P_T3U_N10_67,3U,67,HP,NA
AH27,IO_L23N_T3U_N9_67,3U,67,HP,NA
AH26,IO_L23P_T3U_N8_67,3U,67,HP,NA
AN27,IO_L22N_T3U_N7_DBC_AD0N_67,3U,67,HP,NA
AN26,IO_L22P_T3U_N6_DBC_AD0P_67,3U,67,HP,NA
AJ26,IO_L21N_T3L_N5_AD8N_67,3L,67,HP,NA
AJ25,IO_L21P_T3L_N4_AD8P_67,3L,67,HP,NA
AM25,IO_L20N_T3L_N3_AD1N_67,3L,67,HP,NA
AL25,IO_L20P_T3L_N2_AD1P_67,3L,67,HP,NA
AL26,IO_L19N_T3L_N1_DBC_AD9N_67,3L,67,HP,NA
AK26,IO_L19P_T3L_N0_DBC_AD9P_67,3L,67,HP,NA
AK27,IO_T3U_N12_67,3U,67,HP,NA
AT25,IO_T2U_N12_67,2U,67,HP,NA
AR28,IO_L18N_T2U_N11_AD2N_67,2U,67,HP,NA
AR27,IO_L18P_T2U_N10_AD2P_67,2U,67,HP,NA
AP25,IO_L17N_T2U_N9_AD10N_67,2U,67,HP,NA
AN25,IO_L17P_T2U_N8_AD10P_67,2U,67,HP,NA
AU29,IO_L16N_T2U_N7_QBC_AD3N_67,2U,67,HP,NA
AT29,IO_L16P_T2U_N6_QBC_AD3P_67,2U,67,HP,NA
AR26,IO_L15N_T2L_N5_AD11N_67,2L,67,HP,NA
AP26,IO_L15P_T2L_N4_AD11P_67,2L,67,HP,NA
AU28,IO_L14N_T2L_N3_GC_67,2L,67,HP,NA
AU27,IO_L14P_T2L_N2_GC_67,2L,67,HP,NA
AT27,IO_L13N_T2L_N1_GC_QBC_67,2L,67,HP,NA
AT26,IO_L13P_T2L_N0_GC_QBC_67,2L,67,HP,NA
AW28,IO_L12N_T1U_N11_GC_67,1U,67,HP,NA
AV28,IO_L12P_T1U_N10_GC_67,1U,67,HP,NA
AV27,IO_L11N_T1U_N9_GC_67,1U,67,HP,NA
AV26,IO_L11P_T1U_N8_GC_67,1U,67,HP,NA
BB27,IO_L10N_T1U_N7_QBC_AD4N_67,1U,67,HP,NA
BA27,IO_L10P_T1U_N6_QBC_AD4P_67,1U,67,HP,NA
AY28,IO_L9N_T1L_N5_AD12N_67,1L,67,HP,NA
AY27,IO_L9P_T1L_N4_AD12P_67,1L,67,HP,NA
BA26,IO_L8N_T1L_N3_AD5N_67,1L,67,HP,NA
AY26,IO_L8P_T1L_N2_AD5P_67,1L,67,HP,NA
AV25,IO_L7N_T1L_N1_QBC_AD13N_67,1L,67,HP,NA
AU25,IO_L7P_T1L_N0_QBC_AD13P_67,1L,67,HP,NA
AW26,IO_T1U_N12_67,1U,67,HP,NA
AV30,IO_T0U_N12_VRP_67,0U,67,HP,NA
BB32,IO_L6N_T0U_N11_AD6N_67,0U,67,HP,NA
BA32,IO_L6P_T0U_N10_AD6P_67,0U,67,HP,NA
AW30,IO_L5N_T0U_N9_AD14N_67,0U,67,HP,NA
AW29,IO_L5P_T0U_N8_AD14P_67,0U,67,HP,NA
BB30,IO_L4N_T0U_N7_DBC_AD7N_67,0U,67,HP,NA
BA30,IO_L4P_T0U_N6_DBC_AD7P_67,0U,67,HP,NA
BA29,IO_L3N_T0L_N5_AD15N_67,0L,67,HP,NA
AY29,IO_L3P_T0L_N4_AD15P_67,0L,67,HP,NA
BB29,IO_L2N_T0L_N3_67,0L,67,HP,NA
BB28,IO_L2P_T0L_N2_67,0L,67,HP,NA
BA31,IO_L1N_T0L_N1_DBC_67,0L,67,HP,NA
AY31,IO_L1P_T0L_N0_DBC_67,0L,67,HP,NA
AH25,VREF_67,NA,67,HP,NA
AH12,IO_L24N_T3U_N11_66,3U,66,HP,NA
AH13,IO_L24P_T3U_N10_66,3U,66,HP,NA
AK13,IO_L23N_T3U_N9_66,3U,66,HP,NA
AK14,IO_L23P_T3U_N8_66,3U,66,HP,NA
AJ14,IO_L22N_T3U_N7_DBC_AD0N_66,3U,66,HP,NA
AJ15,IO_L22P_T3U_N6_DBC_AD0P_66,3U,66,HP,NA
AL14,IO_L21N_T3L_N5_AD8N_66,3L,66,HP,NA
AL15,IO_L21P_T3L_N4_AD8P_66,3L,66,HP,NA
AK12,IO_L20N_T3L_N3_AD1N_66,3L,66,HP,NA
AJ13,IO_L20P_T3L_N2_AD1P_66,3L,66,HP,NA
AM12,IO_L19N_T3L_N1_DBC_AD9N_66,3L,66,HP,NA
AM13,IO_L19P_T3L_N0_DBC_AD9P_66,3L,66,HP,NA
AL12,IO_T3U_N12_66,3U,66,HP,NA
AN15,IO_T2U_N12_66,2U,66,HP,NA
AM14,IO_L18N_T2U_N11_AD2N_66,2U,66,HP,NA
AM15,IO_L18P_T2U_N10_AD2P_66,2U,66,HP,NA
AP14,IO_L17N_T2U_N9_AD10N_66,2U,66,HP,NA
AP15,IO_L17P_T2U_N8_AD10P_66,2U,66,HP,NA
AN12,IO_L16N_T2U_N7_QBC_AD3N_66,2U,66,HP,NA
AN13,IO_L16P_T2U_N6_QBC_AD3P_66,2U,66,HP,NA
AT12,IO_L15N_T2L_N5_AD11N_66,2L,66,HP,NA
AR12,IO_L15P_T2L_N4_AD11P_66,2L,66,HP,NA
AR13,IO_L14N_T2L_N3_GC_66,2L,66,HP,NA
AP13,IO_L14P_T2L_N2_GC_66,2L,66,HP,NA
AT14,IO_L13N_T2L_N1_GC_QBC_66,2L,66,HP,NA
AR14,IO_L13P_T2L_N0_GC_QBC_66,2L,66,HP,NA
AU14,IO_L12N_T1U_N11_GC_66,1U,66,HP,NA
AU15,IO_L12P_T1U_N10_GC_66,1U,66,HP,NA
AV13,IO_L11N_T1U_N9_GC_66,1U,66,HP,NA
AU13,IO_L11P_T1U_N8_GC_66,1U,66,HP,NA
AV12,IO_L10N_T1U_N7_QBC_AD4N_66,1U,66,HP,NA
AU12,IO_L10P_T1U_N6_QBC_AD4P_66,1U,66,HP,NA
AW13,IO_L9N_T1L_N5_AD12N_66,1L,66,HP,NA
AW14,IO_L9P_T1L_N4_AD12P_66,1L,66,HP,NA
AT15,IO_L8N_T1L_N3_AD5N_66,1L,66,HP,NA
AT16,IO_L8P_T1L_N2_AD5P_66,1L,66,HP,NA
AW15,IO_L7N_T1L_N1_QBC_AD13N_66,1L,66,HP,NA
AV15,IO_L7P_T1L_N0_QBC_AD13P_66,1L,66,HP,NA
AV16,IO_T1U_N12_66,1U,66,HP,NA
AW16,IO_T0U_N12_VRP_66,0U,66,HP,NA
AY13,IO_L6N_T0U_N11_AD6N_66,0U,66,HP,NA
AY14,IO_L6P_T0U_N10_AD6P_66,0U,66,HP,NA
BB14,IO_L5N_T0U_N9_AD14N_66,0U,66,HP,NA
BB15,IO_L5P_T0U_N8_AD14P_66,0U,66,HP,NA
BA12,IO_L4N_T0U_N7_DBC_AD7N_66,0U,66,HP,NA
AY12,IO_L4P_T0U_N6_DBC_AD7P_66,0U,66,HP,NA
BB12,IO_L3N_T0L_N5_AD15N_66,0L,66,HP,NA
BB13,IO_L3P_T0L_N4_AD15P_66,0L,66,HP,NA
BA14,IO_L2N_T0L_N3_66,0L,66,HP,NA
BA15,IO_L2P_T0L_N2_66,0L,66,HP,NA
BA16,IO_L1N_T0L_N1_DBC_66,0L,66,HP,NA
AY16,IO_L1P_T0L_N0_DBC_66,0L,66,HP,NA
AH15,VREF_66,NA,66,HP,NA
AM17,IO_L24N_T3U_N11_DOUT_CSO_B_65,3U,65,HP,NA
AL17,IO_L24P_T3U_N10_EMCCLK_65,3U,65,HP,NA
AK16,IO_L23N_T3U_N9_PERSTN1_I2C_SDA_65,3U,65,HP,NA
AJ16,IO_L23P_T3U_N8_I2C_SCLK_65,3U,65,HP,NA
AJ18,IO_L22N_T3U_N7_DBC_AD0N_D05_65,3U,65,HP,NA
AJ19,IO_L22P_T3U_N6_DBC_AD0P_D04_65,3U,65,HP,NA
AH16,IO_L21N_T3L_N5_AD8N_D07_65,3L,65,HP,NA
AH17,IO_L21P_T3L_N4_AD8P_D06_65,3L,65,HP,NA
AL19,IO_L20N_T3L_N3_AD1N_D09_65,3L,65,HP,NA
AK19,IO_L20P_T3L_N2_AD1P_D08_65,3L,65,HP,NA
AK17,IO_L19N_T3L_N1_DBC_AD9N_D11_65,3L,65,HP,NA
AK18,IO_L19P_T3L_N0_DBC_AD9P_D10_65,3L,65,HP,NA
AL16,IO_T3U_N12_PERSTN0_65,3U,65,HP,NA
AR16,IO_T2U_N12_CSI_ADV_B_65,2U,65,HP,NA
AP16,IO_L18N_T2U_N11_AD2N_D13_65,2U,65,HP,NA
AN16,IO_L18P_T2U_N10_AD2P_D12_65,2U,65,HP,NA
AM20,IO_L17N_T2U_N9_AD10N_D15_65,2U,65,HP,NA
AL20,IO_L17P_T2U_N8_AD10P_D14_65,2U,65,HP,NA
AM18,IO_L16N_T2U_N7_QBC_AD3N_A01_D17_65,2U,65,HP,NA
AM19,IO_L16P_T2U_N6_QBC_AD3P_A00_D16_65,2U,65,HP,NA
AP20,IO_L15N_T2L_N5_AD11N_A03_D19_65,2L,65,HP,NA
AN20,IO_L15P_T2L_N4_AD11P_A02_D18_65,2L,65,HP,NA
AN17,IO_L14N_T2L_N3_GC_A05_D21_65,2L,65,HP,NA
AN18,IO_L14P_T2L_N2_GC_A04_D20_65,2L,65,HP,NA
AP18,IO_L13N_T2L_N1_GC_QBC_A07_D23_65,2L,65,HP,NA
AP19,IO_L13P_T2L_N0_GC_QBC_A06_D22_65,2L,65,HP,NA
AR18,IO_L12N_T1U_N11_GC_A09_D25_65,1U,65,HP,NA
AR19,IO_L12P_T1U_N10_GC_A08_D24_65,1U,65,HP,NA
AU19,IO_L11N_T1U_N9_GC_A11_D27_65,1U,65,HP,NA
AT19,IO_L11P_T1U_N8_GC_A10_D26_65,1U,65,HP,NA
AT17,IO_L10N_T1U_N7_QBC_AD4N_A13_D29_65,1U,65,HP,NA
AR17,IO_L10P_T1U_N6_QBC_AD4P_A12_D28_65,1U,65,HP,NA
AV18,IO_L9N_T1L_N5_AD12N_A15_D31_65,1L,65,HP,NA
AU18,IO_L9P_T1L_N4_AD12P_A14_D30_65,1L,65,HP,NA
AV17,IO_L8N_T1L_N3_AD5N_A17_65,1L,65,HP,NA
AU17,IO_L8P_T1L_N2_AD5P_A16_65,1L,65,HP,NA
AU20,IO_L7N_T1L_N1_QBC_AD13N_A19_65,1L,65,HP,NA
AT20,IO_L7P_T1L_N0_QBC_AD13P_A18_65,1L,65,HP,NA
AV20,IO_T1U_N12_SMBALERT_65,1U,65,HP,NA
AW20,IO_T0U_N12_VRP_A28_65,0U,65,HP,NA
AW18,IO_L6N_T0U_N11_AD6N_A21_65,0U,65,HP,NA
AW19,IO_L6P_T0U_N10_AD6P_A20_65,0U,65,HP,NA
BB17,IO_L5N_T0U_N9_AD14N_A23_65,0U,65,HP,NA
BB18,IO_L5P_T0U_N8_AD14P_A22_65,0U,65,HP,NA
BA17,IO_L4N_T0U_N7_DBC_AD7N_A25_65,0U,65,HP,NA
AY17,IO_L4P_T0U_N6_DBC_AD7P_A24_65,0U,65,HP,NA
BB19,IO_L3N_T0L_N5_AD15N_A27_65,0L,65,HP,NA
BA19,IO_L3P_T0L_N4_AD15P_A26_65,0L,65,HP,NA
AY18,IO_L2N_T0L_N3_FWE_FCS2_B_65,0L,65,HP,NA
AY19,IO_L2P_T0L_N2_FOE_B_65,0L,65,HP,NA
BB20,IO_L1N_T0L_N1_DBC_RS1_65,0L,65,HP,NA
BA20,IO_L1P_T0L_N0_DBC_RS0_65,0L,65,HP,NA
AH18,VREF_65,NA,65,HP,NA
AH22,IO_L24N_T3U_N11_64,3U,64,HP,NA
AH21,IO_L24P_T3U_N10_64,3U,64,HP,NA
AL24,IO_L23N_T3U_N9_64,3U,64,HP,NA
AK24,IO_L23P_T3U_N8_64,3U,64,HP,NA
AJ20,IO_L22N_T3U_N7_DBC_AD0N_64,3U,64,HP,NA
AH20,IO_L22P_T3U_N6_DBC_AD0P_64,3U,64,HP,NA
AJ24,IO_L21N_T3L_N5_AD8N_64,3L,64,HP,NA
AJ23,IO_L21P_T3L_N4_AD8P_64,3L,64,HP,NA
AK21,IO_L20N_T3L_N3_AD1N_64,3L,64,HP,NA
AJ21,IO_L20P_T3L_N2_AD1P_64,3L,64,HP,NA
AK23,IO_L19N_T3L_N1_DBC_AD9N_64,3L,64,HP,NA
AK22,IO_L19P_T3L_N0_DBC_AD9P_64,3L,64,HP,NA
AL22,IO_T3U_N12_64,3U,64,HP,NA
AL21,IO_T2U_N12_64,2U,64,HP,NA
AN22,IO_L18N_T2U_N11_AD2N_64,2U,64,HP,NA
AM22,IO_L18P_T2U_N10_AD2P_64,2U,64,HP,NA
AR24,IO_L17N_T2U_N9_AD10N_64,2U,64,HP,NA
AP24,IO_L17P_T2U_N8_AD10P_64,2U,64,HP,NA
AP21,IO_L16N_T2U_N7_QBC_AD3N_64,2U,64,HP,NA
AN21,IO_L16P_T2U_N6_QBC_AD3P_64,2U,64,HP,NA
AM24,IO_L15N_T2L_N5_AD11N_64,2L,64,HP,NA
AM23,IO_L15P_T2L_N4_AD11P_64,2L,64,HP,NA
AR23,IO_L14N_T2L_N3_GC_64,2L,64,HP,NA
AR22,IO_L14P_T2L_N2_GC_64,2L,64,HP,NA
AP23,IO_L13N_T2L_N1_GC_QBC_64,2L,64,HP,NA
AN23,IO_L13P_T2L_N0_GC_QBC_64,2L,64,HP,NA
AV23,IO_L12N_T1U_N11_GC_64,1U,64,HP,NA
AV22,IO_L12P_T1U_N10_GC_64,1U,64,HP,NA
AU23,IO_L11N_T1U_N9_GC_64,1U,64,HP,NA
AU22,IO_L11P_T1U_N8_GC_64,1U,64,HP,NA
AW24,IO_L10N_T1U_N7_QBC_AD4N_64,1U,64,HP,NA
AW23,IO_L10P_T1U_N6_QBC_AD4P_64,1U,64,HP,NA
AU24,IO_L9N_T1L_N5_AD12N_64,1L,64,HP,NA
AT24,IO_L9P_T1L_N4_AD12P_64,1L,64,HP,NA
AW21,IO_L8N_T1L_N3_AD5N_64,1L,64,HP,NA
AV21,IO_L8P_T1L_N2_AD5P_64,1L,64,HP,NA
AT22,IO_L7N_T1L_N1_QBC_AD13N_64,1L,64,HP,NA
AT21,IO_L7P_T1L_N0_QBC_AD13P_64,1L,64,HP,NA
AR21,IO_T1U_N12_64,1U,64,HP,NA
AW25,IO_T0U_N12_VRP_64,0U,64,HP,NA
BB25,IO_L6N_T0U_N11_AD6N_64,0U,64,HP,NA
BA25,IO_L6P_T0U_N10_AD6P_64,0U,64,HP,NA
AY24,IO_L5N_T0U_N9_AD14N_64,0U,64,HP,NA
AY23,IO_L5P_T0U_N8_AD14P_64,0U,64,HP,NA
BB24,IO_L4N_T0U_N7_DBC_AD7N_64,0U,64,HP,NA
BA24,IO_L4P_T0U_N6_DBC_AD7P_64,0U,64,HP,NA
BA22,IO_L3N_T0L_N5_AD15N_64,0L,64,HP,NA
AY22,IO_L3P_T0L_N4_AD15P_64,0L,64,HP,NA
BB23,IO_L2N_T0L_N3_64,0L,64,HP,NA
BB22,IO_L2P_T0L_N2_64,0L,64,HP,NA
BA21,IO_L1N_T0L_N1_DBC_64,0L,64,HP,NA
AY21,IO_L1P_T0L_N0_DBC_64,0L,64,HP,NA
AH23,VREF_64,NA,64,HP,NA
A13,IO_L12N_AD8N_94,NA,94,HD,NA
B13,IO_L12P_AD8P_94,NA,94,HD,NA
B12,IO_L11N_AD9N_94,NA,94,HD,NA
C12,IO_L11P_AD9P_94,NA,94,HD,NA
A11,IO_L10N_AD10N_94,NA,94,HD,NA
B11,IO_L10P_AD10P_94,NA,94,HD,NA
C11,IO_L9N_AD11N_94,NA,94,HD,NA
D12,IO_L9P_AD11P_94,NA,94,HD,NA
D13,IO_L8N_HDGC_94,NA,94,HD,NA
E13,IO_L8P_HDGC_94,NA,94,HD,NA
E11,IO_L7N_HDGC_94,NA,94,HD,NA
E12,IO_L7P_HDGC_94,NA,94,HD,NA
F13,IO_L6N_HDGC_94,NA,94,HD,NA
G13,IO_L6P_HDGC_94,NA,94,HD,NA
G12,IO_L5N_HDGC_94,NA,94,HD,NA
H12,IO_L5P_HDGC_94,NA,94,HD,NA
F11,IO_L4N_AD12N_94,NA,94,HD,NA
G11,IO_L4P_AD12P_94,NA,94,HD,NA
J12,IO_L3N_AD13N_94,NA,94,HD,NA
K12,IO_L3P_AD13P_94,NA,94,HD,NA
J13,IO_L2N_AD14N_94,NA,94,HD,NA
K13,IO_L2P_AD14P_94,NA,94,HD,NA
L12,IO_L1N_AD15N_94,NA,94,HD,NA
L13,IO_L1P_AD15P_94,NA,94,HD,NA
A9,IO_L12N_AD0N_93,NA,93,HD,NA
A10,IO_L12P_AD0P_93,NA,93,HD,NA
A8,IO_L11N_AD1N_93,NA,93,HD,NA
B9,IO_L11P_AD1P_93,NA,93,HD,NA
B7,IO_L10N_AD2N_93,NA,93,HD,NA
B8,IO_L10P_AD2P_93,NA,93,HD,NA
C9,IO_L9N_AD3N_93,NA,93,HD,NA
C10,IO_L9P_AD3P_93,NA,93,HD,NA
D9,IO_L8N_HDGC_AD4N_93,NA,93,HD,NA
D10,IO_L8P_HDGC_AD4P_93,NA,93,HD,NA
D8,IO_L7N_HDGC_AD5N_93,NA,93,HD,NA
E8,IO_L7P_HDGC_AD5P_93,NA,93,HD,NA
E10,IO_L6N_HDGC_AD6N_93,NA,93,HD,NA
F10,IO_L6P_HDGC_AD6P_93,NA,93,HD,NA
F8,IO_L5N_HDGC_AD7N_93,NA,93,HD,NA
F9,IO_L5P_HDGC_AD7P_93,NA,93,HD,NA
G8,IO_L4N_AD8N_93,NA,93,HD,NA
G9,IO_L4P_AD8P_93,NA,93,HD,NA
J8,IO_L3N_AD9N_93,NA,93,HD,NA
J9,IO_L3P_AD9P_93,NA,93,HD,NA
H9,IO_L2N_AD10N_93,NA,93,HD,NA
J10,IO_L2P_AD10P_93,NA,93,HD,NA
H10,IO_L1N_AD11N_93,NA,93,HD,NA
H11,IO_L1P_AD11P_93,NA,93,HD,NA
A5,IO_L12N_AD8N_91,NA,91,HD,NA
A6,IO_L12P_AD8P_91,NA,91,HD,NA
B6,IO_L11N_AD9N_91,NA,91,HD,NA
C6,IO_L11P_AD9P_91,NA,91,HD,NA
C7,IO_L10N_AD10N_91,NA,91,HD,NA
D7,IO_L10P_AD10P_91,NA,91,HD,NA
C5,IO_L9N_AD11N_91,NA,91,HD,NA
D5,IO_L9P_AD11P_91,NA,91,HD,NA
E6,IO_L8N_HDGC_91,NA,91,HD,NA
E7,IO_L8P_HDGC_91,NA,91,HD,NA
E5,IO_L7N_HDGC_91,NA,91,HD,NA
F5,IO_L7P_HDGC_91,NA,91,HD,NA
G7,IO_L6N_HDGC_91,NA,91,HD,NA
H7,IO_L6P_HDGC_91,NA,91,HD,NA
F6,IO_L5N_HDGC_91,NA,91,HD,NA
G6,IO_L5P_HDGC_91,NA,91,HD,NA
F4,IO_L4N_AD12N_91,NA,91,HD,NA
G4,IO_L4P_AD12P_91,NA,91,HD,NA
H6,IO_L3N_AD13N_91,NA,91,HD,NA
J7,IO_L3P_AD13P_91,NA,91,HD,NA
H5,IO_L2N_AD14N_91,NA,91,HD,NA
J5,IO_L2P_AD14P_91,NA,91,HD,NA
H4,IO_L1N_AD15N_91,NA,91,HD,NA
J4,IO_L1P_AD15P_91,NA,91,HD,NA
B4,IO_L12N_AD0N_90,NA,90,HD,NA
C4,IO_L12P_AD0P_90,NA,90,HD,NA
A3,IO_L11N_AD1N_90,NA,90,HD,NA
A4,IO_L11P_AD1P_90,NA,90,HD,NA
B2,IO_L10N_AD2N_90,NA,90,HD,NA
B3,IO_L10P_AD2P_90,NA,90,HD,NA
C1,IO_L9N_AD3N_90,NA,90,HD,NA
C2,IO_L9P_AD3P_90,NA,90,HD,NA
D3,IO_L8N_HDGC_AD4N_90,NA,90,HD,NA
D4,IO_L8P_HDGC_AD4P_90,NA,90,HD,NA
D2,IO_L7N_HDGC_AD5N_90,NA,90,HD,NA
E3,IO_L7P_HDGC_AD5P_90,NA,90,HD,NA
F3,IO_L6N_HDGC_AD6N_90,NA,90,HD,NA
G3,IO_L6P_HDGC_AD6P_90,NA,90,HD,NA
E1,IO_L5N_HDGC_AD7N_90,NA,90,HD,NA
E2,IO_L5P_HDGC_AD7P_90,NA,90,HD,NA
F1,IO_L4N_AD8N_90,NA,90,HD,NA
G1,IO_L4P_AD8P_90,NA,90,HD,NA
G2,IO_L3N_AD9N_90,NA,90,HD,NA
H2,IO_L3P_AD9P_90,NA,90,HD,NA
H1,IO_L2N_AD10N_90,NA,90,HD,NA
J1,IO_L2P_AD10P_90,NA,90,HD,NA
J2,IO_L1N_AD11N_90,NA,90,HD,NA
J3,IO_L1P_AD11P_90,NA,90,HD,NA
AL33,MGTREFCLK0N_127,NA,127,GTY,NA
AL32,MGTREFCLK0P_127,NA,127,GTY,NA
AJ33,MGTREFCLK1N_127,NA,127,GTY,NA
AJ32,MGTREFCLK1P_127,NA,127,GTY,NA
AM40,MGTYRXN0_127,NA,127,GTY,NA
AL42,MGTYRXN1_127,NA,127,GTY,NA
AK40,MGTYRXN2_127,NA,127,GTY,NA
AJ42,MGTYRXN3_127,NA,127,GTY,NA
AM39,MGTYRXP0_127,NA,127,GTY,NA
AL41,MGTYRXP1_127,NA,127,GTY,NA
AK39,MGTYRXP2_127,NA,127,GTY,NA
AJ41,MGTYRXP3_127,NA,127,GTY,NA
AM35,MGTYTXN0_127,NA,127,GTY,NA
AL37,MGTYTXN1_127,NA,127,GTY,NA
AK35,MGTYTXN2_127,NA,127,GTY,NA
AJ37,MGTYTXN3_127,NA,127,GTY,NA
AM34,MGTYTXP0_127,NA,127,GTY,NA
AL36,MGTYTXP1_127,NA,127,GTY,NA
AK34,MGTYTXP2_127,NA,127,GTY,NA
AJ36,MGTYTXP3_127,NA,127,GTY,NA
AG33,MGTREFCLK0N_128,NA,128,GTY,NA
AG32,MGTREFCLK0P_128,NA,128,GTY,NA
AE33,MGTREFCLK1N_128,NA,128,GTY,NA
AE32,MGTREFCLK1P_128,NA,128,GTY,NA
AH40,MGTYRXN0_128,NA,128,GTY,NA
AG42,MGTYRXN1_128,NA,128,GTY,NA
AF40,MGTYRXN2_128,NA,128,GTY,NA
AE42,MGTYRXN3_128,NA,128,GTY,NA
AH39,MGTYRXP0_128,NA,128,GTY,NA
AG41,MGTYRXP1_128,NA,128,GTY,NA
AF39,MGTYRXP2_128,NA,128,GTY,NA
AE41,MGTYRXP3_128,NA,128,GTY,NA
AH35,MGTYTXN0_128,NA,128,GTY,NA
AG37,MGTYTXN1_128,NA,128,GTY,NA
AF35,MGTYTXN2_128,NA,128,GTY,NA
AE37,MGTYTXN3_128,NA,128,GTY,NA
AH34,MGTYTXP0_128,NA,128,GTY,NA
AG36,MGTYTXP1_128,NA,128,GTY,NA
AF34,MGTYTXP2_128,NA,128,GTY,NA
AE36,MGTYTXP3_128,NA,128,GTY,NA
AB33,MGTAVTTRCAL_L,NA,NA,NA,NA
AC33,MGTREFCLK0N_129,NA,129,GTY,NA
AC32,MGTREFCLK0P_129,NA,129,GTY,NA
AA33,MGTREFCLK1N_129,NA,129,GTY,NA
AA32,MGTREFCLK1P_129,NA,129,GTY,NA
AB32,MGTRREF_L,NA,NA,NA,NA
AD40,MGTYRXN0_129,NA,129,GTY,NA
AC42,MGTYRXN1_129,NA,129,GTY,NA
AB40,MGTYRXN2_129,NA,129,GTY,NA
AA42,MGTYRXN3_129,NA,129,GTY,NA
AD39,MGTYRXP0_129,NA,129,GTY,NA
AC41,MGTYRXP1_129,NA,129,GTY,NA
AB39,MGTYRXP2_129,NA,129,GTY,NA
AA41,MGTYRXP3_129,NA,129,GTY,NA
AD35,MGTYTXN0_129,NA,129,GTY,NA
AC37,MGTYTXN1_129,NA,129,GTY,NA
AB35,MGTYTXN2_129,NA,129,GTY,NA
AA37,MGTYTXN3_129,NA,129,GTY,NA
AD34,MGTYTXP0_129,NA,129,GTY,NA
AC36,MGTYTXP1_129,NA,129,GTY,NA
AB34,MGTYTXP2_129,NA,129,GTY,NA
AA36,MGTYTXP3_129,NA,129,GTY,NA
W33,MGTREFCLK0N_130,NA,130,GTY,NA
W32,MGTREFCLK0P_130,NA,130,GTY,NA
U33,MGTREFCLK1N_130,NA,130,GTY,NA
U32,MGTREFCLK1P_130,NA,130,GTY,NA
Y40,MGTYRXN0_130,NA,130,GTY,NA
W42,MGTYRXN1_130,NA,130,GTY,NA
V40,MGTYRXN2_130,NA,130,GTY,NA
U42,MGTYRXN3_130,NA,130,GTY,NA
Y39,MGTYRXP0_130,NA,130,GTY,NA
W41,MGTYRXP1_130,NA,130,GTY,NA
V39,MGTYRXP2_130,NA,130,GTY,NA
U41,MGTYRXP3_130,NA,130,GTY,NA
Y35,MGTYTXN0_130,NA,130,GTY,NA
W37,MGTYTXN1_130,NA,130,GTY,NA
V35,MGTYTXN2_130,NA,130,GTY,NA
U37,MGTYTXN3_130,NA,130,GTY,NA
Y34,MGTYTXP0_130,NA,130,GTY,NA
W36,MGTYTXP1_130,NA,130,GTY,NA
V34,MGTYTXP2_130,NA,130,GTY,NA
U36,MGTYTXP3_130,NA,130,GTY,NA
T31,MGTREFCLK0N_131,NA,131,GTY,NA
T30,MGTREFCLK0P_131,NA,131,GTY,NA
R33,MGTREFCLK1N_131,NA,131,GTY,NA
R32,MGTREFCLK1P_131,NA,131,GTY,NA
T40,MGTYRXN0_131,NA,131,GTY,NA
R42,MGTYRXN1_131,NA,131,GTY,NA
P40,MGTYRXN2_131,NA,131,GTY,NA
N42,MGTYRXN3_131,NA,131,GTY,NA
T39,MGTYRXP0_131,NA,131,GTY,NA
R41,MGTYRXP1_131,NA,131,GTY,NA
P39,MGTYRXP2_131,NA,131,GTY,NA
N41,MGTYRXP3_131,NA,131,GTY,NA
T35,MGTYTXN0_131,NA,131,GTY,NA
R37,MGTYTXN1_131,NA,131,GTY,NA
P35,MGTYTXN2_131,NA,131,GTY,NA
N37,MGTYTXN3_131,NA,131,GTY,NA
T34,MGTYTXP0_131,NA,131,GTY,NA
R36,MGTYTXP1_131,NA,131,GTY,NA
P34,MGTYTXP2_131,NA,131,GTY,NA
N36,MGTYTXP3_131,NA,131,GTY,NA
P31,MGTREFCLK0N_132,NA,132,GTY,NA
P30,MGTREFCLK0P_132,NA,132,GTY,NA
N33,MGTREFCLK1N_132,NA,132,GTY,NA
N32,MGTREFCLK1P_132,NA,132,GTY,NA
M40,MGTYRXN0_132,NA,132,GTY,NA
L42,MGTYRXN1_132,NA,132,GTY,NA
K40,MGTYRXN2_132,NA,132,GTY,NA
J42,MGTYRXN3_132,NA,132,GTY,NA
M39,MGTYRXP0_132,NA,132,GTY,NA
L41,MGTYRXP1_132,NA,132,GTY,NA
K39,MGTYRXP2_132,NA,132,GTY,NA
J41,MGTYRXP3_132,NA,132,GTY,NA
M35,MGTYTXN0_132,NA,132,GTY,NA
L37,MGTYTXN1_132,NA,132,GTY,NA
K35,MGTYTXN2_132,NA,132,GTY,NA
J37,MGTYTXN3_132,NA,132,GTY,NA
M34,MGTYTXP0_132,NA,132,GTY,NA
L36,MGTYTXP1_132,NA,132,GTY,NA
K34,MGTYTXP2_132,NA,132,GTY,NA
J36,MGTYTXP3_132,NA,132,GTY,NA
BB3,MGTHRXN0_224,NA,224,GTH,NA
BA1,MGTHRXN1_224,NA,224,GTH,NA
AY3,MGTHRXN2_224,NA,224,GTH,NA
AW1,MGTHRXN3_224,NA,224,GTH,NA
BB4,MGTHRXP0_224,NA,224,GTH,NA
BA2,MGTHRXP1_224,NA,224,GTH,NA
AY4,MGTHRXP2_224,NA,224,GTH,NA
AW2,MGTHRXP3_224,NA,224,GTH,NA
BB7,MGTHTXN0_224,NA,224,GTH,NA
BA5,MGTHTXN1_224,NA,224,GTH,NA
AY7,MGTHTXN2_224,NA,224,GTH,NA
AW5,MGTHTXN3_224,NA,224,GTH,NA
BB8,MGTHTXP0_224,NA,224,GTH,NA
BA6,MGTHTXP1_224,NA,224,GTH,NA
AY8,MGTHTXP2_224,NA,224,GTH,NA
AW6,MGTHTXP3_224,NA,224,GTH,NA
BA9,MGTREFCLK0N_224,NA,224,GTH,NA
BA10,MGTREFCLK0P_224,NA,224,GTH,NA
AW9,MGTREFCLK1N_224,NA,224,GTH,NA
AW10,MGTREFCLK1P_224,NA,224,GTH,NA
AV3,MGTHRXN0_225,NA,225,GTH,NA
AU1,MGTHRXN1_225,NA,225,GTH,NA
AT3,MGTHRXN2_225,NA,225,GTH,NA
AR1,MGTHRXN3_225,NA,225,GTH,NA
AV4,MGTHRXP0_225,NA,225,GTH,NA
AU2,MGTHRXP1_225,NA,225,GTH,NA
AT4,MGTHRXP2_225,NA,225,GTH,NA
AR2,MGTHRXP3_225,NA,225,GTH,NA
AV7,MGTHTXN0_225,NA,225,GTH,NA
AU5,MGTHTXN1_225,NA,225,GTH,NA
AT7,MGTHTXN2_225,NA,225,GTH,NA
AR5,MGTHTXN3_225,NA,225,GTH,NA
AV8,MGTHTXP0_225,NA,225,GTH,NA
AU6,MGTHTXP1_225,NA,225,GTH,NA
AT8,MGTHTXP2_225,NA,225,GTH,NA
AR6,MGTHTXP3_225,NA,225,GTH,NA
AU9,MGTREFCLK0N_225,NA,225,GTH,NA
AU10,MGTREFCLK0P_225,NA,225,GTH,NA
AR9,MGTREFCLK1N_225,NA,225,GTH,NA
AR10,MGTREFCLK1P_225,NA,225,GTH,NA
AM9,MGTAVTTRCAL_R,NA,NA,NA,NA
AP3,MGTHRXN0_226,NA,226,GTH,NA
AN1,MGTHRXN1_226,NA,226,GTH,NA
AM3,MGTHRXN2_226,NA,226,GTH,NA
AL1,MGTHRXN3_226,NA,226,GTH,NA
AP4,MGTHRXP0_226,NA,226,GTH,NA
AN2,MGTHRXP1_226,NA,226,GTH,NA
AM4,MGTHRXP2_226,NA,226,GTH,NA
AL2,MGTHRXP3_226,NA,226,GTH,NA
AP7,MGTHTXN0_226,NA,226,GTH,NA
AN5,MGTHTXN1_226,NA,226,GTH,NA
AM7,MGTHTXN2_226,NA,226,GTH,NA
AL5,MGTHTXN3_226,NA,226,GTH,NA
AP8,MGTHTXP0_226,NA,226,GTH,NA
AN6,MGTHTXP1_226,NA,226,GTH,NA
AM8,MGTHTXP2_226,NA,226,GTH,NA
AL6,MGTHTXP3_226,NA,226,GTH,NA
AN9,MGTREFCLK0N_226,NA,226,GTH,NA
AN10,MGTREFCLK0P_226,NA,226,GTH,NA
AL9,MGTREFCLK1N_226,NA,226,GTH,NA
AL10,MGTREFCLK1P_226,NA,226,GTH,NA
AM10,MGTRREF_R,NA,NA,NA,NA
AK3,MGTHRXN0_227,NA,227,GTH,NA
AJ1,MGTHRXN1_227,NA,227,GTH,NA
AH3,MGTHRXN2_227,NA,227,GTH,NA
AG1,MGTHRXN3_227,NA,227,GTH,NA
AK4,MGTHRXP0_227,NA,227,GTH,NA
AJ2,MGTHRXP1_227,NA,227,GTH,NA
AH4,MGTHRXP2_227,NA,227,GTH,NA
AG2,MGTHRXP3_227,NA,227,GTH,NA
AK7,MGTHTXN0_227,NA,227,GTH,NA
AJ5,MGTHTXN1_227,NA,227,GTH,NA
AH7,MGTHTXN2_227,NA,227,GTH,NA
AG5,MGTHTXN3_227,NA,227,GTH,NA
AK8,MGTHTXP0_227,NA,227,GTH,NA
AJ6,MGTHTXP1_227,NA,227,GTH,NA
AH8,MGTHTXP2_227,NA,227,GTH,NA
AG6,MGTHTXP3_227,NA,227,GTH,NA
AJ9,MGTREFCLK0N_227,NA,227,GTH,NA
AJ10,MGTREFCLK0P_227,NA,227,GTH,NA
AG9,MGTREFCLK1N_227,NA,227,GTH,NA
AG10,MGTREFCLK1P_227,NA,227,GTH,NA
AF3,MGTHRXN0_228,NA,228,GTH,NA
AE1,MGTHRXN1_228,NA,228,GTH,NA
AD3,MGTHRXN2_228,NA,228,GTH,NA
AC1,MGTHRXN3_228,NA,228,GTH,NA
AF4,MGTHRXP0_228,NA,228,GTH,NA
AE2,MGTHRXP1_228,NA,228,GTH,NA
AD4,MGTHRXP2_228,NA,228,GTH,NA
AC2,MGTHRXP3_228,NA,228,GTH,NA
AF7,MGTHTXN0_228,NA,228,GTH,NA
AE5,MGTHTXN1_228,NA,228,GTH,NA
AD7,MGTHTXN2_228,NA,228,GTH,NA
AC5,MGTHTXN3_228,NA,228,GTH,NA
AF8,MGTHTXP0_228,NA,228,GTH,NA
AE6,MGTHTXP1_228,NA,228,GTH,NA
AD8,MGTHTXP2_228,NA,228,GTH,NA
AC6,MGTHTXP3_228,NA,228,GTH,NA
AE9,MGTREFCLK0N_228,NA,228,GTH,NA
AE10,MGTREFCLK0P_228,NA,228,GTH,NA
AC9,MGTREFCLK1N_228,NA,228,GTH,NA
AC10,MGTREFCLK1P_228,NA,228,GTH,NA
AB3,MGTHRXN0_229,NA,229,GTH,NA
AA1,MGTHRXN1_229,NA,229,GTH,NA
Y3,MGTHRXN2_229,NA,229,GTH,NA
W1,MGTHRXN3_229,NA,229,GTH,NA
AB4,MGTHRXP0_229,NA,229,GTH,NA
AA2,MGTHRXP1_229,NA,229,GTH,NA
Y4,MGTHRXP2_229,NA,229,GTH,NA
W2,MGTHRXP3_229,NA,229,GTH,NA
AB7,MGTHTXN0_229,NA,229,GTH,NA
AA5,MGTHTXN1_229,NA,229,GTH,NA
Y7,MGTHTXN2_229,NA,229,GTH,NA
W5,MGTHTXN3_229,NA,229,GTH,NA
AB8,MGTHTXP0_229,NA,229,GTH,NA
AA6,MGTHTXP1_229,NA,229,GTH,NA
Y8,MGTHTXP2_229,NA,229,GTH,NA
W6,MGTHTXP3_229,NA,229,GTH,NA
AA9,MGTREFCLK0N_229,NA,229,GTH,NA
AA10,MGTREFCLK0P_229,NA,229,GTH,NA
W9,MGTREFCLK1N_229,NA,229,GTH,NA
W10,MGTREFCLK1P_229,NA,229,GTH,NA
V3,MGTHRXN0_230,NA,230,GTH,NA
U1,MGTHRXN1_230,NA,230,GTH,NA
T3,MGTHRXN2_230,NA,230,GTH,NA
R1,MGTHRXN3_230,NA,230,GTH,NA
V4,MGTHRXP0_230,NA,230,GTH,NA
U2,MGTHRXP1_230,NA,230,GTH,NA
T4,MGTHRXP2_230,NA,230,GTH,NA
R2,MGTHRXP3_230,NA,230,GTH,NA
V7,MGTHTXN0_230,NA,230,GTH,NA
U5,MGTHTXN1_230,NA,230,GTH,NA
T7,MGTHTXN2_230,NA,230,GTH,NA
R5,MGTHTXN3_230,NA,230,GTH,NA
V8,MGTHTXP0_230,NA,230,GTH,NA
U6,MGTHTXP1_230,NA,230,GTH,NA
T8,MGTHTXP2_230,NA,230,GTH,NA
R6,MGTHTXP3_230,NA,230,GTH,NA
U9,MGTREFCLK0N_230,NA,230,GTH,NA
U10,MGTREFCLK0P_230,NA,230,GTH,NA
R9,MGTREFCLK1N_230,NA,230,GTH,NA
R10,MGTREFCLK1P_230,NA,230,GTH,NA
P3,MGTHRXN0_231,NA,231,GTH,NA
N1,MGTHRXN1_231,NA,231,GTH,NA
M3,MGTHRXN2_231,NA,231,GTH,NA
L1,MGTHRXN3_231,NA,231,GTH,NA
P4,MGTHRXP0_231,NA,231,GTH,NA
N2,MGTHRXP1_231,NA,231,GTH,NA
M4,MGTHRXP2_231,NA,231,GTH,NA
L2,MGTHRXP3_231,NA,231,GTH,NA
P7,MGTHTXN0_231,NA,231,GTH,NA
N5,MGTHTXN1_231,NA,231,GTH,NA
M7,MGTHTXN2_231,NA,231,GTH,NA
L5,MGTHTXN3_231,NA,231,GTH,NA
P8,MGTHTXP0_231,NA,231,GTH,NA
N6,MGTHTXP1_231,NA,231,GTH,NA
M8,MGTHTXP2_231,NA,231,GTH,NA
L6,MGTHTXP3_231,NA,231,GTH,NA
N9,MGTREFCLK0N_231,NA,231,GTH,NA
N10,MGTREFCLK0P_231,NA,231,GTH,NA
L9,MGTREFCLK1N_231,NA,231,GTH,NA
L10,MGTREFCLK1P_231,NA,231,GTH,NA
AF13,VCCO_0,NA,0,NA,NA
Y12,VCCO_0,NA,0,NA,NA
AN24,VCCO_64,NA,64,NA,NA
AT23,VCCO_64,NA,64,NA,NA
AW22,VCCO_64,NA,64,NA,NA
AN19,VCCO_65,NA,65,NA,NA
AT18,VCCO_65,NA,65,NA,NA
AW17,VCCO_65,NA,65,NA,NA
AN14,VCCO_66,NA,66,NA,NA
AT13,VCCO_66,NA,66,NA,NA
AW12,VCCO_66,NA,66,NA,NA
AP27,VCCO_67,NA,67,NA,NA
AU26,VCCO_67,NA,67,NA,NA
AV29,VCCO_67,NA,67,NA,NA
AR30,VCCO_68,NA,68,NA,NA
AT33,VCCO_68,NA,68,NA,NA
AW32,VCCO_68,NA,68,NA,NA
AU36,VCCO_69,NA,69,NA,NA
AU41,VCCO_69,NA,69,NA,NA
BA38,VCCO_69,NA,69,NA,NA
C38,VCCO_70,NA,70,NA,NA
E34,VCCO_70,NA,70,NA,NA
F37,VCCO_70,NA,70,NA,NA
C28,VCCO_71,NA,71,NA,NA
D31,VCCO_71,NA,71,NA,NA
H28,VCCO_71,NA,71,NA,NA
C23,VCCO_72,NA,72,NA,NA
G25,VCCO_72,NA,72,NA,NA
K24,VCCO_72,NA,72,NA,NA
B15,VCCO_73,NA,73,NA,NA
G15,VCCO_73,NA,73,NA,NA
K14,VCCO_73,NA,73,NA,NA
C18,VCCO_74,NA,74,NA,NA
G20,VCCO_74,NA,74,NA,NA
K19,VCCO_74,NA,74,NA,NA
C3,VCCO_90,NA,90,NA,NA
F2,VCCO_90,NA,90,NA,NA
D6,VCCO_91,NA,91,NA,NA
G5,VCCO_91,NA,91,NA,NA
E9,VCCO_93,NA,93,NA,NA
H8,VCCO_93,NA,93,NA,NA
F12,VCCO_94,NA,94,NA,NA
J11,VCCO_94,NA,94,NA,NA
A12,GND,NA,NA,NA,NA
A17,GND,NA,NA,NA,NA
A2,GND,NA,NA,NA,NA
A22,GND,NA,NA,NA,NA
A27,GND,NA,NA,NA,NA
A32,GND,NA,NA,NA,NA
A37,GND,NA,NA,NA,NA
A41,GND,NA,NA,NA,NA
A7,GND,NA,NA,NA,NA
AA11,GND,NA,NA,NA,NA
AA13,GND,NA,NA,NA,NA
AA15,GND,NA,NA,NA,NA
AA17,GND,NA,NA,NA,NA
AA19,GND,NA,NA,NA,NA
AA23,GND,NA,NA,NA,NA
AA25,GND,NA,NA,NA,NA
AA27,GND,NA,NA,NA,NA
AA29,GND,NA,NA,NA,NA
AA3,GND,NA,NA,NA,NA
AA31,GND,NA,NA,NA,NA
AA35,GND,NA,NA,NA,NA
AA38,GND,NA,NA,NA,NA
AA39,GND,NA,NA,NA,NA
AA4,GND,NA,NA,NA,NA
AA40,GND,NA,NA,NA,NA
AA7,GND,NA,NA,NA,NA
AB1,GND,NA,NA,NA,NA
AB11,GND,NA,NA,NA,NA
AB14,GND,NA,NA,NA,NA
AB16,GND,NA,NA,NA,NA
AB18,GND,NA,NA,NA,NA
AB2,GND,NA,NA,NA,NA
AB20,GND,NA,NA,NA,NA
AB24,GND,NA,NA,NA,NA
AB26,GND,NA,NA,NA,NA
AB28,GND,NA,NA,NA,NA
AB30,GND,NA,NA,NA,NA
AB31,GND,NA,NA,NA,NA
AB37,GND,NA,NA,NA,NA
AB38,GND,NA,NA,NA,NA
AB41,GND,NA,NA,NA,NA
AB42,GND,NA,NA,NA,NA
AB5,GND,NA,NA,NA,NA
AB9,GND,NA,NA,NA,NA
AC11,GND,NA,NA,NA,NA
AC15,GND,NA,NA,NA,NA
AC17,GND,NA,NA,NA,NA
AC19,GND,NA,NA,NA,NA
AC21,GND,NA,NA,NA,NA
AC23,GND,NA,NA,NA,NA
AC25,GND,NA,NA,NA,NA
AC27,GND,NA,NA,NA,NA
AC29,GND,NA,NA,NA,NA
AC3,GND,NA,NA,NA,NA
AC31,GND,NA,NA,NA,NA
AC35,GND,NA,NA,NA,NA
AC38,GND,NA,NA,NA,NA
AC39,GND,NA,NA,NA,NA
AC4,GND,NA,NA,NA,NA
AC40,GND,NA,NA,NA,NA
AC7,GND,NA,NA,NA,NA
AD1,GND,NA,NA,NA,NA
AD11,GND,NA,NA,NA,NA
AD12,GND,NA,NA,NA,NA
AD14,GND,NA,NA,NA,NA
AD16,GND,NA,NA,NA,NA
AD18,GND,NA,NA,NA,NA
AD2,GND,NA,NA,NA,NA
AD20,GND,NA,NA,NA,NA
AD22,GND,NA,NA,NA,NA
AD24,GND,NA,NA,NA,NA
AD26,GND,NA,NA,NA,NA
AD28,GND,NA,NA,NA,NA
AD30,GND,NA,NA,NA,NA
AD31,GND,NA,NA,NA,NA
AD33,GND,NA,NA,NA,NA
AD37,GND,NA,NA,NA,NA
AD38,GND,NA,NA,NA,NA
AD41,GND,NA,NA,NA,NA
AD42,GND,NA,NA,NA,NA
AD5,GND,NA,NA,NA,NA
AD9,GND,NA,NA,NA,NA
AE11,GND,NA,NA,NA,NA
AE15,GND,NA,NA,NA,NA
AE17,GND,NA,NA,NA,NA
AE19,GND,NA,NA,NA,NA
AE21,GND,NA,NA,NA,NA
AE23,GND,NA,NA,NA,NA
AE25,GND,NA,NA,NA,NA
AE27,GND,NA,NA,NA,NA
AE29,GND,NA,NA,NA,NA
AE3,GND,NA,NA,NA,NA
AE31,GND,NA,NA,NA,NA
AE35,GND,NA,NA,NA,NA
AE38,GND,NA,NA,NA,NA
AE39,GND,NA,NA,NA,NA
AE4,GND,NA,NA,NA,NA
AE40,GND,NA,NA,NA,NA
AE7,GND,NA,NA,NA,NA
AF1,GND,NA,NA,NA,NA
AF11,GND,NA,NA,NA,NA
AF14,GND,NA,NA,NA,NA
AF16,GND,NA,NA,NA,NA
AF18,GND,NA,NA,NA,NA
AF2,GND,NA,NA,NA,NA
AF20,GND,NA,NA,NA,NA
AF22,GND,NA,NA,NA,NA
AF24,GND,NA,NA,NA,NA
AF26,GND,NA,NA,NA,NA
AF28,GND,NA,NA,NA,NA
AF30,GND,NA,NA,NA,NA
AF31,GND,NA,NA,NA,NA
AF33,GND,NA,NA,NA,NA
AF37,GND,NA,NA,NA,NA
AF38,GND,NA,NA,NA,NA
AF41,GND,NA,NA,NA,NA
AF42,GND,NA,NA,NA,NA
AF5,GND,NA,NA,NA,NA
AF9,GND,NA,NA,NA,NA
AG11,GND,NA,NA,NA,NA
AG15,GND,NA,NA,NA,NA
AG17,GND,NA,NA,NA,NA
AG19,GND,NA,NA,NA,NA
AG21,GND,NA,NA,NA,NA
AG23,GND,NA,NA,NA,NA
AG25,GND,NA,NA,NA,NA
AG27,GND,NA,NA,NA,NA
AG29,GND,NA,NA,NA,NA
AG3,GND,NA,NA,NA,NA
AG31,GND,NA,NA,NA,NA
AG35,GND,NA,NA,NA,NA
AG38,GND,NA,NA,NA,NA
AG39,GND,NA,NA,NA,NA
AG4,GND,NA,NA,NA,NA
AG40,GND,NA,NA,NA,NA
AG7,GND,NA,NA,NA,NA
AH1,GND,NA,NA,NA,NA
AH11,GND,NA,NA,NA,NA
AH14,GND,NA,NA,NA,NA
AH19,GND,NA,NA,NA,NA
AH2,GND,NA,NA,NA,NA
AH24,GND,NA,NA,NA,NA
AH29,GND,NA,NA,NA,NA
AH31,GND,NA,NA,NA,NA
AH33,GND,NA,NA,NA,NA
AH37,GND,NA,NA,NA,NA
AH38,GND,NA,NA,NA,NA
AH41,GND,NA,NA,NA,NA
AH42,GND,NA,NA,NA,NA
AH5,GND,NA,NA,NA,NA
AH9,GND,NA,NA,NA,NA
AJ11,GND,NA,NA,NA,NA
AJ12,GND,NA,NA,NA,NA
AJ17,GND,NA,NA,NA,NA
AJ22,GND,NA,NA,NA,NA
AJ27,GND,NA,NA,NA,NA
AJ3,GND,NA,NA,NA,NA
AJ31,GND,NA,NA,NA,NA
AJ35,GND,NA,NA,NA,NA
AJ38,GND,NA,NA,NA,NA
AJ39,GND,NA,NA,NA,NA
AJ4,GND,NA,NA,NA,NA
AJ40,GND,NA,NA,NA,NA
AJ7,GND,NA,NA,NA,NA
AK1,GND,NA,NA,NA,NA
AK11,GND,NA,NA,NA,NA
AK15,GND,NA,NA,NA,NA
AK2,GND,NA,NA,NA,NA
AK20,GND,NA,NA,NA,NA
AK25,GND,NA,NA,NA,NA
AK31,GND,NA,NA,NA,NA
AK33,GND,NA,NA,NA,NA
AK37,GND,NA,NA,NA,NA
AK38,GND,NA,NA,NA,NA
AK41,GND,NA,NA,NA,NA
AK42,GND,NA,NA,NA,NA
AK5,GND,NA,NA,NA,NA
AK9,GND,NA,NA,NA,NA
AL11,GND,NA,NA,NA,NA
AL13,GND,NA,NA,NA,NA
AL18,GND,NA,NA,NA,NA
AL23,GND,NA,NA,NA,NA
AL28,GND,NA,NA,NA,NA
AL3,GND,NA,NA,NA,NA
AL31,GND,NA,NA,NA,NA
AL35,GND,NA,NA,NA,NA
AL38,GND,NA,NA,NA,NA
AL39,GND,NA,NA,NA,NA
AL4,GND,NA,NA,NA,NA
AL40,GND,NA,NA,NA,NA
AL7,GND,NA,NA,NA,NA
AM1,GND,NA,NA,NA,NA
AM11,GND,NA,NA,NA,NA
AM16,GND,NA,NA,NA,NA
AM2,GND,NA,NA,NA,NA
AM21,GND,NA,NA,NA,NA
AM26,GND,NA,NA,NA,NA
AM31,GND,NA,NA,NA,NA
AM32,GND,NA,NA,NA,NA
AM33,GND,NA,NA,NA,NA
AM37,GND,NA,NA,NA,NA
AM38,GND,NA,NA,NA,NA
AM41,GND,NA,NA,NA,NA
AM42,GND,NA,NA,NA,NA
AM5,GND,NA,NA,NA,NA
AN11,GND,NA,NA,NA,NA
AN29,GND,NA,NA,NA,NA
AN3,GND,NA,NA,NA,NA
AN33,GND,NA,NA,NA,NA
AN34,GND,NA,NA,NA,NA
AN35,GND,NA,NA,NA,NA
AN36,GND,NA,NA,NA,NA
AN37,GND,NA,NA,NA,NA
AN38,GND,NA,NA,NA,NA
AN39,GND,NA,NA,NA,NA
AN4,GND,NA,NA,NA,NA
AN40,GND,NA,NA,NA,NA
AN41,GND,NA,NA,NA,NA
AN7,GND,NA,NA,NA,NA
AP1,GND,NA,NA,NA,NA
AP11,GND,NA,NA,NA,NA
AP12,GND,NA,NA,NA,NA
AP17,GND,NA,NA,NA,NA
AP2,GND,NA,NA,NA,NA
AP22,GND,NA,NA,NA,NA
AP32,GND,NA,NA,NA,NA
AP5,GND,NA,NA,NA,NA
AP9,GND,NA,NA,NA,NA
AR11,GND,NA,NA,NA,NA
AR15,GND,NA,NA,NA,NA
AR20,GND,NA,NA,NA,NA
AR25,GND,NA,NA,NA,NA
AR3,GND,NA,NA,NA,NA
AR35,GND,NA,NA,NA,NA
AR4,GND,NA,NA,NA,NA
AR40,GND,NA,NA,NA,NA
AR7,GND,NA,NA,NA,NA
AT1,GND,NA,NA,NA,NA
AT11,GND,NA,NA,NA,NA
AT2,GND,NA,NA,NA,NA
AT28,GND,NA,NA,NA,NA
AT38,GND,NA,NA,NA,NA
AT5,GND,NA,NA,NA,NA
AT9,GND,NA,NA,NA,NA
AU11,GND,NA,NA,NA,NA
AU16,GND,NA,NA,NA,NA
AU21,GND,NA,NA,NA,NA
AU3,GND,NA,NA,NA,NA
AU31,GND,NA,NA,NA,NA
AU4,GND,NA,NA,NA,NA
AU7,GND,NA,NA,NA,NA
AV1,GND,NA,NA,NA,NA
AV11,GND,NA,NA,NA,NA
AV14,GND,NA,NA,NA,NA
AV19,GND,NA,NA,NA,NA
AV2,GND,NA,NA,NA,NA
AV24,GND,NA,NA,NA,NA
AV34,GND,NA,NA,NA,NA
AV39,GND,NA,NA,NA,NA
AV5,GND,NA,NA,NA,NA
AV9,GND,NA,NA,NA,NA
AW11,GND,NA,NA,NA,NA
AW27,GND,NA,NA,NA,NA
AW3,GND,NA,NA,NA,NA
AW37,GND,NA,NA,NA,NA
AW4,GND,NA,NA,NA,NA
AW42,GND,NA,NA,NA,NA
AW7,GND,NA,NA,NA,NA
AY1,GND,NA,NA,NA,NA
AY11,GND,NA,NA,NA,NA
AY15,GND,NA,NA,NA,NA
AY2,GND,NA,NA,NA,NA
AY20,GND,NA,NA,NA,NA
AY25,GND,NA,NA,NA,NA
AY30,GND,NA,NA,NA,NA
AY35,GND,NA,NA,NA,NA
AY40,GND,NA,NA,NA,NA
AY5,GND,NA,NA,NA,NA
AY9,GND,NA,NA,NA,NA
B1,GND,NA,NA,NA,NA
B10,GND,NA,NA,NA,NA
B20,GND,NA,NA,NA,NA
B25,GND,NA,NA,NA,NA
B30,GND,NA,NA,NA,NA
B35,GND,NA,NA,NA,NA
B40,GND,NA,NA,NA,NA
B42,GND,NA,NA,NA,NA
B5,GND,NA,NA,NA,NA
BA11,GND,NA,NA,NA,NA
BA13,GND,NA,NA,NA,NA
BA18,GND,NA,NA,NA,NA
BA23,GND,NA,NA,NA,NA
BA28,GND,NA,NA,NA,NA
BA3,GND,NA,NA,NA,NA
BA33,GND,NA,NA,NA,NA
BA4,GND,NA,NA,NA,NA
BA42,GND,NA,NA,NA,NA
BA7,GND,NA,NA,NA,NA
BB11,GND,NA,NA,NA,NA
BB16,GND,NA,NA,NA,NA
BB2,GND,NA,NA,NA,NA
BB21,GND,NA,NA,NA,NA
BB26,GND,NA,NA,NA,NA
BB31,GND,NA,NA,NA,NA
BB36,GND,NA,NA,NA,NA
BB41,GND,NA,NA,NA,NA
BB5,GND,NA,NA,NA,NA
BB9,GND,NA,NA,NA,NA
C13,GND,NA,NA,NA,NA
C33,GND,NA,NA,NA,NA
C8,GND,NA,NA,NA,NA
D1,GND,NA,NA,NA,NA
D11,GND,NA,NA,NA,NA
D16,GND,NA,NA,NA,NA
D21,GND,NA,NA,NA,NA
D26,GND,NA,NA,NA,NA
D36,GND,NA,NA,NA,NA
D41,GND,NA,NA,NA,NA
E14,GND,NA,NA,NA,NA
E19,GND,NA,NA,NA,NA
E24,GND,NA,NA,NA,NA
E29,GND,NA,NA,NA,NA
E39,GND,NA,NA,NA,NA
E4,GND,NA,NA,NA,NA
F17,GND,NA,NA,NA,NA
F22,GND,NA,NA,NA,NA
F27,GND,NA,NA,NA,NA
F32,GND,NA,NA,NA,NA
F42,GND,NA,NA,NA,NA
F7,GND,NA,NA,NA,NA
G10,GND,NA,NA,NA,NA
G30,GND,NA,NA,NA,NA
G35,GND,NA,NA,NA,NA
H13,GND,NA,NA,NA,NA
H18,GND,NA,NA,NA,NA
H23,GND,NA,NA,NA,NA
H3,GND,NA,NA,NA,NA
H33,GND,NA,NA,NA,NA
H34,GND,NA,NA,NA,NA
H35,GND,NA,NA,NA,NA
H36,GND,NA,NA,NA,NA
H37,GND,NA,NA,NA,NA
H38,GND,NA,NA,NA,NA
H39,GND,NA,NA,NA,NA
H40,GND,NA,NA,NA,NA
H41,GND,NA,NA,NA,NA
H42,GND,NA,NA,NA,NA
J16,GND,NA,NA,NA,NA
J21,GND,NA,NA,NA,NA
J26,GND,NA,NA,NA,NA
J31,GND,NA,NA,NA,NA
J33,GND,NA,NA,NA,NA
J35,GND,NA,NA,NA,NA
J38,GND,NA,NA,NA,NA
J39,GND,NA,NA,NA,NA
J40,GND,NA,NA,NA,NA
J6,GND,NA,NA,NA,NA
K1,GND,NA,NA,NA,NA
K10,GND,NA,NA,NA,NA
K11,GND,NA,NA,NA,NA
K2,GND,NA,NA,NA,NA
K29,GND,NA,NA,NA,NA
K3,GND,NA,NA,NA,NA
K33,GND,NA,NA,NA,NA
K37,GND,NA,NA,NA,NA
K38,GND,NA,NA,NA,NA
K4,GND,NA,NA,NA,NA
K41,GND,NA,NA,NA,NA
K42,GND,NA,NA,NA,NA
K5,GND,NA,NA,NA,NA
K6,GND,NA,NA,NA,NA
K7,GND,NA,NA,NA,NA
K8,GND,NA,NA,NA,NA
K9,GND,NA,NA,NA,NA
L11,GND,NA,NA,NA,NA
L17,GND,NA,NA,NA,NA
L22,GND,NA,NA,NA,NA
L27,GND,NA,NA,NA,NA
L3,GND,NA,NA,NA,NA
L32,GND,NA,NA,NA,NA
L33,GND,NA,NA,NA,NA
L35,GND,NA,NA,NA,NA
L38,GND,NA,NA,NA,NA
L39,GND,NA,NA,NA,NA
L4,GND,NA,NA,NA,NA
L40,GND,NA,NA,NA,NA
L7,GND,NA,NA,NA,NA
M1,GND,NA,NA,NA,NA
M11,GND,NA,NA,NA,NA
M15,GND,NA,NA,NA,NA
M2,GND,NA,NA,NA,NA
M20,GND,NA,NA,NA,NA
M25,GND,NA,NA,NA,NA
M29,GND,NA,NA,NA,NA
M30,GND,NA,NA,NA,NA
M31,GND,NA,NA,NA,NA
M32,GND,NA,NA,NA,NA
M33,GND,NA,NA,NA,NA
M37,GND,NA,NA,NA,NA
M38,GND,NA,NA,NA,NA
M41,GND,NA,NA,NA,NA
M42,GND,NA,NA,NA,NA
M5,GND,NA,NA,NA,NA
M9,GND,NA,NA,NA,NA
N11,GND,NA,NA,NA,NA
N13,GND,NA,NA,NA,NA
N18,GND,NA,NA,NA,NA
N23,GND,NA,NA,NA,NA
N29,GND,NA,NA,NA,NA
N3,GND,NA,NA,NA,NA
N31,GND,NA,NA,NA,NA
N35,GND,NA,NA,NA,NA
N38,GND,NA,NA,NA,NA
N39,GND,NA,NA,NA,NA
N4,GND,NA,NA,NA,NA
N40,GND,NA,NA,NA,NA
N7,GND,NA,NA,NA,NA
P1,GND,NA,NA,NA,NA
P11,GND,NA,NA,NA,NA
P16,GND,NA,NA,NA,NA
P2,GND,NA,NA,NA,NA
P26,GND,NA,NA,NA,NA
P29,GND,NA,NA,NA,NA
P33,GND,NA,NA,NA,NA
P37,GND,NA,NA,NA,NA
P38,GND,NA,NA,NA,NA
P41,GND,NA,NA,NA,NA
P42,GND,NA,NA,NA,NA
P5,GND,NA,NA,NA,NA
P9,GND,NA,NA,NA,NA
R11,GND,NA,NA,NA,NA
R12,GND,NA,NA,NA,NA
R15,GND,NA,NA,NA,NA
R17,GND,NA,NA,NA,NA
R19,GND,NA,NA,NA,NA
R21,GND,NA,NA,NA,NA
R23,GND,NA,NA,NA,NA
R25,GND,NA,NA,NA,NA
R27,GND,NA,NA,NA,NA
R29,GND,NA,NA,NA,NA
R3,GND,NA,NA,NA,NA
R31,GND,NA,NA,NA,NA
R35,GND,NA,NA,NA,NA
R38,GND,NA,NA,NA,NA
R39,GND,NA,NA,NA,NA
R4,GND,NA,NA,NA,NA
R40,GND,NA,NA,NA,NA
R7,GND,NA,NA,NA,NA
T1,GND,NA,NA,NA,NA
T11,GND,NA,NA,NA,NA
T14,GND,NA,NA,NA,NA
T16,GND,NA,NA,NA,NA
T18,GND,NA,NA,NA,NA
T2,GND,NA,NA,NA,NA
T20,GND,NA,NA,NA,NA
T22,GND,NA,NA,NA,NA
T24,GND,NA,NA,NA,NA
T26,GND,NA,NA,NA,NA
T28,GND,NA,NA,NA,NA
T29,GND,NA,NA,NA,NA
T33,GND,NA,NA,NA,NA
T37,GND,NA,NA,NA,NA
T38,GND,NA,NA,NA,NA
T41,GND,NA,NA,NA,NA
T42,GND,NA,NA,NA,NA
T5,GND,NA,NA,NA,NA
T9,GND,NA,NA,NA,NA
U11,GND,NA,NA,NA,NA
U13,GND,NA,NA,NA,NA
U15,GND,NA,NA,NA,NA
U17,GND,NA,NA,NA,NA
U19,GND,NA,NA,NA,NA
U21,GND,NA,NA,NA,NA
U23,GND,NA,NA,NA,NA
U25,GND,NA,NA,NA,NA
U27,GND,NA,NA,NA,NA
U29,GND,NA,NA,NA,NA
U3,GND,NA,NA,NA,NA
U30,GND,NA,NA,NA,NA
U31,GND,NA,NA,NA,NA
U35,GND,NA,NA,NA,NA
U38,GND,NA,NA,NA,NA
U39,GND,NA,NA,NA,NA
U4,GND,NA,NA,NA,NA
U40,GND,NA,NA,NA,NA
U7,GND,NA,NA,NA,NA
V1,GND,NA,NA,NA,NA
V11,GND,NA,NA,NA,NA
V14,GND,NA,NA,NA,NA
V16,GND,NA,NA,NA,NA
V18,GND,NA,NA,NA,NA
V2,GND,NA,NA,NA,NA
V20,GND,NA,NA,NA,NA
V22,GND,NA,NA,NA,NA
V24,GND,NA,NA,NA,NA
V26,GND,NA,NA,NA,NA
V28,GND,NA,NA,NA,NA
V31,GND,NA,NA,NA,NA
V33,GND,NA,NA,NA,NA
V37,GND,NA,NA,NA,NA
V38,GND,NA,NA,NA,NA
V41,GND,NA,NA,NA,NA
V42,GND,NA,NA,NA,NA
V5,GND,NA,NA,NA,NA
V9,GND,NA,NA,NA,NA
W11,GND,NA,NA,NA,NA
W15,GND,NA,NA,NA,NA
W17,GND,NA,NA,NA,NA
W19,GND,NA,NA,NA,NA
W23,GND,NA,NA,NA,NA
W25,GND,NA,NA,NA,NA
W27,GND,NA,NA,NA,NA
W29,GND,NA,NA,NA,NA
W3,GND,NA,NA,NA,NA
W31,GND,NA,NA,NA,NA
W35,GND,NA,NA,NA,NA
W38,GND,NA,NA,NA,NA
W39,GND,NA,NA,NA,NA
W4,GND,NA,NA,NA,NA
W40,GND,NA,NA,NA,NA
W7,GND,NA,NA,NA,NA
Y1,GND,NA,NA,NA,NA
Y11,GND,NA,NA,NA,NA
Y14,GND,NA,NA,NA,NA
Y16,GND,NA,NA,NA,NA
Y18,GND,NA,NA,NA,NA
Y2,GND,NA,NA,NA,NA
Y20,GND,NA,NA,NA,NA
Y24,GND,NA,NA,NA,NA
Y26,GND,NA,NA,NA,NA
Y28,GND,NA,NA,NA,NA
Y30,GND,NA,NA,NA,NA
Y31,GND,NA,NA,NA,NA
Y33,GND,NA,NA,NA,NA
Y37,GND,NA,NA,NA,NA
Y38,GND,NA,NA,NA,NA
Y41,GND,NA,NA,NA,NA
Y42,GND,NA,NA,NA,NA
Y5,GND,NA,NA,NA,NA
Y9,GND,NA,NA,NA,NA
AD32,MGTAVCC_L,NA,NA,NA,NA
AF32,MGTAVCC_L,NA,NA,NA,NA
AH32,MGTAVCC_L,NA,NA,NA,NA
AK32,MGTAVCC_L,NA,NA,NA,NA
N30,MGTAVCC_L,NA,NA,NA,NA
P32,MGTAVCC_L,NA,NA,NA,NA
R30,MGTAVCC_L,NA,NA,NA,NA
T32,MGTAVCC_L,NA,NA,NA,NA
AB10,MGTAVCC_RN,NA,NA,NA,NA
AD10,MGTAVCC_RN,NA,NA,NA,NA
M10,MGTAVCC_RN,NA,NA,NA,NA
P10,MGTAVCC_RN,NA,NA,NA,NA
T10,MGTAVCC_RN,NA,NA,NA,NA
AF10,MGTAVCC_RS,NA,NA,NA,NA
AH10,MGTAVCC_RS,NA,NA,NA,NA
AK10,MGTAVCC_RS,NA,NA,NA,NA
AV10,MGTAVCC_RS,NA,NA,NA,NA
AY10,MGTAVCC_RS,NA,NA,NA,NA
BB10,MGTAVCC_RS,NA,NA,NA,NA
AA34,MGTAVTT_L,NA,NA,NA,NA
AB36,MGTAVTT_L,NA,NA,NA,NA
AC34,MGTAVTT_L,NA,NA,NA,NA
AD36,MGTAVTT_L,NA,NA,NA,NA
AE34,MGTAVTT_L,NA,NA,NA,NA
AF36,MGTAVTT_L,NA,NA,NA,NA
AG34,MGTAVTT_L,NA,NA,NA,NA
AH36,MGTAVTT_L,NA,NA,NA,NA
AJ34,MGTAVTT_L,NA,NA,NA,NA
AK36,MGTAVTT_L,NA,NA,NA,NA
AL34,MGTAVTT_L,NA,NA,NA,NA
AM36,MGTAVTT_L,NA,NA,NA,NA
J34,MGTAVTT_L,NA,NA,NA,NA
K36,MGTAVTT_L,NA,NA,NA,NA
L34,MGTAVTT_L,NA,NA,NA,NA
M36,MGTAVTT_L,NA,NA,NA,NA
N34,MGTAVTT_L,NA,NA,NA,NA
P36,MGTAVTT_L,NA,NA,NA,NA
R34,MGTAVTT_L,NA,NA,NA,NA
T36,MGTAVTT_L,NA,NA,NA,NA
U34,MGTAVTT_L,NA,NA,NA,NA
V36,MGTAVTT_L,NA,NA,NA,NA
W34,MGTAVTT_L,NA,NA,NA,NA
Y36,MGTAVTT_L,NA,NA,NA,NA
AA8,MGTAVTT_RN,NA,NA,NA,NA
AB6,MGTAVTT_RN,NA,NA,NA,NA
AC8,MGTAVTT_RN,NA,NA,NA,NA
AD6,MGTAVTT_RN,NA,NA,NA,NA
AE8,MGTAVTT_RN,NA,NA,NA,NA
L8,MGTAVTT_RN,NA,NA,NA,NA
M6,MGTAVTT_RN,NA,NA,NA,NA
N8,MGTAVTT_RN,NA,NA,NA,NA
P6,MGTAVTT_RN,NA,NA,NA,NA
R8,MGTAVTT_RN,NA,NA,NA,NA
T6,MGTAVTT_RN,NA,NA,NA,NA
U8,MGTAVTT_RN,NA,NA,NA,NA
V6,MGTAVTT_RN,NA,NA,NA,NA
W8,MGTAVTT_RN,NA,NA,NA,NA
Y6,MGTAVTT_RN,NA,NA,NA,NA
AF6,MGTAVTT_RS,NA,NA,NA,NA
AG8,MGTAVTT_RS,NA,NA,NA,NA
AH6,MGTAVTT_RS,NA,NA,NA,NA
AJ8,MGTAVTT_RS,NA,NA,NA,NA
AK6,MGTAVTT_RS,NA,NA,NA,NA
AL8,MGTAVTT_RS,NA,NA,NA,NA
AM6,MGTAVTT_RS,NA,NA,NA,NA
AN8,MGTAVTT_RS,NA,NA,NA,NA
AP6,MGTAVTT_RS,NA,NA,NA,NA
AR8,MGTAVTT_RS,NA,NA,NA,NA
AT6,MGTAVTT_RS,NA,NA,NA,NA
AU8,MGTAVTT_RS,NA,NA,NA,NA
AV6,MGTAVTT_RS,NA,NA,NA,NA
AW8,MGTAVTT_RS,NA,NA,NA,NA
AY6,MGTAVTT_RS,NA,NA,NA,NA
BA8,MGTAVTT_RS,NA,NA,NA,NA
BB6,MGTAVTT_RS,NA,NA,NA,NA
V32,MGTVCCAUX_L,NA,NA,NA,NA
Y32,MGTVCCAUX_L,NA,NA,NA,NA
V10,MGTVCCAUX_RN,NA,NA,NA,NA
Y10,MGTVCCAUX_RN,NA,NA,NA,NA
AP10,MGTVCCAUX_RS,NA,NA,NA,NA
AT10,MGTVCCAUX_RS,NA,NA,NA,NA
AB29,VCCAUX,NA,NA,NA,NA
AD29,VCCAUX,NA,NA,NA,NA
AF29,VCCAUX,NA,NA,NA,NA
V29,VCCAUX,NA,NA,NA,NA
Y29,VCCAUX,NA,NA,NA,NA
AA30,VCCAUX_IO,NA,NA,NA,NA
AC30,VCCAUX_IO,NA,NA,NA,NA
AE30,VCCAUX_IO,NA,NA,NA,NA
AG30,VCCAUX_IO,NA,NA,NA,NA
V30,VCCAUX_IO,NA,NA,NA,NA
W30,VCCAUX_IO,NA,NA,NA,NA
AB15,VCCBRAM,NA,NA,NA,NA
AD15,VCCBRAM,NA,NA,NA,NA
AF15,VCCBRAM,NA,NA,NA,NA
V15,VCCBRAM,NA,NA,NA,NA
Y15,VCCBRAM,NA,NA,NA,NA
AA16,VCCINT,NA,NA,NA,NA
AA18,VCCINT,NA,NA,NA,NA
AA20,VCCINT,NA,NA,NA,NA
AA24,VCCINT,NA,NA,NA,NA
AA26,VCCINT,NA,NA,NA,NA
AA28,VCCINT,NA,NA,NA,NA
AB17,VCCINT,NA,NA,NA,NA
AB19,VCCINT,NA,NA,NA,NA
AB23,VCCINT,NA,NA,NA,NA
AB25,VCCINT,NA,NA,NA,NA
AB27,VCCINT,NA,NA,NA,NA
AC16,VCCINT,NA,NA,NA,NA
AC18,VCCINT,NA,NA,NA,NA
AC20,VCCINT,NA,NA,NA,NA
AC22,VCCINT,NA,NA,NA,NA
AC24,VCCINT,NA,NA,NA,NA
AC26,VCCINT,NA,NA,NA,NA
AC28,VCCINT,NA,NA,NA,NA
AD17,VCCINT,NA,NA,NA,NA
AD19,VCCINT,NA,NA,NA,NA
AD21,VCCINT,NA,NA,NA,NA
AD23,VCCINT,NA,NA,NA,NA
AD25,VCCINT,NA,NA,NA,NA
AD27,VCCINT,NA,NA,NA,NA
AE16,VCCINT,NA,NA,NA,NA
AE18,VCCINT,NA,NA,NA,NA
AE20,VCCINT,NA,NA,NA,NA
AE22,VCCINT,NA,NA,NA,NA
AE24,VCCINT,NA,NA,NA,NA
AE26,VCCINT,NA,NA,NA,NA
AE28,VCCINT,NA,NA,NA,NA
AF17,VCCINT,NA,NA,NA,NA
AF19,VCCINT,NA,NA,NA,NA
AF21,VCCINT,NA,NA,NA,NA
AF23,VCCINT,NA,NA,NA,NA
AF25,VCCINT,NA,NA,NA,NA
AF27,VCCINT,NA,NA,NA,NA
AG16,VCCINT,NA,NA,NA,NA
AG18,VCCINT,NA,NA,NA,NA
AG20,VCCINT,NA,NA,NA,NA
AG22,VCCINT,NA,NA,NA,NA
AG24,VCCINT,NA,NA,NA,NA
AG26,VCCINT,NA,NA,NA,NA
AG28,VCCINT,NA,NA,NA,NA
R16,VCCINT,NA,NA,NA,NA
R18,VCCINT,NA,NA,NA,NA
R20,VCCINT,NA,NA,NA,NA
R22,VCCINT,NA,NA,NA,NA
R24,VCCINT,NA,NA,NA,NA
R26,VCCINT,NA,NA,NA,NA
R28,VCCINT,NA,NA,NA,NA
T15,VCCINT,NA,NA,NA,NA
T17,VCCINT,NA,NA,NA,NA
T19,VCCINT,NA,NA,NA,NA
T21,VCCINT,NA,NA,NA,NA
T23,VCCINT,NA,NA,NA,NA
T25,VCCINT,NA,NA,NA,NA
T27,VCCINT,NA,NA,NA,NA
U16,VCCINT,NA,NA,NA,NA
U18,VCCINT,NA,NA,NA,NA
U20,VCCINT,NA,NA,NA,NA
U22,VCCINT,NA,NA,NA,NA
U24,VCCINT,NA,NA,NA,NA
U26,VCCINT,NA,NA,NA,NA
U28,VCCINT,NA,NA,NA,NA
V17,VCCINT,NA,NA,NA,NA
V19,VCCINT,NA,NA,NA,NA
V21,VCCINT,NA,NA,NA,NA
V23,VCCINT,NA,NA,NA,NA
V25,VCCINT,NA,NA,NA,NA
V27,VCCINT,NA,NA,NA,NA
W16,VCCINT,NA,NA,NA,NA
W18,VCCINT,NA,NA,NA,NA
W20,VCCINT,NA,NA,NA,NA
W24,VCCINT,NA,NA,NA,NA
W26,VCCINT,NA,NA,NA,NA
W28,VCCINT,NA,NA,NA,NA
Y17,VCCINT,NA,NA,NA,NA
Y19,VCCINT,NA,NA,NA,NA
Y23,VCCINT,NA,NA,NA,NA
Y25,VCCINT,NA,NA,NA,NA
Y27,VCCINT,NA,NA,NA,NA
AA14,VCCINT_IO,NA,NA,NA,NA
AC14,VCCINT_IO,NA,NA,NA,NA
AE14,VCCINT_IO,NA,NA,NA,NA
AG14,VCCINT_IO,NA,NA,NA,NA
R14,VCCINT_IO,NA,NA,NA,NA
U14,VCCINT_IO,NA,NA,NA,NA
W14,VCCINT_IO,NA,NA,NA,NA
,,,,,
Total Number of Pins,1760,,,,
