"#  (c) Copyright 2016 Xilinx, Inc. All rights reserved."
"# "
"#  This file contains confidential and proprietary information"
"#  of Xilinx, Inc. and is protected under U.S. and"
"#  international copyright and other intellectual property"
"#  laws."
"# "
"#  DISCLAIMER"
"#  This disclaimer is not a license and does not grant any"
"#  rights to the materials distributed herewith. Except as"
"#  otherwise provided in a valid license issued to you by"
"#  Xilinx, and to the maximum extent permitted by applicable"
"#  law: (1) THESE MATERIALS ARE MADE AVAILABLE ""AS IS"" AND"
"#  WITH ALL FAULTS, AND XILINX HEREBY DISCLAIMS ALL WARRANTIES"
"#  AND CONDITIONS, EXPRESS, IMPLIED, OR STATUTORY, INCLUDING"
"#  BUT NOT LIMITED TO WARRANTIES OF MERCHANTABILITY, NON-"
"#  INFRINGEMENT, OR FITNESS FOR ANY PARTICULAR PURPOSE; and"
"#  (2) Xilinx shall not be liable (whether in contract or tort,"
"#  including negligence, or under any other theory of"
"#  liability) for any loss or damage of any kind or nature"
"#  related to, arising under or in connection with these"
"#  materials, including for any direct, or any indirect,"
"#  special, incidental, or consequential loss or damage"
"#  (including loss of data, profits, goodwill, or any type of"
"#  loss or damage suffered as a result of any action brought"
"#  by a third party) even if such damage or loss was"
"#  reasonably foreseeable or Xilinx had been advised of the"
"#  possibility of the same."
"# "
"#  CRITICAL APPLICATIONS"
"#  Xilinx products are not designed or intended to be fail-"
"#  safe, or for use in any application requiring fail-safe"
"#  performance, such as life-support or safety devices or"
"#  systems, Class III medical devices, nuclear facilities,"
"#  applications related to the deployment of airbags, or any"
"#  other applications that could lead to death, personal"
"#  injury, or severe property or environmental damage"
"#  (individually and collectively, ""Critical"
"#  Applications""). Customer assumes the sole risk and"
"#  liability of any use of Xilinx products in Critical"
"#  Applications, subject only to applicable laws and"
"#  regulations governing limitations on product liability."
"# "
"#  THIS COPYRIGHT NOTICE AND DISCLAIMER MUST BE RETAINED AS"
"#  PART OF THIS FILE AT ALL TIMES."
"# "
"#----------------------------------------------------------------------"
"#  ASCII Pinout File"
"# "
"#  Device   : xcku15pffva1156"
"#  Date     : 11/2/2016 09:35:01"
"#  Revision : 1.0"
"#  Status   : Engineering Sample"
"# "
"#  Engineering Sample pkg specifications are based on a released"
"#  package design and validated with ES engineering sample"
"#  (ES) devices. Package specifications with this designation"
"#  are considered stable, however some pinout and mechanical"
"#  specifications might change prior to the production release"
"#  of the particular device. Package pinouts with this"
"#  designation are to be used for PCB and Vivado designs"
"#  using ES devices."
"# "
"#----------------------------------------------------------------------"
"#  Modification History"
"#  | Date    : 10/5/2016"
"#  | Revision: 0.1"
"#  | Status  : Evaluation Only"
"#  | Details : Initial creation."
"#----------------------------------------------------------------------"
"#  | Date    : 11/2/2016"
"#  | Revision: 1.0"
"#  | Status  : Engineering Sample"
"#  | Details : updated to Engineering Sample status"
"#----------------------------------------------------------------------"
,,,,,
Pin,Pin Name,Memory Byte Group,Bank,I/O Type,Super Logic Region
Y11,DXN,NA,NA,NA,NA
U12,VCCADC,NA,NA,NA,NA
U11,GNDADC,NA,NA,NA,NA
Y12,DXP,NA,NA,NA,NA
W12,VREFP,NA,NA,NA,NA
V11,VREFN,NA,NA,NA,NA
V12,VP,NA,NA,NA,NA
W11,VN,NA,NA,NA,NA
K7,M0_0,NA,0,CONFIG,NA
L7,M1_0,NA,0,CONFIG,NA
V7,INIT_B_0,NA,0,CONFIG,NA
M7,M2_0,NA,0,CONFIG,NA
W7,RSVDGND,NA,NA,NA,NA
R7,PUDC_B_0,NA,0,CONFIG,NA
P7,POR_OVERRIDE,NA,NA,NA,NA
N7,DONE_0,NA,0,CONFIG,NA
T7,PROGRAM_B_0,NA,0,CONFIG,NA
U9,TDO_0,NA,0,CONFIG,NA
V9,TDI_0,NA,0,CONFIG,NA
U7,RDWR_FCS_B_0,NA,0,CONFIG,NA
AA7,D02_0,NA,0,CONFIG,NA
AC7,D00_MOSI_0,NA,0,CONFIG,NA
Y7,D03_0,NA,0,CONFIG,NA
AB7,D01_DIN_0,NA,0,CONFIG,NA
W9,TMS_0,NA,0,CONFIG,NA
AA9,CCLK_0,NA,0,CONFIG,NA
AC9,TCK_0,NA,0,CONFIG,NA
AD7,VBATT,NA,NA,NA,NA
L18,IO_L24N_T3U_N11_72,3U,72,HP,NA
L19,IO_L24P_T3U_N10_72,3U,72,HP,NA
J16,IO_L23N_T3U_N9_72,3U,72,HP,NA
K16,IO_L23P_T3U_N8_72,3U,72,HP,NA
J18,IO_L22N_T3U_N7_DBC_AD0N_72,3U,72,HP,NA
J19,IO_L22P_T3U_N6_DBC_AD0P_72,3U,72,HP,NA
K15,IO_L21N_T3L_N5_AD8N_72,3L,72,HP,NA
L15,IO_L21P_T3L_N4_AD8P_72,3L,72,HP,NA
K17,IO_L20N_T3L_N3_AD1N_72,3L,72,HP,NA
K18,IO_L20P_T3L_N2_AD1P_72,3L,72,HP,NA
J14,IO_L19N_T3L_N1_DBC_AD9N_72,3L,72,HP,NA
J15,IO_L19P_T3L_N0_DBC_AD9P_72,3L,72,HP,NA
L17,IO_T3U_N12_72,3U,72,HP,NA
H14,IO_T2U_N12_72,2U,72,HP,NA
H18,IO_L18N_T2U_N11_AD2N_72,2U,72,HP,NA
H19,IO_L18P_T2U_N10_AD2P_72,2U,72,HP,NA
H16,IO_L17N_T2U_N9_AD10N_72,2U,72,HP,NA
H17,IO_L17P_T2U_N8_AD10P_72,2U,72,HP,NA
F19,IO_L16N_T2U_N7_QBC_AD3N_72,2U,72,HP,NA
G19,IO_L16P_T2U_N6_QBC_AD3P_72,2U,72,HP,NA
G14,IO_L15N_T2L_N5_AD11N_72,2L,72,HP,NA
G15,IO_L15P_T2L_N4_AD11P_72,2L,72,HP,NA
F17,IO_L14N_T2L_N3_GC_72,2L,72,HP,NA
F18,IO_L14P_T2L_N2_GC_72,2L,72,HP,NA
G16,IO_L13N_T2L_N1_GC_QBC_72,2L,72,HP,NA
G17,IO_L13P_T2L_N0_GC_QBC_72,2L,72,HP,NA
E17,IO_L12N_T1U_N11_GC_72,1U,72,HP,NA
E18,IO_L12P_T1U_N10_GC_72,1U,72,HP,NA
D16,IO_L11N_T1U_N9_GC_72,1U,72,HP,NA
E16,IO_L11P_T1U_N8_GC_72,1U,72,HP,NA
D18,IO_L10N_T1U_N7_QBC_AD4N_72,1U,72,HP,NA
D19,IO_L10P_T1U_N6_QBC_AD4P_72,1U,72,HP,NA
F14,IO_L9N_T1L_N5_AD12N_72,1L,72,HP,NA
F15,IO_L9P_T1L_N4_AD12P_72,1L,72,HP,NA
D15,IO_L8N_T1L_N3_AD5N_72,1L,72,HP,NA
E15,IO_L8P_T1L_N2_AD5P_72,1L,72,HP,NA
C14,IO_L7N_T1L_N1_QBC_AD13N_72,1L,72,HP,NA
D14,IO_L7P_T1L_N0_QBC_AD13P_72,1L,72,HP,NA
C16,IO_T1U_N12_72,1U,72,HP,NA
A17,IO_T0U_N12_VRP_72,0U,72,HP,NA
C17,IO_L6N_T0U_N11_AD6N_72,0U,72,HP,NA
C18,IO_L6P_T0U_N10_AD6P_72,0U,72,HP,NA
B16,IO_L5N_T0U_N9_AD14N_72,0U,72,HP,NA
B17,IO_L5P_T0U_N8_AD14P_72,0U,72,HP,NA
B19,IO_L4N_T0U_N7_DBC_AD7N_72,0U,72,HP,NA
C19,IO_L4P_T0U_N6_DBC_AD7P_72,0U,72,HP,NA
A15,IO_L3N_T0L_N5_AD15N_72,0L,72,HP,NA
B15,IO_L3P_T0L_N4_AD15P_72,0L,72,HP,NA
A18,IO_L2N_T0L_N3_72,0L,72,HP,NA
A19,IO_L2P_T0L_N2_72,0L,72,HP,NA
A14,IO_L1N_T0L_N1_DBC_72,0L,72,HP,NA
B14,IO_L1P_T0L_N0_DBC_72,0L,72,HP,NA
L14,VREF_72,NA,72,HP,NA
G21,IO_L24N_T3U_N11_71,3U,71,HP,NA
H21,IO_L24P_T3U_N10_71,3U,71,HP,NA
F22,IO_L23N_T3U_N9_71,3U,71,HP,NA
G22,IO_L23P_T3U_N8_71,3U,71,HP,NA
F20,IO_L22N_T3U_N7_DBC_AD0N_71,3U,71,HP,NA
G20,IO_L22P_T3U_N6_DBC_AD0P_71,3U,71,HP,NA
F24,IO_L21N_T3L_N5_AD8N_71,3L,71,HP,NA
F23,IO_L21P_T3L_N4_AD8P_71,3L,71,HP,NA
E21,IO_L20N_T3L_N3_AD1N_71,3L,71,HP,NA
E20,IO_L20P_T3L_N2_AD1P_71,3L,71,HP,NA
F25,IO_L19N_T3L_N1_DBC_AD9N_71,3L,71,HP,NA
G24,IO_L19P_T3L_N0_DBC_AD9P_71,3L,71,HP,NA
H22,IO_T3U_N12_71,3U,71,HP,NA
A22,IO_T2U_N12_71,2U,71,HP,NA
D21,IO_L18N_T2U_N11_AD2N_71,2U,71,HP,NA
D20,IO_L18P_T2U_N10_AD2P_71,2U,71,HP,NA
A20,IO_L17N_T2U_N9_AD10N_71,2U,71,HP,NA
B20,IO_L17P_T2U_N8_AD10P_71,2U,71,HP,NA
C22,IO_L16N_T2U_N7_QBC_AD3N_71,2U,71,HP,NA
C21,IO_L16P_T2U_N6_QBC_AD3P_71,2U,71,HP,NA
B22,IO_L15N_T2L_N5_AD11N_71,2L,71,HP,NA
B21,IO_L15P_T2L_N4_AD11P_71,2L,71,HP,NA
E23,IO_L14N_T2L_N3_GC_71,2L,71,HP,NA
E22,IO_L14P_T2L_N2_GC_71,2L,71,HP,NA
C23,IO_L13N_T2L_N1_GC_QBC_71,2L,71,HP,NA
D23,IO_L13P_T2L_N0_GC_QBC_71,2L,71,HP,NA
C24,IO_L12N_T1U_N11_GC_71,1U,71,HP,NA
D24,IO_L12P_T1U_N10_GC_71,1U,71,HP,NA
D25,IO_L11N_T1U_N9_GC_71,1U,71,HP,NA
E25,IO_L11P_T1U_N8_GC_71,1U,71,HP,NA
A24,IO_L10N_T1U_N7_QBC_AD4N_71,1U,71,HP,NA
B24,IO_L10P_T1U_N6_QBC_AD4P_71,1U,71,HP,NA
B26,IO_L9N_T1L_N5_AD12N_71,1L,71,HP,NA
C26,IO_L9P_T1L_N4_AD12P_71,1L,71,HP,NA
A25,IO_L8N_T1L_N3_AD5N_71,1L,71,HP,NA
B25,IO_L8P_T1L_N2_AD5P_71,1L,71,HP,NA
D26,IO_L7N_T1L_N1_QBC_AD13N_71,1L,71,HP,NA
E26,IO_L7P_T1L_N0_QBC_AD13P_71,1L,71,HP,NA
A23,IO_T1U_N12_71,1U,71,HP,NA
C29,IO_T0U_N12_VRP_71,0U,71,HP,NA
A28,IO_L6N_T0U_N11_AD6N_71,0U,71,HP,NA
A27,IO_L6P_T0U_N10_AD6P_71,0U,71,HP,NA
C28,IO_L5N_T0U_N9_AD14N_71,0U,71,HP,NA
D28,IO_L5P_T0U_N8_AD14P_71,0U,71,HP,NA
A29,IO_L4N_T0U_N7_DBC_AD7N_71,0U,71,HP,NA
B29,IO_L4P_T0U_N6_DBC_AD7P_71,0U,71,HP,NA
D29,IO_L3N_T0L_N5_AD15N_71,0L,71,HP,NA
E28,IO_L3P_T0L_N4_AD15P_71,0L,71,HP,NA
B27,IO_L2N_T0L_N3_71,0L,71,HP,NA
C27,IO_L2P_T0L_N2_71,0L,71,HP,NA
E27,IO_L1N_T0L_N1_DBC_71,0L,71,HP,NA
F27,IO_L1P_T0L_N0_DBC_71,0L,71,HP,NA
J20,VREF_71,NA,71,HP,NA
W31,IO_L24N_T3U_N11_70,3U,70,HP,NA
V31,IO_L24P_T3U_N10_70,3U,70,HP,NA
V34,IO_L23N_T3U_N9_70,3U,70,HP,NA
U34,IO_L23P_T3U_N8_70,3U,70,HP,NA
Y32,IO_L22N_T3U_N7_DBC_AD0N_70,3U,70,HP,NA
Y31,IO_L22P_T3U_N6_DBC_AD0P_70,3U,70,HP,NA
W34,IO_L21N_T3L_N5_AD8N_70,3L,70,HP,NA
V33,IO_L21P_T3L_N4_AD8P_70,3L,70,HP,NA
Y30,IO_L20N_T3L_N3_AD1N_70,3L,70,HP,NA
W30,IO_L20P_T3L_N2_AD1P_70,3L,70,HP,NA
Y33,IO_L19N_T3L_N1_DBC_AD9N_70,3L,70,HP,NA
W33,IO_L19P_T3L_N0_DBC_AD9P_70,3L,70,HP,NA
V32,IO_T3U_N12_70,3U,70,HP,NA
AA33,IO_T2U_N12_70,2U,70,HP,NA
AD33,IO_L18N_T2U_N11_AD2N_70,2U,70,HP,NA
AC33,IO_L18P_T2U_N10_AD2P_70,2U,70,HP,NA
AB34,IO_L17N_T2U_N9_AD10N_70,2U,70,HP,NA
AA34,IO_L17P_T2U_N8_AD10P_70,2U,70,HP,NA
AB29,IO_L16N_T2U_N7_QBC_AD3N_70,2U,70,HP,NA
AA29,IO_L16P_T2U_N6_QBC_AD3P_70,2U,70,HP,NA
AD34,IO_L15N_T2L_N5_AD11N_70,2L,70,HP,NA
AC34,IO_L15P_T2L_N4_AD11P_70,2L,70,HP,NA
AB31,IO_L14N_T2L_N3_GC_70,2L,70,HP,NA
AB30,IO_L14P_T2L_N2_GC_70,2L,70,HP,NA
AB32,IO_L13N_T2L_N1_GC_QBC_70,2L,70,HP,NA
AA32,IO_L13P_T2L_N0_GC_QBC_70,2L,70,HP,NA
AC32,IO_L12N_T1U_N11_GC_70,1U,70,HP,NA
AC31,IO_L12P_T1U_N10_GC_70,1U,70,HP,NA
AD31,IO_L11N_T1U_N9_GC_70,1U,70,HP,NA
AD30,IO_L11P_T1U_N8_GC_70,1U,70,HP,NA
AF34,IO_L10N_T1U_N7_QBC_AD4N_70,1U,70,HP,NA
AE33,IO_L10P_T1U_N6_QBC_AD4P_70,1U,70,HP,NA
AF32,IO_L9N_T1L_N5_AD12N_70,1L,70,HP,NA
AE32,IO_L9P_T1L_N4_AD12P_70,1L,70,HP,NA
AG34,IO_L8N_T1L_N3_AD5N_70,1L,70,HP,NA
AF33,IO_L8P_T1L_N2_AD5P_70,1L,70,HP,NA
AG32,IO_L7N_T1L_N1_QBC_AD13N_70,1L,70,HP,NA
AG31,IO_L7P_T1L_N0_QBC_AD13P_70,1L,70,HP,NA
AE31,IO_T1U_N12_70,1U,70,HP,NA
AC29,IO_T0U_N12_VRP_70,0U,70,HP,NA
AG30,IO_L6N_T0U_N11_AD6N_70,0U,70,HP,NA
AF30,IO_L6P_T0U_N10_AD6P_70,0U,70,HP,NA
AE30,IO_L5N_T0U_N9_AD14N_70,0U,70,HP,NA
AD29,IO_L5P_T0U_N8_AD14P_70,0U,70,HP,NA
AG29,IO_L4N_T0U_N7_DBC_AD7N_70,0U,70,HP,NA
AF29,IO_L4P_T0U_N6_DBC_AD7P_70,0U,70,HP,NA
AD28,IO_L3N_T0L_N5_AD15N_70,0L,70,HP,NA
AC28,IO_L3P_T0L_N4_AD15P_70,0L,70,HP,NA
AF28,IO_L2N_T0L_N3_70,0L,70,HP,NA
AE28,IO_L2P_T0L_N2_70,0L,70,HP,NA
AF27,IO_L1N_T0L_N1_DBC_70,0L,70,HP,NA
AE27,IO_L1P_T0L_N0_DBC_70,0L,70,HP,NA
AA30,VREF_70,NA,70,HP,NA
W26,IO_L24N_T3U_N11_69,3U,69,HP,NA
V26,IO_L24P_T3U_N10_69,3U,69,HP,NA
W29,IO_L23N_T3U_N9_69,3U,69,HP,NA
V29,IO_L23P_T3U_N8_69,3U,69,HP,NA
U27,IO_L22N_T3U_N7_DBC_AD0N_69,3U,69,HP,NA
U26,IO_L22P_T3U_N6_DBC_AD0P_69,3U,69,HP,NA
Y28,IO_L21N_T3L_N5_AD8N_69,3L,69,HP,NA
W28,IO_L21P_T3L_N4_AD8P_69,3L,69,HP,NA
U25,IO_L20N_T3L_N3_AD1N_69,3L,69,HP,NA
U24,IO_L20P_T3L_N2_AD1P_69,3L,69,HP,NA
V28,IO_L19N_T3L_N1_DBC_AD9N_69,3L,69,HP,NA
V27,IO_L19P_T3L_N0_DBC_AD9P_69,3L,69,HP,NA
U29,IO_T3U_N12_69,3U,69,HP,NA
Y21,IO_T2U_N12_69,2U,69,HP,NA
W21,IO_L18N_T2U_N11_AD2N_69,2U,69,HP,NA
V21,IO_L18P_T2U_N10_AD2P_69,2U,69,HP,NA
T23,IO_L17N_T2U_N9_AD10N_69,2U,69,HP,NA
T22,IO_L17P_T2U_N8_AD10P_69,2U,69,HP,NA
V23,IO_L16N_T2U_N7_QBC_AD3N_69,2U,69,HP,NA
V22,IO_L16P_T2U_N6_QBC_AD3P_69,2U,69,HP,NA
U22,IO_L15N_T2L_N5_AD11N_69,2L,69,HP,NA
U21,IO_L15P_T2L_N4_AD11P_69,2L,69,HP,NA
Y25,IO_L14N_T2L_N3_GC_69,2L,69,HP,NA
W25,IO_L14P_T2L_N2_GC_69,2L,69,HP,NA
W24,IO_L13N_T2L_N1_GC_QBC_69,2L,69,HP,NA
W23,IO_L13P_T2L_N0_GC_QBC_69,2L,69,HP,NA
AA25,IO_L12N_T1U_N11_GC_69,1U,69,HP,NA
AA24,IO_L12P_T1U_N10_GC_69,1U,69,HP,NA
AA23,IO_L11N_T1U_N9_GC_69,1U,69,HP,NA
Y23,IO_L11P_T1U_N8_GC_69,1U,69,HP,NA
AC21,IO_L10N_T1U_N7_QBC_AD4N_69,1U,69,HP,NA
AB21,IO_L10P_T1U_N6_QBC_AD4P_69,1U,69,HP,NA
AB20,IO_L9N_T1L_N5_AD12N_69,1L,69,HP,NA
AA20,IO_L9P_T1L_N4_AD12P_69,1L,69,HP,NA
AC23,IO_L8N_T1L_N3_AD5N_69,1L,69,HP,NA
AC22,IO_L8P_T1L_N2_AD5P_69,1L,69,HP,NA
AB22,IO_L7N_T1L_N1_QBC_AD13N_69,1L,69,HP,NA
AA22,IO_L7P_T1L_N0_QBC_AD13P_69,1L,69,HP,NA
Y22,IO_T1U_N12_69,1U,69,HP,NA
AA28,IO_T0U_N12_VRP_69,0U,69,HP,NA
AB26,IO_L6N_T0U_N11_AD6N_69,0U,69,HP,NA
AB25,IO_L6P_T0U_N10_AD6P_69,0U,69,HP,NA
AB27,IO_L5N_T0U_N9_AD14N_69,0U,69,HP,NA
AA27,IO_L5P_T0U_N8_AD14P_69,0U,69,HP,NA
AC27,IO_L4N_T0U_N7_DBC_AD7N_69,0U,69,HP,NA
AC26,IO_L4P_T0U_N6_DBC_AD7P_69,0U,69,HP,NA
AC24,IO_L3N_T0L_N5_AD15N_69,0L,69,HP,NA
AB24,IO_L3P_T0L_N4_AD15P_69,0L,69,HP,NA
AD26,IO_L2N_T0L_N3_69,0L,69,HP,NA
AD25,IO_L2P_T0L_N2_69,0L,69,HP,NA
Y27,IO_L1N_T0L_N1_DBC_69,0L,69,HP,NA
Y26,IO_L1P_T0L_N0_DBC_69,0L,69,HP,NA
V24,VREF_69,NA,69,HP,NA
AM34,IO_L24N_T3U_N11_68,3U,68,HP,NA
AL34,IO_L24P_T3U_N10_68,3U,68,HP,NA
AN32,IO_L23N_T3U_N9_68,3U,68,HP,NA
AM32,IO_L23P_T3U_N8_68,3U,68,HP,NA
AP34,IO_L22N_T3U_N7_DBC_AD0N_68,3U,68,HP,NA
AN34,IO_L22P_T3U_N6_DBC_AD0P_68,3U,68,HP,NA
AP31,IO_L21N_T3L_N5_AD8N_68,3L,68,HP,NA
AN31,IO_L21P_T3L_N4_AD8P_68,3L,68,HP,NA
AP33,IO_L20N_T3L_N3_AD1N_68,3L,68,HP,NA
AN33,IO_L20P_T3L_N2_AD1P_68,3L,68,HP,NA
AL33,IO_L19N_T3L_N1_DBC_AD9N_68,3L,68,HP,NA
AL32,IO_L19P_T3L_N0_DBC_AD9P_68,3L,68,HP,NA
AK33,IO_T3U_N12_68,3U,68,HP,NA
AH29,IO_T2U_N12_68,2U,68,HP,NA
AJ34,IO_L18N_T2U_N11_AD2N_68,2U,68,HP,NA
AH34,IO_L18P_T2U_N10_AD2P_68,2U,68,HP,NA
AH32,IO_L17N_T2U_N9_AD10N_68,2U,68,HP,NA
AH31,IO_L17P_T2U_N8_AD10P_68,2U,68,HP,NA
AJ33,IO_L16N_T2U_N7_QBC_AD3N_68,2U,68,HP,NA
AH33,IO_L16P_T2U_N6_QBC_AD3P_68,2U,68,HP,NA
AJ31,IO_L15N_T2L_N5_AD11N_68,2L,68,HP,NA
AJ30,IO_L15P_T2L_N4_AD11P_68,2L,68,HP,NA
AK32,IO_L14N_T2L_N3_GC_68,2L,68,HP,NA
AK31,IO_L14P_T2L_N2_GC_68,2L,68,HP,NA
AK30,IO_L13N_T2L_N1_GC_QBC_68,2L,68,HP,NA
AJ29,IO_L13P_T2L_N0_GC_QBC_68,2L,68,HP,NA
AM30,IO_L12N_T1U_N11_GC_68,1U,68,HP,NA
AL30,IO_L12P_T1U_N10_GC_68,1U,68,HP,NA
AM29,IO_L11N_T1U_N9_GC_68,1U,68,HP,NA
AL29,IO_L11P_T1U_N8_GC_68,1U,68,HP,NA
AP30,IO_L10N_T1U_N7_QBC_AD4N_68,1U,68,HP,NA
AN29,IO_L10P_T1U_N6_QBC_AD4P_68,1U,68,HP,NA
AN28,IO_L9N_T1L_N5_AD12N_68,1L,68,HP,NA
AN27,IO_L9P_T1L_N4_AD12P_68,1L,68,HP,NA
AP29,IO_L8N_T1L_N3_AD5N_68,1L,68,HP,NA
AP28,IO_L8P_T1L_N2_AD5P_68,1L,68,HP,NA
AP26,IO_L7N_T1L_N1_QBC_AD13N_68,1L,68,HP,NA
AN26,IO_L7P_T1L_N0_QBC_AD13P_68,1L,68,HP,NA
AM31,IO_T1U_N12_68,1U,68,HP,NA
AG26,IO_T0U_N12_VRP_68,0U,68,HP,NA
AK28,IO_L6N_T0U_N11_AD6N_68,0U,68,HP,NA
AJ28,IO_L6P_T0U_N10_AD6P_68,0U,68,HP,NA
AH28,IO_L5N_T0U_N9_AD14N_68,0U,68,HP,NA
AH27,IO_L5P_T0U_N8_AD14P_68,0U,68,HP,NA
AL28,IO_L4N_T0U_N7_DBC_AD7N_68,0U,68,HP,NA
AL27,IO_L4P_T0U_N6_DBC_AD7P_68,0U,68,HP,NA
AK27,IO_L3N_T0L_N5_AD15N_68,0L,68,HP,NA
AK26,IO_L3P_T0L_N4_AD15P_68,0L,68,HP,NA
AM27,IO_L2N_T0L_N3_68,0L,68,HP,NA
AM26,IO_L2P_T0L_N2_68,0L,68,HP,NA
AJ26,IO_L1N_T0L_N1_DBC_68,0L,68,HP,NA
AH26,IO_L1P_T0L_N0_DBC_68,0L,68,HP,NA
AG27,VREF_68,NA,68,HP,NA
AP23,IO_L24N_T3U_N11_67,3U,67,HP,NA
AN23,IO_L24P_T3U_N10_67,3U,67,HP,NA
AP25,IO_L23N_T3U_N9_67,3U,67,HP,NA
AP24,IO_L23P_T3U_N8_67,3U,67,HP,NA
AP21,IO_L22N_T3U_N7_DBC_AD0N_67,3U,67,HP,NA
AP20,IO_L22P_T3U_N6_DBC_AD0P_67,3U,67,HP,NA
AN24,IO_L21N_T3L_N5_AD8N_67,3L,67,HP,NA
AM24,IO_L21P_T3L_N4_AD8P_67,3L,67,HP,NA
AN22,IO_L20N_T3L_N3_AD1N_67,3L,67,HP,NA
AM22,IO_L20P_T3L_N2_AD1P_67,3L,67,HP,NA
AN21,IO_L19N_T3L_N1_DBC_AD9N_67,3L,67,HP,NA
AM21,IO_L19P_T3L_N0_DBC_AD9P_67,3L,67,HP,NA
AM25,IO_T3U_N12_67,3U,67,HP,NA
AK25,IO_T2U_N12_67,2U,67,HP,NA
AL25,IO_L18N_T2U_N11_AD2N_67,2U,67,HP,NA
AL24,IO_L18P_T2U_N10_AD2P_67,2U,67,HP,NA
AL23,IO_L17N_T2U_N9_AD10N_67,2U,67,HP,NA
AL22,IO_L17P_T2U_N8_AD10P_67,2U,67,HP,NA
AK20,IO_L16N_T2U_N7_QBC_AD3N_67,2U,67,HP,NA
AJ20,IO_L16P_T2U_N6_QBC_AD3P_67,2U,67,HP,NA
AM20,IO_L15N_T2L_N5_AD11N_67,2L,67,HP,NA
AL20,IO_L15P_T2L_N4_AD11P_67,2L,67,HP,NA
AK23,IO_L14N_T2L_N3_GC_67,2L,67,HP,NA
AK22,IO_L14P_T2L_N2_GC_67,2L,67,HP,NA
AK21,IO_L13N_T2L_N1_GC_QBC_67,2L,67,HP,NA
AJ21,IO_L13P_T2L_N0_GC_QBC_67,2L,67,HP,NA
AH23,IO_L12N_T1U_N11_GC_67,1U,67,HP,NA
AH22,IO_L12P_T1U_N10_GC_67,1U,67,HP,NA
AJ24,IO_L11N_T1U_N9_GC_67,1U,67,HP,NA
AJ23,IO_L11P_T1U_N8_GC_67,1U,67,HP,NA
AJ25,IO_L10N_T1U_N7_QBC_AD4N_67,1U,67,HP,NA
AH24,IO_L10P_T1U_N6_QBC_AD4P_67,1U,67,HP,NA
AG25,IO_L9N_T1L_N5_AD12N_67,1L,67,HP,NA
AG24,IO_L9P_T1L_N4_AD12P_67,1L,67,HP,NA
AF24,IO_L8N_T1L_N3_AD5N_67,1L,67,HP,NA
AF23,IO_L8P_T1L_N2_AD5P_67,1L,67,HP,NA
AE26,IO_L7N_T1L_N1_QBC_AD13N_67,1L,67,HP,NA
AE25,IO_L7P_T1L_N0_QBC_AD13P_67,1L,67,HP,NA
AF25,IO_T1U_N12_67,1U,67,HP,NA
AD24,IO_T0U_N12_VRP_67,0U,67,HP,NA
AG22,IO_L6N_T0U_N11_AD6N_67,0U,67,HP,NA
AF22,IO_L6P_T0U_N10_AD6P_67,0U,67,HP,NA
AE23,IO_L5N_T0U_N9_AD14N_67,0U,67,HP,NA
AE22,IO_L5P_T0U_N8_AD14P_67,0U,67,HP,NA
AH21,IO_L4N_T0U_N7_DBC_AD7N_67,0U,67,HP,NA
AG21,IO_L4P_T0U_N6_DBC_AD7P_67,0U,67,HP,NA
AE20,IO_L3N_T0L_N5_AD15N_67,0L,67,HP,NA
AD20,IO_L3P_T0L_N4_AD15P_67,0L,67,HP,NA
AG20,IO_L2N_T0L_N3_67,0L,67,HP,NA
AF20,IO_L2P_T0L_N2_67,0L,67,HP,NA
AE21,IO_L1N_T0L_N1_DBC_67,0L,67,HP,NA
AD21,IO_L1P_T0L_N0_DBC_67,0L,67,HP,NA
AD23,VREF_67,NA,67,HP,NA
C13,IO_L24N_T3U_N11_66,3U,66,HP,NA
D13,IO_L24P_T3U_N10_66,3U,66,HP,NA
A12,IO_L23N_T3U_N9_66,3U,66,HP,NA
A13,IO_L23P_T3U_N8_66,3U,66,HP,NA
E13,IO_L22N_T3U_N7_DBC_AD0N_66,3U,66,HP,NA
F13,IO_L22P_T3U_N6_DBC_AD0P_66,3U,66,HP,NA
B11,IO_L21N_T3L_N5_AD8N_66,3L,66,HP,NA
C11,IO_L21P_T3L_N4_AD8P_66,3L,66,HP,NA
B12,IO_L20N_T3L_N3_AD1N_66,3L,66,HP,NA
C12,IO_L20P_T3L_N2_AD1P_66,3L,66,HP,NA
D11,IO_L19N_T3L_N1_DBC_AD9N_66,3L,66,HP,NA
E11,IO_L19P_T3L_N0_DBC_AD9P_66,3L,66,HP,NA
E12,IO_T3U_N12_66,3U,66,HP,NA
F12,IO_T2U_N12_66,2U,66,HP,NA
H13,IO_L18N_T2U_N11_AD2N_66,2U,66,HP,NA
J13,IO_L18P_T2U_N10_AD2P_66,2U,66,HP,NA
K12,IO_L17N_T2U_N9_AD10N_66,2U,66,HP,NA
L12,IO_L17P_T2U_N8_AD10P_66,2U,66,HP,NA
K13,IO_L16N_T2U_N7_QBC_AD3N_66,2U,66,HP,NA
L13,IO_L16P_T2U_N6_QBC_AD3P_66,2U,66,HP,NA
J11,IO_L15N_T2L_N5_AD11N_66,2L,66,HP,NA
K11,IO_L15P_T2L_N4_AD11P_66,2L,66,HP,NA
G12,IO_L14N_T2L_N3_GC_66,2L,66,HP,NA
H12,IO_L14P_T2L_N2_GC_66,2L,66,HP,NA
G11,IO_L13N_T2L_N1_GC_QBC_66,2L,66,HP,NA
H11,IO_L13P_T2L_N0_GC_QBC_66,2L,66,HP,NA
F10,IO_L12N_T1U_N11_GC_66,1U,66,HP,NA
G10,IO_L12P_T1U_N10_GC_66,1U,66,HP,NA
F9,IO_L11N_T1U_N9_GC_66,1U,66,HP,NA
G9,IO_L11P_T1U_N8_GC_66,1U,66,HP,NA
J10,IO_L10N_T1U_N7_QBC_AD4N_66,1U,66,HP,NA
K10,IO_L10P_T1U_N6_QBC_AD4P_66,1U,66,HP,NA
H8,IO_L9N_T1L_N5_AD12N_66,1L,66,HP,NA
J8,IO_L9P_T1L_N4_AD12P_66,1L,66,HP,NA
H9,IO_L8N_T1L_N3_AD5N_66,1L,66,HP,NA
J9,IO_L8P_T1L_N2_AD5P_66,1L,66,HP,NA
K8,IO_L7N_T1L_N1_QBC_AD13N_66,1L,66,HP,NA
L8,IO_L7P_T1L_N0_QBC_AD13P_66,1L,66,HP,NA
L9,IO_T1U_N12_66,1U,66,HP,NA
A8,IO_T0U_N12_VRP_66,0U,66,HP,NA
D10,IO_L6N_T0U_N11_AD6N_66,0U,66,HP,NA
E10,IO_L6P_T0U_N10_AD6P_66,0U,66,HP,NA
C9,IO_L5N_T0U_N9_AD14N_66,0U,66,HP,NA
D9,IO_L5P_T0U_N8_AD14P_66,0U,66,HP,NA
A10,IO_L4N_T0U_N7_DBC_AD7N_66,0U,66,HP,NA
B10,IO_L4P_T0U_N6_DBC_AD7P_66,0U,66,HP,NA
C8,IO_L3N_T0L_N5_AD15N_66,0L,66,HP,NA
D8,IO_L3P_T0L_N4_AD15P_66,0L,66,HP,NA
A9,IO_L2N_T0L_N3_66,0L,66,HP,NA
B9,IO_L2P_T0L_N2_66,0L,66,HP,NA
E8,IO_L1N_T0L_N1_DBC_66,0L,66,HP,NA
F8,IO_L1P_T0L_N0_DBC_66,0L,66,HP,NA
L10,VREF_66,NA,66,HP,NA
K21,IO_L24N_T3U_N11_DOUT_CSO_B_65,3U,65,HP,NA
K20,IO_L24P_T3U_N10_EMCCLK_65,3U,65,HP,NA
M21,IO_L23N_T3U_N9_PERSTN1_I2C_SDA_65,3U,65,HP,NA
N21,IO_L23P_T3U_N8_I2C_SCLK_65,3U,65,HP,NA
L20,IO_L22N_T3U_N7_DBC_AD0N_D05_65,3U,65,HP,NA
M20,IO_L22P_T3U_N6_DBC_AD0P_D04_65,3U,65,HP,NA
R22,IO_L21N_T3L_N5_AD8N_D07_65,3L,65,HP,NA
R21,IO_L21P_T3L_N4_AD8P_D06_65,3L,65,HP,NA
P21,IO_L20N_T3L_N3_AD1N_D09_65,3L,65,HP,NA
P20,IO_L20P_T3L_N2_AD1P_D08_65,3L,65,HP,NA
M22,IO_L19N_T3L_N1_DBC_AD9N_D11_65,3L,65,HP,NA
N22,IO_L19P_T3L_N0_DBC_AD9P_D10_65,3L,65,HP,NA
K22,IO_T3U_N12_PERSTN0_65,3U,65,HP,NA
N27,IO_T2U_N12_CSI_ADV_B_65,2U,65,HP,NA
P23,IO_L18N_T2U_N11_AD2N_D13_65,2U,65,HP,NA
R23,IO_L18P_T2U_N10_AD2P_D12_65,2U,65,HP,NA
R26,IO_L17N_T2U_N9_AD10N_D15_65,2U,65,HP,NA
R25,IO_L17P_T2U_N8_AD10P_D14_65,2U,65,HP,NA
T25,IO_L16N_T2U_N7_QBC_AD3N_A01_D17_65,2U,65,HP,NA
T24,IO_L16P_T2U_N6_QBC_AD3P_A00_D16_65,2U,65,HP,NA
R27,IO_L15N_T2L_N5_AD11N_A03_D19_65,2L,65,HP,NA
T27,IO_L15P_T2L_N4_AD11P_A02_D18_65,2L,65,HP,NA
P25,IO_L14N_T2L_N3_GC_A05_D21_65,2L,65,HP,NA
P24,IO_L14P_T2L_N2_GC_A04_D20_65,2L,65,HP,NA
N26,IO_L13N_T2L_N1_GC_QBC_A07_D23_65,2L,65,HP,NA
P26,IO_L13P_T2L_N0_GC_QBC_A06_D22_65,2L,65,HP,NA
M24,IO_L12N_T1U_N11_GC_A09_D25_65,1U,65,HP,NA
N24,IO_L12P_T1U_N10_GC_A08_D24_65,1U,65,HP,NA
M26,IO_L11N_T1U_N9_GC_A11_D27_65,1U,65,HP,NA
M25,IO_L11P_T1U_N8_GC_A10_D26_65,1U,65,HP,NA
K23,IO_L10N_T1U_N7_QBC_AD4N_A13_D29_65,1U,65,HP,NA
L22,IO_L10P_T1U_N6_QBC_AD4P_A12_D28_65,1U,65,HP,NA
K25,IO_L9N_T1L_N5_AD12N_A15_D31_65,1L,65,HP,NA
L25,IO_L9P_T1L_N4_AD12P_A14_D30_65,1L,65,HP,NA
L24,IO_L8N_T1L_N3_AD5N_A17_65,1L,65,HP,NA
L23,IO_L8P_T1L_N2_AD5P_A16_65,1L,65,HP,NA
L27,IO_L7N_T1L_N1_QBC_AD13N_A19_65,1L,65,HP,NA
M27,IO_L7P_T1L_N0_QBC_AD13P_A18_65,1L,65,HP,NA
N23,IO_T1U_N12_SMBALERT_65,1U,65,HP,NA
H23,IO_T0U_N12_VRP_A28_65,0U,65,HP,NA
H24,IO_L6N_T0U_N11_AD6N_A21_65,0U,65,HP,NA
J23,IO_L6P_T0U_N10_AD6P_A20_65,0U,65,HP,NA
H26,IO_L5N_T0U_N9_AD14N_A23_65,0U,65,HP,NA
J26,IO_L5P_T0U_N8_AD14P_A22_65,0U,65,HP,NA
J25,IO_L4N_T0U_N7_DBC_AD7N_A25_65,0U,65,HP,NA
J24,IO_L4P_T0U_N6_DBC_AD7P_A24_65,0U,65,HP,NA
K27,IO_L3N_T0L_N5_AD15N_A27_65,0L,65,HP,NA
K26,IO_L3P_T0L_N4_AD15P_A26_65,0L,65,HP,NA
G26,IO_L2N_T0L_N3_FWE_FCS2_B_65,0L,65,HP,NA
G25,IO_L2P_T0L_N2_FOE_B_65,0L,65,HP,NA
G27,IO_L1N_T0L_N1_DBC_RS1_65,0L,65,HP,NA
H27,IO_L1P_T0L_N0_DBC_RS0_65,0L,65,HP,NA
J21,VREF_65,NA,65,HP,NA
AD15,IO_L24N_T3U_N11_64,3U,64,HP,NA
AD16,IO_L24P_T3U_N10_64,3U,64,HP,NA
AF17,IO_L23N_T3U_N9_64,3U,64,HP,NA
AE17,IO_L23P_T3U_N8_64,3U,64,HP,NA
AE15,IO_L22N_T3U_N7_DBC_AD0N_64,3U,64,HP,NA
AE16,IO_L22P_T3U_N6_DBC_AD0P_64,3U,64,HP,NA
AF18,IO_L21N_T3L_N5_AD8N_64,3L,64,HP,NA
AE18,IO_L21P_T3L_N4_AD8P_64,3L,64,HP,NA
AF14,IO_L20N_T3L_N3_AD1N_64,3L,64,HP,NA
AF15,IO_L20P_T3L_N2_AD1P_64,3L,64,HP,NA
AD18,IO_L19N_T3L_N1_DBC_AD9N_64,3L,64,HP,NA
AD19,IO_L19P_T3L_N0_DBC_AD9P_64,3L,64,HP,NA
AD14,IO_T3U_N12_64,3U,64,HP,NA
AH14,IO_T2U_N12_64,2U,64,HP,NA
AG14,IO_L18N_T2U_N11_AD2N_64,2U,64,HP,NA
AG15,IO_L18P_T2U_N10_AD2P_64,2U,64,HP,NA
AH19,IO_L17N_T2U_N9_AD10N_64,2U,64,HP,NA
AG19,IO_L17P_T2U_N8_AD10P_64,2U,64,HP,NA
AJ14,IO_L16N_T2U_N7_QBC_AD3N_64,2U,64,HP,NA
AJ15,IO_L16P_T2U_N6_QBC_AD3P_64,2U,64,HP,NA
AG16,IO_L15N_T2L_N5_AD11N_64,2L,64,HP,NA
AG17,IO_L15P_T2L_N4_AD11P_64,2L,64,HP,NA
AJ16,IO_L14N_T2L_N3_GC_64,2L,64,HP,NA
AH16,IO_L14P_T2L_N2_GC_64,2L,64,HP,NA
AH17,IO_L13N_T2L_N1_GC_QBC_64,2L,64,HP,NA
AH18,IO_L13P_T2L_N0_GC_QBC_64,2L,64,HP,NA
AK16,IO_L12N_T1U_N11_GC_64,1U,64,HP,NA
AK17,IO_L12P_T1U_N10_GC_64,1U,64,HP,NA
AK18,IO_L11N_T1U_N9_GC_64,1U,64,HP,NA
AJ18,IO_L11P_T1U_N8_GC_64,1U,64,HP,NA
AL17,IO_L10N_T1U_N7_QBC_AD4N_64,1U,64,HP,NA
AL18,IO_L10P_T1U_N6_QBC_AD4P_64,1U,64,HP,NA
AL15,IO_L9N_T1L_N5_AD12N_64,1L,64,HP,NA
AK15,IO_L9P_T1L_N4_AD12P_64,1L,64,HP,NA
AM19,IO_L8N_T1L_N3_AD5N_64,1L,64,HP,NA
AL19,IO_L8P_T1L_N2_AD5P_64,1L,64,HP,NA
AM14,IO_L7N_T1L_N1_QBC_AD13N_64,1L,64,HP,NA
AL14,IO_L7P_T1L_N0_QBC_AD13P_64,1L,64,HP,NA
AJ19,IO_T1U_N12_64,1U,64,HP,NA
AP19,IO_T0U_N12_VRP_64,0U,64,HP,NA
AP15,IO_L6N_T0U_N11_AD6N_64,0U,64,HP,NA
AP16,IO_L6P_T0U_N10_AD6P_64,0U,64,HP,NA
AM15,IO_L5N_T0U_N9_AD14N_64,0U,64,HP,NA
AM16,IO_L5P_T0U_N8_AD14P_64,0U,64,HP,NA
AN17,IO_L4N_T0U_N7_DBC_AD7N_64,0U,64,HP,NA
AN18,IO_L4P_T0U_N6_DBC_AD7P_64,0U,64,HP,NA
AN16,IO_L3N_T0L_N5_AD15N_64,0L,64,HP,NA
AM17,IO_L3P_T0L_N4_AD15P_64,0L,64,HP,NA
AP18,IO_L2N_T0L_N3_64,0L,64,HP,NA
AN19,IO_L2P_T0L_N2_64,0L,64,HP,NA
AP14,IO_L1N_T0L_N1_DBC_64,0L,64,HP,NA
AN14,IO_L1P_T0L_N0_DBC_64,0L,64,HP,NA
AF19,VREF_64,NA,64,HP,NA
AL8,IO_L12N_AD8N_91,NA,91,HD,NA
AK8,IO_L12P_AD8P_91,NA,91,HD,NA
AJ8,IO_L11N_AD9N_91,NA,91,HD,NA
AJ9,IO_L11P_AD9P_91,NA,91,HD,NA
AP8,IO_L10N_AD10N_91,NA,91,HD,NA
AN8,IO_L10P_AD10P_91,NA,91,HD,NA
AL9,IO_L9N_AD11N_91,NA,91,HD,NA
AK10,IO_L9P_AD11P_91,NA,91,HD,NA
AP9,IO_L8N_HDGC_91,NA,91,HD,NA
AN9,IO_L8P_HDGC_91,NA,91,HD,NA
AM10,IO_L7N_HDGC_91,NA,91,HD,NA
AL10,IO_L7P_HDGC_91,NA,91,HD,NA
AH8,IO_L6N_HDGC_91,NA,91,HD,NA
AH9,IO_L6P_HDGC_91,NA,91,HD,NA
AD8,IO_L5N_HDGC_91,NA,91,HD,NA
AD9,IO_L5P_HDGC_91,NA,91,HD,NA
AE10,IO_L4N_AD12N_91,NA,91,HD,NA
AD10,IO_L4P_AD12P_91,NA,91,HD,NA
AF8,IO_L3N_AD13N_91,NA,91,HD,NA
AE8,IO_L3P_AD13P_91,NA,91,HD,NA
AG9,IO_L2N_AD14N_91,NA,91,HD,NA
AF9,IO_L2P_AD14P_91,NA,91,HD,NA
AG10,IO_L1N_AD15N_91,NA,91,HD,NA
AF10,IO_L1P_AD15P_91,NA,91,HD,NA
AH11,IO_L12N_AD0N_90,NA,90,HD,NA
AG11,IO_L12P_AD0P_90,NA,90,HD,NA
AH12,IO_L11N_AD1N_90,NA,90,HD,NA
AG12,IO_L11P_AD1P_90,NA,90,HD,NA
AE11,IO_L10N_AD2N_90,NA,90,HD,NA
AD11,IO_L10P_AD2P_90,NA,90,HD,NA
AF12,IO_L9N_AD3N_90,NA,90,HD,NA
AE12,IO_L9P_AD3P_90,NA,90,HD,NA
AJ13,IO_L8N_HDGC_AD4N_90,NA,90,HD,NA
AH13,IO_L8P_HDGC_AD4P_90,NA,90,HD,NA
AF13,IO_L7N_HDGC_AD5N_90,NA,90,HD,NA
AE13,IO_L7P_HDGC_AD5P_90,NA,90,HD,NA
AL13,IO_L6N_HDGC_AD6N_90,NA,90,HD,NA
AK13,IO_L6P_HDGC_AD6P_90,NA,90,HD,NA
AL12,IO_L5N_HDGC_AD7N_90,NA,90,HD,NA
AK12,IO_L5P_HDGC_AD7P_90,NA,90,HD,NA
AN12,IO_L4N_AD8N_90,NA,90,HD,NA
AM12,IO_L4P_AD8P_90,NA,90,HD,NA
AN11,IO_L3N_AD9N_90,NA,90,HD,NA
AM11,IO_L3P_AD9P_90,NA,90,HD,NA
AP13,IO_L2N_AD10N_90,NA,90,HD,NA
AN13,IO_L2P_AD10P_90,NA,90,HD,NA
AP10,IO_L1N_AD11N_90,NA,90,HD,NA
AP11,IO_L1P_AD11P_90,NA,90,HD,NA
A33,MGTAVTTRCAL_L,NA,NA,NA,NA
R30,MGTREFCLK0N_129,NA,129,GTY,NA
R29,MGTREFCLK0P_129,NA,129,GTY,NA
N30,MGTREFCLK1N_129,NA,129,GTY,NA
N29,MGTREFCLK1P_129,NA,129,GTY,NA
A34,MGTRREF_L,NA,NA,NA,NA
R34,MGTYRXN0_129,NA,129,GTY,NA
N34,MGTYRXN1_129,NA,129,GTY,NA
L34,MGTYRXN2_129,NA,129,GTY,NA
J34,MGTYRXN3_129,NA,129,GTY,NA
R33,MGTYRXP0_129,NA,129,GTY,NA
N33,MGTYRXP1_129,NA,129,GTY,NA
L33,MGTYRXP2_129,NA,129,GTY,NA
J33,MGTYRXP3_129,NA,129,GTY,NA
T32,MGTYTXN0_129,NA,129,GTY,NA
P32,MGTYTXN1_129,NA,129,GTY,NA
M32,MGTYTXN2_129,NA,129,GTY,NA
K32,MGTYTXN3_129,NA,129,GTY,NA
T31,MGTYTXP0_129,NA,129,GTY,NA
P31,MGTYTXP1_129,NA,129,GTY,NA
M31,MGTYTXP2_129,NA,129,GTY,NA
K31,MGTYTXP3_129,NA,129,GTY,NA
L30,MGTREFCLK0N_130,NA,130,GTY,NA
L29,MGTREFCLK0P_130,NA,130,GTY,NA
J30,MGTREFCLK1N_130,NA,130,GTY,NA
J29,MGTREFCLK1P_130,NA,130,GTY,NA
G34,MGTYRXN0_130,NA,130,GTY,NA
F32,MGTYRXN1_130,NA,130,GTY,NA
E34,MGTYRXN2_130,NA,130,GTY,NA
C34,MGTYRXN3_130,NA,130,GTY,NA
G33,MGTYRXP0_130,NA,130,GTY,NA
F31,MGTYRXP1_130,NA,130,GTY,NA
E33,MGTYRXP2_130,NA,130,GTY,NA
C33,MGTYRXP3_130,NA,130,GTY,NA
H32,MGTYTXN0_130,NA,130,GTY,NA
G30,MGTYTXN1_130,NA,130,GTY,NA
D32,MGTYTXN2_130,NA,130,GTY,NA
B32,MGTYTXN3_130,NA,130,GTY,NA
H31,MGTYTXP0_130,NA,130,GTY,NA
G29,MGTYTXP1_130,NA,130,GTY,NA
D31,MGTYTXP2_130,NA,130,GTY,NA
B31,MGTYTXP3_130,NA,130,GTY,NA
AP1,MGTHRXN0_224,NA,224,GTH,NA
AM1,MGTHRXN1_224,NA,224,GTH,NA
AK1,MGTHRXN2_224,NA,224,GTH,NA
AJ3,MGTHRXN3_224,NA,224,GTH,NA
AP2,MGTHRXP0_224,NA,224,GTH,NA
AM2,MGTHRXP1_224,NA,224,GTH,NA
AK2,MGTHRXP2_224,NA,224,GTH,NA
AJ4,MGTHRXP3_224,NA,224,GTH,NA
AN3,MGTHTXN0_224,NA,224,GTH,NA
AM5,MGTHTXN1_224,NA,224,GTH,NA
AL3,MGTHTXN2_224,NA,224,GTH,NA
AK5,MGTHTXN3_224,NA,224,GTH,NA
AN4,MGTHTXP0_224,NA,224,GTH,NA
AM6,MGTHTXP1_224,NA,224,GTH,NA
AL4,MGTHTXP2_224,NA,224,GTH,NA
AK6,MGTHTXP3_224,NA,224,GTH,NA
AF5,MGTREFCLK0N_224,NA,224,GTH,NA
AF6,MGTREFCLK0P_224,NA,224,GTH,NA
AD5,MGTREFCLK1N_224,NA,224,GTH,NA
AD6,MGTREFCLK1P_224,NA,224,GTH,NA
AH1,MGTHRXN0_225,NA,225,GTH,NA
AF1,MGTHRXN1_225,NA,225,GTH,NA
AD1,MGTHRXN2_225,NA,225,GTH,NA
AB1,MGTHRXN3_225,NA,225,GTH,NA
AH2,MGTHRXP0_225,NA,225,GTH,NA
AF2,MGTHRXP1_225,NA,225,GTH,NA
AD2,MGTHRXP2_225,NA,225,GTH,NA
AB2,MGTHRXP3_225,NA,225,GTH,NA
AH5,MGTHTXN0_225,NA,225,GTH,NA
AG3,MGTHTXN1_225,NA,225,GTH,NA
AE3,MGTHTXN2_225,NA,225,GTH,NA
AC3,MGTHTXN3_225,NA,225,GTH,NA
AH6,MGTHTXP0_225,NA,225,GTH,NA
AG4,MGTHTXP1_225,NA,225,GTH,NA
AE4,MGTHTXP2_225,NA,225,GTH,NA
AC4,MGTHTXP3_225,NA,225,GTH,NA
AB5,MGTREFCLK0N_225,NA,225,GTH,NA
AB6,MGTREFCLK0P_225,NA,225,GTH,NA
Y5,MGTREFCLK1N_225,NA,225,GTH,NA
Y6,MGTREFCLK1P_225,NA,225,GTH,NA
AP6,MGTAVTTRCAL_R,NA,NA,NA,NA
Y1,MGTHRXN0_226,NA,226,GTH,NA
V1,MGTHRXN1_226,NA,226,GTH,NA
T1,MGTHRXN2_226,NA,226,GTH,NA
P1,MGTHRXN3_226,NA,226,GTH,NA
Y2,MGTHRXP0_226,NA,226,GTH,NA
V2,MGTHRXP1_226,NA,226,GTH,NA
T2,MGTHRXP2_226,NA,226,GTH,NA
P2,MGTHRXP3_226,NA,226,GTH,NA
AA3,MGTHTXN0_226,NA,226,GTH,NA
W3,MGTHTXN1_226,NA,226,GTH,NA
U3,MGTHTXN2_226,NA,226,GTH,NA
R3,MGTHTXN3_226,NA,226,GTH,NA
AA4,MGTHTXP0_226,NA,226,GTH,NA
W4,MGTHTXP1_226,NA,226,GTH,NA
U4,MGTHTXP2_226,NA,226,GTH,NA
R4,MGTHTXP3_226,NA,226,GTH,NA
V5,MGTREFCLK0N_226,NA,226,GTH,NA
V6,MGTREFCLK0P_226,NA,226,GTH,NA
T5,MGTREFCLK1N_226,NA,226,GTH,NA
T6,MGTREFCLK1P_226,NA,226,GTH,NA
AP5,MGTRREF_R,NA,NA,NA,NA
M1,MGTHRXN0_227,NA,227,GTH,NA
K1,MGTHRXN1_227,NA,227,GTH,NA
H1,MGTHRXN2_227,NA,227,GTH,NA
F1,MGTHRXN3_227,NA,227,GTH,NA
M2,MGTHRXP0_227,NA,227,GTH,NA
K2,MGTHRXP1_227,NA,227,GTH,NA
H2,MGTHRXP2_227,NA,227,GTH,NA
F2,MGTHRXP3_227,NA,227,GTH,NA
N3,MGTHTXN0_227,NA,227,GTH,NA
L3,MGTHTXN1_227,NA,227,GTH,NA
J3,MGTHTXN2_227,NA,227,GTH,NA
G3,MGTHTXN3_227,NA,227,GTH,NA
N4,MGTHTXP0_227,NA,227,GTH,NA
L4,MGTHTXP1_227,NA,227,GTH,NA
J4,MGTHTXP2_227,NA,227,GTH,NA
G4,MGTHTXP3_227,NA,227,GTH,NA
P5,MGTREFCLK0N_227,NA,227,GTH,NA
P6,MGTREFCLK0P_227,NA,227,GTH,NA
M5,MGTREFCLK1N_227,NA,227,GTH,NA
M6,MGTREFCLK1P_227,NA,227,GTH,NA
E3,MGTHRXN0_228,NA,228,GTH,NA
D1,MGTHRXN1_228,NA,228,GTH,NA
B1,MGTHRXN2_228,NA,228,GTH,NA
A3,MGTHRXN3_228,NA,228,GTH,NA
E4,MGTHRXP0_228,NA,228,GTH,NA
D2,MGTHRXP1_228,NA,228,GTH,NA
B2,MGTHRXP2_228,NA,228,GTH,NA
A4,MGTHRXP3_228,NA,228,GTH,NA
F5,MGTHTXN0_228,NA,228,GTH,NA
D5,MGTHTXN1_228,NA,228,GTH,NA
C3,MGTHTXN2_228,NA,228,GTH,NA
B5,MGTHTXN3_228,NA,228,GTH,NA
F6,MGTHTXP0_228,NA,228,GTH,NA
D6,MGTHTXP1_228,NA,228,GTH,NA
C4,MGTHTXP2_228,NA,228,GTH,NA
B6,MGTHTXP3_228,NA,228,GTH,NA
K5,MGTREFCLK0N_228,NA,228,GTH,NA
K6,MGTREFCLK0P_228,NA,228,GTH,NA
H5,MGTREFCLK1N_228,NA,228,GTH,NA
H6,MGTREFCLK1P_228,NA,228,GTH,NA
AB9,VCCO_0,NA,0,NA,NA
Y9,VCCO_0,NA,0,NA,NA
AD17,VCCO_64,NA,64,NA,NA
AE14,VCCO_64,NA,64,NA,NA
AG18,VCCO_64,NA,64,NA,NA
AH15,VCCO_64,NA,64,NA,NA
AK19,VCCO_64,NA,64,NA,NA
AL16,VCCO_64,NA,64,NA,NA
AP17,VCCO_64,NA,64,NA,NA
H25,VCCO_65,NA,65,NA,NA
J22,VCCO_65,NA,65,NA,NA
L26,VCCO_65,NA,65,NA,NA
M23,VCCO_65,NA,65,NA,NA
N20,VCCO_65,NA,65,NA,NA
P27,VCCO_65,NA,65,NA,NA
R24,VCCO_65,NA,65,NA,NA
B13,VCCO_66,NA,66,NA,NA
C10,VCCO_66,NA,66,NA,NA
F11,VCCO_66,NA,66,NA,NA
G8,VCCO_66,NA,66,NA,NA
J12,VCCO_66,NA,66,NA,NA
K9,VCCO_66,NA,66,NA,NA
AE24,VCCO_67,NA,67,NA,NA
AF21,VCCO_67,NA,67,NA,NA
AH25,VCCO_67,NA,67,NA,NA
AJ22,VCCO_67,NA,67,NA,NA
AM23,VCCO_67,NA,67,NA,NA
AN20,VCCO_67,NA,67,NA,NA
AG28,VCCO_68,NA,68,NA,NA
AJ32,VCCO_68,NA,68,NA,NA
AK29,VCCO_68,NA,68,NA,NA
AL26,VCCO_68,NA,68,NA,NA
AM33,VCCO_68,NA,68,NA,NA
AN30,VCCO_68,NA,68,NA,NA
AP27,VCCO_68,NA,68,NA,NA
AA26,VCCO_69,NA,69,NA,NA
AB23,VCCO_69,NA,69,NA,NA
AC20,VCCO_69,NA,69,NA,NA
T21,VCCO_69,NA,69,NA,NA
U28,VCCO_69,NA,69,NA,NA
V25,VCCO_69,NA,69,NA,NA
W22,VCCO_69,NA,69,NA,NA
AB33,VCCO_70,NA,70,NA,NA
AC30,VCCO_70,NA,70,NA,NA
AD27,VCCO_70,NA,70,NA,NA
AE34,VCCO_70,NA,70,NA,NA
AF31,VCCO_70,NA,70,NA,NA
W32,VCCO_70,NA,70,NA,NA
Y29,VCCO_70,NA,70,NA,NA
A26,VCCO_71,NA,71,NA,NA
B23,VCCO_71,NA,71,NA,NA
C20,VCCO_71,NA,71,NA,NA
D27,VCCO_71,NA,71,NA,NA
E24,VCCO_71,NA,71,NA,NA
F21,VCCO_71,NA,71,NA,NA
A16,VCCO_72,NA,72,NA,NA
D17,VCCO_72,NA,72,NA,NA
E14,VCCO_72,NA,72,NA,NA
G18,VCCO_72,NA,72,NA,NA
H15,VCCO_72,NA,72,NA,NA
K19,VCCO_72,NA,72,NA,NA
L16,VCCO_72,NA,72,NA,NA
AF11,VCCO_90,NA,90,NA,NA
AJ12,VCCO_90,NA,90,NA,NA
AM13,VCCO_90,NA,90,NA,NA
AG8,VCCO_91,NA,91,NA,NA
AK9,VCCO_91,NA,91,NA,NA
AN10,VCCO_91,NA,91,NA,NA
A1,GND,NA,NA,NA,NA
A11,GND,NA,NA,NA,NA
A2,GND,NA,NA,NA,NA
A21,GND,NA,NA,NA,NA
A30,GND,NA,NA,NA,NA
A31,GND,NA,NA,NA,NA
A32,GND,NA,NA,NA,NA
A5,GND,NA,NA,NA,NA
A6,GND,NA,NA,NA,NA
A7,GND,NA,NA,NA,NA
AA1,GND,NA,NA,NA,NA
AA11,GND,NA,NA,NA,NA
AA13,GND,NA,NA,NA,NA
AA15,GND,NA,NA,NA,NA
AA17,GND,NA,NA,NA,NA
AA19,GND,NA,NA,NA,NA
AA2,GND,NA,NA,NA,NA
AA21,GND,NA,NA,NA,NA
AA31,GND,NA,NA,NA,NA
AA5,GND,NA,NA,NA,NA
AB10,GND,NA,NA,NA,NA
AB12,GND,NA,NA,NA,NA
AB14,GND,NA,NA,NA,NA
AB16,GND,NA,NA,NA,NA
AB18,GND,NA,NA,NA,NA
AB28,GND,NA,NA,NA,NA
AB3,GND,NA,NA,NA,NA
AB4,GND,NA,NA,NA,NA
AB8,GND,NA,NA,NA,NA
AC1,GND,NA,NA,NA,NA
AC11,GND,NA,NA,NA,NA
AC13,GND,NA,NA,NA,NA
AC15,GND,NA,NA,NA,NA
AC17,GND,NA,NA,NA,NA
AC19,GND,NA,NA,NA,NA
AC25,GND,NA,NA,NA,NA
AC5,GND,NA,NA,NA,NA
AD12,GND,NA,NA,NA,NA
AD22,GND,NA,NA,NA,NA
AD32,GND,NA,NA,NA,NA
AD4,GND,NA,NA,NA,NA
AE1,GND,NA,NA,NA,NA
AE19,GND,NA,NA,NA,NA
AE2,GND,NA,NA,NA,NA
AE29,GND,NA,NA,NA,NA
AE5,GND,NA,NA,NA,NA
AE7,GND,NA,NA,NA,NA
AE9,GND,NA,NA,NA,NA
AF16,GND,NA,NA,NA,NA
AF26,GND,NA,NA,NA,NA
AF3,GND,NA,NA,NA,NA
AF4,GND,NA,NA,NA,NA
AF7,GND,NA,NA,NA,NA
AG1,GND,NA,NA,NA,NA
AG13,GND,NA,NA,NA,NA
AG23,GND,NA,NA,NA,NA
AG33,GND,NA,NA,NA,NA
AG5,GND,NA,NA,NA,NA
AG7,GND,NA,NA,NA,NA
AH10,GND,NA,NA,NA,NA
AH20,GND,NA,NA,NA,NA
AH30,GND,NA,NA,NA,NA
AH4,GND,NA,NA,NA,NA
AH7,GND,NA,NA,NA,NA
AJ1,GND,NA,NA,NA,NA
AJ17,GND,NA,NA,NA,NA
AJ2,GND,NA,NA,NA,NA
AJ27,GND,NA,NA,NA,NA
AJ5,GND,NA,NA,NA,NA
AJ7,GND,NA,NA,NA,NA
AK14,GND,NA,NA,NA,NA
AK24,GND,NA,NA,NA,NA
AK3,GND,NA,NA,NA,NA
AK34,GND,NA,NA,NA,NA
AK4,GND,NA,NA,NA,NA
AK7,GND,NA,NA,NA,NA
AL1,GND,NA,NA,NA,NA
AL11,GND,NA,NA,NA,NA
AL21,GND,NA,NA,NA,NA
AL31,GND,NA,NA,NA,NA
AL5,GND,NA,NA,NA,NA
AL7,GND,NA,NA,NA,NA
AM18,GND,NA,NA,NA,NA
AM28,GND,NA,NA,NA,NA
AM4,GND,NA,NA,NA,NA
AM7,GND,NA,NA,NA,NA
AM8,GND,NA,NA,NA,NA
AN1,GND,NA,NA,NA,NA
AN15,GND,NA,NA,NA,NA
AN2,GND,NA,NA,NA,NA
AN25,GND,NA,NA,NA,NA
AN5,GND,NA,NA,NA,NA
AN7,GND,NA,NA,NA,NA
AP12,GND,NA,NA,NA,NA
AP22,GND,NA,NA,NA,NA
AP3,GND,NA,NA,NA,NA
AP32,GND,NA,NA,NA,NA
AP4,GND,NA,NA,NA,NA
AP7,GND,NA,NA,NA,NA
B18,GND,NA,NA,NA,NA
B28,GND,NA,NA,NA,NA
B3,GND,NA,NA,NA,NA
B30,GND,NA,NA,NA,NA
B33,GND,NA,NA,NA,NA
B34,GND,NA,NA,NA,NA
B4,GND,NA,NA,NA,NA
B7,GND,NA,NA,NA,NA
B8,GND,NA,NA,NA,NA
C1,GND,NA,NA,NA,NA
C15,GND,NA,NA,NA,NA
C25,GND,NA,NA,NA,NA
C30,GND,NA,NA,NA,NA
C31,GND,NA,NA,NA,NA
C5,GND,NA,NA,NA,NA
C7,GND,NA,NA,NA,NA
D12,GND,NA,NA,NA,NA
D22,GND,NA,NA,NA,NA
D30,GND,NA,NA,NA,NA
D34,GND,NA,NA,NA,NA
D4,GND,NA,NA,NA,NA
D7,GND,NA,NA,NA,NA
E1,GND,NA,NA,NA,NA
E19,GND,NA,NA,NA,NA
E2,GND,NA,NA,NA,NA
E29,GND,NA,NA,NA,NA
E30,GND,NA,NA,NA,NA
E32,GND,NA,NA,NA,NA
E5,GND,NA,NA,NA,NA
E7,GND,NA,NA,NA,NA
E9,GND,NA,NA,NA,NA
F16,GND,NA,NA,NA,NA
F26,GND,NA,NA,NA,NA
F28,GND,NA,NA,NA,NA
F29,GND,NA,NA,NA,NA
F3,GND,NA,NA,NA,NA
F33,GND,NA,NA,NA,NA
F34,GND,NA,NA,NA,NA
F4,GND,NA,NA,NA,NA
F7,GND,NA,NA,NA,NA
G1,GND,NA,NA,NA,NA
G13,GND,NA,NA,NA,NA
G23,GND,NA,NA,NA,NA
G28,GND,NA,NA,NA,NA
G31,GND,NA,NA,NA,NA
G5,GND,NA,NA,NA,NA
G7,GND,NA,NA,NA,NA
H10,GND,NA,NA,NA,NA
H20,GND,NA,NA,NA,NA
H28,GND,NA,NA,NA,NA
H30,GND,NA,NA,NA,NA
H34,GND,NA,NA,NA,NA
H4,GND,NA,NA,NA,NA
H7,GND,NA,NA,NA,NA
J1,GND,NA,NA,NA,NA
J17,GND,NA,NA,NA,NA
J2,GND,NA,NA,NA,NA
J27,GND,NA,NA,NA,NA
J28,GND,NA,NA,NA,NA
J32,GND,NA,NA,NA,NA
J5,GND,NA,NA,NA,NA
J7,GND,NA,NA,NA,NA
K14,GND,NA,NA,NA,NA
K24,GND,NA,NA,NA,NA
K28,GND,NA,NA,NA,NA
K3,GND,NA,NA,NA,NA
K30,GND,NA,NA,NA,NA
K34,GND,NA,NA,NA,NA
K4,GND,NA,NA,NA,NA
L1,GND,NA,NA,NA,NA
L11,GND,NA,NA,NA,NA
L21,GND,NA,NA,NA,NA
L28,GND,NA,NA,NA,NA
L31,GND,NA,NA,NA,NA
L5,GND,NA,NA,NA,NA
M10,GND,NA,NA,NA,NA
M12,GND,NA,NA,NA,NA
M14,GND,NA,NA,NA,NA
M16,GND,NA,NA,NA,NA
M18,GND,NA,NA,NA,NA
M28,GND,NA,NA,NA,NA
M30,GND,NA,NA,NA,NA
M33,GND,NA,NA,NA,NA
M34,GND,NA,NA,NA,NA
M4,GND,NA,NA,NA,NA
M8,GND,NA,NA,NA,NA
N1,GND,NA,NA,NA,NA
N11,GND,NA,NA,NA,NA
N13,GND,NA,NA,NA,NA
N15,GND,NA,NA,NA,NA
N17,GND,NA,NA,NA,NA
N19,GND,NA,NA,NA,NA
N2,GND,NA,NA,NA,NA
N25,GND,NA,NA,NA,NA
N28,GND,NA,NA,NA,NA
N32,GND,NA,NA,NA,NA
N5,GND,NA,NA,NA,NA
N9,GND,NA,NA,NA,NA
P10,GND,NA,NA,NA,NA
P12,GND,NA,NA,NA,NA
P14,GND,NA,NA,NA,NA
P16,GND,NA,NA,NA,NA
P18,GND,NA,NA,NA,NA
P22,GND,NA,NA,NA,NA
P28,GND,NA,NA,NA,NA
P3,GND,NA,NA,NA,NA
P30,GND,NA,NA,NA,NA
P34,GND,NA,NA,NA,NA
P4,GND,NA,NA,NA,NA
P8,GND,NA,NA,NA,NA
R1,GND,NA,NA,NA,NA
R11,GND,NA,NA,NA,NA
R13,GND,NA,NA,NA,NA
R15,GND,NA,NA,NA,NA
R17,GND,NA,NA,NA,NA
R19,GND,NA,NA,NA,NA
R28,GND,NA,NA,NA,NA
R31,GND,NA,NA,NA,NA
R5,GND,NA,NA,NA,NA
R9,GND,NA,NA,NA,NA
T10,GND,NA,NA,NA,NA
T12,GND,NA,NA,NA,NA
T14,GND,NA,NA,NA,NA
T16,GND,NA,NA,NA,NA
T18,GND,NA,NA,NA,NA
T20,GND,NA,NA,NA,NA
T26,GND,NA,NA,NA,NA
T28,GND,NA,NA,NA,NA
T29,GND,NA,NA,NA,NA
T30,GND,NA,NA,NA,NA
T33,GND,NA,NA,NA,NA
T34,GND,NA,NA,NA,NA
T4,GND,NA,NA,NA,NA
T8,GND,NA,NA,NA,NA
U1,GND,NA,NA,NA,NA
U13,GND,NA,NA,NA,NA
U15,GND,NA,NA,NA,NA
U17,GND,NA,NA,NA,NA
U19,GND,NA,NA,NA,NA
U2,GND,NA,NA,NA,NA
U23,GND,NA,NA,NA,NA
U30,GND,NA,NA,NA,NA
U31,GND,NA,NA,NA,NA
U32,GND,NA,NA,NA,NA
U33,GND,NA,NA,NA,NA
U5,GND,NA,NA,NA,NA
V10,GND,NA,NA,NA,NA
V14,GND,NA,NA,NA,NA
V16,GND,NA,NA,NA,NA
V18,GND,NA,NA,NA,NA
V20,GND,NA,NA,NA,NA
V3,GND,NA,NA,NA,NA
V30,GND,NA,NA,NA,NA
V4,GND,NA,NA,NA,NA
V8,GND,NA,NA,NA,NA
W1,GND,NA,NA,NA,NA
W13,GND,NA,NA,NA,NA
W15,GND,NA,NA,NA,NA
W17,GND,NA,NA,NA,NA
W19,GND,NA,NA,NA,NA
W27,GND,NA,NA,NA,NA
W5,GND,NA,NA,NA,NA
Y10,GND,NA,NA,NA,NA
Y14,GND,NA,NA,NA,NA
Y16,GND,NA,NA,NA,NA
Y18,GND,NA,NA,NA,NA
Y20,GND,NA,NA,NA,NA
Y24,GND,NA,NA,NA,NA
Y34,GND,NA,NA,NA,NA
Y4,GND,NA,NA,NA,NA
Y8,GND,NA,NA,NA,NA
E31,MGTAVCC_L,NA,NA,NA,NA
F30,MGTAVCC_L,NA,NA,NA,NA
H29,MGTAVCC_L,NA,NA,NA,NA
J31,MGTAVCC_L,NA,NA,NA,NA
N31,MGTAVCC_L,NA,NA,NA,NA
P29,MGTAVCC_L,NA,NA,NA,NA
AC6,MGTAVCC_R,NA,NA,NA,NA
AE6,MGTAVCC_R,NA,NA,NA,NA
AG6,MGTAVCC_R,NA,NA,NA,NA
AJ6,MGTAVCC_R,NA,NA,NA,NA
AL6,MGTAVCC_R,NA,NA,NA,NA
AN6,MGTAVCC_R,NA,NA,NA,NA
C6,MGTAVCC_R,NA,NA,NA,NA
E6,MGTAVCC_R,NA,NA,NA,NA
G6,MGTAVCC_R,NA,NA,NA,NA
J6,MGTAVCC_R,NA,NA,NA,NA
L6,MGTAVCC_R,NA,NA,NA,NA
N6,MGTAVCC_R,NA,NA,NA,NA
U6,MGTAVCC_R,NA,NA,NA,NA
W6,MGTAVCC_R,NA,NA,NA,NA
C32,MGTAVTT_L,NA,NA,NA,NA
D33,MGTAVTT_L,NA,NA,NA,NA
G32,MGTAVTT_L,NA,NA,NA,NA
H33,MGTAVTT_L,NA,NA,NA,NA
K33,MGTAVTT_L,NA,NA,NA,NA
L32,MGTAVTT_L,NA,NA,NA,NA
P33,MGTAVTT_L,NA,NA,NA,NA
R32,MGTAVTT_L,NA,NA,NA,NA
AC2,MGTAVTT_R,NA,NA,NA,NA
AD3,MGTAVTT_R,NA,NA,NA,NA
AG2,MGTAVTT_R,NA,NA,NA,NA
AH3,MGTAVTT_R,NA,NA,NA,NA
AL2,MGTAVTT_R,NA,NA,NA,NA
AM3,MGTAVTT_R,NA,NA,NA,NA
C2,MGTAVTT_R,NA,NA,NA,NA
D3,MGTAVTT_R,NA,NA,NA,NA
G2,MGTAVTT_R,NA,NA,NA,NA
H3,MGTAVTT_R,NA,NA,NA,NA
L2,MGTAVTT_R,NA,NA,NA,NA
M3,MGTAVTT_R,NA,NA,NA,NA
R2,MGTAVTT_R,NA,NA,NA,NA
T3,MGTAVTT_R,NA,NA,NA,NA
W2,MGTAVTT_R,NA,NA,NA,NA
Y3,MGTAVTT_R,NA,NA,NA,NA
K29,MGTVCCAUX_L,NA,NA,NA,NA
M29,MGTVCCAUX_L,NA,NA,NA,NA
AA6,MGTVCCAUX_R,NA,NA,NA,NA
R6,MGTVCCAUX_R,NA,NA,NA,NA
AA8,VCCAUX,NA,NA,NA,NA
AC8,VCCAUX,NA,NA,NA,NA
U8,VCCAUX,NA,NA,NA,NA
W8,VCCAUX,NA,NA,NA,NA
AB19,VCCAUX_IO,NA,NA,NA,NA
AC18,VCCAUX_IO,NA,NA,NA,NA
M19,VCCAUX_IO,NA,NA,NA,NA
N18,VCCAUX_IO,NA,NA,NA,NA
P19,VCCAUX_IO,NA,NA,NA,NA
R20,VCCAUX_IO,NA,NA,NA,NA
T19,VCCAUX_IO,NA,NA,NA,NA
U20,VCCAUX_IO,NA,NA,NA,NA
V19,VCCAUX_IO,NA,NA,NA,NA
W20,VCCAUX_IO,NA,NA,NA,NA
Y19,VCCAUX_IO,NA,NA,NA,NA
AA18,VCCBRAM,NA,NA,NA,NA
AB17,VCCBRAM,NA,NA,NA,NA
V17,VCCBRAM,NA,NA,NA,NA
Y17,VCCBRAM,NA,NA,NA,NA
AA10,VCCINT,NA,NA,NA,NA
AA12,VCCINT,NA,NA,NA,NA
AA14,VCCINT,NA,NA,NA,NA
AA16,VCCINT,NA,NA,NA,NA
AB11,VCCINT,NA,NA,NA,NA
AB13,VCCINT,NA,NA,NA,NA
AB15,VCCINT,NA,NA,NA,NA
AC10,VCCINT,NA,NA,NA,NA
AC12,VCCINT,NA,NA,NA,NA
AC14,VCCINT,NA,NA,NA,NA
AC16,VCCINT,NA,NA,NA,NA
M11,VCCINT,NA,NA,NA,NA
M13,VCCINT,NA,NA,NA,NA
M15,VCCINT,NA,NA,NA,NA
M9,VCCINT,NA,NA,NA,NA
N10,VCCINT,NA,NA,NA,NA
N12,VCCINT,NA,NA,NA,NA
N14,VCCINT,NA,NA,NA,NA
N16,VCCINT,NA,NA,NA,NA
N8,VCCINT,NA,NA,NA,NA
P11,VCCINT,NA,NA,NA,NA
P13,VCCINT,NA,NA,NA,NA
P15,VCCINT,NA,NA,NA,NA
P9,VCCINT,NA,NA,NA,NA
R10,VCCINT,NA,NA,NA,NA
R12,VCCINT,NA,NA,NA,NA
R14,VCCINT,NA,NA,NA,NA
R16,VCCINT,NA,NA,NA,NA
R8,VCCINT,NA,NA,NA,NA
T11,VCCINT,NA,NA,NA,NA
T13,VCCINT,NA,NA,NA,NA
T15,VCCINT,NA,NA,NA,NA
T17,VCCINT,NA,NA,NA,NA
T9,VCCINT,NA,NA,NA,NA
U10,VCCINT,NA,NA,NA,NA
U14,VCCINT,NA,NA,NA,NA
U16,VCCINT,NA,NA,NA,NA
V13,VCCINT,NA,NA,NA,NA
V15,VCCINT,NA,NA,NA,NA
W10,VCCINT,NA,NA,NA,NA
W14,VCCINT,NA,NA,NA,NA
W16,VCCINT,NA,NA,NA,NA
Y13,VCCINT,NA,NA,NA,NA
Y15,VCCINT,NA,NA,NA,NA
M17,VCCINT_IO,NA,NA,NA,NA
P17,VCCINT_IO,NA,NA,NA,NA
R18,VCCINT_IO,NA,NA,NA,NA
U18,VCCINT_IO,NA,NA,NA,NA
W18,VCCINT_IO,NA,NA,NA,NA
AK11,NC,NA,NA,NA,NA
AJ11,NC,NA,NA,NA,NA
AJ10,NC,NA,NA,NA,NA
AM9,NC,NA,NA,NA,NA
AD13,NC,NA,NA,NA,NA
,,,,,
Total Number of Pins,1156,,,,
