Device/Package xcku025ffva1156 3/22/2016 18:03:07,,,,,,
,,,,,,
Pin,Pin Name,Memory Byte Group,Bank,I/O Type,Super Logic Region,No-Connect
Y11,DXN,NA,NA,NA,NA,NA
U12,VCCADC,NA,NA,NA,NA,NA
U11,GNDADC,NA,NA,NA,NA,NA
Y12,DXP,NA,NA,NA,NA,NA
W12,VREFP,NA,NA,NA,NA,NA
V11,VREFN,NA,NA,NA,NA,NA
V12,VP,NA,NA,NA,NA,NA
W11,VN,NA,NA,NA,NA,NA
K7,M0_0,NA,0,CONFIG,NA,NA
L7,M1_0,NA,0,CONFIG,NA,NA
V7,INIT_B_0,NA,0,CONFIG,NA,NA
M7,M2_0,NA,0,CONFIG,NA,NA
W7,CFGBVS_0,NA,0,CONFIG,NA,NA
R7,PUDC_B_0,NA,0,CONFIG,NA,NA
P7,POR_OVERRIDE,NA,NA,NA,NA,NA
N7,DONE_0,NA,0,CONFIG,NA,NA
T7,PROGRAM_B_0,NA,0,CONFIG,NA,NA
U9,TDO_0,NA,0,CONFIG,NA,NA
V9,TDI_0,NA,0,CONFIG,NA,NA
U7,RDWR_FCS_B_0,NA,0,CONFIG,NA,NA
AA7,D02_0,NA,0,CONFIG,NA,NA
AC7,D00_MOSI_0,NA,0,CONFIG,NA,NA
Y7,D03_0,NA,0,CONFIG,NA,NA
AB7,D01_DIN_0,NA,0,CONFIG,NA,NA
W9,TMS_0,NA,0,CONFIG,NA,NA
AA9,CCLK_0,NA,0,CONFIG,NA,NA
AC9,TCK_0,NA,0,CONFIG,NA,NA
AD7,VBATT,NA,NA,NA,NA,NA
AN23,IO_L24P_T3U_N10_44,3U,44,HP,NA,NA
AP23,IO_L24N_T3U_N11_44,3U,44,HP,NA,NA
AM25,IO_T3U_N12_44,3U,44,HP,NA,NA
AP24,IO_L23P_T3U_N8_44,3U,44,HP,NA,NA
AP25,IO_L23N_T3U_N9_44,3U,44,HP,NA,NA
AP20,IO_L22P_T3U_N6_DBC_AD0P_44,3U,44,HP,NA,NA
AP21,IO_L22N_T3U_N7_DBC_AD0N_44,3U,44,HP,NA,NA
AM24,IO_L21P_T3L_N4_AD8P_44,3L,44,HP,NA,NA
AN24,IO_L21N_T3L_N5_AD8N_44,3L,44,HP,NA,NA
AM22,IO_L20P_T3L_N2_AD1P_44,3L,44,HP,NA,NA
AN22,IO_L20N_T3L_N3_AD1N_44,3L,44,HP,NA,NA
AM21,IO_L19P_T3L_N0_DBC_AD9P_44,3L,44,HP,NA,NA
AN21,IO_L19N_T3L_N1_DBC_AD9N_44,3L,44,HP,NA,NA
AL24,IO_L18P_T2U_N10_AD2P_44,2U,44,HP,NA,NA
AL25,IO_L18N_T2U_N11_AD2N_44,2U,44,HP,NA,NA
AL22,IO_L17P_T2U_N8_AD10P_44,2U,44,HP,NA,NA
AL23,IO_L17N_T2U_N9_AD10N_44,2U,44,HP,NA,NA
AJ20,IO_L16P_T2U_N6_QBC_AD3P_44,2U,44,HP,NA,NA
AK20,IO_L16N_T2U_N7_QBC_AD3N_44,2U,44,HP,NA,NA
AL20,IO_L15P_T2L_N4_AD11P_44,2L,44,HP,NA,NA
AM20,IO_L15N_T2L_N5_AD11N_44,2L,44,HP,NA,NA
AK22,IO_L14P_T2L_N2_GC_44,2L,44,HP,NA,NA
AK23,IO_L14N_T2L_N3_GC_44,2L,44,HP,NA,NA
AK25,IO_T2U_N12_44,2U,44,HP,NA,NA
AJ21,IO_L13P_T2L_N0_GC_QBC_44,2L,44,HP,NA,NA
AK21,IO_L13N_T2L_N1_GC_QBC_44,2L,44,HP,NA,NA
AH22,IO_L12P_T1U_N10_GC_44,1U,44,HP,NA,NA
AH23,IO_L12N_T1U_N11_GC_44,1U,44,HP,NA,NA
AF25,IO_T1U_N12_44,1U,44,HP,NA,NA
AJ23,IO_L11P_T1U_N8_GC_44,1U,44,HP,NA,NA
AJ24,IO_L11N_T1U_N9_GC_44,1U,44,HP,NA,NA
AH24,IO_L10P_T1U_N6_QBC_AD4P_44,1U,44,HP,NA,NA
AJ25,IO_L10N_T1U_N7_QBC_AD4N_44,1U,44,HP,NA,NA
AG24,IO_L9P_T1L_N4_AD12P_44,1L,44,HP,NA,NA
AG25,IO_L9N_T1L_N5_AD12N_44,1L,44,HP,NA,NA
AF23,IO_L8P_T1L_N2_AD5P_44,1L,44,HP,NA,NA
AF24,IO_L8N_T1L_N3_AD5N_44,1L,44,HP,NA,NA
AE25,IO_L7P_T1L_N0_QBC_AD13P_44,1L,44,HP,NA,NA
AE26,IO_L7N_T1L_N1_QBC_AD13N_44,1L,44,HP,NA,NA
AF22,IO_L6P_T0U_N10_AD6P_44,0U,44,HP,NA,NA
AG22,IO_L6N_T0U_N11_AD6N_44,0U,44,HP,NA,NA
AE22,IO_L5P_T0U_N8_AD14P_44,0U,44,HP,NA,NA
AE23,IO_L5N_T0U_N9_AD14N_44,0U,44,HP,NA,NA
AG21,IO_L4P_T0U_N6_DBC_AD7P_44,0U,44,HP,NA,NA
AH21,IO_L4N_T0U_N7_DBC_AD7N_44,0U,44,HP,NA,NA
AD20,IO_L3P_T0L_N4_AD15P_44,0L,44,HP,NA,NA
AE20,IO_L3N_T0L_N5_AD15N_44,0L,44,HP,NA,NA
AF20,IO_L2P_T0L_N2_44,0L,44,HP,NA,NA
AG20,IO_L2N_T0L_N3_44,0L,44,HP,NA,NA
AD24,IO_T0U_N12_VRP_44,0U,44,HP,NA,NA
AD21,IO_L1P_T0L_N0_DBC_44,0L,44,HP,NA,NA
AE21,IO_L1N_T0L_N1_DBC_44,0L,44,HP,NA,NA
AD23,VREF_44,NA,44,HP,NA,NA
AD16,IO_L24P_T3U_N10_45,3U,45,HP,NA,KU11P
AD15,IO_L24N_T3U_N11_45,3U,45,HP,NA,KU11P
AD14,IO_T3U_N12_45,3U,45,HP,NA,KU11P
AE17,IO_L23P_T3U_N8_45,3U,45,HP,NA,KU11P
AF17,IO_L23N_T3U_N9_45,3U,45,HP,NA,KU11P
AE16,IO_L22P_T3U_N6_DBC_AD0P_45,3U,45,HP,NA,KU11P
AE15,IO_L22N_T3U_N7_DBC_AD0N_45,3U,45,HP,NA,KU11P
AE18,IO_L21P_T3L_N4_AD8P_45,3L,45,HP,NA,KU11P
AF18,IO_L21N_T3L_N5_AD8N_45,3L,45,HP,NA,KU11P
AF15,IO_L20P_T3L_N2_AD1P_45,3L,45,HP,NA,KU11P
AF14,IO_L20N_T3L_N3_AD1N_45,3L,45,HP,NA,KU11P
AD19,IO_L19P_T3L_N0_DBC_AD9P_45,3L,45,HP,NA,KU11P
AD18,IO_L19N_T3L_N1_DBC_AD9N_45,3L,45,HP,NA,KU11P
AG15,IO_L18P_T2U_N10_AD2P_45,2U,45,HP,NA,KU11P
AG14,IO_L18N_T2U_N11_AD2N_45,2U,45,HP,NA,KU11P
AG19,IO_L17P_T2U_N8_AD10P_45,2U,45,HP,NA,KU11P
AH19,IO_L17N_T2U_N9_AD10N_45,2U,45,HP,NA,KU11P
AJ15,IO_L16P_T2U_N6_QBC_AD3P_45,2U,45,HP,NA,KU11P
AJ14,IO_L16N_T2U_N7_QBC_AD3N_45,2U,45,HP,NA,KU11P
AG17,IO_L15P_T2L_N4_AD11P_45,2L,45,HP,NA,KU11P
AG16,IO_L15N_T2L_N5_AD11N_45,2L,45,HP,NA,KU11P
AH16,IO_L14P_T2L_N2_GC_45,2L,45,HP,NA,KU11P
AJ16,IO_L14N_T2L_N3_GC_45,2L,45,HP,NA,KU11P
AH14,IO_T2U_N12_45,2U,45,HP,NA,KU11P
AH18,IO_L13P_T2L_N0_GC_QBC_45,2L,45,HP,NA,KU11P
AH17,IO_L13N_T2L_N1_GC_QBC_45,2L,45,HP,NA,KU11P
AK17,IO_L12P_T1U_N10_GC_45,1U,45,HP,NA,KU11P
AK16,IO_L12N_T1U_N11_GC_45,1U,45,HP,NA,KU11P
AJ19,IO_T1U_N12_45,1U,45,HP,NA,KU11P
AJ18,IO_L11P_T1U_N8_GC_45,1U,45,HP,NA,KU11P
AK18,IO_L11N_T1U_N9_GC_45,1U,45,HP,NA,KU11P
AL18,IO_L10P_T1U_N6_QBC_AD4P_45,1U,45,HP,NA,KU11P
AL17,IO_L10N_T1U_N7_QBC_AD4N_45,1U,45,HP,NA,KU11P
AK15,IO_L9P_T1L_N4_AD12P_45,1L,45,HP,NA,KU11P
AL15,IO_L9N_T1L_N5_AD12N_45,1L,45,HP,NA,KU11P
AL19,IO_L8P_T1L_N2_AD5P_45,1L,45,HP,NA,KU11P
AM19,IO_L8N_T1L_N3_AD5N_45,1L,45,HP,NA,KU11P
AL14,IO_L7P_T1L_N0_QBC_AD13P_45,1L,45,HP,NA,KU11P
AM14,IO_L7N_T1L_N1_QBC_AD13N_45,1L,45,HP,NA,KU11P
AP16,IO_L6P_T0U_N10_AD6P_45,0U,45,HP,NA,KU11P
AP15,IO_L6N_T0U_N11_AD6N_45,0U,45,HP,NA,KU11P
AM16,IO_L5P_T0U_N8_AD14P_45,0U,45,HP,NA,KU11P
AM15,IO_L5N_T0U_N9_AD14N_45,0U,45,HP,NA,KU11P
AN18,IO_L4P_T0U_N6_DBC_AD7P_45,0U,45,HP,NA,KU11P
AN17,IO_L4N_T0U_N7_DBC_AD7N_45,0U,45,HP,NA,KU11P
AM17,IO_L3P_T0L_N4_AD15P_45,0L,45,HP,NA,KU11P
AN16,IO_L3N_T0L_N5_AD15N_45,0L,45,HP,NA,KU11P
AN19,IO_L2P_T0L_N2_45,0L,45,HP,NA,KU11P
AP18,IO_L2N_T0L_N3_45,0L,45,HP,NA,KU11P
AP19,IO_T0U_N12_VRP_45,0U,45,HP,NA,KU11P
AN14,IO_L1P_T0L_N0_DBC_45,0L,45,HP,NA,KU11P
AP14,IO_L1N_T0L_N1_DBC_45,0L,45,HP,NA,KU11P
AF19,VREF_45,NA,45,HP,NA,KU11P
AL34,IO_L24P_T3U_N10_46,3U,46,HP,NA,NA
AM34,IO_L24N_T3U_N11_46,3U,46,HP,NA,NA
AK33,IO_T3U_N12_46,3U,46,HP,NA,NA
AM32,IO_L23P_T3U_N8_46,3U,46,HP,NA,NA
AN32,IO_L23N_T3U_N9_46,3U,46,HP,NA,NA
AN34,IO_L22P_T3U_N6_DBC_AD0P_46,3U,46,HP,NA,NA
AP34,IO_L22N_T3U_N7_DBC_AD0N_46,3U,46,HP,NA,NA
AN31,IO_L21P_T3L_N4_AD8P_46,3L,46,HP,NA,NA
AP31,IO_L21N_T3L_N5_AD8N_46,3L,46,HP,NA,NA
AN33,IO_L20P_T3L_N2_AD1P_46,3L,46,HP,NA,NA
AP33,IO_L20N_T3L_N3_AD1N_46,3L,46,HP,NA,NA
AL32,IO_L19P_T3L_N0_DBC_AD9P_46,3L,46,HP,NA,NA
AL33,IO_L19N_T3L_N1_DBC_AD9N_46,3L,46,HP,NA,NA
AH34,IO_L18P_T2U_N10_AD2P_46,2U,46,HP,NA,NA
AJ34,IO_L18N_T2U_N11_AD2N_46,2U,46,HP,NA,NA
AH31,IO_L17P_T2U_N8_AD10P_46,2U,46,HP,NA,NA
AH32,IO_L17N_T2U_N9_AD10N_46,2U,46,HP,NA,NA
AH33,IO_L16P_T2U_N6_QBC_AD3P_46,2U,46,HP,NA,NA
AJ33,IO_L16N_T2U_N7_QBC_AD3N_46,2U,46,HP,NA,NA
AJ30,IO_L15P_T2L_N4_AD11P_46,2L,46,HP,NA,NA
AJ31,IO_L15N_T2L_N5_AD11N_46,2L,46,HP,NA,NA
AK31,IO_L14P_T2L_N2_GC_46,2L,46,HP,NA,NA
AK32,IO_L14N_T2L_N3_GC_46,2L,46,HP,NA,NA
AH29,IO_T2U_N12_46,2U,46,HP,NA,NA
AJ29,IO_L13P_T2L_N0_GC_QBC_46,2L,46,HP,NA,NA
AK30,IO_L13N_T2L_N1_GC_QBC_46,2L,46,HP,NA,NA
AL30,IO_L12P_T1U_N10_GC_46,1U,46,HP,NA,NA
AM30,IO_L12N_T1U_N11_GC_46,1U,46,HP,NA,NA
AM31,IO_T1U_N12_46,1U,46,HP,NA,NA
AL29,IO_L11P_T1U_N8_GC_46,1U,46,HP,NA,NA
AM29,IO_L11N_T1U_N9_GC_46,1U,46,HP,NA,NA
AN29,IO_L10P_T1U_N6_QBC_AD4P_46,1U,46,HP,NA,NA
AP30,IO_L10N_T1U_N7_QBC_AD4N_46,1U,46,HP,NA,NA
AN27,IO_L9P_T1L_N4_AD12P_46,1L,46,HP,NA,NA
AN28,IO_L9N_T1L_N5_AD12N_46,1L,46,HP,NA,NA
AP28,IO_L8P_T1L_N2_AD5P_46,1L,46,HP,NA,NA
AP29,IO_L8N_T1L_N3_AD5N_46,1L,46,HP,NA,NA
AN26,IO_L7P_T1L_N0_QBC_AD13P_46,1L,46,HP,NA,NA
AP26,IO_L7N_T1L_N1_QBC_AD13N_46,1L,46,HP,NA,NA
AJ28,IO_L6P_T0U_N10_AD6P_46,0U,46,HP,NA,NA
AK28,IO_L6N_T0U_N11_AD6N_46,0U,46,HP,NA,NA
AH27,IO_L5P_T0U_N8_AD14P_46,0U,46,HP,NA,NA
AH28,IO_L5N_T0U_N9_AD14N_46,0U,46,HP,NA,NA
AL27,IO_L4P_T0U_N6_DBC_AD7P_46,0U,46,HP,NA,NA
AL28,IO_L4N_T0U_N7_DBC_AD7N_46,0U,46,HP,NA,NA
AK26,IO_L3P_T0L_N4_AD15P_46,0L,46,HP,NA,NA
AK27,IO_L3N_T0L_N5_AD15N_46,0L,46,HP,NA,NA
AM26,IO_L2P_T0L_N2_46,0L,46,HP,NA,NA
AM27,IO_L2N_T0L_N3_46,0L,46,HP,NA,NA
AG26,IO_T0U_N12_VRP_46,0U,46,HP,NA,NA
AH26,IO_L1P_T0L_N0_DBC_46,0L,46,HP,NA,NA
AJ26,IO_L1N_T0L_N1_DBC_46,0L,46,HP,NA,NA
AG27,VREF_46,NA,46,HP,NA,NA
D13,IO_L24P_T3U_N10_66,3U,66,HP,NA,NA
C13,IO_L24N_T3U_N11_66,3U,66,HP,NA,NA
E12,IO_T3U_N12_66,3U,66,HP,NA,NA
A13,IO_L23P_T3U_N8_66,3U,66,HP,NA,NA
A12,IO_L23N_T3U_N9_66,3U,66,HP,NA,NA
F13,IO_L22P_T3U_N6_DBC_AD0P_66,3U,66,HP,NA,NA
E13,IO_L22N_T3U_N7_DBC_AD0N_66,3U,66,HP,NA,NA
C11,IO_L21P_T3L_N4_AD8P_66,3L,66,HP,NA,NA
B11,IO_L21N_T3L_N5_AD8N_66,3L,66,HP,NA,NA
C12,IO_L20P_T3L_N2_AD1P_66,3L,66,HP,NA,NA
B12,IO_L20N_T3L_N3_AD1N_66,3L,66,HP,NA,NA
E11,IO_L19P_T3L_N0_DBC_AD9P_66,3L,66,HP,NA,NA
D11,IO_L19N_T3L_N1_DBC_AD9N_66,3L,66,HP,NA,NA
J13,IO_L18P_T2U_N10_AD2P_66,2U,66,HP,NA,NA
H13,IO_L18N_T2U_N11_AD2N_66,2U,66,HP,NA,NA
L12,IO_L17P_T2U_N8_AD10P_66,2U,66,HP,NA,NA
K12,IO_L17N_T2U_N9_AD10N_66,2U,66,HP,NA,NA
L13,IO_L16P_T2U_N6_QBC_AD3P_66,2U,66,HP,NA,NA
K13,IO_L16N_T2U_N7_QBC_AD3N_66,2U,66,HP,NA,NA
K11,IO_L15P_T2L_N4_AD11P_66,2L,66,HP,NA,NA
J11,IO_L15N_T2L_N5_AD11N_66,2L,66,HP,NA,NA
H12,IO_L14P_T2L_N2_GC_66,2L,66,HP,NA,NA
G12,IO_L14N_T2L_N3_GC_66,2L,66,HP,NA,NA
F12,IO_T2U_N12_66,2U,66,HP,NA,NA
H11,IO_L13P_T2L_N0_GC_QBC_66,2L,66,HP,NA,NA
G11,IO_L13N_T2L_N1_GC_QBC_66,2L,66,HP,NA,NA
G10,IO_L12P_T1U_N10_GC_66,1U,66,HP,NA,NA
F10,IO_L12N_T1U_N11_GC_66,1U,66,HP,NA,NA
L9,IO_T1U_N12_66,1U,66,HP,NA,NA
G9,IO_L11P_T1U_N8_GC_66,1U,66,HP,NA,NA
F9,IO_L11N_T1U_N9_GC_66,1U,66,HP,NA,NA
K10,IO_L10P_T1U_N6_QBC_AD4P_66,1U,66,HP,NA,NA
J10,IO_L10N_T1U_N7_QBC_AD4N_66,1U,66,HP,NA,NA
J8,IO_L9P_T1L_N4_AD12P_66,1L,66,HP,NA,NA
H8,IO_L9N_T1L_N5_AD12N_66,1L,66,HP,NA,NA
J9,IO_L8P_T1L_N2_AD5P_66,1L,66,HP,NA,NA
H9,IO_L8N_T1L_N3_AD5N_66,1L,66,HP,NA,NA
L8,IO_L7P_T1L_N0_QBC_AD13P_66,1L,66,HP,NA,NA
K8,IO_L7N_T1L_N1_QBC_AD13N_66,1L,66,HP,NA,NA
E10,IO_L6P_T0U_N10_AD6P_66,0U,66,HP,NA,NA
D10,IO_L6N_T0U_N11_AD6N_66,0U,66,HP,NA,NA
D9,IO_L5P_T0U_N8_AD14P_66,0U,66,HP,NA,NA
C9,IO_L5N_T0U_N9_AD14N_66,0U,66,HP,NA,NA
B10,IO_L4P_T0U_N6_DBC_AD7P_66,0U,66,HP,NA,NA
A10,IO_L4N_T0U_N7_DBC_AD7N_66,0U,66,HP,NA,NA
D8,IO_L3P_T0L_N4_AD15P_66,0L,66,HP,NA,NA
C8,IO_L3N_T0L_N5_AD15N_66,0L,66,HP,NA,NA
B9,IO_L2P_T0L_N2_66,0L,66,HP,NA,NA
A9,IO_L2N_T0L_N3_66,0L,66,HP,NA,NA
A8,IO_T0U_N12_VRP_66,0U,66,HP,NA,NA
F8,IO_L1P_T0L_N0_DBC_66,0L,66,HP,NA,NA
E8,IO_L1N_T0L_N1_DBC_66,0L,66,HP,NA,NA
L10,VREF_66,NA,66,HP,NA,NA
AK8,IO_L24P_T3U_N10_64,3U,64,HR,NA,NA
AL8,IO_L24N_T3U_N11_64,3U,64,HR,NA,NA
AM9,IO_T3U_N12_64,3U,64,HR,NA,NA
AJ9,IO_L23P_T3U_N8_64,3U,64,HR,NA,NA
AJ8,IO_L23N_T3U_N9_64,3U,64,HR,NA,NA
AN8,IO_L22P_T3U_N6_DBC_AD0P_64,3U,64,HR,NA,NA
AP8,IO_L22N_T3U_N7_DBC_AD0N_64,3U,64,HR,NA,NA
AK10,IO_L21P_T3L_N4_AD8P_64,3L,64,HR,NA,NA
AL9,IO_L21N_T3L_N5_AD8N_64,3L,64,HR,NA,NA
AN9,IO_L20P_T3L_N2_AD1P_64,3L,64,HR,NA,NA
AP9,IO_L20N_T3L_N3_AD1N_64,3L,64,HR,NA,NA
AL10,IO_L19P_T3L_N0_DBC_AD9P_64,3L,64,HR,NA,NA
AM10,IO_L19N_T3L_N1_DBC_AD9N_64,3L,64,HR,NA,NA
AH9,IO_L18P_T2U_N10_AD2P_64,2U,64,HR,NA,NA
AH8,IO_L18N_T2U_N11_AD2N_64,2U,64,HR,NA,NA
AD9,IO_L17P_T2U_N8_AD10P_64,2U,64,HR,NA,NA
AD8,IO_L17N_T2U_N9_AD10N_64,2U,64,HR,NA,NA
AD10,IO_L16P_T2U_N6_QBC_AD3P_64,2U,64,HR,NA,NA
AE10,IO_L16N_T2U_N7_QBC_AD3N_64,2U,64,HR,NA,NA
AE8,IO_L15P_T2L_N4_AD11P_64,2L,64,HR,NA,NA
AF8,IO_L15N_T2L_N5_AD11N_64,2L,64,HR,NA,NA
AF9,IO_L14P_T2L_N2_GC_64,2L,64,HR,NA,NA
AG9,IO_L14N_T2L_N3_GC_64,2L,64,HR,NA,NA
AJ10,IO_T2U_N12_64,2U,64,HR,NA,NA
AF10,IO_L13P_T2L_N0_GC_QBC_64,2L,64,HR,NA,NA
AG10,IO_L13N_T2L_N1_GC_QBC_64,2L,64,HR,NA,NA
AG11,IO_L12P_T1U_N10_GC_64,1U,64,HR,NA,NA
AH11,IO_L12N_T1U_N11_GC_64,1U,64,HR,NA,NA
AJ11,IO_T1U_N12_64,1U,64,HR,NA,NA
AG12,IO_L11P_T1U_N8_GC_64,1U,64,HR,NA,NA
AH12,IO_L11N_T1U_N9_GC_64,1U,64,HR,NA,NA
AD11,IO_L10P_T1U_N6_QBC_AD4P_64,1U,64,HR,NA,NA
AE11,IO_L10N_T1U_N7_QBC_AD4N_64,1U,64,HR,NA,NA
AE12,IO_L9P_T1L_N4_AD12P_64,1L,64,HR,NA,NA
AF12,IO_L9N_T1L_N5_AD12N_64,1L,64,HR,NA,NA
AH13,IO_L8P_T1L_N2_AD5P_64,1L,64,HR,NA,NA
AJ13,IO_L8N_T1L_N3_AD5N_64,1L,64,HR,NA,NA
AE13,IO_L7P_T1L_N0_QBC_AD13P_64,1L,64,HR,NA,NA
AF13,IO_L7N_T1L_N1_QBC_AD13N_64,1L,64,HR,NA,NA
AK13,IO_L6P_T0U_N10_AD6P_64,0U,64,HR,NA,NA
AL13,IO_L6N_T0U_N11_AD6N_64,0U,64,HR,NA,NA
AK12,IO_L5P_T0U_N8_AD14P_64,0U,64,HR,NA,NA
AL12,IO_L5N_T0U_N9_AD14N_64,0U,64,HR,NA,NA
AM12,IO_L4P_T0U_N6_DBC_AD7P_64,0U,64,HR,NA,NA
AN12,IO_L4N_T0U_N7_DBC_AD7N_64,0U,64,HR,NA,NA
AM11,IO_L3P_T0L_N4_AD15P_64,0L,64,HR,NA,NA
AN11,IO_L3N_T0L_N5_AD15N_64,0L,64,HR,NA,NA
AN13,IO_L2P_T0L_N2_64,0L,64,HR,NA,NA
AP13,IO_L2N_T0L_N3_64,0L,64,HR,NA,NA
AK11,IO_T0U_N12_64,0U,64,HR,NA,NA
AP11,IO_L1P_T0L_N0_DBC_64,0L,64,HR,NA,NA
AP10,IO_L1N_T0L_N1_DBC_64,0L,64,HR,NA,NA
AD13,VREF_64,NA,64,HR,NA,NA
K20,IO_L24P_T3U_N10_EMCCLK_65,3U,65,HR,NA,NA
K21,IO_L24N_T3U_N11_DOUT_CSO_B_65,3U,65,HR,NA,NA
K22,IO_T3U_N12_PERSTN0_65,3U,65,HR,NA,NA
N21,IO_L23P_T3U_N8_I2C_SCLK_65,3U,65,HR,NA,NA
M21,IO_L23N_T3U_N9_I2C_SDA_65,3U,65,HR,NA,NA
M20,IO_L22P_T3U_N6_DBC_AD0P_D04_65,3U,65,HR,NA,NA
L20,IO_L22N_T3U_N7_DBC_AD0N_D05_65,3U,65,HR,NA,NA
R21,IO_L21P_T3L_N4_AD8P_D06_65,3L,65,HR,NA,NA
R22,IO_L21N_T3L_N5_AD8N_D07_65,3L,65,HR,NA,NA
P20,IO_L20P_T3L_N2_AD1P_D08_65,3L,65,HR,NA,NA
P21,IO_L20N_T3L_N3_AD1N_D09_65,3L,65,HR,NA,NA
N22,IO_L19P_T3L_N0_DBC_AD9P_D10_65,3L,65,HR,NA,NA
M22,IO_L19N_T3L_N1_DBC_AD9N_D11_65,3L,65,HR,NA,NA
R23,IO_L18P_T2U_N10_AD2P_D12_65,2U,65,HR,NA,NA
P23,IO_L18N_T2U_N11_AD2N_D13_65,2U,65,HR,NA,NA
R25,IO_L17P_T2U_N8_AD10P_D14_65,2U,65,HR,NA,NA
R26,IO_L17N_T2U_N9_AD10N_D15_65,2U,65,HR,NA,NA
T24,IO_L16P_T2U_N6_QBC_AD3P_A00_D16_65,2U,65,HR,NA,NA
T25,IO_L16N_T2U_N7_QBC_AD3N_A01_D17_65,2U,65,HR,NA,NA
T27,IO_L15P_T2L_N4_AD11P_A02_D18_65,2L,65,HR,NA,NA
R27,IO_L15N_T2L_N5_AD11N_A03_D19_65,2L,65,HR,NA,NA
P24,IO_L14P_T2L_N2_GC_A04_D20_65,2L,65,HR,NA,NA
P25,IO_L14N_T2L_N3_GC_A05_D21_65,2L,65,HR,NA,NA
N27,IO_T2U_N12_CSI_ADV_B_65,2U,65,HR,NA,NA
P26,IO_L13P_T2L_N0_GC_QBC_A06_D22_65,2L,65,HR,NA,NA
N26,IO_L13N_T2L_N1_GC_QBC_A07_D23_65,2L,65,HR,NA,NA
N24,IO_L12P_T1U_N10_GC_A08_D24_65,1U,65,HR,NA,NA
M24,IO_L12N_T1U_N11_GC_A09_D25_65,1U,65,HR,NA,NA
N23,IO_T1U_N12_PERSTN1_65,1U,65,HR,NA,NA
M25,IO_L11P_T1U_N8_GC_A10_D26_65,1U,65,HR,NA,NA
M26,IO_L11N_T1U_N9_GC_A11_D27_65,1U,65,HR,NA,NA
L22,IO_L10P_T1U_N6_QBC_AD4P_A12_D28_65,1U,65,HR,NA,NA
K23,IO_L10N_T1U_N7_QBC_AD4N_A13_D29_65,1U,65,HR,NA,NA
L25,IO_L9P_T1L_N4_AD12P_A14_D30_65,1L,65,HR,NA,NA
K25,IO_L9N_T1L_N5_AD12N_A15_D31_65,1L,65,HR,NA,NA
L23,IO_L8P_T1L_N2_AD5P_A16_65,1L,65,HR,NA,NA
L24,IO_L8N_T1L_N3_AD5N_A17_65,1L,65,HR,NA,NA
M27,IO_L7P_T1L_N0_QBC_AD13P_A18_65,1L,65,HR,NA,NA
L27,IO_L7N_T1L_N1_QBC_AD13N_A19_65,1L,65,HR,NA,NA
J23,IO_L6P_T0U_N10_AD6P_A20_65,0U,65,HR,NA,NA
H24,IO_L6N_T0U_N11_AD6N_A21_65,0U,65,HR,NA,NA
J26,IO_L5P_T0U_N8_AD14P_A22_65,0U,65,HR,NA,NA
H26,IO_L5N_T0U_N9_AD14N_A23_65,0U,65,HR,NA,NA
J24,IO_L4P_T0U_N6_DBC_AD7P_A24_65,0U,65,HR,NA,NA
J25,IO_L4N_T0U_N7_DBC_AD7N_A25_65,0U,65,HR,NA,NA
K26,IO_L3P_T0L_N4_AD15P_A26_65,0L,65,HR,NA,NA
K27,IO_L3N_T0L_N5_AD15N_A27_65,0L,65,HR,NA,NA
G25,IO_L2P_T0L_N2_FOE_B_65,0L,65,HR,NA,NA
G26,IO_L2N_T0L_N3_FWE_FCS2_B_65,0L,65,HR,NA,NA
H23,IO_T0U_N12_A28_65,0U,65,HR,NA,NA
H27,IO_L1P_T0L_N0_DBC_RS0_65,0L,65,HR,NA,NA
G27,IO_L1N_T0L_N1_DBC_RS1_65,0L,65,HR,NA,NA
J21,VREF_65,NA,65,HR,NA,NA
AK6,MGTHTXP3_224,NA,224,GTH,NA,NA
AJ4,MGTHRXP3_224,NA,224,GTH,NA,NA
AJ3,MGTHRXN3_224,NA,224,GTH,NA,NA
AK5,MGTHTXN3_224,NA,224,GTH,NA,NA
AD6,MGTREFCLK1P_224,NA,224,GTH,NA,NA
AD5,MGTREFCLK1N_224,NA,224,GTH,NA,NA
AL4,MGTHTXP2_224,NA,224,GTH,NA,NA
AK2,MGTHRXP2_224,NA,224,GTH,NA,NA
AK1,MGTHRXN2_224,NA,224,GTH,NA,NA
AL3,MGTHTXN2_224,NA,224,GTH,NA,NA
AM6,MGTHTXP1_224,NA,224,GTH,NA,NA
AM2,MGTHRXP1_224,NA,224,GTH,NA,NA
AM1,MGTHRXN1_224,NA,224,GTH,NA,NA
AM5,MGTHTXN1_224,NA,224,GTH,NA,NA
AF6,MGTREFCLK0P_224,NA,224,GTH,NA,NA
AF5,MGTREFCLK0N_224,NA,224,GTH,NA,NA
AN4,MGTHTXP0_224,NA,224,GTH,NA,NA
AP2,MGTHRXP0_224,NA,224,GTH,NA,NA
AP1,MGTHRXN0_224,NA,224,GTH,NA,NA
AN3,MGTHTXN0_224,NA,224,GTH,NA,NA
AC4,MGTHTXP3_225,NA,225,GTH,NA,NA
AB2,MGTHRXP3_225,NA,225,GTH,NA,NA
AB1,MGTHRXN3_225,NA,225,GTH,NA,NA
AC3,MGTHTXN3_225,NA,225,GTH,NA,NA
Y6,MGTREFCLK1P_225,NA,225,GTH,NA,NA
Y5,MGTREFCLK1N_225,NA,225,GTH,NA,NA
AE4,MGTHTXP2_225,NA,225,GTH,NA,NA
AD2,MGTHRXP2_225,NA,225,GTH,NA,NA
AD1,MGTHRXN2_225,NA,225,GTH,NA,NA
AE3,MGTHTXN2_225,NA,225,GTH,NA,NA
AP5,MGTRREF_R,NA,NA,NA,NA,NA
AP6,MGTAVTTRCAL_R,NA,NA,NA,NA,NA
AG4,MGTHTXP1_225,NA,225,GTH,NA,NA
AF2,MGTHRXP1_225,NA,225,GTH,NA,NA
AF1,MGTHRXN1_225,NA,225,GTH,NA,NA
AG3,MGTHTXN1_225,NA,225,GTH,NA,NA
AB6,MGTREFCLK0P_225,NA,225,GTH,NA,NA
AB5,MGTREFCLK0N_225,NA,225,GTH,NA,NA
AH6,MGTHTXP0_225,NA,225,GTH,NA,NA
AH2,MGTHRXP0_225,NA,225,GTH,NA,NA
AH1,MGTHRXN0_225,NA,225,GTH,NA,NA
AH5,MGTHTXN0_225,NA,225,GTH,NA,NA
R4,MGTHTXP3_226,NA,226,GTH,NA,NA
P2,MGTHRXP3_226,NA,226,GTH,NA,NA
P1,MGTHRXN3_226,NA,226,GTH,NA,NA
R3,MGTHTXN3_226,NA,226,GTH,NA,NA
T6,MGTREFCLK1P_226,NA,226,GTH,NA,NA
T5,MGTREFCLK1N_226,NA,226,GTH,NA,NA
U4,MGTHTXP2_226,NA,226,GTH,NA,NA
T2,MGTHRXP2_226,NA,226,GTH,NA,NA
T1,MGTHRXN2_226,NA,226,GTH,NA,NA
U3,MGTHTXN2_226,NA,226,GTH,NA,NA
W4,MGTHTXP1_226,NA,226,GTH,NA,NA
V2,MGTHRXP1_226,NA,226,GTH,NA,NA
V1,MGTHRXN1_226,NA,226,GTH,NA,NA
W3,MGTHTXN1_226,NA,226,GTH,NA,NA
V6,MGTREFCLK0P_226,NA,226,GTH,NA,NA
V5,MGTREFCLK0N_226,NA,226,GTH,NA,NA
AA4,MGTHTXP0_226,NA,226,GTH,NA,NA
Y2,MGTHRXP0_226,NA,226,GTH,NA,NA
Y1,MGTHRXN0_226,NA,226,GTH,NA,NA
AA3,MGTHTXN0_226,NA,226,GTH,NA,NA
C6,MGTAVCC_R,NA,NA,NA,NA,NA
E6,MGTAVCC_R,NA,NA,NA,NA,NA
G6,MGTAVCC_R,NA,NA,NA,NA,NA
J6,MGTAVCC_R,NA,NA,NA,NA,NA
L6,MGTAVCC_R,NA,NA,NA,NA,NA
N6,MGTAVCC_R,NA,NA,NA,NA,NA
U6,MGTAVCC_R,NA,NA,NA,NA,NA
W6,MGTAVCC_R,NA,NA,NA,NA,NA
AC6,MGTAVCC_R,NA,NA,NA,NA,NA
AE6,MGTAVCC_R,NA,NA,NA,NA,NA
AG6,MGTAVCC_R,NA,NA,NA,NA,NA
AJ6,MGTAVCC_R,NA,NA,NA,NA,NA
AL6,MGTAVCC_R,NA,NA,NA,NA,NA
AN6,MGTAVCC_R,NA,NA,NA,NA,NA
E31,MGTAVCC_L,NA,NA,NA,NA,NA
F30,MGTAVCC_L,NA,NA,NA,NA,NA
H29,MGTAVCC_L,NA,NA,NA,NA,NA
J31,MGTAVCC_L,NA,NA,NA,NA,NA
N31,MGTAVCC_L,NA,NA,NA,NA,NA
P29,MGTAVCC_L,NA,NA,NA,NA,NA
C2,MGTAVTT_R,NA,NA,NA,NA,NA
D3,MGTAVTT_R,NA,NA,NA,NA,NA
G2,MGTAVTT_R,NA,NA,NA,NA,NA
H3,MGTAVTT_R,NA,NA,NA,NA,NA
L2,MGTAVTT_R,NA,NA,NA,NA,NA
M3,MGTAVTT_R,NA,NA,NA,NA,NA
R2,MGTAVTT_R,NA,NA,NA,NA,NA
T3,MGTAVTT_R,NA,NA,NA,NA,NA
W2,MGTAVTT_R,NA,NA,NA,NA,NA
Y3,MGTAVTT_R,NA,NA,NA,NA,NA
AC2,MGTAVTT_R,NA,NA,NA,NA,NA
AD3,MGTAVTT_R,NA,NA,NA,NA,NA
AG2,MGTAVTT_R,NA,NA,NA,NA,NA
AH3,MGTAVTT_R,NA,NA,NA,NA,NA
AL2,MGTAVTT_R,NA,NA,NA,NA,NA
AM3,MGTAVTT_R,NA,NA,NA,NA,NA
C32,MGTAVTT_L,NA,NA,NA,NA,NA
D33,MGTAVTT_L,NA,NA,NA,NA,NA
G32,MGTAVTT_L,NA,NA,NA,NA,NA
H33,MGTAVTT_L,NA,NA,NA,NA,NA
K33,MGTAVTT_L,NA,NA,NA,NA,NA
L32,MGTAVTT_L,NA,NA,NA,NA,NA
P33,MGTAVTT_L,NA,NA,NA,NA,NA
R32,MGTAVTT_L,NA,NA,NA,NA,NA
R6,MGTVCCAUX_R,NA,NA,NA,NA,NA
AA6,MGTVCCAUX_R,NA,NA,NA,NA,NA
K29,MGTVCCAUX_L,NA,NA,NA,NA,NA
M29,MGTVCCAUX_L,NA,NA,NA,NA,NA
A1,GND,NA,NA,NA,NA,NA
A2,GND,NA,NA,NA,NA,NA
A5,GND,NA,NA,NA,NA,NA
A6,GND,NA,NA,NA,NA,NA
A7,GND,NA,NA,NA,NA,NA
A11,GND,NA,NA,NA,NA,NA
A21,GND,NA,NA,NA,NA,NA
A30,GND,NA,NA,NA,NA,NA
A31,GND,NA,NA,NA,NA,NA
A32,GND,NA,NA,NA,NA,NA
B3,GND,NA,NA,NA,NA,NA
B4,GND,NA,NA,NA,NA,NA
B7,GND,NA,NA,NA,NA,NA
B8,GND,NA,NA,NA,NA,NA
B18,GND,NA,NA,NA,NA,NA
B28,GND,NA,NA,NA,NA,NA
B30,GND,NA,NA,NA,NA,NA
B33,GND,NA,NA,NA,NA,NA
B34,GND,NA,NA,NA,NA,NA
C1,GND,NA,NA,NA,NA,NA
C5,GND,NA,NA,NA,NA,NA
C7,GND,NA,NA,NA,NA,NA
C15,GND,NA,NA,NA,NA,NA
C25,GND,NA,NA,NA,NA,NA
C30,GND,NA,NA,NA,NA,NA
C31,GND,NA,NA,NA,NA,NA
D4,GND,NA,NA,NA,NA,NA
D7,GND,NA,NA,NA,NA,NA
D12,GND,NA,NA,NA,NA,NA
D22,GND,NA,NA,NA,NA,NA
D30,GND,NA,NA,NA,NA,NA
D34,GND,NA,NA,NA,NA,NA
E1,GND,NA,NA,NA,NA,NA
E2,GND,NA,NA,NA,NA,NA
E5,GND,NA,NA,NA,NA,NA
E7,GND,NA,NA,NA,NA,NA
E9,GND,NA,NA,NA,NA,NA
E19,GND,NA,NA,NA,NA,NA
E29,GND,NA,NA,NA,NA,NA
E30,GND,NA,NA,NA,NA,NA
E32,GND,NA,NA,NA,NA,NA
F3,GND,NA,NA,NA,NA,NA
F4,GND,NA,NA,NA,NA,NA
F7,GND,NA,NA,NA,NA,NA
F16,GND,NA,NA,NA,NA,NA
F26,GND,NA,NA,NA,NA,NA
F28,GND,NA,NA,NA,NA,NA
F29,GND,NA,NA,NA,NA,NA
F33,GND,NA,NA,NA,NA,NA
F34,GND,NA,NA,NA,NA,NA
G1,GND,NA,NA,NA,NA,NA
G5,GND,NA,NA,NA,NA,NA
G7,GND,NA,NA,NA,NA,NA
G13,GND,NA,NA,NA,NA,NA
G23,GND,NA,NA,NA,NA,NA
G28,GND,NA,NA,NA,NA,NA
G31,GND,NA,NA,NA,NA,NA
H4,GND,NA,NA,NA,NA,NA
H7,GND,NA,NA,NA,NA,NA
H10,GND,NA,NA,NA,NA,NA
H20,GND,NA,NA,NA,NA,NA
H28,GND,NA,NA,NA,NA,NA
H30,GND,NA,NA,NA,NA,NA
H34,GND,NA,NA,NA,NA,NA
J1,GND,NA,NA,NA,NA,NA
J2,GND,NA,NA,NA,NA,NA
J5,GND,NA,NA,NA,NA,NA
J7,GND,NA,NA,NA,NA,NA
J17,GND,NA,NA,NA,NA,NA
J27,GND,NA,NA,NA,NA,NA
J28,GND,NA,NA,NA,NA,NA
J32,GND,NA,NA,NA,NA,NA
K3,GND,NA,NA,NA,NA,NA
K4,GND,NA,NA,NA,NA,NA
K14,GND,NA,NA,NA,NA,NA
K24,GND,NA,NA,NA,NA,NA
K28,GND,NA,NA,NA,NA,NA
K30,GND,NA,NA,NA,NA,NA
K34,GND,NA,NA,NA,NA,NA
L1,GND,NA,NA,NA,NA,NA
L5,GND,NA,NA,NA,NA,NA
L11,GND,NA,NA,NA,NA,NA
L21,GND,NA,NA,NA,NA,NA
L28,GND,NA,NA,NA,NA,NA
L31,GND,NA,NA,NA,NA,NA
M4,GND,NA,NA,NA,NA,NA
M8,GND,NA,NA,NA,NA,NA
M10,GND,NA,NA,NA,NA,NA
M12,GND,NA,NA,NA,NA,NA
M14,GND,NA,NA,NA,NA,NA
M16,GND,NA,NA,NA,NA,NA
M18,GND,NA,NA,NA,NA,NA
M28,GND,NA,NA,NA,NA,NA
M30,GND,NA,NA,NA,NA,NA
M33,GND,NA,NA,NA,NA,NA
M34,GND,NA,NA,NA,NA,NA
N1,GND,NA,NA,NA,NA,NA
N2,GND,NA,NA,NA,NA,NA
N5,GND,NA,NA,NA,NA,NA
N9,GND,NA,NA,NA,NA,NA
N11,GND,NA,NA,NA,NA,NA
N13,GND,NA,NA,NA,NA,NA
N15,GND,NA,NA,NA,NA,NA
N17,GND,NA,NA,NA,NA,NA
N19,GND,NA,NA,NA,NA,NA
N25,GND,NA,NA,NA,NA,NA
N28,GND,NA,NA,NA,NA,NA
N32,GND,NA,NA,NA,NA,NA
P3,GND,NA,NA,NA,NA,NA
P4,GND,NA,NA,NA,NA,NA
P10,GND,NA,NA,NA,NA,NA
P12,GND,NA,NA,NA,NA,NA
P14,GND,NA,NA,NA,NA,NA
P16,GND,NA,NA,NA,NA,NA
P18,GND,NA,NA,NA,NA,NA
P22,GND,NA,NA,NA,NA,NA
P28,GND,NA,NA,NA,NA,NA
P30,GND,NA,NA,NA,NA,NA
P34,GND,NA,NA,NA,NA,NA
R1,GND,NA,NA,NA,NA,NA
R5,GND,NA,NA,NA,NA,NA
R9,GND,NA,NA,NA,NA,NA
R11,GND,NA,NA,NA,NA,NA
R13,GND,NA,NA,NA,NA,NA
R15,GND,NA,NA,NA,NA,NA
R17,GND,NA,NA,NA,NA,NA
R19,GND,NA,NA,NA,NA,NA
R28,GND,NA,NA,NA,NA,NA
R31,GND,NA,NA,NA,NA,NA
T4,GND,NA,NA,NA,NA,NA
T8,GND,NA,NA,NA,NA,NA
T10,GND,NA,NA,NA,NA,NA
T12,GND,NA,NA,NA,NA,NA
T14,GND,NA,NA,NA,NA,NA
T16,GND,NA,NA,NA,NA,NA
T18,GND,NA,NA,NA,NA,NA
T20,GND,NA,NA,NA,NA,NA
T26,GND,NA,NA,NA,NA,NA
T28,GND,NA,NA,NA,NA,NA
T29,GND,NA,NA,NA,NA,NA
T30,GND,NA,NA,NA,NA,NA
T33,GND,NA,NA,NA,NA,NA
T34,GND,NA,NA,NA,NA,NA
U1,GND,NA,NA,NA,NA,NA
U2,GND,NA,NA,NA,NA,NA
U5,GND,NA,NA,NA,NA,NA
Y8,GND,NA,NA,NA,NA,NA
U13,GND,NA,NA,NA,NA,NA
U15,GND,NA,NA,NA,NA,NA
U17,GND,NA,NA,NA,NA,NA
U19,GND,NA,NA,NA,NA,NA
U23,GND,NA,NA,NA,NA,NA
U30,GND,NA,NA,NA,NA,NA
U31,GND,NA,NA,NA,NA,NA
U32,GND,NA,NA,NA,NA,NA
U33,GND,NA,NA,NA,NA,NA
V3,GND,NA,NA,NA,NA,NA
V4,GND,NA,NA,NA,NA,NA
V10,GND,NA,NA,NA,NA,NA
V14,GND,NA,NA,NA,NA,NA
V16,GND,NA,NA,NA,NA,NA
V18,GND,NA,NA,NA,NA,NA
V20,GND,NA,NA,NA,NA,NA
V30,GND,NA,NA,NA,NA,NA
W1,GND,NA,NA,NA,NA,NA
W5,GND,NA,NA,NA,NA,NA
AB8,GND,NA,NA,NA,NA,NA
W13,GND,NA,NA,NA,NA,NA
W15,GND,NA,NA,NA,NA,NA
W17,GND,NA,NA,NA,NA,NA
W19,GND,NA,NA,NA,NA,NA
W27,GND,NA,NA,NA,NA,NA
Y4,GND,NA,NA,NA,NA,NA
Y10,GND,NA,NA,NA,NA,NA
Y14,GND,NA,NA,NA,NA,NA
Y16,GND,NA,NA,NA,NA,NA
Y18,GND,NA,NA,NA,NA,NA
Y20,GND,NA,NA,NA,NA,NA
Y24,GND,NA,NA,NA,NA,NA
Y34,GND,NA,NA,NA,NA,NA
AA1,GND,NA,NA,NA,NA,NA
AA2,GND,NA,NA,NA,NA,NA
AA5,GND,NA,NA,NA,NA,NA
P8,GND,NA,NA,NA,NA,NA
AA11,GND,NA,NA,NA,NA,NA
AA13,GND,NA,NA,NA,NA,NA
AA15,GND,NA,NA,NA,NA,NA
AA17,GND,NA,NA,NA,NA,NA
AA19,GND,NA,NA,NA,NA,NA
AA21,GND,NA,NA,NA,NA,NA
AA31,GND,NA,NA,NA,NA,NA
AB3,GND,NA,NA,NA,NA,NA
AB4,GND,NA,NA,NA,NA,NA
AB10,GND,NA,NA,NA,NA,NA
AB12,GND,NA,NA,NA,NA,NA
AB14,GND,NA,NA,NA,NA,NA
AB16,GND,NA,NA,NA,NA,NA
AB18,GND,NA,NA,NA,NA,NA
AB28,GND,NA,NA,NA,NA,NA
AC1,GND,NA,NA,NA,NA,NA
AC5,GND,NA,NA,NA,NA,NA
V8,GND,NA,NA,NA,NA,NA
AC11,GND,NA,NA,NA,NA,NA
AC13,GND,NA,NA,NA,NA,NA
AC15,GND,NA,NA,NA,NA,NA
AC17,GND,NA,NA,NA,NA,NA
AC19,GND,NA,NA,NA,NA,NA
AC25,GND,NA,NA,NA,NA,NA
AD4,GND,NA,NA,NA,NA,NA
AD12,GND,NA,NA,NA,NA,NA
AD22,GND,NA,NA,NA,NA,NA
AD32,GND,NA,NA,NA,NA,NA
AE1,GND,NA,NA,NA,NA,NA
AE2,GND,NA,NA,NA,NA,NA
AE5,GND,NA,NA,NA,NA,NA
AE7,GND,NA,NA,NA,NA,NA
AE9,GND,NA,NA,NA,NA,NA
AE19,GND,NA,NA,NA,NA,NA
AE29,GND,NA,NA,NA,NA,NA
AF3,GND,NA,NA,NA,NA,NA
AF4,GND,NA,NA,NA,NA,NA
AF7,GND,NA,NA,NA,NA,NA
AF16,GND,NA,NA,NA,NA,NA
AF26,GND,NA,NA,NA,NA,NA
AG1,GND,NA,NA,NA,NA,NA
AG5,GND,NA,NA,NA,NA,NA
AG7,GND,NA,NA,NA,NA,NA
AG13,GND,NA,NA,NA,NA,NA
AG23,GND,NA,NA,NA,NA,NA
AG33,GND,NA,NA,NA,NA,NA
AH4,GND,NA,NA,NA,NA,NA
AH7,GND,NA,NA,NA,NA,NA
AH10,GND,NA,NA,NA,NA,NA
AH20,GND,NA,NA,NA,NA,NA
AH30,GND,NA,NA,NA,NA,NA
AJ1,GND,NA,NA,NA,NA,NA
AJ2,GND,NA,NA,NA,NA,NA
AJ5,GND,NA,NA,NA,NA,NA
AJ7,GND,NA,NA,NA,NA,NA
AJ17,GND,NA,NA,NA,NA,NA
AJ27,GND,NA,NA,NA,NA,NA
AK3,GND,NA,NA,NA,NA,NA
AK4,GND,NA,NA,NA,NA,NA
AK7,GND,NA,NA,NA,NA,NA
AK14,GND,NA,NA,NA,NA,NA
AK24,GND,NA,NA,NA,NA,NA
AK34,GND,NA,NA,NA,NA,NA
AL1,GND,NA,NA,NA,NA,NA
AL5,GND,NA,NA,NA,NA,NA
AL7,GND,NA,NA,NA,NA,NA
AL11,GND,NA,NA,NA,NA,NA
AL21,GND,NA,NA,NA,NA,NA
AL31,GND,NA,NA,NA,NA,NA
AM4,GND,NA,NA,NA,NA,NA
AM7,GND,NA,NA,NA,NA,NA
AM8,GND,NA,NA,NA,NA,NA
AM18,GND,NA,NA,NA,NA,NA
AM28,GND,NA,NA,NA,NA,NA
AN1,GND,NA,NA,NA,NA,NA
AN2,GND,NA,NA,NA,NA,NA
AN5,GND,NA,NA,NA,NA,NA
AN7,GND,NA,NA,NA,NA,NA
AN15,GND,NA,NA,NA,NA,NA
AN25,GND,NA,NA,NA,NA,NA
AP3,GND,NA,NA,NA,NA,NA
AP4,GND,NA,NA,NA,NA,NA
AP7,GND,NA,NA,NA,NA,NA
AP12,GND,NA,NA,NA,NA,NA
AP22,GND,NA,NA,NA,NA,NA
AP32,GND,NA,NA,NA,NA,NA
M9,VCCINT,NA,NA,NA,NA,NA
M11,VCCINT,NA,NA,NA,NA,NA
M13,VCCINT,NA,NA,NA,NA,NA
M15,VCCINT,NA,NA,NA,NA,NA
N10,VCCINT,NA,NA,NA,NA,NA
N12,VCCINT,NA,NA,NA,NA,NA
N14,VCCINT,NA,NA,NA,NA,NA
P9,VCCINT,NA,NA,NA,NA,NA
P11,VCCINT,NA,NA,NA,NA,NA
P13,VCCINT,NA,NA,NA,NA,NA
P15,VCCINT,NA,NA,NA,NA,NA
R10,VCCINT,NA,NA,NA,NA,NA
R12,VCCINT,NA,NA,NA,NA,NA
R14,VCCINT,NA,NA,NA,NA,NA
T9,VCCINT,NA,NA,NA,NA,NA
T11,VCCINT,NA,NA,NA,NA,NA
T13,VCCINT,NA,NA,NA,NA,NA
T15,VCCINT,NA,NA,NA,NA,NA
U10,VCCINT,NA,NA,NA,NA,NA
U14,VCCINT,NA,NA,NA,NA,NA
V13,VCCINT,NA,NA,NA,NA,NA
V15,VCCINT,NA,NA,NA,NA,NA
W10,VCCINT,NA,NA,NA,NA,NA
W14,VCCINT,NA,NA,NA,NA,NA
Y13,VCCINT,NA,NA,NA,NA,NA
Y15,VCCINT,NA,NA,NA,NA,NA
AA10,VCCINT,NA,NA,NA,NA,NA
AA12,VCCINT,NA,NA,NA,NA,NA
AA14,VCCINT,NA,NA,NA,NA,NA
AB11,VCCINT,NA,NA,NA,NA,NA
AB13,VCCINT,NA,NA,NA,NA,NA
AB15,VCCINT,NA,NA,NA,NA,NA
AC10,VCCINT,NA,NA,NA,NA,NA
AC12,VCCINT,NA,NA,NA,NA,NA
AC14,VCCINT,NA,NA,NA,NA,NA
AC16,VCCINT,NA,NA,NA,NA,NA
T17,VCCINT,NA,NA,NA,NA,NA
N8,VCCINT,NA,NA,NA,NA,NA
R8,VCCINT,NA,NA,NA,NA,NA
N16,VCCINT,NA,NA,NA,NA,NA
R16,VCCINT,NA,NA,NA,NA,NA
U16,VCCINT,NA,NA,NA,NA,NA
W16,VCCINT,NA,NA,NA,NA,NA
AA16,VCCINT,NA,NA,NA,NA,NA
M17,VCCINT_IO,NA,NA,NA,NA,NA
P17,VCCINT_IO,NA,NA,NA,NA,NA
R18,VCCINT_IO,NA,NA,NA,NA,NA
U18,VCCINT_IO,NA,NA,NA,NA,NA
W18,VCCINT_IO,NA,NA,NA,NA,NA
U8,VCCAUX,NA,NA,NA,NA,NA
W8,VCCAUX,NA,NA,NA,NA,NA
AA8,VCCAUX,NA,NA,NA,NA,NA
AC8,VCCAUX,NA,NA,NA,NA,NA
N18,VCCAUX_IO,NA,NA,NA,NA,NA
M19,VCCAUX_IO,NA,NA,NA,NA,NA
P19,VCCAUX_IO,NA,NA,NA,NA,NA
R20,VCCAUX_IO,NA,NA,NA,NA,NA
T19,VCCAUX_IO,NA,NA,NA,NA,NA
U20,VCCAUX_IO,NA,NA,NA,NA,NA
V19,VCCAUX_IO,NA,NA,NA,NA,NA
W20,VCCAUX_IO,NA,NA,NA,NA,NA
Y19,VCCAUX_IO,NA,NA,NA,NA,NA
AB19,VCCAUX_IO,NA,NA,NA,NA,NA
AC18,VCCAUX_IO,NA,NA,NA,NA,NA
Y9,VCCO_0,NA,0,NA,NA,NA
AB9,VCCO_0,NA,0,NA,NA,NA
AE24,VCCO_44,NA,44,NA,NA,NA
AF21,VCCO_44,NA,44,NA,NA,NA
AH25,VCCO_44,NA,44,NA,NA,NA
AJ22,VCCO_44,NA,44,NA,NA,NA
AM23,VCCO_44,NA,44,NA,NA,NA
AN20,VCCO_44,NA,44,NA,NA,NA
AD17,VCCO_45,NA,45,NA,NA,NA
AE14,VCCO_45,NA,45,NA,NA,NA
AG18,VCCO_45,NA,45,NA,NA,NA
AH15,VCCO_45,NA,45,NA,NA,NA
AK19,VCCO_45,NA,45,NA,NA,NA
AL16,VCCO_45,NA,45,NA,NA,NA
AP17,VCCO_45,NA,45,NA,NA,NA
AG28,VCCO_46,NA,46,NA,NA,NA
AJ32,VCCO_46,NA,46,NA,NA,NA
AK29,VCCO_46,NA,46,NA,NA,NA
AL26,VCCO_46,NA,46,NA,NA,NA
AM33,VCCO_46,NA,46,NA,NA,NA
AN30,VCCO_46,NA,46,NA,NA,NA
AP27,VCCO_46,NA,46,NA,NA,NA
AF11,VCCO_64,NA,64,NA,NA,NA
AG8,VCCO_64,NA,64,NA,NA,NA
AJ12,VCCO_64,NA,64,NA,NA,NA
AK9,VCCO_64,NA,64,NA,NA,NA
AM13,VCCO_64,NA,64,NA,NA,NA
AN10,VCCO_64,NA,64,NA,NA,NA
H25,VCCO_65,NA,65,NA,NA,NA
J22,VCCO_65,NA,65,NA,NA,NA
L26,VCCO_65,NA,65,NA,NA,NA
M23,VCCO_65,NA,65,NA,NA,NA
N20,VCCO_65,NA,65,NA,NA,NA
P27,VCCO_65,NA,65,NA,NA,NA
R24,VCCO_65,NA,65,NA,NA,NA
B13,VCCO_66,NA,66,NA,NA,NA
C10,VCCO_66,NA,66,NA,NA,NA
F11,VCCO_66,NA,66,NA,NA,NA
G8,VCCO_66,NA,66,NA,NA,NA
J12,VCCO_66,NA,66,NA,NA,NA
K9,VCCO_66,NA,66,NA,NA,NA
V17,VCCBRAM,NA,NA,NA,NA,NA
Y17,VCCBRAM,NA,NA,NA,NA,NA
AB17,VCCBRAM,NA,NA,NA,NA,NA
AA18,VCCBRAM,NA,NA,NA,NA,NA
T21,NC,NA,NA,NA,NA,NA
U28,NC,NA,NA,NA,NA,NA
V25,NC,NA,NA,NA,NA,NA
W22,NC,NA,NA,NA,NA,NA
AA26,NC,NA,NA,NA,NA,NA
AB23,NC,NA,NA,NA,NA,NA
AC20,NC,NA,NA,NA,NA,NA
W32,NC,NA,NA,NA,NA,NA
Y29,NC,NA,NA,NA,NA,NA
AB33,NC,NA,NA,NA,NA,NA
AC30,NC,NA,NA,NA,NA,NA
AD27,NC,NA,NA,NA,NA,NA
AE34,NC,NA,NA,NA,NA,NA
AF31,NC,NA,NA,NA,NA,NA
A26,NC,NA,NA,NA,NA,NA
B23,NC,NA,NA,NA,NA,NA
C20,NC,NA,NA,NA,NA,NA
D27,NC,NA,NA,NA,NA,NA
E24,NC,NA,NA,NA,NA,NA
F21,NC,NA,NA,NA,NA,NA
A16,NC,NA,NA,NA,NA,NA
D17,NC,NA,NA,NA,NA,NA
E14,NC,NA,NA,NA,NA,NA
G18,NC,NA,NA,NA,NA,NA
H15,NC,NA,NA,NA,NA,NA
K19,NC,NA,NA,NA,NA,NA
L16,NC,NA,NA,NA,NA,NA
K31,NC,NA,NA,NA,NA,NA
J33,NC,NA,NA,NA,NA,NA
J34,NC,NA,NA,NA,NA,NA
K32,NC,NA,NA,NA,NA,NA
N29,NC,NA,NA,NA,NA,NA
N30,NC,NA,NA,NA,NA,NA
M31,NC,NA,NA,NA,NA,NA
L33,NC,NA,NA,NA,NA,NA
L34,NC,NA,NA,NA,NA,NA
M32,NC,NA,NA,NA,NA,NA
A34,NC,NA,NA,NA,NA,NA
A33,NC,NA,NA,NA,NA,NA
P31,NC,NA,NA,NA,NA,NA
N33,NC,NA,NA,NA,NA,NA
N34,NC,NA,NA,NA,NA,NA
P32,NC,NA,NA,NA,NA,NA
R29,NC,NA,NA,NA,NA,NA
R30,NC,NA,NA,NA,NA,NA
T31,NC,NA,NA,NA,NA,NA
R33,NC,NA,NA,NA,NA,NA
R34,NC,NA,NA,NA,NA,NA
T32,NC,NA,NA,NA,NA,NA
B31,NC,NA,NA,NA,NA,NA
C33,NC,NA,NA,NA,NA,NA
C34,NC,NA,NA,NA,NA,NA
B32,NC,NA,NA,NA,NA,NA
J29,NC,NA,NA,NA,NA,NA
J30,NC,NA,NA,NA,NA,NA
D31,NC,NA,NA,NA,NA,NA
E33,NC,NA,NA,NA,NA,NA
E34,NC,NA,NA,NA,NA,NA
D32,NC,NA,NA,NA,NA,NA
G29,NC,NA,NA,NA,NA,NA
F31,NC,NA,NA,NA,NA,NA
F32,NC,NA,NA,NA,NA,NA
G30,NC,NA,NA,NA,NA,NA
L29,NC,NA,NA,NA,NA,NA
L30,NC,NA,NA,NA,NA,NA
H31,NC,NA,NA,NA,NA,NA
G33,NC,NA,NA,NA,NA,NA
G34,NC,NA,NA,NA,NA,NA
H32,NC,NA,NA,NA,NA,NA
B6,NC,NA,NA,NA,NA,NA
A4,NC,NA,NA,NA,NA,NA
A3,NC,NA,NA,NA,NA,NA
B5,NC,NA,NA,NA,NA,NA
H6,NC,NA,NA,NA,NA,NA
H5,NC,NA,NA,NA,NA,NA
C4,NC,NA,NA,NA,NA,NA
B2,NC,NA,NA,NA,NA,NA
B1,NC,NA,NA,NA,NA,NA
C3,NC,NA,NA,NA,NA,NA
D6,NC,NA,NA,NA,NA,NA
D2,NC,NA,NA,NA,NA,NA
D1,NC,NA,NA,NA,NA,NA
D5,NC,NA,NA,NA,NA,NA
K6,NC,NA,NA,NA,NA,NA
K5,NC,NA,NA,NA,NA,NA
F6,NC,NA,NA,NA,NA,NA
E4,NC,NA,NA,NA,NA,NA
E3,NC,NA,NA,NA,NA,NA
F5,NC,NA,NA,NA,NA,NA
V26,NC,NA,NA,NA,NA,NA
W26,NC,NA,NA,NA,NA,NA
U29,NC,NA,NA,NA,NA,NA
V29,NC,NA,NA,NA,NA,NA
W29,NC,NA,NA,NA,NA,NA
U26,NC,NA,NA,NA,NA,NA
U27,NC,NA,NA,NA,NA,NA
W28,NC,NA,NA,NA,NA,NA
Y28,NC,NA,NA,NA,NA,NA
U24,NC,NA,NA,NA,NA,NA
U25,NC,NA,NA,NA,NA,NA
V27,NC,NA,NA,NA,NA,NA
V28,NC,NA,NA,NA,NA,NA
V21,NC,NA,NA,NA,NA,NA
W21,NC,NA,NA,NA,NA,NA
T22,NC,NA,NA,NA,NA,NA
T23,NC,NA,NA,NA,NA,NA
V22,NC,NA,NA,NA,NA,NA
V23,NC,NA,NA,NA,NA,NA
U21,NC,NA,NA,NA,NA,NA
U22,NC,NA,NA,NA,NA,NA
W25,NC,NA,NA,NA,NA,NA
Y25,NC,NA,NA,NA,NA,NA
Y21,NC,NA,NA,NA,NA,NA
W23,NC,NA,NA,NA,NA,NA
W24,NC,NA,NA,NA,NA,NA
AA24,NC,NA,NA,NA,NA,NA
AA25,NC,NA,NA,NA,NA,NA
Y22,NC,NA,NA,NA,NA,NA
Y23,NC,NA,NA,NA,NA,NA
AA23,NC,NA,NA,NA,NA,NA
AB21,NC,NA,NA,NA,NA,NA
AC21,NC,NA,NA,NA,NA,NA
AA20,NC,NA,NA,NA,NA,NA
AB20,NC,NA,NA,NA,NA,NA
AC22,NC,NA,NA,NA,NA,NA
AC23,NC,NA,NA,NA,NA,NA
AA22,NC,NA,NA,NA,NA,NA
AB22,NC,NA,NA,NA,NA,NA
AB25,NC,NA,NA,NA,NA,NA
AB26,NC,NA,NA,NA,NA,NA
AA27,NC,NA,NA,NA,NA,NA
AB27,NC,NA,NA,NA,NA,NA
AC26,NC,NA,NA,NA,NA,NA
AC27,NC,NA,NA,NA,NA,NA
AB24,NC,NA,NA,NA,NA,NA
AC24,NC,NA,NA,NA,NA,NA
AD25,NC,NA,NA,NA,NA,NA
AD26,NC,NA,NA,NA,NA,NA
AA28,NC,NA,NA,NA,NA,NA
Y26,NC,NA,NA,NA,NA,NA
Y27,NC,NA,NA,NA,NA,NA
V24,NC,NA,NA,NA,NA,NA
V31,NC,NA,NA,NA,NA,NA
W31,NC,NA,NA,NA,NA,NA
V32,NC,NA,NA,NA,NA,NA
U34,NC,NA,NA,NA,NA,NA
V34,NC,NA,NA,NA,NA,NA
Y31,NC,NA,NA,NA,NA,NA
Y32,NC,NA,NA,NA,NA,NA
V33,NC,NA,NA,NA,NA,NA
W34,NC,NA,NA,NA,NA,NA
W30,NC,NA,NA,NA,NA,NA
Y30,NC,NA,NA,NA,NA,NA
W33,NC,NA,NA,NA,NA,NA
Y33,NC,NA,NA,NA,NA,NA
AC33,NC,NA,NA,NA,NA,NA
AD33,NC,NA,NA,NA,NA,NA
AA34,NC,NA,NA,NA,NA,NA
AB34,NC,NA,NA,NA,NA,NA
AA29,NC,NA,NA,NA,NA,NA
AB29,NC,NA,NA,NA,NA,NA
AC34,NC,NA,NA,NA,NA,NA
AD34,NC,NA,NA,NA,NA,NA
AB30,NC,NA,NA,NA,NA,NA
AB31,NC,NA,NA,NA,NA,NA
AA33,NC,NA,NA,NA,NA,NA
AA32,NC,NA,NA,NA,NA,NA
AB32,NC,NA,NA,NA,NA,NA
AC31,NC,NA,NA,NA,NA,NA
AC32,NC,NA,NA,NA,NA,NA
AE31,NC,NA,NA,NA,NA,NA
AD30,NC,NA,NA,NA,NA,NA
AD31,NC,NA,NA,NA,NA,NA
AE33,NC,NA,NA,NA,NA,NA
AF34,NC,NA,NA,NA,NA,NA
AE32,NC,NA,NA,NA,NA,NA
AF32,NC,NA,NA,NA,NA,NA
AF33,NC,NA,NA,NA,NA,NA
AG34,NC,NA,NA,NA,NA,NA
AG31,NC,NA,NA,NA,NA,NA
AG32,NC,NA,NA,NA,NA,NA
AF30,NC,NA,NA,NA,NA,NA
AG30,NC,NA,NA,NA,NA,NA
AD29,NC,NA,NA,NA,NA,NA
AE30,NC,NA,NA,NA,NA,NA
AF29,NC,NA,NA,NA,NA,NA
AG29,NC,NA,NA,NA,NA,NA
AC28,NC,NA,NA,NA,NA,NA
AD28,NC,NA,NA,NA,NA,NA
AE28,NC,NA,NA,NA,NA,NA
AF28,NC,NA,NA,NA,NA,NA
AC29,NC,NA,NA,NA,NA,NA
AE27,NC,NA,NA,NA,NA,NA
AF27,NC,NA,NA,NA,NA,NA
AA30,NC,NA,NA,NA,NA,NA
H21,NC,NA,NA,NA,NA,NA
G21,NC,NA,NA,NA,NA,NA
H22,NC,NA,NA,NA,NA,NA
G22,NC,NA,NA,NA,NA,NA
F22,NC,NA,NA,NA,NA,NA
G20,NC,NA,NA,NA,NA,NA
F20,NC,NA,NA,NA,NA,NA
F23,NC,NA,NA,NA,NA,NA
F24,NC,NA,NA,NA,NA,NA
E20,NC,NA,NA,NA,NA,NA
E21,NC,NA,NA,NA,NA,NA
G24,NC,NA,NA,NA,NA,NA
F25,NC,NA,NA,NA,NA,NA
D20,NC,NA,NA,NA,NA,NA
D21,NC,NA,NA,NA,NA,NA
B20,NC,NA,NA,NA,NA,NA
A20,NC,NA,NA,NA,NA,NA
C21,NC,NA,NA,NA,NA,NA
C22,NC,NA,NA,NA,NA,NA
B21,NC,NA,NA,NA,NA,NA
B22,NC,NA,NA,NA,NA,NA
E22,NC,NA,NA,NA,NA,NA
E23,NC,NA,NA,NA,NA,NA
A22,NC,NA,NA,NA,NA,NA
D23,NC,NA,NA,NA,NA,NA
C23,NC,NA,NA,NA,NA,NA
D24,NC,NA,NA,NA,NA,NA
C24,NC,NA,NA,NA,NA,NA
A23,NC,NA,NA,NA,NA,NA
E25,NC,NA,NA,NA,NA,NA
D25,NC,NA,NA,NA,NA,NA
B24,NC,NA,NA,NA,NA,NA
A24,NC,NA,NA,NA,NA,NA
C26,NC,NA,NA,NA,NA,NA
B26,NC,NA,NA,NA,NA,NA
B25,NC,NA,NA,NA,NA,NA
A25,NC,NA,NA,NA,NA,NA
E26,NC,NA,NA,NA,NA,NA
D26,NC,NA,NA,NA,NA,NA
A27,NC,NA,NA,NA,NA,NA
A28,NC,NA,NA,NA,NA,NA
D28,NC,NA,NA,NA,NA,NA
C28,NC,NA,NA,NA,NA,NA
B29,NC,NA,NA,NA,NA,NA
A29,NC,NA,NA,NA,NA,NA
E28,NC,NA,NA,NA,NA,NA
D29,NC,NA,NA,NA,NA,NA
C27,NC,NA,NA,NA,NA,NA
B27,NC,NA,NA,NA,NA,NA
C29,NC,NA,NA,NA,NA,NA
F27,NC,NA,NA,NA,NA,NA
E27,NC,NA,NA,NA,NA,NA
J20,NC,NA,NA,NA,NA,NA
L19,NC,NA,NA,NA,NA,NA
L18,NC,NA,NA,NA,NA,NA
L17,NC,NA,NA,NA,NA,NA
K16,NC,NA,NA,NA,NA,NA
J16,NC,NA,NA,NA,NA,NA
J19,NC,NA,NA,NA,NA,NA
J18,NC,NA,NA,NA,NA,NA
L15,NC,NA,NA,NA,NA,NA
K15,NC,NA,NA,NA,NA,NA
K18,NC,NA,NA,NA,NA,NA
K17,NC,NA,NA,NA,NA,NA
J15,NC,NA,NA,NA,NA,NA
J14,NC,NA,NA,NA,NA,NA
H19,NC,NA,NA,NA,NA,NA
H18,NC,NA,NA,NA,NA,NA
H17,NC,NA,NA,NA,NA,NA
H16,NC,NA,NA,NA,NA,NA
G19,NC,NA,NA,NA,NA,NA
F19,NC,NA,NA,NA,NA,NA
G15,NC,NA,NA,NA,NA,NA
G14,NC,NA,NA,NA,NA,NA
F18,NC,NA,NA,NA,NA,NA
F17,NC,NA,NA,NA,NA,NA
H14,NC,NA,NA,NA,NA,NA
G17,NC,NA,NA,NA,NA,NA
G16,NC,NA,NA,NA,NA,NA
E18,NC,NA,NA,NA,NA,NA
E17,NC,NA,NA,NA,NA,NA
C16,NC,NA,NA,NA,NA,NA
E16,NC,NA,NA,NA,NA,NA
D16,NC,NA,NA,NA,NA,NA
D19,NC,NA,NA,NA,NA,NA
D18,NC,NA,NA,NA,NA,NA
F15,NC,NA,NA,NA,NA,NA
F14,NC,NA,NA,NA,NA,NA
E15,NC,NA,NA,NA,NA,NA
D15,NC,NA,NA,NA,NA,NA
D14,NC,NA,NA,NA,NA,NA
C14,NC,NA,NA,NA,NA,NA
C18,NC,NA,NA,NA,NA,NA
C17,NC,NA,NA,NA,NA,NA
B17,NC,NA,NA,NA,NA,NA
B16,NC,NA,NA,NA,NA,NA
C19,NC,NA,NA,NA,NA,NA
B19,NC,NA,NA,NA,NA,NA
B15,NC,NA,NA,NA,NA,NA
A15,NC,NA,NA,NA,NA,NA
A19,NC,NA,NA,NA,NA,NA
A18,NC,NA,NA,NA,NA,NA
A17,NC,NA,NA,NA,NA,NA
B14,NC,NA,NA,NA,NA,NA
A14,NC,NA,NA,NA,NA,NA
L14,NC,NA,NA,NA,NA,NA
G4,NC,NA,NA,NA,NA,NA
F2,NC,NA,NA,NA,NA,NA
F1,NC,NA,NA,NA,NA,NA
G3,NC,NA,NA,NA,NA,NA
M6,NC,NA,NA,NA,NA,NA
M5,NC,NA,NA,NA,NA,NA
J4,NC,NA,NA,NA,NA,NA
H2,NC,NA,NA,NA,NA,NA
H1,NC,NA,NA,NA,NA,NA
J3,NC,NA,NA,NA,NA,NA
L4,NC,NA,NA,NA,NA,NA
K2,NC,NA,NA,NA,NA,NA
K1,NC,NA,NA,NA,NA,NA
L3,NC,NA,NA,NA,NA,NA
P6,NC,NA,NA,NA,NA,NA
P5,NC,NA,NA,NA,NA,NA
N4,NC,NA,NA,NA,NA,NA
M2,NC,NA,NA,NA,NA,NA
M1,NC,NA,NA,NA,NA,NA
N3,NC,NA,NA,NA,NA,NA
,,,,,,
Total Number of Pins, 1156,,,,,,
