"#  (c) Copyright 2016 Xilinx, Inc. All rights reserved."
"# "
"#  This file contains confidential and proprietary information"
"#  of Xilinx, Inc. and is protected under U.S. and"
"#  international copyright and other intellectual property"
"#  laws."
"# "
"#  DISCLAIMER"
"#  This disclaimer is not a license and does not grant any"
"#  rights to the materials distributed herewith. Except as"
"#  otherwise provided in a valid license issued to you by"
"#  Xilinx, and to the maximum extent permitted by applicable"
"#  law: (1) THESE MATERIALS ARE MADE AVAILABLE ""AS IS"" AND"
"#  WITH ALL FAULTS, AND XILINX HEREBY DISCLAIMS ALL WARRANTIES"
"#  AND CONDITIONS, EXPRESS, IMPLIED, OR STATUTORY, INCLUDING"
"#  BUT NOT LIMITED TO WARRANTIES OF MERCHANTABILITY, NON-"
"#  INFRINGEMENT, OR FITNESS FOR ANY PARTICULAR PURPOSE; and"
"#  (2) Xilinx shall not be liable (whether in contract or tort,"
"#  including negligence, or under any other theory of"
"#  liability) for any loss or damage of any kind or nature"
"#  related to, arising under or in connection with these"
"#  materials, including for any direct, or any indirect,"
"#  special, incidental, or consequential loss or damage"
"#  (including loss of data, profits, goodwill, or any type of"
"#  loss or damage suffered as a result of any action brought"
"#  by a third party) even if such damage or loss was"
"#  reasonably foreseeable or Xilinx had been advised of the"
"#  possibility of the same."
"# "
"#  CRITICAL APPLICATIONS"
"#  Xilinx products are not designed or intended to be fail-"
"#  safe, or for use in any application requiring fail-safe"
"#  performance, such as life-support or safety devices or"
"#  systems, Class III medical devices, nuclear facilities,"
"#  applications related to the deployment of airbags, or any"
"#  other applications that could lead to death, personal"
"#  injury, or severe property or environmental damage"
"#  (individually and collectively, ""Critical"
"#  Applications""). Customer assumes the sole risk and"
"#  liability of any use of Xilinx products in Critical"
"#  Applications, subject only to applicable laws and"
"#  regulations governing limitations on product liability."
"# "
"#  THIS COPYRIGHT NOTICE AND DISCLAIMER MUST BE RETAINED AS"
"#  PART OF THIS FILE AT ALL TIMES."
"# "
"#----------------------------------------------------------------------"
"#  ASCII Pinout File"
"# "
"#  Device   : xcvu13pfhgb2104"
"#  Date     : 6/22/2017 18:15:45"
"#  Revision : 1.1"
"#  Status   : Production"
"# "
"#  Production package specifications are released coincident"
"#  with production release of a particular device."
"# "
"#----------------------------------------------------------------------"
"#  Modification History"
"#  | Date    : 10/7/2016"
"#  | Revision: 0.1"
"#  | Status  : Evaluation Only"
"#  | Details : Initial creation."
"#----------------------------------------------------------------------"
"#  | Date    : 11/2/2016"
"#  | Revision: 1.0"
"#  | Status  : Engineering Sample"
"#  | Details : update status to Engineering Sample"
"#----------------------------------------------------------------------"
"#  | Date    : 6/22/2017"
"#  | Revision: 1.1"
"#  | Status  : Production"
"#  | Details : Updated DM7 XCVU13P FHGA2104,FHGB2104,FHGC2104,FIGD2104,FLGA2577 To Production"
"#----------------------------------------------------------------------"
,,,,,
Pin,Pin Name,Memory Byte Group,Bank,I/O Type,Super Logic Region
AJ18,DXN,NA,NA,NA,0
AJ19,DXP,NA,NA,NA,0
AH19,VREFP,NA,NA,NA,0
AG18,VREFN,NA,NA,NA,0
AG19,VP,NA,NA,NA,0
AH18,VN,NA,NA,NA,0
V12,M0_0,NA,0,CONFIG,0
U12,M1_0,NA,0,CONFIG,0
Y12,INIT_B_0,NA,0,CONFIG,0
R12,M2_0,NA,0,CONFIG,0
W12,RSVDGND,NA,NA,NA,0
AA12,PUDC_B_0,NA,0,CONFIG,0
AD12,POR_OVERRIDE,NA,NA,NA,0
AC12,DONE_0,NA,0,CONFIG,0
AE12,PROGRAM_B_0,NA,0,CONFIG,0
AC13,TDO_0,NA,0,CONFIG,0
AE15,TDI_0,NA,0,CONFIG,0
AG12,RDWR_FCS_B_0,NA,0,CONFIG,0
AL12,D02_0,NA,0,CONFIG,0
AK12,D00_MOSI_0,NA,0,CONFIG,0
AH12,D03_0,NA,0,CONFIG,0
AJ12,D01_DIN_0,NA,0,CONFIG,0
AG15,TMS_0,NA,0,CONFIG,0
AG13,CCLK_0,NA,0,CONFIG,0
AE13,TCK_0,NA,0,CONFIG,0
AM12,VBATT,NA,NA,NA,0
AM14,IO_L24N_T3U_N11_67,3U,67,HP,1
AL14,IO_L24P_T3U_N10_67,3U,67,HP,1
AM15,IO_L23N_T3U_N9_67,3U,67,HP,1
AL15,IO_L23P_T3U_N8_67,3U,67,HP,1
AR13,IO_L22N_T3U_N7_DBC_AD0N_67,3U,67,HP,1
AP13,IO_L22P_T3U_N6_DBC_AD0P_67,3U,67,HP,1
AN13,IO_L21N_T3L_N5_AD8N_67,3L,67,HP,1
AN14,IO_L21P_T3L_N4_AD8P_67,3L,67,HP,1
AP14,IO_L20N_T3L_N3_AD1N_67,3L,67,HP,1
AP15,IO_L20P_T3L_N2_AD1P_67,3L,67,HP,1
AR15,IO_L19N_T3L_N1_DBC_AD9N_67,3L,67,HP,1
AR16,IO_L19P_T3L_N0_DBC_AD9P_67,3L,67,HP,1
AT13,IO_T3U_N12_67,3U,67,HP,1
AT14,IO_T2U_N12_67,2U,67,HP,1
AV16,IO_L18N_T2U_N11_AD2N_67,2U,67,HP,1
AU16,IO_L18P_T2U_N10_AD2P_67,2U,67,HP,1
AU15,IO_L17N_T2U_N9_AD10N_67,2U,67,HP,1
AT15,IO_L17P_T2U_N8_AD10P_67,2U,67,HP,1
AV14,IO_L16N_T2U_N7_QBC_AD3N_67,2U,67,HP,1
AU14,IO_L16P_T2U_N6_QBC_AD3P_67,2U,67,HP,1
AV13,IO_L15N_T2L_N5_AD11N_67,2L,67,HP,1
AU13,IO_L15P_T2L_N4_AD11P_67,2L,67,HP,1
AW15,IO_L14N_T2L_N3_GC_67,2L,67,HP,1
AW16,IO_L14P_T2L_N2_GC_67,2L,67,HP,1
AW13,IO_L13N_T2L_N1_GC_QBC_67,2L,67,HP,1
AW14,IO_L13P_T2L_N0_GC_QBC_67,2L,67,HP,1
BA13,IO_L12N_T1U_N11_GC_67,1U,67,HP,1
AY13,IO_L12P_T1U_N10_GC_67,1U,67,HP,1
BA14,IO_L11N_T1U_N9_GC_67,1U,67,HP,1
BA15,IO_L11P_T1U_N8_GC_67,1U,67,HP,1
BB14,IO_L10N_T1U_N7_QBC_AD4N_67,1U,67,HP,1
BB15,IO_L10P_T1U_N6_QBC_AD4P_67,1U,67,HP,1
AY15,IO_L9N_T1L_N5_AD12N_67,1L,67,HP,1
AY16,IO_L9P_T1L_N4_AD12P_67,1L,67,HP,1
AY11,IO_L8N_T1L_N3_AD5N_67,1L,67,HP,1
AY12,IO_L8P_T1L_N2_AD5P_67,1L,67,HP,1
BB12,IO_L7N_T1L_N1_QBC_AD13N_67,1L,67,HP,1
BA12,IO_L7P_T1L_N0_QBC_AD13P_67,1L,67,HP,1
BB16,IO_T1U_N12_67,1U,67,HP,1
BC16,IO_T0U_N12_VRP_67,0U,67,HP,1
BC13,IO_L6N_T0U_N11_AD6N_67,0U,67,HP,1
BC14,IO_L6P_T0U_N10_AD6P_67,0U,67,HP,1
BD14,IO_L5N_T0U_N9_AD14N_67,0U,67,HP,1
BD15,IO_L5P_T0U_N8_AD14P_67,0U,67,HP,1
BE13,IO_L4N_T0U_N7_DBC_AD7N_67,0U,67,HP,1
BD13,IO_L4P_T0U_N6_DBC_AD7P_67,0U,67,HP,1
BE16,IO_L3N_T0L_N5_AD15N_67,0L,67,HP,1
BD16,IO_L3P_T0L_N4_AD15P_67,0L,67,HP,1
BF15,IO_L2N_T0L_N3_67,0L,67,HP,1
BE15,IO_L2P_T0L_N2_67,0L,67,HP,1
BF13,IO_L1N_T0L_N1_DBC_67,0L,67,HP,1
BF14,IO_L1P_T0L_N0_DBC_67,0L,67,HP,1
AL13,VREF_67,NA,67,HP,1
AM20,IO_L24N_T3U_N11_66,3U,66,HP,1
AL20,IO_L24P_T3U_N10_66,3U,66,HP,1
AM19,IO_L23N_T3U_N9_66,3U,66,HP,1
AL19,IO_L23P_T3U_N8_66,3U,66,HP,1
AM17,IO_L22N_T3U_N7_DBC_AD0N_66,3U,66,HP,1
AL17,IO_L22P_T3U_N6_DBC_AD0P_66,3U,66,HP,1
AN16,IO_L21N_T3L_N5_AD8N_66,3L,66,HP,1
AM16,IO_L21P_T3L_N4_AD8P_66,3L,66,HP,1
AP19,IO_L20N_T3L_N3_AD1N_66,3L,66,HP,1
AN19,IO_L20P_T3L_N2_AD1P_66,3L,66,HP,1
AN17,IO_L19N_T3L_N1_DBC_AD9N_66,3L,66,HP,1
AN18,IO_L19P_T3L_N0_DBC_AD9P_66,3L,66,HP,1
AP16,IO_T3U_N12_66,3U,66,HP,1
AU21,IO_T2U_N12_66,2U,66,HP,1
AR20,IO_L18N_T2U_N11_AD2N_66,2U,66,HP,1
AP20,IO_L18P_T2U_N10_AD2P_66,2U,66,HP,1
AR18,IO_L17N_T2U_N9_AD10N_66,2U,66,HP,1
AP18,IO_L17P_T2U_N8_AD10P_66,2U,66,HP,1
AT17,IO_L16N_T2U_N7_QBC_AD3N_66,2U,66,HP,1
AR17,IO_L16P_T2U_N6_QBC_AD3P_66,2U,66,HP,1
AU17,IO_L15N_T2L_N5_AD11N_66,2L,66,HP,1
AT18,IO_L15P_T2L_N4_AD11P_66,2L,66,HP,1
AU20,IO_L14N_T2L_N3_GC_66,2L,66,HP,1
AT20,IO_L14P_T2L_N2_GC_66,2L,66,HP,1
AU19,IO_L13N_T2L_N1_GC_QBC_66,2L,66,HP,1
AT19,IO_L13P_T2L_N0_GC_QBC_66,2L,66,HP,1
AW19,IO_L12N_T1U_N11_GC_66,1U,66,HP,1
AV19,IO_L12P_T1U_N10_GC_66,1U,66,HP,1
AW18,IO_L11N_T1U_N9_GC_66,1U,66,HP,1
AV18,IO_L11P_T1U_N8_GC_66,1U,66,HP,1
AW21,IO_L10N_T1U_N7_QBC_AD4N_66,1U,66,HP,1
AV21,IO_L10P_T1U_N6_QBC_AD4P_66,1U,66,HP,1
AY20,IO_L9N_T1L_N5_AD12N_66,1L,66,HP,1
AW20,IO_L9P_T1L_N4_AD12P_66,1L,66,HP,1
BA18,IO_L8N_T1L_N3_AD5N_66,1L,66,HP,1
AY18,IO_L8P_T1L_N2_AD5P_66,1L,66,HP,1
BA17,IO_L7N_T1L_N1_QBC_AD13N_66,1L,66,HP,1
AY17,IO_L7P_T1L_N0_QBC_AD13P_66,1L,66,HP,1
AV17,IO_T1U_N12_66,1U,66,HP,1
BA19,IO_T0U_N12_VRP_66,0U,66,HP,1
BC18,IO_L6N_T0U_N11_AD6N_66,0U,66,HP,1
BB19,IO_L6P_T0U_N10_AD6P_66,0U,66,HP,1
BC17,IO_L5N_T0U_N9_AD14N_66,0U,66,HP,1
BB17,IO_L5P_T0U_N8_AD14P_66,0U,66,HP,1
BD19,IO_L4N_T0U_N7_DBC_AD7N_66,0U,66,HP,1
BC19,IO_L4P_T0U_N6_DBC_AD7P_66,0U,66,HP,1
BE18,IO_L3N_T0L_N5_AD15N_66,0L,66,HP,1
BD18,IO_L3P_T0L_N4_AD15P_66,0L,66,HP,1
BF18,IO_L2N_T0L_N3_66,0L,66,HP,1
BF19,IO_L2P_T0L_N2_66,0L,66,HP,1
BF17,IO_L1N_T0L_N1_DBC_66,0L,66,HP,1
BE17,IO_L1P_T0L_N0_DBC_66,0L,66,HP,1
AL18,VREF_66,NA,66,HP,1
AL28,IO_L24N_T3U_N11_DOUT_CSO_B_65,3U,65,HP,1
AL27,IO_L24P_T3U_N10_EMCCLK_65,3U,65,HP,1
AN27,IO_L23N_T3U_N9_PERSTN1_I2C_SDA_65,3U,65,HP,1
AM27,IO_L23P_T3U_N8_I2C_SCLK_65,3U,65,HP,1
AN26,IO_L22N_T3U_N7_DBC_AD0N_D05_65,3U,65,HP,1
AM26,IO_L22P_T3U_N6_DBC_AD0P_D04_65,3U,65,HP,1
AM25,IO_L21N_T3L_N5_AD8N_D07_65,3L,65,HP,1
AL25,IO_L21P_T3L_N4_AD8P_D06_65,3L,65,HP,1
AP28,IO_L20N_T3L_N3_AD1N_D09_65,3L,65,HP,1
AN28,IO_L20P_T3L_N2_AD1P_D08_65,3L,65,HP,1
AP26,IO_L19N_T3L_N1_DBC_AD9N_D11_65,3L,65,HP,1
AP25,IO_L19P_T3L_N0_DBC_AD9P_D10_65,3L,65,HP,1
AR26,IO_T3U_N12_PERSTN0_65,3U,65,HP,1
AU25,IO_T2U_N12_CSI_ADV_B_65,2U,65,HP,1
AT28,IO_L18N_T2U_N11_AD2N_D13_65,2U,65,HP,1
AR28,IO_L18P_T2U_N10_AD2P_D12_65,2U,65,HP,1
AT27,IO_L17N_T2U_N9_AD10N_D15_65,2U,65,HP,1
AR27,IO_L17P_T2U_N8_AD10P_D14_65,2U,65,HP,1
AT25,IO_L16N_T2U_N7_QBC_AD3N_A01_D17_65,2U,65,HP,1
AR25,IO_L16P_T2U_N6_QBC_AD3P_A00_D16_65,2U,65,HP,1
AU27,IO_L15N_T2L_N5_AD11N_A03_D19_65,2L,65,HP,1
AU26,IO_L15P_T2L_N4_AD11P_A02_D18_65,2L,65,HP,1
AV28,IO_L14N_T2L_N3_GC_A05_D21_65,2L,65,HP,1
AV27,IO_L14P_T2L_N2_GC_A04_D20_65,2L,65,HP,1
AW26,IO_L13N_T2L_N1_GC_QBC_A07_D23_65,2L,65,HP,1
AV26,IO_L13P_T2L_N0_GC_QBC_A06_D22_65,2L,65,HP,1
AY28,IO_L12N_T1U_N11_GC_A09_D25_65,1U,65,HP,1
AW28,IO_L12P_T1U_N10_GC_A08_D24_65,1U,65,HP,1
AY27,IO_L11N_T1U_N9_GC_A11_D27_65,1U,65,HP,1
AY26,IO_L11P_T1U_N8_GC_A10_D26_65,1U,65,HP,1
AY25,IO_L10N_T1U_N7_QBC_AD4N_A13_D29_65,1U,65,HP,1
AW25,IO_L10P_T1U_N6_QBC_AD4P_A12_D28_65,1U,65,HP,1
BA28,IO_L9N_T1L_N5_AD12N_A15_D31_65,1L,65,HP,1
BA27,IO_L9P_T1L_N4_AD12P_A14_D30_65,1L,65,HP,1
BB27,IO_L8N_T1L_N3_AD5N_A17_65,1L,65,HP,1
BB26,IO_L8P_T1L_N2_AD5P_A16_65,1L,65,HP,1
BB25,IO_L7N_T1L_N1_QBC_AD13N_A19_65,1L,65,HP,1
BA25,IO_L7P_T1L_N0_QBC_AD13P_A18_65,1L,65,HP,1
BC28,IO_T1U_N12_SMBALERT_65,1U,65,HP,1
BD25,IO_T0U_N12_VRP_A28_65,0U,65,HP,1
BC27,IO_L6N_T0U_N11_AD6N_A21_65,0U,65,HP,1
BC26,IO_L6P_T0U_N10_AD6P_A20_65,0U,65,HP,1
BF25,IO_L5N_T0U_N9_AD14N_A23_65,0U,65,HP,1
BE25,IO_L5P_T0U_N8_AD14P_A22_65,0U,65,HP,1
BE26,IO_L4N_T0U_N7_DBC_AD7N_A25_65,0U,65,HP,1
BD26,IO_L4P_T0U_N6_DBC_AD7P_A24_65,0U,65,HP,1
BE28,IO_L3N_T0L_N5_AD15N_A27_65,0L,65,HP,1
BD28,IO_L3P_T0L_N4_AD15P_A26_65,0L,65,HP,1
BF27,IO_L2N_T0L_N3_FWE_FCS2_B_65,0L,65,HP,1
BE27,IO_L2P_T0L_N2_FOE_B_65,0L,65,HP,1
BF29,IO_L1N_T0L_N1_DBC_RS1_65,0L,65,HP,1
BF28,IO_L1P_T0L_N0_DBC_RS0_65,0L,65,HP,1
AK25,VREF_65,NA,65,HP,1
AM21,IO_L24N_T3U_N11_64,3U,64,HP,1
AL21,IO_L24P_T3U_N10_64,3U,64,HP,1
AM22,IO_L23N_T3U_N9_64,3U,64,HP,1
AL22,IO_L23P_T3U_N8_64,3U,64,HP,1
AM24,IO_L22N_T3U_N7_DBC_AD0N_64,3U,64,HP,1
AL24,IO_L22P_T3U_N6_DBC_AD0P_64,3U,64,HP,1
AP24,IO_L21N_T3L_N5_AD8N_64,3L,64,HP,1
AN24,IO_L21P_T3L_N4_AD8P_64,3L,64,HP,1
AP23,IO_L20N_T3L_N3_AD1N_64,3L,64,HP,1
AN23,IO_L20P_T3L_N2_AD1P_64,3L,64,HP,1
AN21,IO_L19N_T3L_N1_DBC_AD9N_64,3L,64,HP,1
AN22,IO_L19P_T3L_N0_DBC_AD9P_64,3L,64,HP,1
AP21,IO_T3U_N12_64,3U,64,HP,1
AR21,IO_T2U_N12_64,2U,64,HP,1
AU24,IO_L18N_T2U_N11_AD2N_64,2U,64,HP,1
AT24,IO_L18P_T2U_N10_AD2P_64,2U,64,HP,1
AT23,IO_L17N_T2U_N9_AD10N_64,2U,64,HP,1
AR23,IO_L17P_T2U_N8_AD10P_64,2U,64,HP,1
AT22,IO_L16N_T2U_N7_QBC_AD3N_64,2U,64,HP,1
AR22,IO_L16P_T2U_N6_QBC_AD3P_64,2U,64,HP,1
AV22,IO_L15N_T2L_N5_AD11N_64,2L,64,HP,1
AU22,IO_L15P_T2L_N4_AD11P_64,2L,64,HP,1
AW24,IO_L14N_T2L_N3_GC_64,2L,64,HP,1
AV24,IO_L14P_T2L_N2_GC_64,2L,64,HP,1
AW23,IO_L13N_T2L_N1_GC_QBC_64,2L,64,HP,1
AV23,IO_L13P_T2L_N0_GC_QBC_64,2L,64,HP,1
BA23,IO_L12N_T1U_N11_GC_64,1U,64,HP,1
AY23,IO_L12P_T1U_N10_GC_64,1U,64,HP,1
BA22,IO_L11N_T1U_N9_GC_64,1U,64,HP,1
AY22,IO_L11P_T1U_N8_GC_64,1U,64,HP,1
BB24,IO_L10N_T1U_N7_QBC_AD4N_64,1U,64,HP,1
BA24,IO_L10P_T1U_N6_QBC_AD4P_64,1U,64,HP,1
BC22,IO_L9N_T1L_N5_AD12N_64,1L,64,HP,1
BB22,IO_L9P_T1L_N4_AD12P_64,1L,64,HP,1
BC21,IO_L8N_T1L_N3_AD5N_64,1L,64,HP,1
BB21,IO_L8P_T1L_N2_AD5P_64,1L,64,HP,1
BB20,IO_L7N_T1L_N1_QBC_AD13N_64,1L,64,HP,1
BA20,IO_L7P_T1L_N0_QBC_AD13P_64,1L,64,HP,1
BC23,IO_T1U_N12_64,1U,64,HP,1
BF20,IO_T0U_N12_VRP_64,0U,64,HP,1
BE20,IO_L6N_T0U_N11_AD6N_64,0U,64,HP,1
BD20,IO_L6P_T0U_N10_AD6P_64,0U,64,HP,1
BE21,IO_L5N_T0U_N9_AD14N_64,0U,64,HP,1
BD21,IO_L5P_T0U_N8_AD14P_64,0U,64,HP,1
BF22,IO_L4N_T0U_N7_DBC_AD7N_64,0U,64,HP,1
BE22,IO_L4P_T0U_N6_DBC_AD7P_64,0U,64,HP,1
BD24,IO_L3N_T0L_N5_AD15N_64,0L,64,HP,1
BC24,IO_L3P_T0L_N4_AD15P_64,0L,64,HP,1
BE23,IO_L2N_T0L_N3_64,0L,64,HP,1
BD23,IO_L2P_T0L_N2_64,0L,64,HP,1
BF23,IO_L1N_T0L_N1_DBC_64,0L,64,HP,1
BF24,IO_L1P_T0L_N0_DBC_64,0L,64,HP,1
AL23,VREF_64,NA,64,HP,1
W34,IO_L24N_T3U_N11_63,3U,63,HP,0
W33,IO_L24P_T3U_N10_63,3U,63,HP,0
Y33,IO_L23N_T3U_N9_63,3U,63,HP,0
Y32,IO_L23P_T3U_N8_63,3U,63,HP,0
Y31,IO_L22N_T3U_N7_DBC_AD0N_63,3U,63,HP,0
W31,IO_L22P_T3U_N6_DBC_AD0P_63,3U,63,HP,0
Y30,IO_L21N_T3L_N5_AD8N_63,3L,63,HP,0
W30,IO_L21P_T3L_N4_AD8P_63,3L,63,HP,0
AB34,IO_L20N_T3L_N3_AD1N_63,3L,63,HP,0
AA34,IO_L20P_T3L_N2_AD1P_63,3L,63,HP,0
AA33,IO_L19N_T3L_N1_DBC_AD9N_63,3L,63,HP,0
AA32,IO_L19P_T3L_N0_DBC_AD9P_63,3L,63,HP,0
AB32,IO_T3U_N12_63,3U,63,HP,0
AD30,IO_T2U_N12_63,2U,63,HP,0
AD34,IO_L18N_T2U_N11_AD2N_63,2U,63,HP,0
AC34,IO_L18P_T2U_N10_AD2P_63,2U,63,HP,0
AC33,IO_L17N_T2U_N9_AD10N_63,2U,63,HP,0
AC32,IO_L17P_T2U_N8_AD10P_63,2U,63,HP,0
AD31,IO_L16N_T2U_N7_QBC_AD3N_63,2U,63,HP,0
AC31,IO_L16P_T2U_N6_QBC_AD3P_63,2U,63,HP,0
AF30,IO_L15N_T2L_N5_AD11N_63,2L,63,HP,0
AE30,IO_L15P_T2L_N4_AD11P_63,2L,63,HP,0
AE33,IO_L14N_T2L_N3_GC_63,2L,63,HP,0
AD33,IO_L14P_T2L_N2_GC_63,2L,63,HP,0
AE32,IO_L13N_T2L_N1_GC_QBC_63,2L,63,HP,0
AE31,IO_L13P_T2L_N0_GC_QBC_63,2L,63,HP,0
AF33,IO_L12N_T1U_N11_GC_63,1U,63,HP,0
AF32,IO_L12P_T1U_N10_GC_63,1U,63,HP,0
AG32,IO_L11N_T1U_N9_GC_63,1U,63,HP,0
AG31,IO_L11P_T1U_N8_GC_63,1U,63,HP,0
AH32,IO_L10N_T1U_N7_QBC_AD4N_63,1U,63,HP,0
AH31,IO_L10P_T1U_N6_QBC_AD4P_63,1U,63,HP,0
AG34,IO_L9N_T1L_N5_AD12N_63,1L,63,HP,0
AF34,IO_L9P_T1L_N4_AD12P_63,1L,63,HP,0
AJ33,IO_L8N_T1L_N3_AD5N_63,1L,63,HP,0
AH33,IO_L8P_T1L_N2_AD5P_63,1L,63,HP,0
AJ34,IO_L7N_T1L_N1_QBC_AD13N_63,1L,63,HP,0
AH34,IO_L7P_T1L_N0_QBC_AD13P_63,1L,63,HP,0
AK32,IO_T1U_N12_63,1U,63,HP,0
AK26,IO_T0U_N12_VRP_63,0U,63,HP,0
AK31,IO_L6N_T0U_N11_AD6N_63,0U,63,HP,0
AJ31,IO_L6P_T0U_N10_AD6P_63,0U,63,HP,0
AG30,IO_L5N_T0U_N9_AD14N_63,0U,63,HP,0
AG29,IO_L5P_T0U_N8_AD14P_63,0U,63,HP,0
AH29,IO_L4N_T0U_N7_DBC_AD7N_63,0U,63,HP,0
AH28,IO_L4P_T0U_N6_DBC_AD7P_63,0U,63,HP,0
AJ30,IO_L3N_T0L_N5_AD15N_63,0L,63,HP,0
AJ29,IO_L3P_T0L_N4_AD15P_63,0L,63,HP,0
AK28,IO_L2N_T0L_N3_63,0L,63,HP,0
AJ28,IO_L2P_T0L_N2_63,0L,63,HP,0
AK27,IO_L1N_T0L_N1_DBC_63,0L,63,HP,0
AJ27,IO_L1P_T0L_N0_DBC_63,0L,63,HP,0
AB31,VREF_63,NA,63,HP,0
AM34,IO_L24N_T3U_N11_62,3U,62,HP,0
AL34,IO_L24P_T3U_N10_62,3U,62,HP,0
AM32,IO_L23N_T3U_N9_62,3U,62,HP,0
AL32,IO_L23P_T3U_N8_62,3U,62,HP,0
AN33,IO_L22N_T3U_N7_DBC_AD0N_62,3U,62,HP,0
AN32,IO_L22P_T3U_N6_DBC_AD0P_62,3U,62,HP,0
AP34,IO_L21N_T3L_N5_AD8N_62,3L,62,HP,0
AN34,IO_L21P_T3L_N4_AD8P_62,3L,62,HP,0
AR33,IO_L20N_T3L_N3_AD1N_62,3L,62,HP,0
AP33,IO_L20P_T3L_N2_AD1P_62,3L,62,HP,0
AT34,IO_L19N_T3L_N1_DBC_AD9N_62,3L,62,HP,0
AT33,IO_L19P_T3L_N0_DBC_AD9P_62,3L,62,HP,0
AL33,IO_T3U_N12_62,3U,62,HP,0
AU34,IO_T2U_N12_62,2U,62,HP,0
AW33,IO_L18N_T2U_N11_AD2N_62,2U,62,HP,0
AV33,IO_L18P_T2U_N10_AD2P_62,2U,62,HP,0
AW34,IO_L17N_T2U_N9_AD10N_62,2U,62,HP,0
AV34,IO_L17P_T2U_N8_AD10P_62,2U,62,HP,0
AW36,IO_L16N_T2U_N7_QBC_AD3N_62,2U,62,HP,0
AW35,IO_L16P_T2U_N6_QBC_AD3P_62,2U,62,HP,0
BA33,IO_L15N_T2L_N5_AD11N_62,2L,62,HP,0
AY33,IO_L15P_T2L_N4_AD11P_62,2L,62,HP,0
AY36,IO_L14N_T2L_N3_GC_62,2L,62,HP,0
AY35,IO_L14P_T2L_N2_GC_62,2L,62,HP,0
BB34,IO_L13N_T2L_N1_GC_QBC_62,2L,62,HP,0
BA34,IO_L13P_T2L_N0_GC_QBC_62,2L,62,HP,0
BB35,IO_L12N_T1U_N11_GC_62,1U,62,HP,0
BA35,IO_L12P_T1U_N10_GC_62,1U,62,HP,0
BC36,IO_L11N_T1U_N9_GC_62,1U,62,HP,0
BB36,IO_L11P_T1U_N8_GC_62,1U,62,HP,0
BC37,IO_L10N_T1U_N7_QBC_AD4N_62,1U,62,HP,0
BB37,IO_L10P_T1U_N6_QBC_AD4P_62,1U,62,HP,0
BE36,IO_L9N_T1L_N5_AD12N_62,1L,62,HP,0
BD36,IO_L9P_T1L_N4_AD12P_62,1L,62,HP,0
BE35,IO_L8N_T1L_N3_AD5N_62,1L,62,HP,0
BD35,IO_L8P_T1L_N2_AD5P_62,1L,62,HP,0
BD34,IO_L7N_T1L_N1_QBC_AD13N_62,1L,62,HP,0
BC34,IO_L7P_T1L_N0_QBC_AD13P_62,1L,62,HP,0
BF35,IO_T1U_N12_62,1U,62,HP,0
BD38,IO_T0U_N12_VRP_62,0U,62,HP,0
BC38,IO_L6N_T0U_N11_AD6N_62,0U,62,HP,0
BB38,IO_L6P_T0U_N10_AD6P_62,0U,62,HP,0
BD39,IO_L5N_T0U_N9_AD14N_62,0U,62,HP,0
BC39,IO_L5P_T0U_N8_AD14P_62,0U,62,HP,0
BE40,IO_L4N_T0U_N7_DBC_AD7N_62,0U,62,HP,0
BD40,IO_L4P_T0U_N6_DBC_AD7P_62,0U,62,HP,0
BF37,IO_L3N_T0L_N5_AD15N_62,0L,62,HP,0
BE37,IO_L3P_T0L_N4_AD15P_62,0L,62,HP,0
BF38,IO_L2N_T0L_N3_62,0L,62,HP,0
BE38,IO_L2P_T0L_N2_62,0L,62,HP,0
BF40,IO_L1N_T0L_N1_DBC_62,0L,62,HP,0
BF39,IO_L1P_T0L_N0_DBC_62,0L,62,HP,0
AK33,VREF_62,NA,62,HP,0
AL30,IO_L24N_T3U_N11_61,3U,61,HP,0
AL29,IO_L24P_T3U_N10_61,3U,61,HP,0
AN31,IO_L23N_T3U_N9_61,3U,61,HP,0
AM31,IO_L23P_T3U_N8_61,3U,61,HP,0
AM30,IO_L22N_T3U_N7_DBC_AD0N_61,3U,61,HP,0
AM29,IO_L22P_T3U_N6_DBC_AD0P_61,3U,61,HP,0
AP29,IO_L21N_T3L_N5_AD8N_61,3L,61,HP,0
AN29,IO_L21P_T3L_N4_AD8P_61,3L,61,HP,0
AR30,IO_L20N_T3L_N3_AD1N_61,3L,61,HP,0
AP30,IO_L20P_T3L_N2_AD1P_61,3L,61,HP,0
AR31,IO_L19N_T3L_N1_DBC_AD9N_61,3L,61,HP,0
AP31,IO_L19P_T3L_N0_DBC_AD9P_61,3L,61,HP,0
AR32,IO_T3U_N12_61,3U,61,HP,0
AT32,IO_T2U_N12_61,2U,61,HP,0
AT30,IO_L18N_T2U_N11_AD2N_61,2U,61,HP,0
AT29,IO_L18P_T2U_N10_AD2P_61,2U,61,HP,0
AU31,IO_L17N_T2U_N9_AD10N_61,2U,61,HP,0
AU30,IO_L17P_T2U_N8_AD10P_61,2U,61,HP,0
AV29,IO_L16N_T2U_N7_QBC_AD3N_61,2U,61,HP,0
AU29,IO_L16P_T2U_N6_QBC_AD3P_61,2U,61,HP,0
AV32,IO_L15N_T2L_N5_AD11N_61,2L,61,HP,0
AU32,IO_L15P_T2L_N4_AD11P_61,2L,61,HP,0
AW31,IO_L14N_T2L_N3_GC_61,2L,61,HP,0
AV31,IO_L14P_T2L_N2_GC_61,2L,61,HP,0
AW30,IO_L13N_T2L_N1_GC_QBC_61,2L,61,HP,0
AW29,IO_L13P_T2L_N0_GC_QBC_61,2L,61,HP,0
AY32,IO_L12N_T1U_N11_GC_61,1U,61,HP,0
AY31,IO_L12P_T1U_N10_GC_61,1U,61,HP,0
BA30,IO_L11N_T1U_N9_GC_61,1U,61,HP,0
AY30,IO_L11P_T1U_N8_GC_61,1U,61,HP,0
BB32,IO_L10N_T1U_N7_QBC_AD4N_61,1U,61,HP,0
BA32,IO_L10P_T1U_N6_QBC_AD4P_61,1U,61,HP,0
BB29,IO_L9N_T1L_N5_AD12N_61,1L,61,HP,0
BA29,IO_L9P_T1L_N4_AD12P_61,1L,61,HP,0
BB31,IO_L8N_T1L_N3_AD5N_61,1L,61,HP,0
BB30,IO_L8P_T1L_N2_AD5P_61,1L,61,HP,0
BC32,IO_L7N_T1L_N1_QBC_AD13N_61,1L,61,HP,0
BC31,IO_L7P_T1L_N0_QBC_AD13P_61,1L,61,HP,0
BC33,IO_T1U_N12_61,1U,61,HP,0
BF34,IO_T0U_N12_VRP_61,0U,61,HP,0
BD29,IO_L6N_T0U_N11_AD6N_61,0U,61,HP,0
BC29,IO_L6P_T0U_N10_AD6P_61,0U,61,HP,0
BE33,IO_L5N_T0U_N9_AD14N_61,0U,61,HP,0
BD33,IO_L5P_T0U_N8_AD14P_61,0U,61,HP,0
BD31,IO_L4N_T0U_N7_DBC_AD7N_61,0U,61,HP,0
BD30,IO_L4P_T0U_N6_DBC_AD7P_61,0U,61,HP,0
BF30,IO_L3N_T0L_N5_AD15N_61,0L,61,HP,0
BE30,IO_L3P_T0L_N4_AD15P_61,0L,61,HP,0
BE32,IO_L2N_T0L_N3_61,0L,61,HP,0
BE31,IO_L2P_T0L_N2_61,0L,61,HP,0
BF33,IO_L1N_T0L_N1_DBC_61,0L,61,HP,0
BF32,IO_L1P_T0L_N0_DBC_61,0L,61,HP,0
AK30,VREF_61,NA,61,HP,0
A30,IO_L24N_T3U_N11_71,3U,71,HP,2
B30,IO_L24P_T3U_N10_71,3U,71,HP,2
A29,IO_L23N_T3U_N9_71,3U,71,HP,2
B29,IO_L23P_T3U_N8_71,3U,71,HP,2
A28,IO_L22N_T3U_N7_DBC_AD0N_71,3U,71,HP,2
A27,IO_L22P_T3U_N6_DBC_AD0P_71,3U,71,HP,2
D30,IO_L21N_T3L_N5_AD8N_71,3L,71,HP,2
E30,IO_L21P_T3L_N4_AD8P_71,3L,71,HP,2
C29,IO_L20N_T3L_N3_AD1N_71,3L,71,HP,2
D29,IO_L20P_T3L_N2_AD1P_71,3L,71,HP,2
B27,IO_L19N_T3L_N1_DBC_AD9N_71,3L,71,HP,2
C27,IO_L19P_T3L_N0_DBC_AD9P_71,3L,71,HP,2
C28,IO_T3U_N12_71,3U,71,HP,2
E26,IO_T2U_N12_71,2U,71,HP,2
D28,IO_L18N_T2U_N11_AD2N_71,2U,71,HP,2
E28,IO_L18P_T2U_N10_AD2P_71,2U,71,HP,2
E27,IO_L17N_T2U_N9_AD10N_71,2U,71,HP,2
F27,IO_L17P_T2U_N8_AD10P_71,2U,71,HP,2
F29,IO_L16N_T2U_N7_QBC_AD3N_71,2U,71,HP,2
F28,IO_L16P_T2U_N6_QBC_AD3P_71,2U,71,HP,2
G29,IO_L15N_T2L_N5_AD11N_71,2L,71,HP,2
H29,IO_L15P_T2L_N4_AD11P_71,2L,71,HP,2
G27,IO_L14N_T2L_N3_GC_71,2L,71,HP,2
G26,IO_L14P_T2L_N2_GC_71,2L,71,HP,2
H26,IO_L13N_T2L_N1_GC_QBC_71,2L,71,HP,2
J26,IO_L13P_T2L_N0_GC_QBC_71,2L,71,HP,2
J29,IO_L12N_T1U_N11_GC_71,1U,71,HP,2
J28,IO_L12P_T1U_N10_GC_71,1U,71,HP,2
H28,IO_L11N_T1U_N9_GC_71,1U,71,HP,2
H27,IO_L11P_T1U_N8_GC_71,1U,71,HP,2
K27,IO_L10N_T1U_N7_QBC_AD4N_71,1U,71,HP,2
K26,IO_L10P_T1U_N6_QBC_AD4P_71,1U,71,HP,2
L27,IO_L9N_T1L_N5_AD12N_71,1L,71,HP,2
M27,IO_L9P_T1L_N4_AD12P_71,1L,71,HP,2
K28,IO_L8N_T1L_N3_AD5N_71,1L,71,HP,2
L28,IO_L8P_T1L_N2_AD5P_71,1L,71,HP,2
L29,IO_L7N_T1L_N1_QBC_AD13N_71,1L,71,HP,2
M29,IO_L7P_T1L_N0_QBC_AD13P_71,1L,71,HP,2
M26,IO_T1U_N12_71,1U,71,HP,2
N27,IO_T0U_N12_VRP_71,0U,71,HP,2
N26,IO_L6N_T0U_N11_AD6N_71,0U,71,HP,2
P26,IO_L6P_T0U_N10_AD6P_71,0U,71,HP,2
N28,IO_L5N_T0U_N9_AD14N_71,0U,71,HP,2
P28,IO_L5P_T0U_N8_AD14P_71,0U,71,HP,2
N29,IO_L4N_T0U_N7_DBC_AD7N_71,0U,71,HP,2
P29,IO_L4P_T0U_N6_DBC_AD7P_71,0U,71,HP,2
R26,IO_L3N_T0L_N5_AD15N_71,0L,71,HP,2
T26,IO_L3P_T0L_N4_AD15P_71,0L,71,HP,2
R27,IO_L2N_T0L_N3_71,0L,71,HP,2
T27,IO_L2P_T0L_N2_71,0L,71,HP,2
R28,IO_L1N_T0L_N1_DBC_71,0L,71,HP,2
T28,IO_L1P_T0L_N0_DBC_71,0L,71,HP,2
T29,VREF_71,NA,71,HP,2
C31,IO_L24N_T3U_N11_70,3U,70,HP,2
D31,IO_L24P_T3U_N10_70,3U,70,HP,2
B32,IO_L23N_T3U_N9_70,3U,70,HP,2
C32,IO_L23P_T3U_N8_70,3U,70,HP,2
A33,IO_L22N_T3U_N7_DBC_AD0N_70,3U,70,HP,2
A32,IO_L22P_T3U_N6_DBC_AD0P_70,3U,70,HP,2
C33,IO_L21N_T3L_N5_AD8N_70,3L,70,HP,2
D33,IO_L21P_T3L_N4_AD8P_70,3L,70,HP,2
C34,IO_L20N_T3L_N3_AD1N_70,3L,70,HP,2
D34,IO_L20P_T3L_N2_AD1P_70,3L,70,HP,2
A34,IO_L19N_T3L_N1_DBC_AD9N_70,3L,70,HP,2
B34,IO_L19P_T3L_N0_DBC_AD9P_70,3L,70,HP,2
B31,IO_T3U_N12_70,3U,70,HP,2
E37,IO_T2U_N12_70,2U,70,HP,2
D35,IO_L18N_T2U_N11_AD2N_70,2U,70,HP,2
E35,IO_L18P_T2U_N10_AD2P_70,2U,70,HP,2
A35,IO_L17N_T2U_N9_AD10N_70,2U,70,HP,2
B35,IO_L17P_T2U_N8_AD10P_70,2U,70,HP,2
B37,IO_L16N_T2U_N7_QBC_AD3N_70,2U,70,HP,2
B36,IO_L16P_T2U_N6_QBC_AD3P_70,2U,70,HP,2
A38,IO_L15N_T2L_N5_AD11N_70,2L,70,HP,2
A37,IO_L15P_T2L_N4_AD11P_70,2L,70,HP,2
D36,IO_L14N_T2L_N3_GC_70,2L,70,HP,2
E36,IO_L14P_T2L_N2_GC_70,2L,70,HP,2
C37,IO_L13N_T2L_N1_GC_QBC_70,2L,70,HP,2
C36,IO_L13P_T2L_N0_GC_QBC_70,2L,70,HP,2
C39,IO_L12N_T1U_N11_GC_70,1U,70,HP,2
C38,IO_L12P_T1U_N10_GC_70,1U,70,HP,2
D38,IO_L11N_T1U_N9_GC_70,1U,70,HP,2
E38,IO_L11P_T1U_N8_GC_70,1U,70,HP,2
A39,IO_L10N_T1U_N7_QBC_AD4N_70,1U,70,HP,2
B39,IO_L10P_T1U_N6_QBC_AD4P_70,1U,70,HP,2
A40,IO_L9N_T1L_N5_AD12N_70,1L,70,HP,2
B40,IO_L9P_T1L_N4_AD12P_70,1L,70,HP,2
D39,IO_L8N_T1L_N3_AD5N_70,1L,70,HP,2
E39,IO_L8P_T1L_N2_AD5P_70,1L,70,HP,2
D40,IO_L7N_T1L_N1_QBC_AD13N_70,1L,70,HP,2
E40,IO_L7P_T1L_N0_QBC_AD13P_70,1L,70,HP,2
F38,IO_T1U_N12_70,1U,70,HP,2
G35,IO_T0U_N12_VRP_70,0U,70,HP,2
F35,IO_L6N_T0U_N11_AD6N_70,0U,70,HP,2
F34,IO_L6P_T0U_N10_AD6P_70,0U,70,HP,2
G34,IO_L5N_T0U_N9_AD14N_70,0U,70,HP,2
H34,IO_L5P_T0U_N8_AD14P_70,0U,70,HP,2
G36,IO_L4N_T0U_N7_DBC_AD7N_70,0U,70,HP,2
H36,IO_L4P_T0U_N6_DBC_AD7P_70,0U,70,HP,2
J36,IO_L3N_T0L_N5_AD15N_70,0L,70,HP,2
J35,IO_L3P_T0L_N4_AD15P_70,0L,70,HP,2
F37,IO_L2N_T0L_N3_70,0L,70,HP,2
G37,IO_L2P_T0L_N2_70,0L,70,HP,2
H38,IO_L1N_T0L_N1_DBC_70,0L,70,HP,2
H37,IO_L1P_T0L_N0_DBC_70,0L,70,HP,2
J34,VREF_70,NA,70,HP,2
E33,IO_L24N_T3U_N11_69,3U,69,HP,2
F33,IO_L24P_T3U_N10_69,3U,69,HP,2
E32,IO_L23N_T3U_N9_69,3U,69,HP,2
F32,IO_L23P_T3U_N8_69,3U,69,HP,2
H33,IO_L22N_T3U_N7_DBC_AD0N_69,3U,69,HP,2
J33,IO_L22P_T3U_N6_DBC_AD0P_69,3U,69,HP,2
G32,IO_L21N_T3L_N5_AD8N_69,3L,69,HP,2
H32,IO_L21P_T3L_N4_AD8P_69,3L,69,HP,2
G31,IO_L20N_T3L_N3_AD1N_69,3L,69,HP,2
H31,IO_L20P_T3L_N2_AD1P_69,3L,69,HP,2
F30,IO_L19N_T3L_N1_DBC_AD9N_69,3L,69,HP,2
G30,IO_L19P_T3L_N0_DBC_AD9P_69,3L,69,HP,2
E31,IO_T3U_N12_69,3U,69,HP,2
K34,IO_T2U_N12_69,2U,69,HP,2
K33,IO_L18N_T2U_N11_AD2N_69,2U,69,HP,2
L33,IO_L18P_T2U_N10_AD2P_69,2U,69,HP,2
J31,IO_L17N_T2U_N9_AD10N_69,2U,69,HP,2
K31,IO_L17P_T2U_N8_AD10P_69,2U,69,HP,2
J30,IO_L16N_T2U_N7_QBC_AD3N_69,2U,69,HP,2
K30,IO_L16P_T2U_N6_QBC_AD3P_69,2U,69,HP,2
L30,IO_L15N_T2L_N5_AD11N_69,2L,69,HP,2
M30,IO_L15P_T2L_N4_AD11P_69,2L,69,HP,2
K32,IO_L14N_T2L_N3_GC_69,2L,69,HP,2
L32,IO_L14P_T2L_N2_GC_69,2L,69,HP,2
M32,IO_L13N_T2L_N1_GC_QBC_69,2L,69,HP,2
M31,IO_L13P_T2L_N0_GC_QBC_69,2L,69,HP,2
N33,IO_L12N_T1U_N11_GC_69,1U,69,HP,2
N32,IO_L12P_T1U_N10_GC_69,1U,69,HP,2
N31,IO_L11N_T1U_N9_GC_69,1U,69,HP,2
P31,IO_L11P_T1U_N8_GC_69,1U,69,HP,2
L34,IO_L10N_T1U_N7_QBC_AD4N_69,1U,69,HP,2
M34,IO_L10P_T1U_N6_QBC_AD4P_69,1U,69,HP,2
N34,IO_L9N_T1L_N5_AD12N_69,1L,69,HP,2
P34,IO_L9P_T1L_N4_AD12P_69,1L,69,HP,2
R32,IO_L8N_T1L_N3_AD5N_69,1L,69,HP,2
R31,IO_L8P_T1L_N2_AD5P_69,1L,69,HP,2
P30,IO_L7N_T1L_N1_QBC_AD13N_69,1L,69,HP,2
R30,IO_L7P_T1L_N0_QBC_AD13P_69,1L,69,HP,2
P33,IO_T1U_N12_69,1U,69,HP,2
V34,IO_T0U_N12_VRP_69,0U,69,HP,2
T30,IO_L6N_T0U_N11_AD6N_69,0U,69,HP,2
U30,IO_L6P_T0U_N10_AD6P_69,0U,69,HP,2
U31,IO_L5N_T0U_N9_AD14N_69,0U,69,HP,2
V31,IO_L5P_T0U_N8_AD14P_69,0U,69,HP,2
V33,IO_L4N_T0U_N7_DBC_AD7N_69,0U,69,HP,2
V32,IO_L4P_T0U_N6_DBC_AD7P_69,0U,69,HP,2
T32,IO_L3N_T0L_N5_AD15N_69,0L,69,HP,2
U32,IO_L3P_T0L_N4_AD15P_69,0L,69,HP,2
R33,IO_L2N_T0L_N3_69,0L,69,HP,2
T33,IO_L2P_T0L_N2_69,0L,69,HP,2
T34,IO_L1N_T0L_N1_DBC_69,0L,69,HP,2
U34,IO_L1P_T0L_N0_DBC_69,0L,69,HP,2
U29,VREF_69,NA,69,HP,2
BA8,IO_L12N_T1U_N11_GC_68,1U,68,HP,2
BA9,IO_L12P_T1U_N10_GC_68,1U,68,HP,2
BC9,IO_L11N_T1U_N9_GC_68,1U,68,HP,2
BB9,IO_L11P_T1U_N8_GC_68,1U,68,HP,2
BB7,IO_L10N_T1U_N7_QBC_AD4N_68,1U,68,HP,2
BA7,IO_L10P_T1U_N6_QBC_AD4P_68,1U,68,HP,2
BC7,IO_L9N_T1L_N5_AD12N_68,1L,68,HP,2
BC8,IO_L9P_T1L_N4_AD12P_68,1L,68,HP,2
BB10,IO_L8N_T1L_N3_AD5N_68,1L,68,HP,2
BB11,IO_L8P_T1L_N2_AD5P_68,1L,68,HP,2
BC11,IO_L7N_T1L_N1_QBC_AD13N_68,1L,68,HP,2
BC12,IO_L7P_T1L_N0_QBC_AD13P_68,1L,68,HP,2
BD11,IO_T1U_N12_68,1U,68,HP,2
BD10,IO_T0U_N12_VRP_68,0U,68,HP,2
BD8,IO_L6N_T0U_N11_AD6N_68,0U,68,HP,2
BD9,IO_L6P_T0U_N10_AD6P_68,0U,68,HP,2
BF12,IO_L5N_T0U_N9_AD14N_68,0U,68,HP,2
BE12,IO_L5P_T0U_N8_AD14P_68,0U,68,HP,2
BE10,IO_L4N_T0U_N7_DBC_AD7N_68,0U,68,HP,2
BE11,IO_L4P_T0U_N6_DBC_AD7P_68,0U,68,HP,2
BF9,IO_L3N_T0L_N5_AD15N_68,0L,68,HP,2
BF10,IO_L3P_T0L_N4_AD15P_68,0L,68,HP,2
BF8,IO_L2N_T0L_N3_68,0L,68,HP,2
BE8,IO_L2P_T0L_N2_68,0L,68,HP,2
BF7,IO_L1N_T0L_N1_DBC_68,0L,68,HP,2
BE7,IO_L1P_T0L_N0_DBC_68,0L,68,HP,2
BA10,VREF_68,NA,68,HP,2
A25,IO_L24N_T3U_N11_74,3U,74,HP,3
B25,IO_L24P_T3U_N10_74,3U,74,HP,3
A24,IO_L23N_T3U_N9_74,3U,74,HP,3
B24,IO_L23P_T3U_N8_74,3U,74,HP,3
A22,IO_L22N_T3U_N7_DBC_AD0N_74,3U,74,HP,3
A23,IO_L22P_T3U_N6_DBC_AD0P_74,3U,74,HP,3
B26,IO_L21N_T3L_N5_AD8N_74,3L,74,HP,3
C26,IO_L21P_T3L_N4_AD8P_74,3L,74,HP,3
C23,IO_L20N_T3L_N3_AD1N_74,3L,74,HP,3
C24,IO_L20P_T3L_N2_AD1P_74,3L,74,HP,3
B22,IO_L19N_T3L_N1_DBC_AD9N_74,3L,74,HP,3
C22,IO_L19P_T3L_N0_DBC_AD9P_74,3L,74,HP,3
D26,IO_T3U_N12_74,3U,74,HP,3
F25,IO_T2U_N12_74,2U,74,HP,3
D25,IO_L18N_T2U_N11_AD2N_74,2U,74,HP,3
E25,IO_L18P_T2U_N10_AD2P_74,2U,74,HP,3
D23,IO_L17N_T2U_N9_AD10N_74,2U,74,HP,3
D24,IO_L17P_T2U_N8_AD10P_74,2U,74,HP,3
E22,IO_L16N_T2U_N7_QBC_AD3N_74,2U,74,HP,3
E23,IO_L16P_T2U_N6_QBC_AD3P_74,2U,74,HP,3
F22,IO_L15N_T2L_N5_AD11N_74,2L,74,HP,3
G22,IO_L15P_T2L_N4_AD11P_74,2L,74,HP,3
F23,IO_L14N_T2L_N3_GC_74,2L,74,HP,3
F24,IO_L14P_T2L_N2_GC_74,2L,74,HP,3
G24,IO_L13N_T2L_N1_GC_QBC_74,2L,74,HP,3
G25,IO_L13P_T2L_N0_GC_QBC_74,2L,74,HP,3
H24,IO_L12N_T1U_N11_GC_74,1U,74,HP,3
J24,IO_L12P_T1U_N10_GC_74,1U,74,HP,3
H23,IO_L11N_T1U_N9_GC_74,1U,74,HP,3
J23,IO_L11P_T1U_N8_GC_74,1U,74,HP,3
J25,IO_L10N_T1U_N7_QBC_AD4N_74,1U,74,HP,3
K25,IO_L10P_T1U_N6_QBC_AD4P_74,1U,74,HP,3
K23,IO_L9N_T1L_N5_AD12N_74,1L,74,HP,3
L23,IO_L9P_T1L_N4_AD12P_74,1L,74,HP,3
K22,IO_L8N_T1L_N3_AD5N_74,1L,74,HP,3
L22,IO_L8P_T1L_N2_AD5P_74,1L,74,HP,3
L24,IO_L7N_T1L_N1_QBC_AD13N_74,1L,74,HP,3
L25,IO_L7P_T1L_N0_QBC_AD13P_74,1L,74,HP,3
H22,IO_T1U_N12_74,1U,74,HP,3
R23,IO_T0U_N12_VRP_74,0U,74,HP,3
P25,IO_L6N_T0U_N11_AD6N_74,0U,74,HP,3
R25,IO_L6P_T0U_N10_AD6P_74,0U,74,HP,3
M24,IO_L5N_T0U_N9_AD14N_74,0U,74,HP,3
M25,IO_L5P_T0U_N8_AD14P_74,0U,74,HP,3
N24,IO_L4N_T0U_N7_DBC_AD7N_74,0U,74,HP,3
P24,IO_L4P_T0U_N6_DBC_AD7P_74,0U,74,HP,3
N23,IO_L3N_T0L_N5_AD15N_74,0L,74,HP,3
P23,IO_L3P_T0L_N4_AD15P_74,0L,74,HP,3
M22,IO_L2N_T0L_N3_74,0L,74,HP,3
N22,IO_L2P_T0L_N2_74,0L,74,HP,3
P21,IO_L1N_T0L_N1_DBC_74,0L,74,HP,3
R21,IO_L1P_T0L_N0_DBC_74,0L,74,HP,3
R22,VREF_74,NA,74,HP,3
A20,IO_L24N_T3U_N11_73,3U,73,HP,3
B20,IO_L24P_T3U_N10_73,3U,73,HP,3
A19,IO_L23N_T3U_N9_73,3U,73,HP,3
B19,IO_L23P_T3U_N8_73,3U,73,HP,3
C18,IO_L22N_T3U_N7_DBC_AD0N_73,3U,73,HP,3
D18,IO_L22P_T3U_N6_DBC_AD0P_73,3U,73,HP,3
B21,IO_L21N_T3L_N5_AD8N_73,3L,73,HP,3
C21,IO_L21P_T3L_N4_AD8P_73,3L,73,HP,3
D20,IO_L20N_T3L_N3_AD1N_73,3L,73,HP,3
D21,IO_L20P_T3L_N2_AD1P_73,3L,73,HP,3
C19,IO_L19N_T3L_N1_DBC_AD9N_73,3L,73,HP,3
D19,IO_L19P_T3L_N0_DBC_AD9P_73,3L,73,HP,3
A18,IO_T3U_N12_73,3U,73,HP,3
G21,IO_T2U_N12_73,2U,73,HP,3
F17,IO_L18N_T2U_N11_AD2N_73,2U,73,HP,3
F18,IO_L18P_T2U_N10_AD2P_73,2U,73,HP,3
E20,IO_L17N_T2U_N9_AD10N_73,2U,73,HP,3
E21,IO_L17P_T2U_N8_AD10P_73,2U,73,HP,3
E17,IO_L16N_T2U_N7_QBC_AD3N_73,2U,73,HP,3
E18,IO_L16P_T2U_N6_QBC_AD3P_73,2U,73,HP,3
F19,IO_L15N_T2L_N5_AD11N_73,2L,73,HP,3
F20,IO_L15P_T2L_N4_AD11P_73,2L,73,HP,3
G19,IO_L14N_T2L_N3_GC_73,2L,73,HP,3
G20,IO_L14P_T2L_N2_GC_73,2L,73,HP,3
H18,IO_L13N_T2L_N1_GC_QBC_73,2L,73,HP,3
H19,IO_L13P_T2L_N0_GC_QBC_73,2L,73,HP,3
J19,IO_L12N_T1U_N11_GC_73,1U,73,HP,3
J20,IO_L12P_T1U_N10_GC_73,1U,73,HP,3
J18,IO_L11N_T1U_N9_GC_73,1U,73,HP,3
K18,IO_L11P_T1U_N8_GC_73,1U,73,HP,3
H21,IO_L10N_T1U_N7_QBC_AD4N_73,1U,73,HP,3
J21,IO_L10P_T1U_N6_QBC_AD4P_73,1U,73,HP,3
K20,IO_L9N_T1L_N5_AD12N_73,1L,73,HP,3
L20,IO_L9P_T1L_N4_AD12P_73,1L,73,HP,3
L18,IO_L8N_T1L_N3_AD5N_73,1L,73,HP,3
L19,IO_L8P_T1L_N2_AD5P_73,1L,73,HP,3
K17,IO_L7N_T1L_N1_QBC_AD13N_73,1L,73,HP,3
L17,IO_L7P_T1L_N0_QBC_AD13P_73,1L,73,HP,3
K21,IO_T1U_N12_73,1U,73,HP,3
R18,IO_T0U_N12_VRP_73,0U,73,HP,3
M21,IO_L6N_T0U_N11_AD6N_73,0U,73,HP,3
N21,IO_L6P_T0U_N10_AD6P_73,0U,73,HP,3
P20,IO_L5N_T0U_N9_AD14N_73,0U,73,HP,3
R20,IO_L5P_T0U_N8_AD14P_73,0U,73,HP,3
N19,IO_L4N_T0U_N7_DBC_AD7N_73,0U,73,HP,3
P19,IO_L4P_T0U_N6_DBC_AD7P_73,0U,73,HP,3
M19,IO_L3N_T0L_N5_AD15N_73,0L,73,HP,3
M20,IO_L3P_T0L_N4_AD15P_73,0L,73,HP,3
N18,IO_L2N_T0L_N3_73,0L,73,HP,3
P18,IO_L2P_T0L_N2_73,0L,73,HP,3
M17,IO_L1N_T0L_N1_DBC_73,0L,73,HP,3
N17,IO_L1P_T0L_N0_DBC_73,0L,73,HP,3
R17,VREF_73,NA,73,HP,3
A17,IO_L24N_T3U_N11_72,3U,72,HP,3
B17,IO_L24P_T3U_N10_72,3U,72,HP,3
B16,IO_L23N_T3U_N9_72,3U,72,HP,3
C16,IO_L23P_T3U_N8_72,3U,72,HP,3
A15,IO_L22N_T3U_N7_DBC_AD0N_72,3U,72,HP,3
B15,IO_L22P_T3U_N6_DBC_AD0P_72,3U,72,HP,3
A13,IO_L21N_T3L_N5_AD8N_72,3L,72,HP,3
A14,IO_L21P_T3L_N4_AD8P_72,3L,72,HP,3
B14,IO_L20N_T3L_N3_AD1N_72,3L,72,HP,3
C14,IO_L20P_T3L_N2_AD1P_72,3L,72,HP,3
C13,IO_L19N_T3L_N1_DBC_AD9N_72,3L,72,HP,3
D13,IO_L19P_T3L_N0_DBC_AD9P_72,3L,72,HP,3
C17,IO_T3U_N12_72,3U,72,HP,3
D14,IO_T2U_N12_72,2U,72,HP,3
D16,IO_L18N_T2U_N11_AD2N_72,2U,72,HP,3
E16,IO_L18P_T2U_N10_AD2P_72,2U,72,HP,3
D15,IO_L17N_T2U_N9_AD10N_72,2U,72,HP,3
E15,IO_L17P_T2U_N8_AD10P_72,2U,72,HP,3
G16,IO_L16N_T2U_N7_QBC_AD3N_72,2U,72,HP,3
G17,IO_L16P_T2U_N6_QBC_AD3P_72,2U,72,HP,3
E13,IO_L15N_T2L_N5_AD11N_72,2L,72,HP,3
F13,IO_L15P_T2L_N4_AD11P_72,2L,72,HP,3
F15,IO_L14N_T2L_N3_GC_72,2L,72,HP,3
G15,IO_L14P_T2L_N2_GC_72,2L,72,HP,3
F14,IO_L13N_T2L_N1_GC_QBC_72,2L,72,HP,3
G14,IO_L13P_T2L_N0_GC_QBC_72,2L,72,HP,3
J15,IO_L12N_T1U_N11_GC_72,1U,72,HP,3
J16,IO_L12P_T1U_N10_GC_72,1U,72,HP,3
H14,IO_L11N_T1U_N9_GC_72,1U,72,HP,3
J14,IO_L11P_T1U_N8_GC_72,1U,72,HP,3
H16,IO_L10N_T1U_N7_QBC_AD4N_72,1U,72,HP,3
H17,IO_L10P_T1U_N6_QBC_AD4P_72,1U,72,HP,3
H13,IO_L9N_T1L_N5_AD12N_72,1L,72,HP,3
J13,IO_L9P_T1L_N4_AD12P_72,1L,72,HP,3
K15,IO_L8N_T1L_N3_AD5N_72,1L,72,HP,3
K16,IO_L8P_T1L_N2_AD5P_72,1L,72,HP,3
K13,IO_L7N_T1L_N1_QBC_AD13N_72,1L,72,HP,3
L13,IO_L7P_T1L_N0_QBC_AD13P_72,1L,72,HP,3
L15,IO_T1U_N12_72,1U,72,HP,3
M15,IO_T0U_N12_VRP_72,0U,72,HP,3
M16,IO_L6N_T0U_N11_AD6N_72,0U,72,HP,3
N16,IO_L6P_T0U_N10_AD6P_72,0U,72,HP,3
L14,IO_L5N_T0U_N9_AD14N_72,0U,72,HP,3
M14,IO_L5P_T0U_N8_AD14P_72,0U,72,HP,3
P16,IO_L4N_T0U_N7_DBC_AD7N_72,0U,72,HP,3
R16,IO_L4P_T0U_N6_DBC_AD7P_72,0U,72,HP,3
P15,IO_L3N_T0L_N5_AD15N_72,0L,72,HP,3
R15,IO_L3P_T0L_N4_AD15P_72,0L,72,HP,3
N14,IO_L2N_T0L_N3_72,0L,72,HP,3
P14,IO_L2P_T0L_N2_72,0L,72,HP,3
N13,IO_L1N_T0L_N1_DBC_72,0L,72,HP,3
P13,IO_L1P_T0L_N0_DBC_72,0L,72,HP,3
R13,VREF_72,NA,72,HP,3
AW41,MGTYTXN3_124,NA,124,GTY,1
AW40,MGTYTXP3_124,NA,124,GTY,1
AV43,MGTYRXP3_124,NA,124,GTY,1
AV44,MGTYRXN3_124,NA,124,GTY,1
AY39,MGTREFCLK1N_124,NA,124,GTY,1
AY38,MGTREFCLK1P_124,NA,124,GTY,1
BB43,MGTYTXN2_124,NA,124,GTY,1
BB42,MGTYTXP2_124,NA,124,GTY,1
AW45,MGTYRXP2_124,NA,124,GTY,1
AW46,MGTYRXN2_124,NA,124,GTY,1
BD43,MGTYTXN1_124,NA,124,GTY,1
BD42,MGTYTXP1_124,NA,124,GTY,1
BA45,MGTYRXP1_124,NA,124,GTY,1
BA46,MGTYRXN1_124,NA,124,GTY,1
BA41,MGTREFCLK0N_124,NA,124,GTY,1
BA40,MGTREFCLK0P_124,NA,124,GTY,1
BF43,MGTYTXN0_124,NA,124,GTY,1
BF42,MGTYTXP0_124,NA,124,GTY,1
BC45,MGTYRXP0_124,NA,124,GTY,1
BC46,MGTYRXN0_124,NA,124,GTY,1
AP39,MGTYTXN3_125,NA,125,GTY,1
AP38,MGTYTXP3_125,NA,125,GTY,1
AP43,MGTYRXP3_125,NA,125,GTY,1
AP44,MGTYRXN3_125,NA,125,GTY,1
AU37,MGTREFCLK1N_125,NA,125,GTY,1
AU36,MGTREFCLK1P_125,NA,125,GTY,1
AR41,MGTYTXN2_125,NA,125,GTY,1
AR40,MGTYTXP2_125,NA,125,GTY,1
AR45,MGTYRXP2_125,NA,125,GTY,1
AR46,MGTYRXN2_125,NA,125,GTY,1
BE42,MGTAVTTRCAL_LS,NA,NA,NA,1
BE43,MGTRREF_LS,NA,NA,NA,1
AT39,MGTYTXN1_125,NA,125,GTY,1
AT38,MGTYTXP1_125,NA,125,GTY,1
AT43,MGTYRXP1_125,NA,125,GTY,1
AT44,MGTYRXN1_125,NA,125,GTY,1
AV39,MGTREFCLK0N_125,NA,125,GTY,1
AV38,MGTREFCLK0P_125,NA,125,GTY,1
AU41,MGTYTXN0_125,NA,125,GTY,1
AU40,MGTYTXP0_125,NA,125,GTY,1
AU45,MGTYRXP0_125,NA,125,GTY,1
AU46,MGTYRXN0_125,NA,125,GTY,1
AK39,MGTYTXN3_126,NA,126,GTY,1
AK38,MGTYTXP3_126,NA,126,GTY,1
AK43,MGTYRXP3_126,NA,126,GTY,1
AK44,MGTYRXN3_126,NA,126,GTY,1
AN37,MGTREFCLK1N_126,NA,126,GTY,1
AN36,MGTREFCLK1P_126,NA,126,GTY,1
AL41,MGTYTXN2_126,NA,126,GTY,1
AL40,MGTYTXP2_126,NA,126,GTY,1
AL45,MGTYRXP2_126,NA,126,GTY,1
AL46,MGTYRXN2_126,NA,126,GTY,1
AM39,MGTYTXN1_126,NA,126,GTY,1
AM38,MGTYTXP1_126,NA,126,GTY,1
AM43,MGTYRXP1_126,NA,126,GTY,1
AM44,MGTYRXN1_126,NA,126,GTY,1
AR37,MGTREFCLK0N_126,NA,126,GTY,1
AR36,MGTREFCLK0P_126,NA,126,GTY,1
AN41,MGTYTXN0_126,NA,126,GTY,1
AN40,MGTYTXP0_126,NA,126,GTY,1
AN45,MGTYRXP0_126,NA,126,GTY,1
AN46,MGTYRXN0_126,NA,126,GTY,1
AF39,MGTYTXN3_127,NA,127,GTY,1
AF38,MGTYTXP3_127,NA,127,GTY,1
AF43,MGTYRXP3_127,NA,127,GTY,1
AF44,MGTYRXN3_127,NA,127,GTY,1
AJ37,MGTREFCLK1N_127,NA,127,GTY,1
AJ36,MGTREFCLK1P_127,NA,127,GTY,1
AG41,MGTYTXN2_127,NA,127,GTY,1
AG40,MGTYTXP2_127,NA,127,GTY,1
AG45,MGTYRXP2_127,NA,127,GTY,1
AG46,MGTYRXN2_127,NA,127,GTY,1
AH39,MGTYTXN1_127,NA,127,GTY,1
AH38,MGTYTXP1_127,NA,127,GTY,1
AH43,MGTYRXP1_127,NA,127,GTY,1
AH44,MGTYRXN1_127,NA,127,GTY,1
AL37,MGTREFCLK0N_127,NA,127,GTY,1
AL36,MGTREFCLK0P_127,NA,127,GTY,1
AJ41,MGTYTXN0_127,NA,127,GTY,1
AJ40,MGTYTXP0_127,NA,127,GTY,1
AJ45,MGTYRXP0_127,NA,127,GTY,1
AJ46,MGTYRXN0_127,NA,127,GTY,1
AB39,MGTYTXN3_128,NA,128,GTY,2
AB38,MGTYTXP3_128,NA,128,GTY,2
AB43,MGTYRXP3_128,NA,128,GTY,2
AB44,MGTYRXN3_128,NA,128,GTY,2
AE37,MGTREFCLK1N_128,NA,128,GTY,2
AE36,MGTREFCLK1P_128,NA,128,GTY,2
AC41,MGTYTXN2_128,NA,128,GTY,2
AC40,MGTYTXP2_128,NA,128,GTY,2
AC45,MGTYRXP2_128,NA,128,GTY,2
AC46,MGTYRXN2_128,NA,128,GTY,2
AD39,MGTYTXN1_128,NA,128,GTY,2
AD38,MGTYTXP1_128,NA,128,GTY,2
AD43,MGTYRXP1_128,NA,128,GTY,2
AD44,MGTYRXN1_128,NA,128,GTY,2
AG37,MGTREFCLK0N_128,NA,128,GTY,2
AG36,MGTREFCLK0P_128,NA,128,GTY,2
AE41,MGTYTXN0_128,NA,128,GTY,2
AE40,MGTYTXP0_128,NA,128,GTY,2
AE45,MGTYRXP0_128,NA,128,GTY,2
AE46,MGTYRXN0_128,NA,128,GTY,2
V39,MGTYTXN3_129,NA,129,GTY,2
V38,MGTYTXP3_129,NA,129,GTY,2
V43,MGTYRXP3_129,NA,129,GTY,2
V44,MGTYRXN3_129,NA,129,GTY,2
AA37,MGTREFCLK1N_129,NA,129,GTY,2
AA36,MGTREFCLK1P_129,NA,129,GTY,2
W41,MGTYTXN2_129,NA,129,GTY,2
W40,MGTYTXP2_129,NA,129,GTY,2
W45,MGTYRXP2_129,NA,129,GTY,2
W46,MGTYRXN2_129,NA,129,GTY,2
B42,MGTAVTTRCAL_LC,NA,NA,NA,2
B43,MGTRREF_LC,NA,NA,NA,2
Y39,MGTYTXN1_129,NA,129,GTY,2
Y38,MGTYTXP1_129,NA,129,GTY,2
Y43,MGTYRXP1_129,NA,129,GTY,2
Y44,MGTYRXN1_129,NA,129,GTY,2
AC37,MGTREFCLK0N_129,NA,129,GTY,2
AC36,MGTREFCLK0P_129,NA,129,GTY,2
AA41,MGTYTXN0_129,NA,129,GTY,2
AA40,MGTYTXP0_129,NA,129,GTY,2
AA45,MGTYRXP0_129,NA,129,GTY,2
AA46,MGTYRXN0_129,NA,129,GTY,2
P39,MGTYTXN3_130,NA,130,GTY,2
P38,MGTYTXP3_130,NA,130,GTY,2
P43,MGTYRXP3_130,NA,130,GTY,2
P44,MGTYRXN3_130,NA,130,GTY,2
U37,MGTREFCLK1N_130,NA,130,GTY,2
U36,MGTREFCLK1P_130,NA,130,GTY,2
R41,MGTYTXN2_130,NA,130,GTY,2
R40,MGTYTXP2_130,NA,130,GTY,2
R45,MGTYRXP2_130,NA,130,GTY,2
R46,MGTYRXN2_130,NA,130,GTY,2
T39,MGTYTXN1_130,NA,130,GTY,2
T38,MGTYTXP1_130,NA,130,GTY,2
T43,MGTYRXP1_130,NA,130,GTY,2
T44,MGTYRXN1_130,NA,130,GTY,2
W37,MGTREFCLK0N_130,NA,130,GTY,2
W36,MGTREFCLK0P_130,NA,130,GTY,2
U41,MGTYTXN0_130,NA,130,GTY,2
U40,MGTYTXP0_130,NA,130,GTY,2
U45,MGTYRXP0_130,NA,130,GTY,2
U46,MGTYRXN0_130,NA,130,GTY,2
J41,MGTYTXN3_131,NA,131,GTY,2
J40,MGTYTXP3_131,NA,131,GTY,2
K43,MGTYRXP3_131,NA,131,GTY,2
K44,MGTYRXN3_131,NA,131,GTY,2
N37,MGTREFCLK1N_131,NA,131,GTY,2
N36,MGTREFCLK1P_131,NA,131,GTY,2
L41,MGTYTXN2_131,NA,131,GTY,2
L40,MGTYTXP2_131,NA,131,GTY,2
L45,MGTYRXP2_131,NA,131,GTY,2
L46,MGTYRXN2_131,NA,131,GTY,2
M39,MGTYTXN1_131,NA,131,GTY,2
M38,MGTYTXP1_131,NA,131,GTY,2
M43,MGTYRXP1_131,NA,131,GTY,2
M44,MGTYRXN1_131,NA,131,GTY,2
R37,MGTREFCLK0N_131,NA,131,GTY,2
R36,MGTREFCLK0P_131,NA,131,GTY,2
N41,MGTYTXN0_131,NA,131,GTY,2
N40,MGTYTXP0_131,NA,131,GTY,2
N45,MGTYRXP0_131,NA,131,GTY,2
N46,MGTYRXN0_131,NA,131,GTY,2
A43,MGTYTXN3_133,NA,133,GTY,3
A42,MGTYTXP3_133,NA,133,GTY,3
D45,MGTYRXP3_133,NA,133,GTY,3
D46,MGTYRXN3_133,NA,133,GTY,3
K39,MGTREFCLK1N_133,NA,133,GTY,3
K38,MGTREFCLK1P_133,NA,133,GTY,3
C43,MGTYTXN2_133,NA,133,GTY,3
C42,MGTYTXP2_133,NA,133,GTY,3
F45,MGTYRXP2_133,NA,133,GTY,3
F46,MGTYRXN2_133,NA,133,GTY,3
E43,MGTYTXN1_133,NA,133,GTY,3
E42,MGTYTXP1_133,NA,133,GTY,3
H43,MGTYRXP1_133,NA,133,GTY,3
H44,MGTYRXN1_133,NA,133,GTY,3
L37,MGTREFCLK0N_133,NA,133,GTY,3
L36,MGTREFCLK0P_133,NA,133,GTY,3
G41,MGTYTXN0_133,NA,133,GTY,3
G40,MGTYTXP0_133,NA,133,GTY,3
J45,MGTYRXP0_133,NA,133,GTY,3
J46,MGTYRXN0_133,NA,133,GTY,3
AV7,MGTYTXP3_224,NA,224,GTY,1
AV2,MGTYRXP3_224,NA,224,GTY,1
AV1,MGTYRXN3_224,NA,224,GTY,1
AV6,MGTYTXN3_224,NA,224,GTY,1
AV11,MGTREFCLK1P_224,NA,224,GTY,1
AV10,MGTREFCLK1N_224,NA,224,GTY,1
BB5,MGTYTXP2_224,NA,224,GTY,1
AW4,MGTYRXP2_224,NA,224,GTY,1
AW3,MGTYRXN2_224,NA,224,GTY,1
BB4,MGTYTXN2_224,NA,224,GTY,1
BD5,MGTYTXP1_224,NA,224,GTY,1
BA2,MGTYRXP1_224,NA,224,GTY,1
BA1,MGTYRXN1_224,NA,224,GTY,1
BD4,MGTYTXN1_224,NA,224,GTY,1
AW9,MGTREFCLK0P_224,NA,224,GTY,1
AW8,MGTREFCLK0N_224,NA,224,GTY,1
BF5,MGTYTXP0_224,NA,224,GTY,1
BC2,MGTYRXP0_224,NA,224,GTY,1
BC1,MGTYRXN0_224,NA,224,GTY,1
BF4,MGTYTXN0_224,NA,224,GTY,1
AP7,MGTYTXP3_225,NA,225,GTY,1
AP2,MGTYRXP3_225,NA,225,GTY,1
AP1,MGTYRXN3_225,NA,225,GTY,1
AP6,MGTYTXN3_225,NA,225,GTY,1
AP11,MGTREFCLK1P_225,NA,225,GTY,1
AP10,MGTREFCLK1N_225,NA,225,GTY,1
AR9,MGTYTXP2_225,NA,225,GTY,1
AR4,MGTYRXP2_225,NA,225,GTY,1
AR3,MGTYRXN2_225,NA,225,GTY,1
AR8,MGTYTXN2_225,NA,225,GTY,1
BA4,MGTRREF_RS,NA,NA,NA,1
BA5,MGTAVTTRCAL_RS,NA,NA,NA,1
AT7,MGTYTXP1_225,NA,225,GTY,1
AT2,MGTYRXP1_225,NA,225,GTY,1
AT1,MGTYRXN1_225,NA,225,GTY,1
AT6,MGTYTXN1_225,NA,225,GTY,1
AT11,MGTREFCLK0P_225,NA,225,GTY,1
AT10,MGTREFCLK0N_225,NA,225,GTY,1
AU9,MGTYTXP0_225,NA,225,GTY,1
AU4,MGTYRXP0_225,NA,225,GTY,1
AU3,MGTYRXN0_225,NA,225,GTY,1
AU8,MGTYTXN0_225,NA,225,GTY,1
AK7,MGTYTXP3_226,NA,226,GTY,1
AK2,MGTYRXP3_226,NA,226,GTY,1
AK1,MGTYRXN3_226,NA,226,GTY,1
AK6,MGTYTXN3_226,NA,226,GTY,1
AK11,MGTREFCLK1P_226,NA,226,GTY,1
AK10,MGTREFCLK1N_226,NA,226,GTY,1
AL9,MGTYTXP2_226,NA,226,GTY,1
AL4,MGTYRXP2_226,NA,226,GTY,1
AL3,MGTYRXN2_226,NA,226,GTY,1
AL8,MGTYTXN2_226,NA,226,GTY,1
AM7,MGTYTXP1_226,NA,226,GTY,1
AM2,MGTYRXP1_226,NA,226,GTY,1
AM1,MGTYRXN1_226,NA,226,GTY,1
AM6,MGTYTXN1_226,NA,226,GTY,1
AM11,MGTREFCLK0P_226,NA,226,GTY,1
AM10,MGTREFCLK0N_226,NA,226,GTY,1
AN9,MGTYTXP0_226,NA,226,GTY,1
AN4,MGTYRXP0_226,NA,226,GTY,1
AN3,MGTYRXN0_226,NA,226,GTY,1
AN8,MGTYTXN0_226,NA,226,GTY,1
AF7,MGTYTXP3_227,NA,227,GTY,1
AF2,MGTYRXP3_227,NA,227,GTY,1
AF1,MGTYRXN3_227,NA,227,GTY,1
AF6,MGTYTXN3_227,NA,227,GTY,1
AF11,MGTREFCLK1P_227,NA,227,GTY,1
AF10,MGTREFCLK1N_227,NA,227,GTY,1
AG9,MGTYTXP2_227,NA,227,GTY,1
AG4,MGTYRXP2_227,NA,227,GTY,1
AG3,MGTYRXN2_227,NA,227,GTY,1
AG8,MGTYTXN2_227,NA,227,GTY,1
AH7,MGTYTXP1_227,NA,227,GTY,1
AH2,MGTYRXP1_227,NA,227,GTY,1
AH1,MGTYRXN1_227,NA,227,GTY,1
AH6,MGTYTXN1_227,NA,227,GTY,1
AH11,MGTREFCLK0P_227,NA,227,GTY,1
AH10,MGTREFCLK0N_227,NA,227,GTY,1
AJ9,MGTYTXP0_227,NA,227,GTY,1
AJ4,MGTYRXP0_227,NA,227,GTY,1
AJ3,MGTYRXN0_227,NA,227,GTY,1
AJ8,MGTYTXN0_227,NA,227,GTY,1
AB7,MGTYTXP3_228,NA,228,GTY,2
AB2,MGTYRXP3_228,NA,228,GTY,2
AB1,MGTYRXN3_228,NA,228,GTY,2
AB6,MGTYTXN3_228,NA,228,GTY,2
AB11,MGTREFCLK1P_228,NA,228,GTY,2
AB10,MGTREFCLK1N_228,NA,228,GTY,2
AC9,MGTYTXP2_228,NA,228,GTY,2
AC4,MGTYRXP2_228,NA,228,GTY,2
AC3,MGTYRXN2_228,NA,228,GTY,2
AC8,MGTYTXN2_228,NA,228,GTY,2
AD7,MGTYTXP1_228,NA,228,GTY,2
AD2,MGTYRXP1_228,NA,228,GTY,2
AD1,MGTYRXN1_228,NA,228,GTY,2
AD6,MGTYTXN1_228,NA,228,GTY,2
AD11,MGTREFCLK0P_228,NA,228,GTY,2
AD10,MGTREFCLK0N_228,NA,228,GTY,2
AE9,MGTYTXP0_228,NA,228,GTY,2
AE4,MGTYRXP0_228,NA,228,GTY,2
AE3,MGTYRXN0_228,NA,228,GTY,2
AE8,MGTYTXN0_228,NA,228,GTY,2
V7,MGTYTXP3_229,NA,229,GTY,2
V2,MGTYRXP3_229,NA,229,GTY,2
V1,MGTYRXN3_229,NA,229,GTY,2
V6,MGTYTXN3_229,NA,229,GTY,2
V11,MGTREFCLK1P_229,NA,229,GTY,2
V10,MGTREFCLK1N_229,NA,229,GTY,2
W9,MGTYTXP2_229,NA,229,GTY,2
W4,MGTYRXP2_229,NA,229,GTY,2
W3,MGTYRXN2_229,NA,229,GTY,2
W8,MGTYTXN2_229,NA,229,GTY,2
C6,MGTRREF_RC,NA,NA,NA,2
C7,MGTAVTTRCAL_RC,NA,NA,NA,2
Y7,MGTYTXP1_229,NA,229,GTY,2
Y2,MGTYRXP1_229,NA,229,GTY,2
Y1,MGTYRXN1_229,NA,229,GTY,2
Y6,MGTYTXN1_229,NA,229,GTY,2
Y11,MGTREFCLK0P_229,NA,229,GTY,2
Y10,MGTREFCLK0N_229,NA,229,GTY,2
AA9,MGTYTXP0_229,NA,229,GTY,2
AA4,MGTYRXP0_229,NA,229,GTY,2
AA3,MGTYRXN0_229,NA,229,GTY,2
AA8,MGTYTXN0_229,NA,229,GTY,2
P7,MGTYTXP3_230,NA,230,GTY,2
P2,MGTYRXP3_230,NA,230,GTY,2
P1,MGTYRXN3_230,NA,230,GTY,2
P6,MGTYTXN3_230,NA,230,GTY,2
P11,MGTREFCLK1P_230,NA,230,GTY,2
P10,MGTREFCLK1N_230,NA,230,GTY,2
R9,MGTYTXP2_230,NA,230,GTY,2
R4,MGTYRXP2_230,NA,230,GTY,2
R3,MGTYRXN2_230,NA,230,GTY,2
R8,MGTYTXN2_230,NA,230,GTY,2
T7,MGTYTXP1_230,NA,230,GTY,2
T2,MGTYRXP1_230,NA,230,GTY,2
T1,MGTYRXN1_230,NA,230,GTY,2
T6,MGTYTXN1_230,NA,230,GTY,2
T11,MGTREFCLK0P_230,NA,230,GTY,2
T10,MGTREFCLK0N_230,NA,230,GTY,2
U9,MGTYTXP0_230,NA,230,GTY,2
U4,MGTYRXP0_230,NA,230,GTY,2
U3,MGTYRXN0_230,NA,230,GTY,2
U8,MGTYTXN0_230,NA,230,GTY,2
K7,MGTYTXP3_231,NA,231,GTY,2
K2,MGTYRXP3_231,NA,231,GTY,2
K1,MGTYRXN3_231,NA,231,GTY,2
K6,MGTYTXN3_231,NA,231,GTY,2
K11,MGTREFCLK1P_231,NA,231,GTY,2
K10,MGTREFCLK1N_231,NA,231,GTY,2
L9,MGTYTXP2_231,NA,231,GTY,2
L4,MGTYRXP2_231,NA,231,GTY,2
L3,MGTYRXN2_231,NA,231,GTY,2
L8,MGTYTXN2_231,NA,231,GTY,2
M7,MGTYTXP1_231,NA,231,GTY,2
M2,MGTYRXP1_231,NA,231,GTY,2
M1,MGTYRXN1_231,NA,231,GTY,2
M6,MGTYTXN1_231,NA,231,GTY,2
M11,MGTREFCLK0P_231,NA,231,GTY,2
M10,MGTREFCLK0N_231,NA,231,GTY,2
N9,MGTYTXP0_231,NA,231,GTY,2
N4,MGTYRXP0_231,NA,231,GTY,2
N3,MGTYRXN0_231,NA,231,GTY,2
N8,MGTYTXN0_231,NA,231,GTY,2
F7,MGTYTXP3_232,NA,232,GTY,3
F2,MGTYRXP3_232,NA,232,GTY,3
F1,MGTYRXN3_232,NA,232,GTY,3
F6,MGTYTXN3_232,NA,232,GTY,3
F11,MGTREFCLK1P_232,NA,232,GTY,3
F10,MGTREFCLK1N_232,NA,232,GTY,3
G9,MGTYTXP2_232,NA,232,GTY,3
G4,MGTYRXP2_232,NA,232,GTY,3
G3,MGTYRXN2_232,NA,232,GTY,3
G8,MGTYTXN2_232,NA,232,GTY,3
H7,MGTYTXP1_232,NA,232,GTY,3
H2,MGTYRXP1_232,NA,232,GTY,3
H1,MGTYRXN1_232,NA,232,GTY,3
H6,MGTYTXN1_232,NA,232,GTY,3
H11,MGTREFCLK0P_232,NA,232,GTY,3
H10,MGTREFCLK0N_232,NA,232,GTY,3
J9,MGTYTXP0_232,NA,232,GTY,3
J4,MGTYRXP0_232,NA,232,GTY,3
J3,MGTYRXN0_232,NA,232,GTY,3
J8,MGTYTXN0_232,NA,232,GTY,3
A9,MGTYTXP3_233,NA,233,GTY,3
A5,MGTYRXP3_233,NA,233,GTY,3
A4,MGTYRXN3_233,NA,233,GTY,3
A8,MGTYTXN3_233,NA,233,GTY,3
B11,MGTREFCLK1P_233,NA,233,GTY,3
B10,MGTREFCLK1N_233,NA,233,GTY,3
C9,MGTYTXP2_233,NA,233,GTY,3
C4,MGTYRXP2_233,NA,233,GTY,3
C3,MGTYRXN2_233,NA,233,GTY,3
C8,MGTYTXN2_233,NA,233,GTY,3
D7,MGTYTXP1_233,NA,233,GTY,3
D2,MGTYRXP1_233,NA,233,GTY,3
D1,MGTYRXN1_233,NA,233,GTY,3
D6,MGTYTXN1_233,NA,233,GTY,3
D11,MGTREFCLK0P_233,NA,233,GTY,3
D10,MGTREFCLK0N_233,NA,233,GTY,3
E9,MGTYTXP0_233,NA,233,GTY,3
E4,MGTYRXP0_233,NA,233,GTY,3
E3,MGTYRXN0_233,NA,233,GTY,3
E8,MGTYTXN0_233,NA,233,GTY,3
L38,MGTAVCC_LN,NA,NA,NA,NA
M36,MGTAVCC_LN,NA,NA,NA,NA
N39,MGTAVCC_LN,NA,NA,NA,NA
P37,MGTAVCC_LN,NA,NA,NA,NA
R38,MGTAVCC_LN,NA,NA,NA,NA
T36,MGTAVCC_LN,NA,NA,NA,NA
U39,MGTAVCC_LN,NA,NA,NA,NA
V37,MGTAVCC_LN,NA,NA,NA,NA
AD36,MGTAVCC_LN,NA,NA,NA,NA
AF37,MGTAVCC_LN,NA,NA,NA,NA
AG38,MGTAVCC_LS,NA,NA,NA,NA
AL38,MGTAVCC_LS,NA,NA,NA,NA
AM36,MGTAVCC_LS,NA,NA,NA,NA
AP37,MGTAVCC_LS,NA,NA,NA,NA
AR38,MGTAVCC_LS,NA,NA,NA,NA
AT36,MGTAVCC_LS,NA,NA,NA,NA
AW38,MGTAVCC_LS,NA,NA,NA,NA
AY40,MGTAVCC_LS,NA,NA,NA,NA
A7,MGTAVCC_RN,NA,NA,NA,NA
A11,MGTAVCC_RN,NA,NA,NA,NA
B9,MGTAVCC_RN,NA,NA,NA,NA
C10,MGTAVCC_RN,NA,NA,NA,NA
E11,MGTAVCC_RN,NA,NA,NA,NA
G10,MGTAVCC_RN,NA,NA,NA,NA
J11,MGTAVCC_RN,NA,NA,NA,NA
L10,MGTAVCC_RN,NA,NA,NA,NA
N11,MGTAVCC_RN,NA,NA,NA,NA
W10,MGTAVCC_RN,NA,NA,NA,NA
AA11,MGTAVCC_RS,NA,NA,NA,NA
AG10,MGTAVCC_RS,NA,NA,NA,NA
AJ11,MGTAVCC_RS,NA,NA,NA,NA
AL10,MGTAVCC_RS,NA,NA,NA,NA
AN11,MGTAVCC_RS,NA,NA,NA,NA
AP9,MGTAVCC_RS,NA,NA,NA,NA
AR10,MGTAVCC_RS,NA,NA,NA,NA
AU11,MGTAVCC_RS,NA,NA,NA,NA
AV9,MGTAVCC_RS,NA,NA,NA,NA
AW7,MGTAVCC_RS,NA,NA,NA,NA
C45,MGTAVTT_LN,NA,NA,NA,NA
D43,MGTAVTT_LN,NA,NA,NA,NA
F42,MGTAVTT_LN,NA,NA,NA,NA
F43,MGTAVTT_LN,NA,NA,NA,NA
H40,MGTAVTT_LN,NA,NA,NA,NA
K41,MGTAVTT_LN,NA,NA,NA,NA
M40,MGTAVTT_LN,NA,NA,NA,NA
P41,MGTAVTT_LN,NA,NA,NA,NA
T40,MGTAVTT_LN,NA,NA,NA,NA
V41,MGTAVTT_LN,NA,NA,NA,NA
W38,MGTAVTT_LN,NA,NA,NA,NA
Y40,MGTAVTT_LN,NA,NA,NA,NA
AA39,MGTAVTT_LN,NA,NA,NA,NA
AB41,MGTAVTT_LN,NA,NA,NA,NA
AC38,MGTAVTT_LN,NA,NA,NA,NA
AD40,MGTAVTT_LN,NA,NA,NA,NA
AE39,MGTAVTT_LN,NA,NA,NA,NA
AF41,MGTAVTT_LN,NA,NA,NA,NA
AH40,MGTAVTT_LS,NA,NA,NA,NA
AJ39,MGTAVTT_LS,NA,NA,NA,NA
AK41,MGTAVTT_LS,NA,NA,NA,NA
AM40,MGTAVTT_LS,NA,NA,NA,NA
AN39,MGTAVTT_LS,NA,NA,NA,NA
AP41,MGTAVTT_LS,NA,NA,NA,NA
AT40,MGTAVTT_LS,NA,NA,NA,NA
AU39,MGTAVTT_LS,NA,NA,NA,NA
AV41,MGTAVTT_LS,NA,NA,NA,NA
BA42,MGTAVTT_LS,NA,NA,NA,NA
BA43,MGTAVTT_LS,NA,NA,NA,NA
BC43,MGTAVTT_LS,NA,NA,NA,NA
BD45,MGTAVTT_LS,NA,NA,NA,NA
BE44,MGTAVTT_LS,NA,NA,NA,NA
B3,MGTAVTT_RN,NA,NA,NA,NA
D8,MGTAVTT_RN,NA,NA,NA,NA
E7,MGTAVTT_RN,NA,NA,NA,NA
F9,MGTAVTT_RN,NA,NA,NA,NA
G6,MGTAVTT_RN,NA,NA,NA,NA
H8,MGTAVTT_RN,NA,NA,NA,NA
J7,MGTAVTT_RN,NA,NA,NA,NA
K9,MGTAVTT_RN,NA,NA,NA,NA
L6,MGTAVTT_RN,NA,NA,NA,NA
M8,MGTAVTT_RN,NA,NA,NA,NA
N7,MGTAVTT_RN,NA,NA,NA,NA
P9,MGTAVTT_RN,NA,NA,NA,NA
R6,MGTAVTT_RN,NA,NA,NA,NA
T8,MGTAVTT_RN,NA,NA,NA,NA
U7,MGTAVTT_RN,NA,NA,NA,NA
V9,MGTAVTT_RN,NA,NA,NA,NA
W6,MGTAVTT_RN,NA,NA,NA,NA
Y8,MGTAVTT_RN,NA,NA,NA,NA
AB9,MGTAVTT_RS,NA,NA,NA,NA
AC6,MGTAVTT_RS,NA,NA,NA,NA
AD8,MGTAVTT_RS,NA,NA,NA,NA
AE7,MGTAVTT_RS,NA,NA,NA,NA
AF9,MGTAVTT_RS,NA,NA,NA,NA
AG6,MGTAVTT_RS,NA,NA,NA,NA
AH8,MGTAVTT_RS,NA,NA,NA,NA
AJ7,MGTAVTT_RS,NA,NA,NA,NA
AK9,MGTAVTT_RS,NA,NA,NA,NA
AL6,MGTAVTT_RS,NA,NA,NA,NA
AM8,MGTAVTT_RS,NA,NA,NA,NA
AN7,MGTAVTT_RS,NA,NA,NA,NA
AR6,MGTAVTT_RS,NA,NA,NA,NA
AT8,MGTAVTT_RS,NA,NA,NA,NA
AU7,MGTAVTT_RS,NA,NA,NA,NA
BC5,MGTAVTT_RS,NA,NA,NA,NA
BD2,MGTAVTT_RS,NA,NA,NA,NA
BE4,MGTAVTT_RS,NA,NA,NA,NA
Y36,MGTVCCAUX_LN,NA,NA,NA,NA
AB36,MGTVCCAUX_LN,NA,NA,NA,NA
AH36,MGTVCCAUX_LS,NA,NA,NA,NA
AK36,MGTVCCAUX_LS,NA,NA,NA,NA
R11,MGTVCCAUX_RN,NA,NA,NA,NA
U11,MGTVCCAUX_RN,NA,NA,NA,NA
AC11,MGTVCCAUX_RS,NA,NA,NA,NA
AE11,MGTVCCAUX_RS,NA,NA,NA,NA
V29,VCCAUX,NA,NA,NA,NA
W28,VCCAUX,NA,NA,NA,NA
Y29,VCCAUX,NA,NA,NA,NA
AA30,VCCAUX,NA,NA,NA,NA
AB29,VCCAUX,NA,NA,NA,NA
AC30,VCCAUX,NA,NA,NA,NA
AD29,VCCAUX,NA,NA,NA,NA
AF29,VCCAUX,NA,NA,NA,NA
U26,VCCAUX_IO,NA,NA,NA,NA
U28,VCCAUX_IO,NA,NA,NA,NA
V27,VCCAUX_IO,NA,NA,NA,NA
W26,VCCAUX_IO,NA,NA,NA,NA
Y27,VCCAUX_IO,NA,NA,NA,NA
AA26,VCCAUX_IO,NA,NA,NA,NA
AA28,VCCAUX_IO,NA,NA,NA,NA
AB27,VCCAUX_IO,NA,NA,NA,NA
AC26,VCCAUX_IO,NA,NA,NA,NA
AC28,VCCAUX_IO,NA,NA,NA,NA
AD27,VCCAUX_IO,NA,NA,NA,NA
AE28,VCCAUX_IO,NA,NA,NA,NA
AF27,VCCAUX_IO,NA,NA,NA,NA
AG26,VCCAUX_IO,NA,NA,NA,NA
AG28,VCCAUX_IO,NA,NA,NA,NA
AH27,VCCAUX_IO,NA,NA,NA,NA
AJ26,VCCAUX_IO,NA,NA,NA,NA
Y13,VCCBRAM,NA,NA,NA,NA
AB13,VCCBRAM,NA,NA,NA,NA
AC14,VCCBRAM,NA,NA,NA,NA
AE14,VCCBRAM,NA,NA,NA,NA
AG14,VCCBRAM,NA,NA,NA,NA
A3,GND,NA,NA,NA,NA
A6,GND,NA,NA,NA,NA
A10,GND,NA,NA,NA,NA
A12,GND,NA,NA,NA,NA
A21,GND,NA,NA,NA,NA
A31,GND,NA,NA,NA,NA
A41,GND,NA,NA,NA,NA
A44,GND,NA,NA,NA,NA
B2,GND,NA,NA,NA,NA
B4,GND,NA,NA,NA,NA
B5,GND,NA,NA,NA,NA
B6,GND,NA,NA,NA,NA
B7,GND,NA,NA,NA,NA
B8,GND,NA,NA,NA,NA
B12,GND,NA,NA,NA,NA
B18,GND,NA,NA,NA,NA
B28,GND,NA,NA,NA,NA
B38,GND,NA,NA,NA,NA
B41,GND,NA,NA,NA,NA
B44,GND,NA,NA,NA,NA
B45,GND,NA,NA,NA,NA
C1,GND,NA,NA,NA,NA
C2,GND,NA,NA,NA,NA
C5,GND,NA,NA,NA,NA
C11,GND,NA,NA,NA,NA
C12,GND,NA,NA,NA,NA
C15,GND,NA,NA,NA,NA
C25,GND,NA,NA,NA,NA
C35,GND,NA,NA,NA,NA
C41,GND,NA,NA,NA,NA
C44,GND,NA,NA,NA,NA
C46,GND,NA,NA,NA,NA
D3,GND,NA,NA,NA,NA
D4,GND,NA,NA,NA,NA
D5,GND,NA,NA,NA,NA
D9,GND,NA,NA,NA,NA
D12,GND,NA,NA,NA,NA
D22,GND,NA,NA,NA,NA
D32,GND,NA,NA,NA,NA
D41,GND,NA,NA,NA,NA
D42,GND,NA,NA,NA,NA
D44,GND,NA,NA,NA,NA
E1,GND,NA,NA,NA,NA
E2,GND,NA,NA,NA,NA
E5,GND,NA,NA,NA,NA
E6,GND,NA,NA,NA,NA
E10,GND,NA,NA,NA,NA
E12,GND,NA,NA,NA,NA
E19,GND,NA,NA,NA,NA
E29,GND,NA,NA,NA,NA
E41,GND,NA,NA,NA,NA
E44,GND,NA,NA,NA,NA
E45,GND,NA,NA,NA,NA
E46,GND,NA,NA,NA,NA
F3,GND,NA,NA,NA,NA
F4,GND,NA,NA,NA,NA
F5,GND,NA,NA,NA,NA
F8,GND,NA,NA,NA,NA
F12,GND,NA,NA,NA,NA
F16,GND,NA,NA,NA,NA
F26,GND,NA,NA,NA,NA
F36,GND,NA,NA,NA,NA
F39,GND,NA,NA,NA,NA
F40,GND,NA,NA,NA,NA
F41,GND,NA,NA,NA,NA
F44,GND,NA,NA,NA,NA
G1,GND,NA,NA,NA,NA
G2,GND,NA,NA,NA,NA
G5,GND,NA,NA,NA,NA
G7,GND,NA,NA,NA,NA
G11,GND,NA,NA,NA,NA
G12,GND,NA,NA,NA,NA
G13,GND,NA,NA,NA,NA
G23,GND,NA,NA,NA,NA
G33,GND,NA,NA,NA,NA
G39,GND,NA,NA,NA,NA
G42,GND,NA,NA,NA,NA
G43,GND,NA,NA,NA,NA
G44,GND,NA,NA,NA,NA
G45,GND,NA,NA,NA,NA
G46,GND,NA,NA,NA,NA
H3,GND,NA,NA,NA,NA
H4,GND,NA,NA,NA,NA
H5,GND,NA,NA,NA,NA
H9,GND,NA,NA,NA,NA
H12,GND,NA,NA,NA,NA
H20,GND,NA,NA,NA,NA
H30,GND,NA,NA,NA,NA
H39,GND,NA,NA,NA,NA
H41,GND,NA,NA,NA,NA
H42,GND,NA,NA,NA,NA
H45,GND,NA,NA,NA,NA
H46,GND,NA,NA,NA,NA
J1,GND,NA,NA,NA,NA
J2,GND,NA,NA,NA,NA
J5,GND,NA,NA,NA,NA
J6,GND,NA,NA,NA,NA
J10,GND,NA,NA,NA,NA
J12,GND,NA,NA,NA,NA
J17,GND,NA,NA,NA,NA
J27,GND,NA,NA,NA,NA
J37,GND,NA,NA,NA,NA
J38,GND,NA,NA,NA,NA
J39,GND,NA,NA,NA,NA
J42,GND,NA,NA,NA,NA
J43,GND,NA,NA,NA,NA
J44,GND,NA,NA,NA,NA
K3,GND,NA,NA,NA,NA
K4,GND,NA,NA,NA,NA
K5,GND,NA,NA,NA,NA
K8,GND,NA,NA,NA,NA
K12,GND,NA,NA,NA,NA
K14,GND,NA,NA,NA,NA
K24,GND,NA,NA,NA,NA
K35,GND,NA,NA,NA,NA
K36,GND,NA,NA,NA,NA
K37,GND,NA,NA,NA,NA
K40,GND,NA,NA,NA,NA
K42,GND,NA,NA,NA,NA
K45,GND,NA,NA,NA,NA
K46,GND,NA,NA,NA,NA
L1,GND,NA,NA,NA,NA
L2,GND,NA,NA,NA,NA
L5,GND,NA,NA,NA,NA
L7,GND,NA,NA,NA,NA
L11,GND,NA,NA,NA,NA
L12,GND,NA,NA,NA,NA
L21,GND,NA,NA,NA,NA
L31,GND,NA,NA,NA,NA
L35,GND,NA,NA,NA,NA
L39,GND,NA,NA,NA,NA
L42,GND,NA,NA,NA,NA
L43,GND,NA,NA,NA,NA
L44,GND,NA,NA,NA,NA
M3,GND,NA,NA,NA,NA
M4,GND,NA,NA,NA,NA
M5,GND,NA,NA,NA,NA
M9,GND,NA,NA,NA,NA
M12,GND,NA,NA,NA,NA
M18,GND,NA,NA,NA,NA
M28,GND,NA,NA,NA,NA
M35,GND,NA,NA,NA,NA
M37,GND,NA,NA,NA,NA
M41,GND,NA,NA,NA,NA
M42,GND,NA,NA,NA,NA
M45,GND,NA,NA,NA,NA
M46,GND,NA,NA,NA,NA
N1,GND,NA,NA,NA,NA
N2,GND,NA,NA,NA,NA
N5,GND,NA,NA,NA,NA
N6,GND,NA,NA,NA,NA
N10,GND,NA,NA,NA,NA
N12,GND,NA,NA,NA,NA
N15,GND,NA,NA,NA,NA
N25,GND,NA,NA,NA,NA
N35,GND,NA,NA,NA,NA
N38,GND,NA,NA,NA,NA
N42,GND,NA,NA,NA,NA
N43,GND,NA,NA,NA,NA
N44,GND,NA,NA,NA,NA
P3,GND,NA,NA,NA,NA
P4,GND,NA,NA,NA,NA
P5,GND,NA,NA,NA,NA
P8,GND,NA,NA,NA,NA
P12,GND,NA,NA,NA,NA
P22,GND,NA,NA,NA,NA
P32,GND,NA,NA,NA,NA
P35,GND,NA,NA,NA,NA
P36,GND,NA,NA,NA,NA
P40,GND,NA,NA,NA,NA
P42,GND,NA,NA,NA,NA
P45,GND,NA,NA,NA,NA
P46,GND,NA,NA,NA,NA
R1,GND,NA,NA,NA,NA
R2,GND,NA,NA,NA,NA
R5,GND,NA,NA,NA,NA
R7,GND,NA,NA,NA,NA
R10,GND,NA,NA,NA,NA
R19,GND,NA,NA,NA,NA
R29,GND,NA,NA,NA,NA
R35,GND,NA,NA,NA,NA
R39,GND,NA,NA,NA,NA
R42,GND,NA,NA,NA,NA
R43,GND,NA,NA,NA,NA
R44,GND,NA,NA,NA,NA
T3,GND,NA,NA,NA,NA
T4,GND,NA,NA,NA,NA
T5,GND,NA,NA,NA,NA
T9,GND,NA,NA,NA,NA
T12,GND,NA,NA,NA,NA
T14,GND,NA,NA,NA,NA
T16,GND,NA,NA,NA,NA
T18,GND,NA,NA,NA,NA
T20,GND,NA,NA,NA,NA
T22,GND,NA,NA,NA,NA
T24,GND,NA,NA,NA,NA
T35,GND,NA,NA,NA,NA
T37,GND,NA,NA,NA,NA
T41,GND,NA,NA,NA,NA
T42,GND,NA,NA,NA,NA
T45,GND,NA,NA,NA,NA
T46,GND,NA,NA,NA,NA
U1,GND,NA,NA,NA,NA
U2,GND,NA,NA,NA,NA
U5,GND,NA,NA,NA,NA
U6,GND,NA,NA,NA,NA
U10,GND,NA,NA,NA,NA
U13,GND,NA,NA,NA,NA
U15,GND,NA,NA,NA,NA
U17,GND,NA,NA,NA,NA
U19,GND,NA,NA,NA,NA
U21,GND,NA,NA,NA,NA
U23,GND,NA,NA,NA,NA
U25,GND,NA,NA,NA,NA
U27,GND,NA,NA,NA,NA
U33,GND,NA,NA,NA,NA
U35,GND,NA,NA,NA,NA
U38,GND,NA,NA,NA,NA
U42,GND,NA,NA,NA,NA
U43,GND,NA,NA,NA,NA
U44,GND,NA,NA,NA,NA
V3,GND,NA,NA,NA,NA
V4,GND,NA,NA,NA,NA
V5,GND,NA,NA,NA,NA
V8,GND,NA,NA,NA,NA
V14,GND,NA,NA,NA,NA
V16,GND,NA,NA,NA,NA
V18,GND,NA,NA,NA,NA
V20,GND,NA,NA,NA,NA
V22,GND,NA,NA,NA,NA
V24,GND,NA,NA,NA,NA
V26,GND,NA,NA,NA,NA
V28,GND,NA,NA,NA,NA
V30,GND,NA,NA,NA,NA
V35,GND,NA,NA,NA,NA
V36,GND,NA,NA,NA,NA
V40,GND,NA,NA,NA,NA
V42,GND,NA,NA,NA,NA
V45,GND,NA,NA,NA,NA
V46,GND,NA,NA,NA,NA
W1,GND,NA,NA,NA,NA
W2,GND,NA,NA,NA,NA
W5,GND,NA,NA,NA,NA
W7,GND,NA,NA,NA,NA
W11,GND,NA,NA,NA,NA
W13,GND,NA,NA,NA,NA
W15,GND,NA,NA,NA,NA
W17,GND,NA,NA,NA,NA
W19,GND,NA,NA,NA,NA
W21,GND,NA,NA,NA,NA
W23,GND,NA,NA,NA,NA
W25,GND,NA,NA,NA,NA
W27,GND,NA,NA,NA,NA
W29,GND,NA,NA,NA,NA
W35,GND,NA,NA,NA,NA
W39,GND,NA,NA,NA,NA
W42,GND,NA,NA,NA,NA
W43,GND,NA,NA,NA,NA
W44,GND,NA,NA,NA,NA
Y3,GND,NA,NA,NA,NA
Y4,GND,NA,NA,NA,NA
Y5,GND,NA,NA,NA,NA
Y9,GND,NA,NA,NA,NA
Y14,GND,NA,NA,NA,NA
Y16,GND,NA,NA,NA,NA
Y18,GND,NA,NA,NA,NA
Y20,GND,NA,NA,NA,NA
Y22,GND,NA,NA,NA,NA
Y24,GND,NA,NA,NA,NA
Y26,GND,NA,NA,NA,NA
Y28,GND,NA,NA,NA,NA
Y34,GND,NA,NA,NA,NA
Y35,GND,NA,NA,NA,NA
Y37,GND,NA,NA,NA,NA
Y41,GND,NA,NA,NA,NA
Y42,GND,NA,NA,NA,NA
Y45,GND,NA,NA,NA,NA
Y46,GND,NA,NA,NA,NA
AA1,GND,NA,NA,NA,NA
AA2,GND,NA,NA,NA,NA
AA5,GND,NA,NA,NA,NA
AA6,GND,NA,NA,NA,NA
AA7,GND,NA,NA,NA,NA
AA10,GND,NA,NA,NA,NA
AA13,GND,NA,NA,NA,NA
AA15,GND,NA,NA,NA,NA
AA17,GND,NA,NA,NA,NA
AA19,GND,NA,NA,NA,NA
AA21,GND,NA,NA,NA,NA
AA23,GND,NA,NA,NA,NA
AA25,GND,NA,NA,NA,NA
AA27,GND,NA,NA,NA,NA
AA29,GND,NA,NA,NA,NA
AA31,GND,NA,NA,NA,NA
AA35,GND,NA,NA,NA,NA
AA38,GND,NA,NA,NA,NA
AA42,GND,NA,NA,NA,NA
AA43,GND,NA,NA,NA,NA
AA44,GND,NA,NA,NA,NA
AB3,GND,NA,NA,NA,NA
AB4,GND,NA,NA,NA,NA
AB5,GND,NA,NA,NA,NA
AB8,GND,NA,NA,NA,NA
AB12,GND,NA,NA,NA,NA
AB14,GND,NA,NA,NA,NA
AB16,GND,NA,NA,NA,NA
AB18,GND,NA,NA,NA,NA
AB20,GND,NA,NA,NA,NA
AB22,GND,NA,NA,NA,NA
AB24,GND,NA,NA,NA,NA
AB26,GND,NA,NA,NA,NA
AB28,GND,NA,NA,NA,NA
AB30,GND,NA,NA,NA,NA
AB35,GND,NA,NA,NA,NA
AB37,GND,NA,NA,NA,NA
AB40,GND,NA,NA,NA,NA
AB42,GND,NA,NA,NA,NA
AB45,GND,NA,NA,NA,NA
AB46,GND,NA,NA,NA,NA
AC1,GND,NA,NA,NA,NA
AC2,GND,NA,NA,NA,NA
AC5,GND,NA,NA,NA,NA
AC7,GND,NA,NA,NA,NA
AC10,GND,NA,NA,NA,NA
AC15,GND,NA,NA,NA,NA
AC17,GND,NA,NA,NA,NA
AC19,GND,NA,NA,NA,NA
AC21,GND,NA,NA,NA,NA
AC23,GND,NA,NA,NA,NA
AC25,GND,NA,NA,NA,NA
AC27,GND,NA,NA,NA,NA
AC29,GND,NA,NA,NA,NA
AC35,GND,NA,NA,NA,NA
AC39,GND,NA,NA,NA,NA
AC42,GND,NA,NA,NA,NA
AC43,GND,NA,NA,NA,NA
AC44,GND,NA,NA,NA,NA
AD3,GND,NA,NA,NA,NA
AD4,GND,NA,NA,NA,NA
AD5,GND,NA,NA,NA,NA
AD9,GND,NA,NA,NA,NA
AD14,GND,NA,NA,NA,NA
AD16,GND,NA,NA,NA,NA
AD18,GND,NA,NA,NA,NA
AD20,GND,NA,NA,NA,NA
AD22,GND,NA,NA,NA,NA
AD24,GND,NA,NA,NA,NA
AD26,GND,NA,NA,NA,NA
AD28,GND,NA,NA,NA,NA
AD32,GND,NA,NA,NA,NA
AD35,GND,NA,NA,NA,NA
AD37,GND,NA,NA,NA,NA
AD41,GND,NA,NA,NA,NA
AD42,GND,NA,NA,NA,NA
AD45,GND,NA,NA,NA,NA
AD46,GND,NA,NA,NA,NA
AE1,GND,NA,NA,NA,NA
AE2,GND,NA,NA,NA,NA
AE5,GND,NA,NA,NA,NA
AE6,GND,NA,NA,NA,NA
AE10,GND,NA,NA,NA,NA
AE17,GND,NA,NA,NA,NA
AE19,GND,NA,NA,NA,NA
AE21,GND,NA,NA,NA,NA
AE23,GND,NA,NA,NA,NA
AE25,GND,NA,NA,NA,NA
AE27,GND,NA,NA,NA,NA
AE29,GND,NA,NA,NA,NA
AE35,GND,NA,NA,NA,NA
AE38,GND,NA,NA,NA,NA
AE42,GND,NA,NA,NA,NA
AE43,GND,NA,NA,NA,NA
AE44,GND,NA,NA,NA,NA
AF3,GND,NA,NA,NA,NA
AF4,GND,NA,NA,NA,NA
AF5,GND,NA,NA,NA,NA
AF8,GND,NA,NA,NA,NA
AF12,GND,NA,NA,NA,NA
AF14,GND,NA,NA,NA,NA
AF16,GND,NA,NA,NA,NA
AF20,GND,NA,NA,NA,NA
AF22,GND,NA,NA,NA,NA
AF24,GND,NA,NA,NA,NA
AF26,GND,NA,NA,NA,NA
AF28,GND,NA,NA,NA,NA
AF35,GND,NA,NA,NA,NA
AF36,GND,NA,NA,NA,NA
AF40,GND,NA,NA,NA,NA
AF42,GND,NA,NA,NA,NA
AF45,GND,NA,NA,NA,NA
AF46,GND,NA,NA,NA,NA
AG1,GND,NA,NA,NA,NA
AG2,GND,NA,NA,NA,NA
AG5,GND,NA,NA,NA,NA
AG7,GND,NA,NA,NA,NA
AG11,GND,NA,NA,NA,NA
AG17,GND,NA,NA,NA,NA
AG21,GND,NA,NA,NA,NA
AG23,GND,NA,NA,NA,NA
AG25,GND,NA,NA,NA,NA
AG27,GND,NA,NA,NA,NA
AG33,GND,NA,NA,NA,NA
AG35,GND,NA,NA,NA,NA
AG39,GND,NA,NA,NA,NA
AG42,GND,NA,NA,NA,NA
AG43,GND,NA,NA,NA,NA
AG44,GND,NA,NA,NA,NA
AH3,GND,NA,NA,NA,NA
AH4,GND,NA,NA,NA,NA
AH5,GND,NA,NA,NA,NA
AH9,GND,NA,NA,NA,NA
AH14,GND,NA,NA,NA,NA
AH16,GND,NA,NA,NA,NA
AH20,GND,NA,NA,NA,NA
AH22,GND,NA,NA,NA,NA
AH24,GND,NA,NA,NA,NA
AH26,GND,NA,NA,NA,NA
AH30,GND,NA,NA,NA,NA
AH35,GND,NA,NA,NA,NA
AH37,GND,NA,NA,NA,NA
AH41,GND,NA,NA,NA,NA
AH42,GND,NA,NA,NA,NA
AH45,GND,NA,NA,NA,NA
AH46,GND,NA,NA,NA,NA
AJ1,GND,NA,NA,NA,NA
AJ2,GND,NA,NA,NA,NA
AJ5,GND,NA,NA,NA,NA
AJ6,GND,NA,NA,NA,NA
AJ10,GND,NA,NA,NA,NA
AJ13,GND,NA,NA,NA,NA
AJ15,GND,NA,NA,NA,NA
AJ17,GND,NA,NA,NA,NA
AJ21,GND,NA,NA,NA,NA
AJ23,GND,NA,NA,NA,NA
AJ25,GND,NA,NA,NA,NA
AJ35,GND,NA,NA,NA,NA
AJ38,GND,NA,NA,NA,NA
AJ42,GND,NA,NA,NA,NA
AJ43,GND,NA,NA,NA,NA
AJ44,GND,NA,NA,NA,NA
AK3,GND,NA,NA,NA,NA
AK4,GND,NA,NA,NA,NA
AK5,GND,NA,NA,NA,NA
AK8,GND,NA,NA,NA,NA
AK14,GND,NA,NA,NA,NA
AK16,GND,NA,NA,NA,NA
AK18,GND,NA,NA,NA,NA
AK20,GND,NA,NA,NA,NA
AK22,GND,NA,NA,NA,NA
AK24,GND,NA,NA,NA,NA
AK34,GND,NA,NA,NA,NA
AK35,GND,NA,NA,NA,NA
AK37,GND,NA,NA,NA,NA
AK40,GND,NA,NA,NA,NA
AK42,GND,NA,NA,NA,NA
AK45,GND,NA,NA,NA,NA
AK46,GND,NA,NA,NA,NA
AL1,GND,NA,NA,NA,NA
AL2,GND,NA,NA,NA,NA
AL5,GND,NA,NA,NA,NA
AL7,GND,NA,NA,NA,NA
AL11,GND,NA,NA,NA,NA
AL31,GND,NA,NA,NA,NA
AL35,GND,NA,NA,NA,NA
AL39,GND,NA,NA,NA,NA
AL42,GND,NA,NA,NA,NA
AL43,GND,NA,NA,NA,NA
AL44,GND,NA,NA,NA,NA
AM3,GND,NA,NA,NA,NA
AM4,GND,NA,NA,NA,NA
AM5,GND,NA,NA,NA,NA
AM9,GND,NA,NA,NA,NA
AM18,GND,NA,NA,NA,NA
AM28,GND,NA,NA,NA,NA
AM35,GND,NA,NA,NA,NA
AM37,GND,NA,NA,NA,NA
AM41,GND,NA,NA,NA,NA
AM42,GND,NA,NA,NA,NA
AM45,GND,NA,NA,NA,NA
AM46,GND,NA,NA,NA,NA
AN1,GND,NA,NA,NA,NA
AN2,GND,NA,NA,NA,NA
AN5,GND,NA,NA,NA,NA
AN6,GND,NA,NA,NA,NA
AN10,GND,NA,NA,NA,NA
AN12,GND,NA,NA,NA,NA
AN15,GND,NA,NA,NA,NA
AN25,GND,NA,NA,NA,NA
AN35,GND,NA,NA,NA,NA
AN38,GND,NA,NA,NA,NA
AN42,GND,NA,NA,NA,NA
AN43,GND,NA,NA,NA,NA
AN44,GND,NA,NA,NA,NA
AP3,GND,NA,NA,NA,NA
AP4,GND,NA,NA,NA,NA
AP5,GND,NA,NA,NA,NA
AP8,GND,NA,NA,NA,NA
AP12,GND,NA,NA,NA,NA
AP22,GND,NA,NA,NA,NA
AP32,GND,NA,NA,NA,NA
AP35,GND,NA,NA,NA,NA
AP36,GND,NA,NA,NA,NA
AP40,GND,NA,NA,NA,NA
AP42,GND,NA,NA,NA,NA
AP45,GND,NA,NA,NA,NA
AP46,GND,NA,NA,NA,NA
AR1,GND,NA,NA,NA,NA
AR2,GND,NA,NA,NA,NA
AR5,GND,NA,NA,NA,NA
AR7,GND,NA,NA,NA,NA
AR11,GND,NA,NA,NA,NA
AR12,GND,NA,NA,NA,NA
AR19,GND,NA,NA,NA,NA
AR29,GND,NA,NA,NA,NA
AR35,GND,NA,NA,NA,NA
AR39,GND,NA,NA,NA,NA
AR42,GND,NA,NA,NA,NA
AR43,GND,NA,NA,NA,NA
AR44,GND,NA,NA,NA,NA
AT3,GND,NA,NA,NA,NA
AT4,GND,NA,NA,NA,NA
AT5,GND,NA,NA,NA,NA
AT9,GND,NA,NA,NA,NA
AT12,GND,NA,NA,NA,NA
AT16,GND,NA,NA,NA,NA
AT26,GND,NA,NA,NA,NA
AT35,GND,NA,NA,NA,NA
AT37,GND,NA,NA,NA,NA
AT41,GND,NA,NA,NA,NA
AT42,GND,NA,NA,NA,NA
AT45,GND,NA,NA,NA,NA
AT46,GND,NA,NA,NA,NA
AU1,GND,NA,NA,NA,NA
AU2,GND,NA,NA,NA,NA
AU5,GND,NA,NA,NA,NA
AU6,GND,NA,NA,NA,NA
AU10,GND,NA,NA,NA,NA
AU12,GND,NA,NA,NA,NA
AU23,GND,NA,NA,NA,NA
AU33,GND,NA,NA,NA,NA
AU35,GND,NA,NA,NA,NA
AU38,GND,NA,NA,NA,NA
AU42,GND,NA,NA,NA,NA
AU43,GND,NA,NA,NA,NA
AU44,GND,NA,NA,NA,NA
AV3,GND,NA,NA,NA,NA
AV4,GND,NA,NA,NA,NA
AV5,GND,NA,NA,NA,NA
AV8,GND,NA,NA,NA,NA
AV12,GND,NA,NA,NA,NA
AV20,GND,NA,NA,NA,NA
AV30,GND,NA,NA,NA,NA
AV35,GND,NA,NA,NA,NA
AV36,GND,NA,NA,NA,NA
AV37,GND,NA,NA,NA,NA
AV40,GND,NA,NA,NA,NA
AV42,GND,NA,NA,NA,NA
AV45,GND,NA,NA,NA,NA
AV46,GND,NA,NA,NA,NA
AW1,GND,NA,NA,NA,NA
AW2,GND,NA,NA,NA,NA
AW5,GND,NA,NA,NA,NA
AW6,GND,NA,NA,NA,NA
AW10,GND,NA,NA,NA,NA
AW11,GND,NA,NA,NA,NA
AW12,GND,NA,NA,NA,NA
AW17,GND,NA,NA,NA,NA
AW27,GND,NA,NA,NA,NA
AW37,GND,NA,NA,NA,NA
AW39,GND,NA,NA,NA,NA
AW42,GND,NA,NA,NA,NA
AW43,GND,NA,NA,NA,NA
AW44,GND,NA,NA,NA,NA
AY1,GND,NA,NA,NA,NA
AY2,GND,NA,NA,NA,NA
AY3,GND,NA,NA,NA,NA
AY4,GND,NA,NA,NA,NA
AY5,GND,NA,NA,NA,NA
AY6,GND,NA,NA,NA,NA
AY7,GND,NA,NA,NA,NA
AY8,GND,NA,NA,NA,NA
AY9,GND,NA,NA,NA,NA
AY10,GND,NA,NA,NA,NA
AY14,GND,NA,NA,NA,NA
AY24,GND,NA,NA,NA,NA
AY34,GND,NA,NA,NA,NA
AY37,GND,NA,NA,NA,NA
AY41,GND,NA,NA,NA,NA
AY42,GND,NA,NA,NA,NA
AY43,GND,NA,NA,NA,NA
AY44,GND,NA,NA,NA,NA
AY45,GND,NA,NA,NA,NA
AY46,GND,NA,NA,NA,NA
BA3,GND,NA,NA,NA,NA
BA6,GND,NA,NA,NA,NA
BA11,GND,NA,NA,NA,NA
BA21,GND,NA,NA,NA,NA
BA31,GND,NA,NA,NA,NA
BA37,GND,NA,NA,NA,NA
BA38,GND,NA,NA,NA,NA
BA39,GND,NA,NA,NA,NA
BA44,GND,NA,NA,NA,NA
BB1,GND,NA,NA,NA,NA
BB2,GND,NA,NA,NA,NA
BB3,GND,NA,NA,NA,NA
BB6,GND,NA,NA,NA,NA
BB8,GND,NA,NA,NA,NA
BB18,GND,NA,NA,NA,NA
BB28,GND,NA,NA,NA,NA
BB39,GND,NA,NA,NA,NA
BB40,GND,NA,NA,NA,NA
BB41,GND,NA,NA,NA,NA
BB44,GND,NA,NA,NA,NA
BB45,GND,NA,NA,NA,NA
BB46,GND,NA,NA,NA,NA
BC3,GND,NA,NA,NA,NA
BC4,GND,NA,NA,NA,NA
BC6,GND,NA,NA,NA,NA
BC15,GND,NA,NA,NA,NA
BC25,GND,NA,NA,NA,NA
BC35,GND,NA,NA,NA,NA
BC41,GND,NA,NA,NA,NA
BC42,GND,NA,NA,NA,NA
BC44,GND,NA,NA,NA,NA
BD1,GND,NA,NA,NA,NA
BD3,GND,NA,NA,NA,NA
BD6,GND,NA,NA,NA,NA
BD12,GND,NA,NA,NA,NA
BD22,GND,NA,NA,NA,NA
BD32,GND,NA,NA,NA,NA
BD41,GND,NA,NA,NA,NA
BD44,GND,NA,NA,NA,NA
BD46,GND,NA,NA,NA,NA
BE2,GND,NA,NA,NA,NA
BE3,GND,NA,NA,NA,NA
BE5,GND,NA,NA,NA,NA
BE6,GND,NA,NA,NA,NA
BE9,GND,NA,NA,NA,NA
BE19,GND,NA,NA,NA,NA
BE29,GND,NA,NA,NA,NA
BE39,GND,NA,NA,NA,NA
BE41,GND,NA,NA,NA,NA
BE45,GND,NA,NA,NA,NA
BF3,GND,NA,NA,NA,NA
BF6,GND,NA,NA,NA,NA
BF16,GND,NA,NA,NA,NA
BF26,GND,NA,NA,NA,NA
BF36,GND,NA,NA,NA,NA
BF41,GND,NA,NA,NA,NA
BF44,GND,NA,NA,NA,NA
T13,VCCINT,NA,NA,NA,NA
T15,VCCINT,NA,NA,NA,NA
T17,VCCINT,NA,NA,NA,NA
T19,VCCINT,NA,NA,NA,NA
T21,VCCINT,NA,NA,NA,NA
T23,VCCINT,NA,NA,NA,NA
U14,VCCINT,NA,NA,NA,NA
U16,VCCINT,NA,NA,NA,NA
U18,VCCINT,NA,NA,NA,NA
U20,VCCINT,NA,NA,NA,NA
U22,VCCINT,NA,NA,NA,NA
U24,VCCINT,NA,NA,NA,NA
V13,VCCINT,NA,NA,NA,NA
V15,VCCINT,NA,NA,NA,NA
V17,VCCINT,NA,NA,NA,NA
V19,VCCINT,NA,NA,NA,NA
V21,VCCINT,NA,NA,NA,NA
V23,VCCINT,NA,NA,NA,NA
W14,VCCINT,NA,NA,NA,NA
W16,VCCINT,NA,NA,NA,NA
W18,VCCINT,NA,NA,NA,NA
W20,VCCINT,NA,NA,NA,NA
W22,VCCINT,NA,NA,NA,NA
W24,VCCINT,NA,NA,NA,NA
Y15,VCCINT,NA,NA,NA,NA
Y17,VCCINT,NA,NA,NA,NA
Y19,VCCINT,NA,NA,NA,NA
Y21,VCCINT,NA,NA,NA,NA
Y23,VCCINT,NA,NA,NA,NA
AA14,VCCINT,NA,NA,NA,NA
AA16,VCCINT,NA,NA,NA,NA
AA18,VCCINT,NA,NA,NA,NA
AA20,VCCINT,NA,NA,NA,NA
AA22,VCCINT,NA,NA,NA,NA
AA24,VCCINT,NA,NA,NA,NA
AB15,VCCINT,NA,NA,NA,NA
AB17,VCCINT,NA,NA,NA,NA
AB19,VCCINT,NA,NA,NA,NA
AB21,VCCINT,NA,NA,NA,NA
AB23,VCCINT,NA,NA,NA,NA
AC16,VCCINT,NA,NA,NA,NA
AC18,VCCINT,NA,NA,NA,NA
AC20,VCCINT,NA,NA,NA,NA
AC22,VCCINT,NA,NA,NA,NA
AD15,VCCINT,NA,NA,NA,NA
AD17,VCCINT,NA,NA,NA,NA
AD19,VCCINT,NA,NA,NA,NA
AD21,VCCINT,NA,NA,NA,NA
AD23,VCCINT,NA,NA,NA,NA
AE16,VCCINT,NA,NA,NA,NA
AE18,VCCINT,NA,NA,NA,NA
AE20,VCCINT,NA,NA,NA,NA
AE22,VCCINT,NA,NA,NA,NA
AE24,VCCINT,NA,NA,NA,NA
AF15,VCCINT,NA,NA,NA,NA
AF17,VCCINT,NA,NA,NA,NA
AF21,VCCINT,NA,NA,NA,NA
AF23,VCCINT,NA,NA,NA,NA
AG16,VCCINT,NA,NA,NA,NA
AG20,VCCINT,NA,NA,NA,NA
AG22,VCCINT,NA,NA,NA,NA
AG24,VCCINT,NA,NA,NA,NA
AH13,VCCINT,NA,NA,NA,NA
AH15,VCCINT,NA,NA,NA,NA
AH17,VCCINT,NA,NA,NA,NA
AH21,VCCINT,NA,NA,NA,NA
AH23,VCCINT,NA,NA,NA,NA
AJ14,VCCINT,NA,NA,NA,NA
AJ16,VCCINT,NA,NA,NA,NA
AJ20,VCCINT,NA,NA,NA,NA
AJ22,VCCINT,NA,NA,NA,NA
AJ24,VCCINT,NA,NA,NA,NA
AK13,VCCINT,NA,NA,NA,NA
AK15,VCCINT,NA,NA,NA,NA
AK17,VCCINT,NA,NA,NA,NA
AK19,VCCINT,NA,NA,NA,NA
AK21,VCCINT,NA,NA,NA,NA
AK23,VCCINT,NA,NA,NA,NA
T25,VCCINT_IO,NA,NA,NA,NA
V25,VCCINT_IO,NA,NA,NA,NA
Y25,VCCINT_IO,NA,NA,NA,NA
AB25,VCCINT_IO,NA,NA,NA,NA
AC24,VCCINT_IO,NA,NA,NA,NA
AD25,VCCINT_IO,NA,NA,NA,NA
AE26,VCCINT_IO,NA,NA,NA,NA
AF25,VCCINT_IO,NA,NA,NA,NA
AH25,VCCINT_IO,NA,NA,NA,NA
AD13,VCCO_0,NA,0,NA,0
AF13,VCCO_0,NA,0,NA,0
AN30,VCCO_61,NA,61,NA,0
AT31,VCCO_61,NA,61,NA,0
AW32,VCCO_61,NA,61,NA,0
AY29,VCCO_61,NA,61,NA,0
BC30,VCCO_61,NA,61,NA,0
BF31,VCCO_61,NA,61,NA,0
AM33,VCCO_62,NA,62,NA,0
AR34,VCCO_62,NA,62,NA,0
BA36,VCCO_62,NA,62,NA,0
BB33,VCCO_62,NA,62,NA,0
BC40,VCCO_62,NA,62,NA,0
BD37,VCCO_62,NA,62,NA,0
BE34,VCCO_62,NA,62,NA,0
W32,VCCO_63,NA,63,NA,0
AB33,VCCO_63,NA,63,NA,0
AE34,VCCO_63,NA,63,NA,0
AF31,VCCO_63,NA,63,NA,0
AJ32,VCCO_63,NA,63,NA,0
AK29,VCCO_63,NA,63,NA,0
F31,VCCO_69,NA,69,NA,2
J32,VCCO_69,NA,69,NA,2
M33,VCCO_69,NA,69,NA,2
N30,VCCO_69,NA,69,NA,2
R34,VCCO_69,NA,69,NA,2
T31,VCCO_69,NA,69,NA,2
A36,VCCO_70,NA,70,NA,2
B33,VCCO_70,NA,70,NA,2
C40,VCCO_70,NA,70,NA,2
D37,VCCO_70,NA,70,NA,2
E34,VCCO_70,NA,70,NA,2
G38,VCCO_70,NA,70,NA,2
H35,VCCO_70,NA,70,NA,2
C30,VCCO_71,NA,71,NA,2
D27,VCCO_71,NA,71,NA,2
G28,VCCO_71,NA,71,NA,2
K29,VCCO_71,NA,71,NA,2
L26,VCCO_71,NA,71,NA,2
P27,VCCO_71,NA,71,NA,2
AM23,VCCO_64,NA,64,NA,1
AR24,VCCO_64,NA,64,NA,1
AT21,VCCO_64,NA,64,NA,1
AW22,VCCO_64,NA,64,NA,1
BB23,VCCO_64,NA,64,NA,1
BC20,VCCO_64,NA,64,NA,1
BE24,VCCO_64,NA,64,NA,1
BF21,VCCO_64,NA,64,NA,1
AL26,VCCO_65,NA,65,NA,1
AP27,VCCO_65,NA,65,NA,1
AU28,VCCO_65,NA,65,NA,1
AV25,VCCO_65,NA,65,NA,1
BA26,VCCO_65,NA,65,NA,1
BD27,VCCO_65,NA,65,NA,1
AL16,VCCO_66,NA,66,NA,1
AN20,VCCO_66,NA,66,NA,1
AP17,VCCO_66,NA,66,NA,1
AU18,VCCO_66,NA,66,NA,1
AY19,VCCO_66,NA,66,NA,1
BD17,VCCO_66,NA,66,NA,1
AM13,VCCO_67,NA,67,NA,1
AR14,VCCO_67,NA,67,NA,1
AV15,VCCO_67,NA,67,NA,1
BA16,VCCO_67,NA,67,NA,1
BB13,VCCO_67,NA,67,NA,1
BE14,VCCO_67,NA,67,NA,1
BC10,VCCO_68,NA,68,NA,2
BD7,VCCO_68,NA,68,NA,2
BF11,VCCO_68,NA,68,NA,2
A16,VCCO_72,NA,72,NA,3
B13,VCCO_72,NA,72,NA,3
E14,VCCO_72,NA,72,NA,3
H15,VCCO_72,NA,72,NA,3
L16,VCCO_72,NA,72,NA,3
M13,VCCO_72,NA,72,NA,3
R14,VCCO_72,NA,72,NA,3
C20,VCCO_73,NA,73,NA,3
D17,VCCO_73,NA,73,NA,3
F21,VCCO_73,NA,73,NA,3
G18,VCCO_73,NA,73,NA,3
K19,VCCO_73,NA,73,NA,3
N20,VCCO_73,NA,73,NA,3
P17,VCCO_73,NA,73,NA,3
A26,VCCO_74,NA,74,NA,3
B23,VCCO_74,NA,74,NA,3
E24,VCCO_74,NA,74,NA,3
H25,VCCO_74,NA,74,NA,3
J22,VCCO_74,NA,74,NA,3
M23,VCCO_74,NA,74,NA,3
R24,VCCO_74,NA,74,NA,3
AF19,VCCADC,NA,NA,NA,NA
AF18,GNDADC,NA,NA,NA,NA
AY21,NC,NA,NA,NA,NA
,,,,,
Total Number of Pins,2104,,,,
