Device/Package xcvu190flgc2104 12/3/2014 14:47:23,,,,,,,,
,,,,,,,,
Pin,Pin Name,Memory Byte Group,Bank,I/O Type,Super Logic Region,No-Connect,,
AE19,DXN,NA,NA,NA,NA,NA,,
AE20,DXP,NA,NA,NA,NA,NA,,
AD20,VREFP,NA,NA,NA,NA,NA,,
AC19,VREFN,NA,NA,NA,NA,NA,,
AC20,VP,NA,NA,NA,NA,NA,,
AD19,VN,NA,NA,NA,NA,NA,,
Y14,M0_0,NA,0,CONFIG,1,NA,,
V14,M1_0,NA,0,CONFIG,1,NA,,
P14,INIT_B_0,NA,0,CONFIG,1,NA,,
T14,M2_0,NA,0,CONFIG,1,NA,,
M14,CFGBVS_0,NA,0,CONFIG,1,NA,,
K14,PUDC_B_0,NA,0,CONFIG,1,NA,,
AB14,POR_OVERRIDE,NA,NA,NA,NA,NA,,
AC14,DONE_0,NA,0,CONFIG,1,NA,,
AE14,PROGRAM_B_0,NA,0,CONFIG,1,NA,,
AF15,TDI_0,NA,0,CONFIG,1,NA,,
AF14,RDWR_FCS_B_0,NA,0,CONFIG,1,NA,,
AF16,D02_0,NA,0,CONFIG,1,NA,,
AM14,D00_MOSI_0,NA,0,CONFIG,1,NA,,
AH14,D03_0,NA,0,CONFIG,1,NA,,
AK14,D01_DIN_0,NA,0,CONFIG,1,NA,,
AB15,TMS_0,NA,0,CONFIG,1,NA,,
AB16,CCLK_0,NA,0,CONFIG,1,NA,,
AD16,TCK_0,NA,0,CONFIG,1,NA,,
AN13,VBATT,NA,NA,NA,NA,NA,,
AD15,TDO_0,NA,0,CONFIG,1,NA,,
BE20,IO_L24P_T3U_N10_EMCCLK_65,3U,65,HP,1,NA,,
BF20,IO_L24N_T3U_N11_DOUT_CSO_B_65,3U,65,HP,1,NA,,
BD20,IO_T3U_N12_PERSTN0_65,3U,65,HP,1,NA,,
BE16,IO_L23P_T3U_N8_I2C_SCLK_65,3U,65,HP,1,NA,,
BF16,IO_L23N_T3U_N9_I2C_SDA_65,3U,65,HP,1,NA,,
BE19,IO_L22P_T3U_N6_DBC_AD0P_D04_65,3U,65,HP,1,NA,,
BF19,IO_L22N_T3U_N7_DBC_AD0N_D05_65,3U,65,HP,1,NA,,
BD18,IO_L21P_T3L_N4_AD8P_D06_65,3L,65,HP,1,NA,,
BE18,IO_L21N_T3L_N5_AD8N_D07_65,3L,65,HP,1,NA,,
BE17,IO_L20P_T3L_N2_AD1P_D08_65,3L,65,HP,1,NA,,
BF17,IO_L20N_T3L_N3_AD1N_D09_65,3L,65,HP,1,NA,,
BD17,IO_L19P_T3L_N0_DBC_AD9P_D10_65,3L,65,HP,1,NA,,
BD16,IO_L19N_T3L_N1_DBC_AD9N_D11_65,3L,65,HP,1,NA,,
BC20,IO_L18P_T2U_N10_AD2P_D12_65,2U,65,HP,1,NA,,
BC19,IO_L18N_T2U_N11_AD2N_D13_65,2U,65,HP,1,NA,,
BA19,IO_L17P_T2U_N8_AD10P_D14_65,2U,65,HP,1,NA,,
BB19,IO_L17N_T2U_N9_AD10N_D15_65,2U,65,HP,1,NA,,
BA21,IO_L16P_T2U_N6_QBC_AD3P_A00_D16_65,2U,65,HP,1,NA,,
BB21,IO_L16N_T2U_N7_QBC_AD3N_A01_D17_65,2U,65,HP,1,NA,,
BB18,IO_L15P_T2L_N4_AD11P_A02_D18_65,2L,65,HP,1,NA,,
BC18,IO_L15N_T2L_N5_AD11N_A03_D19_65,2L,65,HP,1,NA,,
AY20,IO_L14P_T2L_N2_GC_A04_D20_65,2L,65,HP,1,NA,,
BA20,IO_L14N_T2L_N3_GC_A05_D21_65,2L,65,HP,1,NA,,
BC21,IO_T2U_N12_CSI_ADV_B_65,2U,65,HP,1,NA,,
AY19,IO_L13P_T2L_N0_GC_QBC_A06_D22_65,2L,65,HP,1,NA,,
AY18,IO_L13N_T2L_N1_GC_QBC_A07_D23_65,2L,65,HP,1,NA,,
AV20,IO_L12P_T1U_N10_GC_A08_D24_65,1U,65,HP,1,NA,,
AW20,IO_L12N_T1U_N11_GC_A09_D25_65,1U,65,HP,1,NA,,
AV19,IO_T1U_N12_PERSTN1_65,1U,65,HP,1,NA,,
AW18,IO_L11P_T1U_N8_GC_A10_D26_65,1U,65,HP,1,NA,,
AW17,IO_L11N_T1U_N9_GC_A11_D27_65,1U,65,HP,1,NA,,
AV21,IO_L10P_T1U_N6_QBC_AD4P_A12_D28_65,1U,65,HP,1,NA,,
AW21,IO_L10N_T1U_N7_QBC_AD4N_A13_D29_65,1U,65,HP,1,NA,,
AU18,IO_L9P_T1L_N4_AD12P_A14_D30_65,1L,65,HP,1,NA,,
AV18,IO_L9N_T1L_N5_AD12N_A15_D31_65,1L,65,HP,1,NA,,
AT21,IO_L8P_T1L_N2_AD5P_A16_65,1L,65,HP,1,NA,,
AU21,IO_L8N_T1L_N3_AD5N_A17_65,1L,65,HP,1,NA,,
AT19,IO_L7P_T1L_N0_QBC_AD13P_A18_65,1L,65,HP,1,NA,,
AU19,IO_L7N_T1L_N1_QBC_AD13N_A19_65,1L,65,HP,1,NA,,
AR20,IO_L6P_T0U_N10_AD6P_A20_65,0U,65,HP,1,NA,,
AT20,IO_L6N_T0U_N11_AD6N_A21_65,0U,65,HP,1,NA,,
AR19,IO_L5P_T0U_N8_AD14P_A22_65,0U,65,HP,1,NA,,
AR18,IO_L5N_T0U_N9_AD14N_A23_65,0U,65,HP,1,NA,,
AM21,IO_L4P_T0U_N6_DBC_AD7P_A24_65,0U,65,HP,1,NA,,
AN21,IO_L4N_T0U_N7_DBC_AD7N_A25_65,0U,65,HP,1,NA,,
AM19,IO_L3P_T0L_N4_AD15P_A26_65,0L,65,HP,1,NA,,
AN19,IO_L3N_T0L_N5_AD15N_A27_65,0L,65,HP,1,NA,,
AN20,IO_L2P_T0L_N2_FOE_B_65,0L,65,HP,1,NA,,
AP20,IO_L2N_T0L_N3_FWE_FCS2_B_65,0L,65,HP,1,NA,,
AP21,IO_T0U_N12_VRP_A28_65,0U,65,HP,1,NA,,
AN18,IO_L1P_T0L_N0_DBC_RS0_65,0L,65,HP,1,NA,,
AP18,IO_L1N_T0L_N1_DBC_RS1_65,0L,65,HP,1,NA,,
AM18,VREF_65,NA,65,HP,1,NA,,
BE24,IO_L24P_T3U_N10_66,3U,66,HP,1,NA,,
BF24,IO_L24N_T3U_N11_66,3U,66,HP,1,NA,,
BD21,IO_T3U_N12_66,3U,66,HP,1,NA,,
BD23,IO_L23P_T3U_N8_66,3U,66,HP,1,NA,,
BE23,IO_L23N_T3U_N9_66,3U,66,HP,1,NA,,
BF21,IO_L22P_T3U_N6_DBC_AD0P_66,3U,66,HP,1,NA,,
BF22,IO_L22N_T3U_N7_DBC_AD0N_66,3U,66,HP,1,NA,,
BB24,IO_L21P_T3L_N4_AD8P_66,3L,66,HP,1,NA,,
BC24,IO_L21N_T3L_N5_AD8N_66,3L,66,HP,1,NA,,
BD22,IO_L20P_T3L_N2_AD1P_66,3L,66,HP,1,NA,,
BE22,IO_L20N_T3L_N3_AD1N_66,3L,66,HP,1,NA,,
BB23,IO_L19P_T3L_N0_DBC_AD9P_66,3L,66,HP,1,NA,,
BC23,IO_L19N_T3L_N1_DBC_AD9N_66,3L,66,HP,1,NA,,
AY25,IO_L18P_T2U_N10_AD2P_66,2U,66,HP,1,NA,,
BA25,IO_L18N_T2U_N11_AD2N_66,2U,66,HP,1,NA,,
BA22,IO_L17P_T2U_N8_AD10P_66,2U,66,HP,1,NA,,
BB22,IO_L17N_T2U_N9_AD10N_66,2U,66,HP,1,NA,,
AY24,IO_L16P_T2U_N6_QBC_AD3P_66,2U,66,HP,1,NA,,
BA24,IO_L16N_T2U_N7_QBC_AD3N_66,2U,66,HP,1,NA,,
AY22,IO_L15P_T2L_N4_AD11P_66,2L,66,HP,1,NA,,
AY23,IO_L15N_T2L_N5_AD11N_66,2L,66,HP,1,NA,,
AW22,IO_L14P_T2L_N2_GC_66,2L,66,HP,1,NA,,
AW23,IO_L14N_T2L_N3_GC_66,2L,66,HP,1,NA,,
AW25,IO_T2U_N12_66,2U,66,HP,1,NA,,
AV23,IO_L13P_T2L_N0_GC_QBC_66,2L,66,HP,1,NA,,
AV24,IO_L13N_T2L_N1_GC_QBC_66,2L,66,HP,1,NA,,
AT24,IO_L12P_T1U_N10_GC_66,1U,66,HP,1,NA,,
AT25,IO_L12N_T1U_N11_GC_66,1U,66,HP,1,NA,,
AV25,IO_T1U_N12_66,1U,66,HP,1,NA,,
AU23,IO_L11P_T1U_N8_GC_66,1U,66,HP,1,NA,,
AU24,IO_L11N_T1U_N9_GC_66,1U,66,HP,1,NA,,
AT26,IO_L10P_T1U_N6_QBC_AD4P_66,1U,66,HP,1,NA,,
AU26,IO_L10N_T1U_N7_QBC_AD4N_66,1U,66,HP,1,NA,,
AT22,IO_L9P_T1L_N4_AD12P_66,1L,66,HP,1,NA,,
AU22,IO_L9N_T1L_N5_AD12N_66,1L,66,HP,1,NA,,
AR24,IO_L8P_T1L_N2_AD5P_66,1L,66,HP,1,NA,,
AR25,IO_L8N_T1L_N3_AD5N_66,1L,66,HP,1,NA,,
AR22,IO_L7P_T1L_N0_QBC_AD13P_66,1L,66,HP,1,NA,,
AR23,IO_L7N_T1L_N1_QBC_AD13N_66,1L,66,HP,1,NA,,
AP26,IO_L6P_T0U_N10_AD6P_66,0U,66,HP,1,NA,,
AP27,IO_L6N_T0U_N11_AD6N_66,0U,66,HP,1,NA,,
AM24,IO_L5P_T0U_N8_AD14P_66,0U,66,HP,1,NA,,
AN24,IO_L5N_T0U_N9_AD14N_66,0U,66,HP,1,NA,,
AN25,IO_L4P_T0U_N6_DBC_AD7P_66,0U,66,HP,1,NA,,
AP25,IO_L4N_T0U_N7_DBC_AD7N_66,0U,66,HP,1,NA,,
AP22,IO_L3P_T0L_N4_AD15P_66,0L,66,HP,1,NA,,
AP23,IO_L3N_T0L_N5_AD15N_66,0L,66,HP,1,NA,,
AM26,IO_L2P_T0L_N2_66,0L,66,HP,1,NA,,
AN26,IO_L2N_T0L_N3_66,0L,66,HP,1,NA,,
AM27,IO_T0U_N12_VRP_66,0U,66,HP,1,NA,,
AM23,IO_L1P_T0L_N0_DBC_66,0L,66,HP,1,NA,,
AN23,IO_L1N_T0L_N1_DBC_66,0L,66,HP,1,NA,,
AM22,VREF_66,NA,66,HP,1,NA,,
BC28,IO_L24P_T3U_N10_67,3U,67,HP,1,NA,,
BD28,IO_L24N_T3U_N11_67,3U,67,HP,1,NA,,
BD27,IO_T3U_N12_67,3U,67,HP,1,NA,,
BE25,IO_L23P_T3U_N8_67,3U,67,HP,1,NA,,
BF25,IO_L23N_T3U_N9_67,3U,67,HP,1,NA,,
BE27,IO_L22P_T3U_N6_DBC_AD0P_67,3U,67,HP,1,NA,,
BE28,IO_L22N_T3U_N7_DBC_AD0N_67,3U,67,HP,1,NA,,
BC26,IO_L21P_T3L_N4_AD8P_67,3L,67,HP,1,NA,,
BD26,IO_L21N_T3L_N5_AD8N_67,3L,67,HP,1,NA,,
BF26,IO_L20P_T3L_N2_AD1P_67,3L,67,HP,1,NA,,
BF27,IO_L20N_T3L_N3_AD1N_67,3L,67,HP,1,NA,,
BC25,IO_L19P_T3L_N0_DBC_AD9P_67,3L,67,HP,1,NA,,
BD25,IO_L19N_T3L_N1_DBC_AD9N_67,3L,67,HP,1,NA,,
BA29,IO_L18P_T2U_N10_AD2P_67,2U,67,HP,1,NA,,
BB29,IO_L18N_T2U_N11_AD2N_67,2U,67,HP,1,NA,,
BA26,IO_L17P_T2U_N8_AD10P_67,2U,67,HP,1,NA,,
BB26,IO_L17N_T2U_N9_AD10N_67,2U,67,HP,1,NA,,
BA27,IO_L16P_T2U_N6_QBC_AD3P_67,2U,67,HP,1,NA,,
BB27,IO_L16N_T2U_N7_QBC_AD3N_67,2U,67,HP,1,NA,,
AY29,IO_L15P_T2L_N4_AD11P_67,2L,67,HP,1,NA,,
AY30,IO_L15N_T2L_N5_AD11N_67,2L,67,HP,1,NA,,
AW27,IO_L14P_T2L_N2_GC_67,2L,67,HP,1,NA,,
AW28,IO_L14N_T2L_N3_GC_67,2L,67,HP,1,NA,,
BB28,IO_T2U_N12_67,2U,67,HP,1,NA,,
AY27,IO_L13P_T2L_N0_GC_QBC_67,2L,67,HP,1,NA,,
AY28,IO_L13N_T2L_N1_GC_QBC_67,2L,67,HP,1,NA,,
AV29,IO_L12P_T1U_N10_GC_67,1U,67,HP,1,NA,,
AV30,IO_L12N_T1U_N11_GC_67,1U,67,HP,1,NA,,
AW30,IO_T1U_N12_67,1U,67,HP,1,NA,,
AU28,IO_L11P_T1U_N8_GC_67,1U,67,HP,1,NA,,
AV28,IO_L11N_T1U_N9_GC_67,1U,67,HP,1,NA,,
AT30,IO_L10P_T1U_N6_QBC_AD4P_67,1U,67,HP,1,NA,,
AT31,IO_L10N_T1U_N7_QBC_AD4N_67,1U,67,HP,1,NA,,
AT29,IO_L9P_T1L_N4_AD12P_67,1L,67,HP,1,NA,,
AU29,IO_L9N_T1L_N5_AD12N_67,1L,67,HP,1,NA,,
AT27,IO_L8P_T1L_N2_AD5P_67,1L,67,HP,1,NA,,
AU27,IO_L8N_T1L_N3_AD5N_67,1L,67,HP,1,NA,,
AV26,IO_L7P_T1L_N0_QBC_AD13P_67,1L,67,HP,1,NA,,
AW26,IO_L7N_T1L_N1_QBC_AD13N_67,1L,67,HP,1,NA,,
AN30,IO_L6P_T0U_N10_AD6P_67,0U,67,HP,1,NA,,
AP30,IO_L6N_T0U_N11_AD6N_67,0U,67,HP,1,NA,,
AR27,IO_L5P_T0U_N8_AD14P_67,0U,67,HP,1,NA,,
AR28,IO_L5N_T0U_N9_AD14N_67,0U,67,HP,1,NA,,
AR29,IO_L4P_T0U_N6_DBC_AD7P_67,0U,67,HP,1,NA,,
AR30,IO_L4N_T0U_N7_DBC_AD7N_67,0U,67,HP,1,NA,,
AM29,IO_L3P_T0L_N4_AD15P_67,0L,67,HP,1,NA,,
AN29,IO_L3N_T0L_N5_AD15N_67,0L,67,HP,1,NA,,
AM31,IO_L2P_T0L_N2_67,0L,67,HP,1,NA,,
AN31,IO_L2N_T0L_N3_67,0L,67,HP,1,NA,,
AP31,IO_T0U_N12_VRP_67,0U,67,HP,1,NA,,
AN28,IO_L1P_T0L_N0_DBC_67,0L,67,HP,1,NA,,
AP28,IO_L1N_T0L_N1_DBC_67,0L,67,HP,1,NA,,
AM28,VREF_67,NA,67,HP,1,NA,,
BF30,IO_L24P_T3U_N10_68,3U,68,HP,1,NA,,
BF31,IO_L24N_T3U_N11_68,3U,68,HP,1,NA,,
BA30,IO_T3U_N12_68,3U,68,HP,1,NA,,
BC31,IO_L23P_T3U_N8_68,3U,68,HP,1,NA,,
BD31,IO_L23N_T3U_N9_68,3U,68,HP,1,NA,,
BE29,IO_L22P_T3U_N6_DBC_AD0P_68,3U,68,HP,1,NA,,
BF29,IO_L22N_T3U_N7_DBC_AD0N_68,3U,68,HP,1,NA,,
BA31,IO_L21P_T3L_N4_AD8P_68,3L,68,HP,1,NA,,
BB31,IO_L21N_T3L_N5_AD8N_68,3L,68,HP,1,NA,,
BD30,IO_L20P_T3L_N2_AD1P_68,3L,68,HP,1,NA,,
BE30,IO_L20N_T3L_N3_AD1N_68,3L,68,HP,1,NA,,
BC29,IO_L19P_T3L_N0_DBC_AD9P_68,3L,68,HP,1,NA,,
BC30,IO_L19N_T3L_N1_DBC_AD9N_68,3L,68,HP,1,NA,,
BA36,IO_L18P_T2U_N10_AD2P_68,2U,68,HP,1,NA,,
BB36,IO_L18N_T2U_N11_AD2N_68,2U,68,HP,1,NA,,
BB32,IO_L17P_T2U_N8_AD10P_68,2U,68,HP,1,NA,,
BB33,IO_L17N_T2U_N9_AD10N_68,2U,68,HP,1,NA,,
BA34,IO_L16P_T2U_N6_QBC_AD3P_68,2U,68,HP,1,NA,,
BB34,IO_L16N_T2U_N7_QBC_AD3N_68,2U,68,HP,1,NA,,
AY32,IO_L15P_T2L_N4_AD11P_68,2L,68,HP,1,NA,,
BA32,IO_L15N_T2L_N5_AD11N_68,2L,68,HP,1,NA,,
AW33,IO_L14P_T2L_N2_GC_68,2L,68,HP,1,NA,,
AY33,IO_L14N_T2L_N3_GC_68,2L,68,HP,1,NA,,
BA35,IO_T2U_N12_68,2U,68,HP,1,NA,,
AY34,IO_L13P_T2L_N0_GC_QBC_68,2L,68,HP,1,NA,,
AY35,IO_L13N_T2L_N1_GC_QBC_68,2L,68,HP,1,NA,,
AU33,IO_L12P_T1U_N10_GC_68,1U,68,HP,1,NA,,
AU34,IO_L12N_T1U_N11_GC_68,1U,68,HP,1,NA,,
AW32,IO_T1U_N12_68,1U,68,HP,1,NA,,
AV33,IO_L11P_T1U_N8_GC_68,1U,68,HP,1,NA,,
AV34,IO_L11N_T1U_N9_GC_68,1U,68,HP,1,NA,,
AV36,IO_L10P_T1U_N6_QBC_AD4P_68,1U,68,HP,1,NA,,
AW36,IO_L10N_T1U_N7_QBC_AD4N_68,1U,68,HP,1,NA,,
AV35,IO_L9P_T1L_N4_AD12P_68,1L,68,HP,1,NA,,
AW35,IO_L9N_T1L_N5_AD12N_68,1L,68,HP,1,NA,,
AU31,IO_L8P_T1L_N2_AD5P_68,1L,68,HP,1,NA,,
AU32,IO_L8N_T1L_N3_AD5N_68,1L,68,HP,1,NA,,
AV31,IO_L7P_T1L_N0_QBC_AD13P_68,1L,68,HP,1,NA,,
AW31,IO_L7N_T1L_N1_QBC_AD13N_68,1L,68,HP,1,NA,,
AR36,IO_L6P_T0U_N10_AD6P_68,0U,68,HP,1,NA,,
AT36,IO_L6N_T0U_N11_AD6N_68,0U,68,HP,1,NA,,
AP33,IO_L5P_T0U_N8_AD14P_68,0U,68,HP,1,NA,,
AR33,IO_L5N_T0U_N9_AD14N_68,0U,68,HP,1,NA,,
AR35,IO_L4P_T0U_N6_DBC_AD7P_68,0U,68,HP,1,NA,,
AT35,IO_L4N_T0U_N7_DBC_AD7N_68,0U,68,HP,1,NA,,
AR32,IO_L3P_T0L_N4_AD15P_68,0L,68,HP,1,NA,,
AT32,IO_L3N_T0L_N5_AD15N_68,0L,68,HP,1,NA,,
AR34,IO_L2P_T0L_N2_68,0L,68,HP,1,NA,,
AT34,IO_L2N_T0L_N3_68,0L,68,HP,1,NA,,
AU36,IO_T0U_N12_VRP_68,0U,68,HP,1,NA,,
AN32,IO_L1P_T0L_N0_DBC_68,0L,68,HP,1,NA,,
AP32,IO_L1N_T0L_N1_DBC_68,0L,68,HP,1,NA,,
AM32,VREF_68,NA,68,HP,1,NA,,
B26,IO_L24P_T3U_N10_70,3U,70,HP,2,NA,,
A26,IO_L24N_T3U_N11_70,3U,70,HP,2,NA,,
E26,IO_T3U_N12_70,3U,70,HP,2,NA,,
D29,IO_L23P_T3U_N8_70,3U,70,HP,2,NA,,
C29,IO_L23N_T3U_N9_70,3U,70,HP,2,NA,,
B27,IO_L22P_T3U_N6_DBC_AD0P_70,3U,70,HP,2,NA,,
B28,IO_L22N_T3U_N7_DBC_AD0N_70,3U,70,HP,2,NA,,
C27,IO_L21P_T3L_N4_AD8P_70,3L,70,HP,2,NA,,
C28,IO_L21N_T3L_N5_AD8N_70,3L,70,HP,2,NA,,
A28,IO_L20P_T3L_N2_AD1P_70,3L,70,HP,2,NA,,
A29,IO_L20N_T3L_N3_AD1N_70,3L,70,HP,2,NA,,
D26,IO_L19P_T3L_N0_DBC_AD9P_70,3L,70,HP,2,NA,,
D27,IO_L19N_T3L_N1_DBC_AD9N_70,3L,70,HP,2,NA,,
E27,IO_L18P_T2U_N10_AD2P_70,2U,70,HP,2,NA,,
E28,IO_L18N_T2U_N11_AD2N_70,2U,70,HP,2,NA,,
F29,IO_L17P_T2U_N8_AD10P_70,2U,70,HP,2,NA,,
E29,IO_L17N_T2U_N9_AD10N_70,2U,70,HP,2,NA,,
G26,IO_L16P_T2U_N6_QBC_AD3P_70,2U,70,HP,2,NA,,
F26,IO_L16N_T2U_N7_QBC_AD3N_70,2U,70,HP,2,NA,,
G28,IO_L15P_T2L_N4_AD11P_70,2L,70,HP,2,NA,,
F28,IO_L15N_T2L_N5_AD11N_70,2L,70,HP,2,NA,,
J27,IO_L14P_T2L_N2_GC_70,2L,70,HP,2,NA,,
H27,IO_L14N_T2L_N3_GC_70,2L,70,HP,2,NA,,
G27,IO_T2U_N12_70,2U,70,HP,2,NA,,
H28,IO_L13P_T2L_N0_GC_QBC_70,2L,70,HP,2,NA,,
H29,IO_L13N_T2L_N1_GC_QBC_70,2L,70,HP,2,NA,,
K29,IO_L12P_T1U_N10_GC_70,1U,70,HP,2,NA,,
J29,IO_L12N_T1U_N11_GC_70,1U,70,HP,2,NA,,
L26,IO_T1U_N12_70,1U,70,HP,2,NA,,
K27,IO_L11P_T1U_N8_GC_70,1U,70,HP,2,NA,,
K28,IO_L11N_T1U_N9_GC_70,1U,70,HP,2,NA,,
K26,IO_L10P_T1U_N6_QBC_AD4P_70,1U,70,HP,2,NA,,
J26,IO_L10N_T1U_N7_QBC_AD4N_70,1U,70,HP,2,NA,,
L28,IO_L9P_T1L_N4_AD12P_70,1L,70,HP,2,NA,,
L29,IO_L9N_T1L_N5_AD12N_70,1L,70,HP,2,NA,,
N27,IO_L8P_T1L_N2_AD5P_70,1L,70,HP,2,NA,,
M27,IO_L8N_T1L_N3_AD5N_70,1L,70,HP,2,NA,,
N28,IO_L7P_T1L_N0_QBC_AD13P_70,1L,70,HP,2,NA,,
M28,IO_L7N_T1L_N1_QBC_AD13N_70,1L,70,HP,2,NA,,
M30,IO_L6P_T0U_N10_AD6P_70,0U,70,HP,2,NA,,
L30,IO_L6N_T0U_N11_AD6N_70,0U,70,HP,2,NA,,
K31,IO_L5P_T0U_N8_AD14P_70,0U,70,HP,2,NA,,
J31,IO_L5N_T0U_N9_AD14N_70,0U,70,HP,2,NA,,
N29,IO_L4P_T0U_N6_DBC_AD7P_70,0U,70,HP,2,NA,,
N30,IO_L4N_T0U_N7_DBC_AD7N_70,0U,70,HP,2,NA,,
K32,IO_L3P_T0L_N4_AD15P_70,0L,70,HP,2,NA,,
J32,IO_L3N_T0L_N5_AD15N_70,0L,70,HP,2,NA,,
N32,IO_L2P_T0L_N2_70,0L,70,HP,2,NA,,
M32,IO_L2N_T0L_N3_70,0L,70,HP,2,NA,,
J30,IO_T0U_N12_VRP_70,0U,70,HP,2,NA,,
M31,IO_L1P_T0L_N0_DBC_70,0L,70,HP,2,NA,,
L31,IO_L1N_T0L_N1_DBC_70,0L,70,HP,2,NA,,
P27,VREF_70,NA,70,HP,2,NA,,
C22,IO_L24P_T3U_N10_71,3U,71,HP,2,NA,,
B22,IO_L24N_T3U_N11_71,3U,71,HP,2,NA,,
D22,IO_T3U_N12_71,3U,71,HP,2,NA,,
B25,IO_L23P_T3U_N8_71,3U,71,HP,2,NA,,
A25,IO_L23N_T3U_N9_71,3U,71,HP,2,NA,,
C23,IO_L22P_T3U_N6_DBC_AD0P_71,3U,71,HP,2,NA,,
B23,IO_L22N_T3U_N7_DBC_AD0N_71,3U,71,HP,2,NA,,
D25,IO_L21P_T3L_N4_AD8P_71,3L,71,HP,2,NA,,
C25,IO_L21N_T3L_N5_AD8N_71,3L,71,HP,2,NA,,
A24,IO_L20P_T3L_N2_AD1P_71,3L,71,HP,2,NA,,
A23,IO_L20N_T3L_N3_AD1N_71,3L,71,HP,2,NA,,
D24,IO_L19P_T3L_N0_DBC_AD9P_71,3L,71,HP,2,NA,,
C24,IO_L19N_T3L_N1_DBC_AD9N_71,3L,71,HP,2,NA,,
G21,IO_L18P_T2U_N10_AD2P_71,2U,71,HP,2,NA,,
F21,IO_L18N_T2U_N11_AD2N_71,2U,71,HP,2,NA,,
F24,IO_L17P_T2U_N8_AD10P_71,2U,71,HP,2,NA,,
E24,IO_L17N_T2U_N9_AD10N_71,2U,71,HP,2,NA,,
F23,IO_L16P_T2U_N6_QBC_AD3P_71,2U,71,HP,2,NA,,
E23,IO_L16N_T2U_N7_QBC_AD3N_71,2U,71,HP,2,NA,,
G25,IO_L15P_T2L_N4_AD11P_71,2L,71,HP,2,NA,,
F25,IO_L15N_T2L_N5_AD11N_71,2L,71,HP,2,NA,,
H23,IO_L14P_T2L_N2_GC_71,2L,71,HP,2,NA,,
G23,IO_L14N_T2L_N3_GC_71,2L,71,HP,2,NA,,
E22,IO_T2U_N12_71,2U,71,HP,2,NA,,
H22,IO_L13P_T2L_N0_GC_QBC_71,2L,71,HP,2,NA,,
G22,IO_L13N_T2L_N1_GC_QBC_71,2L,71,HP,2,NA,,
J24,IO_L12P_T1U_N10_GC_71,1U,71,HP,2,NA,,
H24,IO_L12N_T1U_N11_GC_71,1U,71,HP,2,NA,,
L25,IO_T1U_N12_71,1U,71,HP,2,NA,,
K22,IO_L11P_T1U_N8_GC_71,1U,71,HP,2,NA,,
J22,IO_L11N_T1U_N9_GC_71,1U,71,HP,2,NA,,
K21,IO_L10P_T1U_N6_QBC_AD4P_71,1U,71,HP,2,NA,,
J21,IO_L10N_T1U_N7_QBC_AD4N_71,1U,71,HP,2,NA,,
J25,IO_L9P_T1L_N4_AD12P_71,1L,71,HP,2,NA,,
H25,IO_L9N_T1L_N5_AD12N_71,1L,71,HP,2,NA,,
L23,IO_L8P_T1L_N2_AD5P_71,1L,71,HP,2,NA,,
K23,IO_L8N_T1L_N3_AD5N_71,1L,71,HP,2,NA,,
L24,IO_L7P_T1L_N0_QBC_AD13P_71,1L,71,HP,2,NA,,
K24,IO_L7N_T1L_N1_QBC_AD13N_71,1L,71,HP,2,NA,,
M21,IO_L6P_T0U_N10_AD6P_71,0U,71,HP,2,NA,,
L21,IO_L6N_T0U_N11_AD6N_71,0U,71,HP,2,NA,,
P25,IO_L5P_T0U_N8_AD14P_71,0U,71,HP,2,NA,,
N25,IO_L5N_T0U_N9_AD14N_71,0U,71,HP,2,NA,,
N22,IO_L4P_T0U_N6_DBC_AD7P_71,0U,71,HP,2,NA,,
M22,IO_L4N_T0U_N7_DBC_AD7N_71,0U,71,HP,2,NA,,
M26,IO_L3P_T0L_N4_AD15P_71,0L,71,HP,2,NA,,
M25,IO_L3N_T0L_N5_AD15N_71,0L,71,HP,2,NA,,
P24,IO_L2P_T0L_N2_71,0L,71,HP,2,NA,,
N24,IO_L2N_T0L_N3_71,0L,71,HP,2,NA,,
P22,IO_T0U_N12_VRP_71,0U,71,HP,2,NA,,
N23,IO_L1P_T0L_N0_DBC_71,0L,71,HP,2,NA,,
M23,IO_L1N_T0L_N1_DBC_71,0L,71,HP,2,NA,,
P21,VREF_71,NA,71,HP,2,NA,,
B18,IO_L24P_T3U_N10_72,3U,72,HP,2,NA,,
A18,IO_L24N_T3U_N11_72,3U,72,HP,2,NA,,
D21,IO_T3U_N12_72,3U,72,HP,2,NA,,
A20,IO_L23P_T3U_N8_72,3U,72,HP,2,NA,,
A19,IO_L23N_T3U_N9_72,3U,72,HP,2,NA,,
C19,IO_L22P_T3U_N6_DBC_AD0P_72,3U,72,HP,2,NA,,
C18,IO_L22N_T3U_N7_DBC_AD0N_72,3U,72,HP,2,NA,,
B21,IO_L21P_T3L_N4_AD8P_72,3L,72,HP,2,NA,,
A21,IO_L21N_T3L_N5_AD8N_72,3L,72,HP,2,NA,,
D20,IO_L20P_T3L_N2_AD1P_72,3L,72,HP,2,NA,,
D19,IO_L20N_T3L_N3_AD1N_72,3L,72,HP,2,NA,,
C20,IO_L19P_T3L_N0_DBC_AD9P_72,3L,72,HP,2,NA,,
B20,IO_L19N_T3L_N1_DBC_AD9N_72,3L,72,HP,2,NA,,
E19,IO_L18P_T2U_N10_AD2P_72,2U,72,HP,2,NA,,
E18,IO_L18N_T2U_N11_AD2N_72,2U,72,HP,2,NA,,
G20,IO_L17P_T2U_N8_AD10P_72,2U,72,HP,2,NA,,
F20,IO_L17N_T2U_N9_AD10N_72,2U,72,HP,2,NA,,
H18,IO_L16P_T2U_N6_QBC_AD3P_72,2U,72,HP,2,NA,,
G18,IO_L16N_T2U_N7_QBC_AD3N_72,2U,72,HP,2,NA,,
F19,IO_L15P_T2L_N4_AD11P_72,2L,72,HP,2,NA,,
F18,IO_L15N_T2L_N5_AD11N_72,2L,72,HP,2,NA,,
H20,IO_L14P_T2L_N2_GC_72,2L,72,HP,2,NA,,
H19,IO_L14N_T2L_N3_GC_72,2L,72,HP,2,NA,,
E21,IO_T2U_N12_72,2U,72,HP,2,NA,,
J20,IO_L13P_T2L_N0_GC_QBC_72,2L,72,HP,2,NA,,
J19,IO_L13N_T2L_N1_GC_QBC_72,2L,72,HP,2,NA,,
K19,IO_L12P_T1U_N10_GC_72,1U,72,HP,2,NA,,
K18,IO_L12N_T1U_N11_GC_72,1U,72,HP,2,NA,,
J15,IO_T1U_N12_72,1U,72,HP,2,NA,,
L19,IO_L11P_T1U_N8_GC_72,1U,72,HP,2,NA,,
L18,IO_L11N_T1U_N9_GC_72,1U,72,HP,2,NA,,
K16,IO_L10P_T1U_N6_QBC_AD4P_72,1U,72,HP,2,NA,,
J16,IO_L10N_T1U_N7_QBC_AD4N_72,1U,72,HP,2,NA,,
M20,IO_L9P_T1L_N4_AD12P_72,1L,72,HP,2,NA,,
L20,IO_L9N_T1L_N5_AD12N_72,1L,72,HP,2,NA,,
L16,IO_L8P_T1L_N2_AD5P_72,1L,72,HP,2,NA,,
L15,IO_L8N_T1L_N3_AD5N_72,1L,72,HP,2,NA,,
K17,IO_L7P_T1L_N0_QBC_AD13P_72,1L,72,HP,2,NA,,
J17,IO_L7N_T1L_N1_QBC_AD13N_72,1L,72,HP,2,NA,,
P17,IO_L6P_T0U_N10_AD6P_72,0U,72,HP,2,NA,,
P16,IO_L6N_T0U_N11_AD6N_72,0U,72,HP,2,NA,,
P20,IO_L5P_T0U_N8_AD14P_72,0U,72,HP,2,NA,,
N20,IO_L5N_T0U_N9_AD14N_72,0U,72,HP,2,NA,,
M16,IO_L4P_T0U_N6_DBC_AD7P_72,0U,72,HP,2,NA,,
M15,IO_L4N_T0U_N7_DBC_AD7N_72,0U,72,HP,2,NA,,
P19,IO_L3P_T0L_N4_AD15P_72,0L,72,HP,2,NA,,
N19,IO_L3N_T0L_N5_AD15N_72,0L,72,HP,2,NA,,
N17,IO_L2P_T0L_N2_72,0L,72,HP,2,NA,,
M17,IO_L2N_T0L_N3_72,0L,72,HP,2,NA,,
N15,IO_T0U_N12_VRP_72,0U,72,HP,2,NA,,
N18,IO_L1P_T0L_N0_DBC_72,0L,72,HP,2,NA,,
M18,IO_L1N_T0L_N1_DBC_72,0L,72,HP,2,NA,,
P15,VREF_72,NA,72,HP,2,NA,,
AP17,IO_L24P_T3U_N10_84,3U,84,HR,1,NA,,
AR17,IO_L24N_T3U_N11_84,3U,84,HR,1,NA,,
AM16,IO_T3U_N12_84,3U,84,HR,1,NA,,
AN15,IO_L23P_T3U_N8_84,3U,84,HR,1,NA,,
AP15,IO_L23N_T3U_N9_84,3U,84,HR,1,NA,,
AV16,IO_L22P_T3U_N6_DBC_AD0P_84,3U,84,HR,1,NA,,
AV15,IO_L22N_T3U_N7_DBC_AD0N_84,3U,84,HR,1,NA,,
AN16,IO_L21P_T3L_N4_AD8P_84,3L,84,HR,1,NA,,
AP16,IO_L21N_T3L_N5_AD8N_84,3L,84,HR,1,NA,,
AT17,IO_L20P_T3L_N2_AD1P_84,3L,84,HR,1,NA,,
AU17,IO_L20N_T3L_N3_AD1N_84,3L,84,HR,1,NA,,
AT16,IO_L19P_T3L_N0_DBC_AD9P_84,3L,84,HR,1,NA,,
AU16,IO_L19N_T3L_N1_DBC_AD9N_84,3L,84,HR,1,NA,,
AP13,IO_L18P_T2U_N10_AD2P_84,2U,84,HR,1,NA,,
AR13,IO_L18N_T2U_N11_AD2N_84,2U,84,HR,1,NA,,
AU12,IO_L17P_T2U_N8_AD10P_84,2U,84,HR,1,NA,,
AU11,IO_L17N_T2U_N9_AD10N_84,2U,84,HR,1,NA,,
AR15,IO_L16P_T2U_N6_QBC_AD3P_84,2U,84,HR,1,NA,,
AR14,IO_L16N_T2U_N7_QBC_AD3N_84,2U,84,HR,1,NA,,
AR12,IO_L15P_T2L_N4_AD11P_84,2L,84,HR,1,NA,,
AT12,IO_L15N_T2L_N5_AD11N_84,2L,84,HR,1,NA,,
AT15,IO_L14P_T2L_N2_GC_84,2L,84,HR,1,NA,,
AT14,IO_L14N_T2L_N3_GC_84,2L,84,HR,1,NA,,
AT11,IO_T2U_N12_84,2U,84,HR,1,NA,,
AU14,IO_L13P_T2L_N0_GC_QBC_84,2L,84,HR,1,NA,,
AU13,IO_L13N_T2L_N1_GC_QBC_84,2L,84,HR,1,NA,,
AM17,VREF_84,NA,84,HR,1,NA,,
AW13,IO_L12P_T1U_N10_GC_94,1U,94,HR,1,NA,,
AW12,IO_L12N_T1U_N11_GC_94,1U,94,HR,1,NA,,
AY13,IO_T1U_N12_94,1U,94,HR,1,NA,,
AV14,IO_L11P_T1U_N8_GC_94,1U,94,HR,1,NA,,
AV13,IO_L11N_T1U_N9_GC_94,1U,94,HR,1,NA,,
BA11,IO_L10P_T1U_N6_QBC_AD4P_94,1U,94,HR,1,NA,,
BB11,IO_L10N_T1U_N7_QBC_AD4N_94,1U,94,HR,1,NA,,
AY12,IO_L9P_T1L_N4_AD12P_94,1L,94,HR,1,NA,,
BA12,IO_L9N_T1L_N5_AD12N_94,1L,94,HR,1,NA,,
BB13,IO_L8P_T1L_N2_AD5P_94,1L,94,HR,1,NA,,
BB12,IO_L8N_T1L_N3_AD5N_94,1L,94,HR,1,NA,,
AV11,IO_L7P_T1L_N0_QBC_AD13P_94,1L,94,HR,1,NA,,
AW11,IO_L7N_T1L_N1_QBC_AD13N_94,1L,94,HR,1,NA,,
AY17,IO_L6P_T0U_N10_AD6P_94,0U,94,HR,1,NA,,
BA17,IO_L6N_T0U_N11_AD6N_94,0U,94,HR,1,NA,,
BA14,IO_L5P_T0U_N8_AD14P_94,0U,94,HR,1,NA,,
BB14,IO_L5N_T0U_N9_AD14N_94,0U,94,HR,1,NA,,
BB17,IO_L4P_T0U_N6_DBC_AD7P_94,0U,94,HR,1,NA,,
BB16,IO_L4N_T0U_N7_DBC_AD7N_94,0U,94,HR,1,NA,,
BA16,IO_L3P_T0L_N4_AD15P_94,0L,94,HR,1,NA,,
BB15,IO_L3N_T0L_N5_AD15N_94,0L,94,HR,1,NA,,
AW15,IO_L2P_T0L_N2_94,0L,94,HR,1,NA,,
AY14,IO_L2N_T0L_N3_94,0L,94,HR,1,NA,,
BC16,IO_T0U_N12_94,0U,94,HR,1,NA,,
AY15,IO_L1P_T0L_N0_DBC_94,0L,94,HR,1,NA,,
BA15,IO_L1N_T0L_N1_DBC_94,0L,94,HR,1,NA,,
AW16,VREF_94,NA,94,HR,1,NA,,
BD39,MGTYTXN3_120,NA,120,GTY,0,VU080,VU095,VU125
BD38,MGTYTXP3_120,NA,120,GTY,0,VU080,VU095,VU125
BD43,MGTYRXP3_120,NA,120,GTY,0,VU080,VU095,VU125
BD44,MGTYRXN3_120,NA,120,GTY,0,VU080,VU095,VU125
AM35,MGTREFCLK1N_120,NA,120,GTY,0,VU080,VU095,VU125
AM34,MGTREFCLK1P_120,NA,120,GTY,0,VU080,VU095,VU125
BE41,MGTYTXN2_120,NA,120,GTY,0,VU080,VU095,VU125
BE40,MGTYTXP2_120,NA,120,GTY,0,VU080,VU095,VU125
BF43,MGTYRXP2_120,NA,120,GTY,0,VU080,VU095,VU125
BF44,MGTYRXN2_120,NA,120,GTY,0,VU080,VU095,VU125
BD36,MGTAVTTRCAL_LS,NA,NA,NA,NA,VU080,VU095,VU125
BD37,MGTRREF_LS,NA,NA,NA,NA,VU080,VU095,VU125
BE37,MGTYTXN1_120,NA,120,GTY,0,VU080,VU095,VU125
BE36,MGTYTXP1_120,NA,120,GTY,0,VU080,VU095,VU125
BD33,MGTYRXP1_120,NA,120,GTY,0,VU080,VU095,VU125
BD34,MGTYRXN1_120,NA,120,GTY,0,VU080,VU095,VU125
AN37,MGTREFCLK0N_120,NA,120,GTY,0,VU080,VU095,VU125
AN36,MGTREFCLK0P_120,NA,120,GTY,0,VU080,VU095,VU125
BF39,MGTYTXN0_120,NA,120,GTY,0,VU080,VU095,VU125
BF38,MGTYTXP0_120,NA,120,GTY,0,VU080,VU095,VU125
BF33,MGTYRXP0_120,NA,120,GTY,0,VU080,VU095,VU125
BF34,MGTYRXN0_120,NA,120,GTY,0,VU080,VU095,VU125
AY39,MGTYTXN3_121,NA,121,GTY,0,VU080,VU095,VU125
AY38,MGTYTXP3_121,NA,121,GTY,0,VU080,VU095,VU125
AY43,MGTYRXP3_121,NA,121,GTY,0,VU080,VU095,VU125
AY44,MGTYRXN3_121,NA,121,GTY,0,VU080,VU095,VU125
AK35,MGTREFCLK1N_121,NA,121,GTY,0,VU080,VU095,VU125
AK34,MGTREFCLK1P_121,NA,121,GTY,0,VU080,VU095,VU125
BA41,MGTYTXN2_121,NA,121,GTY,0,VU080,VU095,VU125
BA40,MGTYTXP2_121,NA,121,GTY,0,VU080,VU095,VU125
BA45,MGTYRXP2_121,NA,121,GTY,0,VU080,VU095,VU125
BA46,MGTYRXN2_121,NA,121,GTY,0,VU080,VU095,VU125
BB39,MGTYTXN1_121,NA,121,GTY,0,VU080,VU095,VU125
BB38,MGTYTXP1_121,NA,121,GTY,0,VU080,VU095,VU125
BB43,MGTYRXP1_121,NA,121,GTY,0,VU080,VU095,VU125
BB44,MGTYRXN1_121,NA,121,GTY,0,VU080,VU095,VU125
AL37,MGTREFCLK0N_121,NA,121,GTY,0,VU080,VU095,VU125
AL36,MGTREFCLK0P_121,NA,121,GTY,0,VU080,VU095,VU125
BC41,MGTYTXN0_121,NA,121,GTY,0,VU080,VU095,VU125
BC40,MGTYTXP0_121,NA,121,GTY,0,VU080,VU095,VU125
BC45,MGTYRXP0_121,NA,121,GTY,0,VU080,VU095,VU125
BC46,MGTYRXN0_121,NA,121,GTY,0,VU080,VU095,VU125
AT39,MGTYTXN3_122,NA,122,GTY,0,VU080,VU095,VU125
AT38,MGTYTXP3_122,NA,122,GTY,0,VU080,VU095,VU125
AT43,MGTYRXP3_122,NA,122,GTY,0,VU080,VU095,VU125
AT44,MGTYRXN3_122,NA,122,GTY,0,VU080,VU095,VU125
AH35,MGTREFCLK1N_122,NA,122,GTY,0,VU080,VU095,VU125
AH34,MGTREFCLK1P_122,NA,122,GTY,0,VU080,VU095,VU125
AU41,MGTYTXN2_122,NA,122,GTY,0,VU080,VU095,VU125
AU40,MGTYTXP2_122,NA,122,GTY,0,VU080,VU095,VU125
AU45,MGTYRXP2_122,NA,122,GTY,0,VU080,VU095,VU125
AU46,MGTYRXN2_122,NA,122,GTY,0,VU080,VU095,VU125
AV39,MGTYTXN1_122,NA,122,GTY,0,VU080,VU095,VU125
AV38,MGTYTXP1_122,NA,122,GTY,0,VU080,VU095,VU125
AV43,MGTYRXP1_122,NA,122,GTY,0,VU080,VU095,VU125
AV44,MGTYRXN1_122,NA,122,GTY,0,VU080,VU095,VU125
AJ37,MGTREFCLK0N_122,NA,122,GTY,0,VU080,VU095,VU125
AJ36,MGTREFCLK0P_122,NA,122,GTY,0,VU080,VU095,VU125
AW41,MGTYTXN0_122,NA,122,GTY,0,VU080,VU095,VU125
AW40,MGTYTXP0_122,NA,122,GTY,0,VU080,VU095,VU125
AW45,MGTYRXP0_122,NA,122,GTY,0,VU080,VU095,VU125
AW46,MGTYRXN0_122,NA,122,GTY,0,VU080,VU095,VU125
AM39,MGTYTXN3_124,NA,124,GTY,1,NA,,
AM38,MGTYTXP3_124,NA,124,GTY,1,NA,,
AM43,MGTYRXP3_124,NA,124,GTY,1,NA,,
AM44,MGTYRXN3_124,NA,124,GTY,1,NA,,
AF35,MGTREFCLK1N_124,NA,124,GTY,1,NA,,
AF34,MGTREFCLK1P_124,NA,124,GTY,1,NA,,
AN41,MGTYTXN2_124,NA,124,GTY,1,NA,,
AN40,MGTYTXP2_124,NA,124,GTY,1,NA,,
AN45,MGTYRXP2_124,NA,124,GTY,1,NA,,
AN46,MGTYRXN2_124,NA,124,GTY,1,NA,,
AP39,MGTYTXN1_124,NA,124,GTY,1,NA,,
AP38,MGTYTXP1_124,NA,124,GTY,1,NA,,
AP43,MGTYRXP1_124,NA,124,GTY,1,NA,,
AP44,MGTYRXN1_124,NA,124,GTY,1,NA,,
AG37,MGTREFCLK0N_124,NA,124,GTY,1,NA,,
AG36,MGTREFCLK0P_124,NA,124,GTY,1,NA,,
AR41,MGTYTXN0_124,NA,124,GTY,1,NA,,
AR40,MGTYTXP0_124,NA,124,GTY,1,NA,,
AR45,MGTYRXP0_124,NA,124,GTY,1,NA,,
AR46,MGTYRXN0_124,NA,124,GTY,1,NA,,
AH39,MGTYTXN3_125,NA,125,GTY,1,NA,,
AH38,MGTYTXP3_125,NA,125,GTY,1,NA,,
AH43,MGTYRXP3_125,NA,125,GTY,1,NA,,
AH44,MGTYRXN3_125,NA,125,GTY,1,NA,,
AD35,MGTREFCLK1N_125,NA,125,GTY,1,NA,,
AD34,MGTREFCLK1P_125,NA,125,GTY,1,NA,,
AJ41,MGTYTXN2_125,NA,125,GTY,1,NA,,
AJ40,MGTYTXP2_125,NA,125,GTY,1,NA,,
AJ45,MGTYRXP2_125,NA,125,GTY,1,NA,,
AJ46,MGTYRXN2_125,NA,125,GTY,1,NA,,
AH40,MGTAVTTRCAL_LC,NA,NA,NA,NA,NA,,
AH41,MGTRREF_LC,NA,NA,NA,NA,NA,,
AK39,MGTYTXN1_125,NA,125,GTY,1,NA,,
AK38,MGTYTXP1_125,NA,125,GTY,1,NA,,
AK43,MGTYRXP1_125,NA,125,GTY,1,NA,,
AK44,MGTYRXN1_125,NA,125,GTY,1,NA,,
AE37,MGTREFCLK0N_125,NA,125,GTY,1,NA,,
AE36,MGTREFCLK0P_125,NA,125,GTY,1,NA,,
AL41,MGTYTXN0_125,NA,125,GTY,1,NA,,
AL40,MGTYTXP0_125,NA,125,GTY,1,NA,,
AL45,MGTYRXP0_125,NA,125,GTY,1,NA,,
AL46,MGTYRXN0_125,NA,125,GTY,1,NA,,
AD39,MGTYTXN3_126,NA,126,GTY,1,NA,,
AD38,MGTYTXP3_126,NA,126,GTY,1,NA,,
AD43,MGTYRXP3_126,NA,126,GTY,1,NA,,
AD44,MGTYRXN3_126,NA,126,GTY,1,NA,,
AB35,MGTREFCLK1N_126,NA,126,GTY,1,NA,,
AB34,MGTREFCLK1P_126,NA,126,GTY,1,NA,,
AE41,MGTYTXN2_126,NA,126,GTY,1,NA,,
AE40,MGTYTXP2_126,NA,126,GTY,1,NA,,
AE45,MGTYRXP2_126,NA,126,GTY,1,NA,,
AE46,MGTYRXN2_126,NA,126,GTY,1,NA,,
AF39,MGTYTXN1_126,NA,126,GTY,1,NA,,
AF38,MGTYTXP1_126,NA,126,GTY,1,NA,,
AF43,MGTYRXP1_126,NA,126,GTY,1,NA,,
AF44,MGTYRXN1_126,NA,126,GTY,1,NA,,
AC37,MGTREFCLK0N_126,NA,126,GTY,1,NA,,
AC36,MGTREFCLK0P_126,NA,126,GTY,1,NA,,
AG41,MGTYTXN0_126,NA,126,GTY,1,NA,,
AG40,MGTYTXP0_126,NA,126,GTY,1,NA,,
AG45,MGTYRXP0_126,NA,126,GTY,1,NA,,
AG46,MGTYRXN0_126,NA,126,GTY,1,NA,,
Y39,MGTYTXN3_127,NA,127,GTY,1,NA,,
Y38,MGTYTXP3_127,NA,127,GTY,1,NA,,
Y43,MGTYRXP3_127,NA,127,GTY,1,NA,,
Y44,MGTYRXN3_127,NA,127,GTY,1,NA,,
Y35,MGTREFCLK1N_127,NA,127,GTY,1,NA,,
Y34,MGTREFCLK1P_127,NA,127,GTY,1,NA,,
AA41,MGTYTXN2_127,NA,127,GTY,1,NA,,
AA40,MGTYTXP2_127,NA,127,GTY,1,NA,,
AA45,MGTYRXP2_127,NA,127,GTY,1,NA,,
AA46,MGTYRXN2_127,NA,127,GTY,1,NA,,
AB39,MGTYTXN1_127,NA,127,GTY,1,NA,,
AB38,MGTYTXP1_127,NA,127,GTY,1,NA,,
AB43,MGTYRXP1_127,NA,127,GTY,1,NA,,
AB44,MGTYRXN1_127,NA,127,GTY,1,NA,,
AA37,MGTREFCLK0N_127,NA,127,GTY,1,NA,,
AA36,MGTREFCLK0P_127,NA,127,GTY,1,NA,,
AC41,MGTYTXN0_127,NA,127,GTY,1,NA,,
AC40,MGTYTXP0_127,NA,127,GTY,1,NA,,
AC45,MGTYRXP0_127,NA,127,GTY,1,NA,,
AC46,MGTYRXN0_127,NA,127,GTY,1,NA,,
T39,MGTYTXN3_128,NA,128,GTY,1,NA,,
T38,MGTYTXP3_128,NA,128,GTY,1,NA,,
T43,MGTYRXP3_128,NA,128,GTY,1,NA,,
T44,MGTYRXN3_128,NA,128,GTY,1,NA,,
V35,MGTREFCLK1N_128,NA,128,GTY,1,NA,,
V34,MGTREFCLK1P_128,NA,128,GTY,1,NA,,
U41,MGTYTXN2_128,NA,128,GTY,1,NA,,
U40,MGTYTXP2_128,NA,128,GTY,1,NA,,
U45,MGTYRXP2_128,NA,128,GTY,1,NA,,
U46,MGTYRXN2_128,NA,128,GTY,1,NA,,
V39,MGTYTXN1_128,NA,128,GTY,1,NA,,
V38,MGTYTXP1_128,NA,128,GTY,1,NA,,
V43,MGTYRXP1_128,NA,128,GTY,1,NA,,
V44,MGTYRXN1_128,NA,128,GTY,1,NA,,
W37,MGTREFCLK0N_128,NA,128,GTY,1,NA,,
W36,MGTREFCLK0P_128,NA,128,GTY,1,NA,,
W41,MGTYTXN0_128,NA,128,GTY,1,NA,,
W40,MGTYTXP0_128,NA,128,GTY,1,NA,,
W45,MGTYRXP0_128,NA,128,GTY,1,NA,,
W46,MGTYRXN0_128,NA,128,GTY,1,NA,,
M39,MGTYTXN3_129,NA,129,GTY,2,NA,,
M38,MGTYTXP3_129,NA,129,GTY,2,NA,,
M43,MGTYRXP3_129,NA,129,GTY,2,NA,,
M44,MGTYRXN3_129,NA,129,GTY,2,NA,,
T35,MGTREFCLK1N_129,NA,129,GTY,2,NA,,
T34,MGTREFCLK1P_129,NA,129,GTY,2,NA,,
N41,MGTYTXN2_129,NA,129,GTY,2,NA,,
N40,MGTYTXP2_129,NA,129,GTY,2,NA,,
N45,MGTYRXP2_129,NA,129,GTY,2,NA,,
N46,MGTYRXN2_129,NA,129,GTY,2,NA,,
P39,MGTYTXN1_129,NA,129,GTY,2,NA,,
P38,MGTYTXP1_129,NA,129,GTY,2,NA,,
P43,MGTYRXP1_129,NA,129,GTY,2,NA,,
P44,MGTYRXN1_129,NA,129,GTY,2,NA,,
U37,MGTREFCLK0N_129,NA,129,GTY,2,NA,,
U36,MGTREFCLK0P_129,NA,129,GTY,2,NA,,
R41,MGTYTXN0_129,NA,129,GTY,2,NA,,
R40,MGTYTXP0_129,NA,129,GTY,2,NA,,
R45,MGTYRXP0_129,NA,129,GTY,2,NA,,
R46,MGTYRXN0_129,NA,129,GTY,2,NA,,
H39,MGTYTXN3_130,NA,130,GTY,2,NA,,
H38,MGTYTXP3_130,NA,130,GTY,2,NA,,
H43,MGTYRXP3_130,NA,130,GTY,2,NA,,
H44,MGTYRXN3_130,NA,130,GTY,2,NA,,
P35,MGTREFCLK1N_130,NA,130,GTY,2,NA,,
P34,MGTREFCLK1P_130,NA,130,GTY,2,NA,,
J41,MGTYTXN2_130,NA,130,GTY,2,NA,,
J40,MGTYTXP2_130,NA,130,GTY,2,NA,,
J45,MGTYRXP2_130,NA,130,GTY,2,NA,,
J46,MGTYRXN2_130,NA,130,GTY,2,NA,,
D40,MGTAVTTRCAL_LN,NA,NA,NA,NA,NA,,
D41,MGTRREF_LN,NA,NA,NA,NA,NA,,
K39,MGTYTXN1_130,NA,130,GTY,2,NA,,
K38,MGTYTXP1_130,NA,130,GTY,2,NA,,
K43,MGTYRXP1_130,NA,130,GTY,2,NA,,
K44,MGTYRXN1_130,NA,130,GTY,2,NA,,
R37,MGTREFCLK0N_130,NA,130,GTY,2,NA,,
R36,MGTREFCLK0P_130,NA,130,GTY,2,NA,,
L41,MGTYTXN0_130,NA,130,GTY,2,NA,,
L40,MGTYTXP0_130,NA,130,GTY,2,NA,,
L45,MGTYRXP0_130,NA,130,GTY,2,NA,,
L46,MGTYRXN0_130,NA,130,GTY,2,NA,,
F35,MGTYTXN3_131,NA,131,GTY,2,NA,,
F34,MGTYTXP3_131,NA,131,GTY,2,NA,,
E31,MGTYRXP3_131,NA,131,GTY,2,NA,,
E32,MGTYRXN3_131,NA,131,GTY,2,NA,,
M35,MGTREFCLK1N_131,NA,131,GTY,2,NA,,
M34,MGTREFCLK1P_131,NA,131,GTY,2,NA,,
G37,MGTYTXN2_131,NA,131,GTY,2,NA,,
G36,MGTYTXP2_131,NA,131,GTY,2,NA,,
G31,MGTYRXP2_131,NA,131,GTY,2,NA,,
G32,MGTYRXN2_131,NA,131,GTY,2,NA,,
F39,MGTYTXN1_131,NA,131,GTY,2,NA,,
F38,MGTYTXP1_131,NA,131,GTY,2,NA,,
F43,MGTYRXP1_131,NA,131,GTY,2,NA,,
F44,MGTYRXN1_131,NA,131,GTY,2,NA,,
N37,MGTREFCLK0N_131,NA,131,GTY,2,NA,,
N36,MGTREFCLK0P_131,NA,131,GTY,2,NA,,
G41,MGTYTXN0_131,NA,131,GTY,2,NA,,
G40,MGTYTXP0_131,NA,131,GTY,2,NA,,
G45,MGTYRXP0_131,NA,131,GTY,2,NA,,
G46,MGTYRXN0_131,NA,131,GTY,2,NA,,
A41,MGTYTXN3_132,NA,132,GTY,2,VU080,VU095,
A40,MGTYTXP3_132,NA,132,GTY,2,VU080,VU095,
B43,MGTYRXP3_132,NA,132,GTY,2,VU080,VU095,
B44,MGTYRXN3_132,NA,132,GTY,2,VU080,VU095,
K35,MGTREFCLK1N_132,NA,132,GTY,2,VU080,VU095,
K34,MGTREFCLK1P_132,NA,132,GTY,2,VU080,VU095,
C41,MGTYTXN2_132,NA,132,GTY,2,VU080,VU095,
C40,MGTYTXP2_132,NA,132,GTY,2,VU080,VU095,
C45,MGTYRXP2_132,NA,132,GTY,2,VU080,VU095,
C46,MGTYRXN2_132,NA,132,GTY,2,VU080,VU095,
E37,MGTYTXN1_132,NA,132,GTY,2,VU080,VU095,
E36,MGTYTXP1_132,NA,132,GTY,2,VU080,VU095,
D43,MGTYRXP1_132,NA,132,GTY,2,VU080,VU095,
D44,MGTYRXN1_132,NA,132,GTY,2,VU080,VU095,
L37,MGTREFCLK0N_132,NA,132,GTY,2,VU080,VU095,
L36,MGTREFCLK0P_132,NA,132,GTY,2,VU080,VU095,
E41,MGTYTXN0_132,NA,132,GTY,2,VU080,VU095,
E40,MGTYTXP0_132,NA,132,GTY,2,VU080,VU095,
E45,MGTYRXP0_132,NA,132,GTY,2,VU080,VU095,
E46,MGTYRXN0_132,NA,132,GTY,2,VU080,VU095,
A37,MGTYTXN3_133,NA,133,GTY,2,VU080,VU095,
A36,MGTYTXP3_133,NA,133,GTY,2,VU080,VU095,
A31,MGTYRXP3_133,NA,133,GTY,2,VU080,VU095,
A32,MGTYRXN3_133,NA,133,GTY,2,VU080,VU095,
H35,MGTREFCLK1N_133,NA,133,GTY,2,VU080,VU095,
H34,MGTREFCLK1P_133,NA,133,GTY,2,VU080,VU095,
B39,MGTYTXN2_133,NA,133,GTY,2,VU080,VU095,
B38,MGTYTXP2_133,NA,133,GTY,2,VU080,VU095,
B33,MGTYRXP2_133,NA,133,GTY,2,VU080,VU095,
B34,MGTYRXN2_133,NA,133,GTY,2,VU080,VU095,
C37,MGTYTXN1_133,NA,133,GTY,2,VU080,VU095,
C36,MGTYTXP1_133,NA,133,GTY,2,VU080,VU095,
C31,MGTYRXP1_133,NA,133,GTY,2,VU080,VU095,
C32,MGTYRXN1_133,NA,133,GTY,2,VU080,VU095,
J37,MGTREFCLK0N_133,NA,133,GTY,2,VU080,VU095,
J36,MGTREFCLK0P_133,NA,133,GTY,2,VU080,VU095,
D39,MGTYTXN0_133,NA,133,GTY,2,VU080,VU095,
D38,MGTYTXP0_133,NA,133,GTY,2,VU080,VU095,
D33,MGTYRXP0_133,NA,133,GTY,2,VU080,VU095,
D34,MGTYRXN0_133,NA,133,GTY,2,VU080,VU095,
BD9,MGTHTXP3_220,NA,220,GTH,0,VU080,VU095,VU125
BD4,MGTHRXP3_220,NA,220,GTH,0,VU080,VU095,VU125
BD3,MGTHRXN3_220,NA,220,GTH,0,VU080,VU095,VU125
BD8,MGTHTXN3_220,NA,220,GTH,0,VU080,VU095,VU125
AM13,MGTREFCLK1P_220,NA,220,GTH,0,VU080,VU095,VU125
AM12,MGTREFCLK1N_220,NA,220,GTH,0,VU080,VU095,VU125
BE7,MGTHTXP2_220,NA,220,GTH,0,VU080,VU095,VU125
BF4,MGTHRXP2_220,NA,220,GTH,0,VU080,VU095,VU125
BF3,MGTHRXN2_220,NA,220,GTH,0,VU080,VU095,VU125
BE6,MGTHTXN2_220,NA,220,GTH,0,VU080,VU095,VU125
BE11,MGTHTXP1_220,NA,220,GTH,0,VU080,VU095,VU125
BD14,MGTHRXP1_220,NA,220,GTH,0,VU080,VU095,VU125
BD13,MGTHRXN1_220,NA,220,GTH,0,VU080,VU095,VU125
BE10,MGTHTXN1_220,NA,220,GTH,0,VU080,VU095,VU125
AN11,MGTREFCLK0P_220,NA,220,GTH,0,VU080,VU095,VU125
AN10,MGTREFCLK0N_220,NA,220,GTH,0,VU080,VU095,VU125
BF9,MGTHTXP0_220,NA,220,GTH,0,VU080,VU095,VU125
BF14,MGTHRXP0_220,NA,220,GTH,0,VU080,VU095,VU125
BF13,MGTHRXN0_220,NA,220,GTH,0,VU080,VU095,VU125
BF8,MGTHTXN0_220,NA,220,GTH,0,VU080,VU095,VU125
AY9,MGTHTXP3_221,NA,221,GTH,0,VU080,VU095,VU125
AY4,MGTHRXP3_221,NA,221,GTH,0,VU080,VU095,VU125
AY3,MGTHRXN3_221,NA,221,GTH,0,VU080,VU095,VU125
AY8,MGTHTXN3_221,NA,221,GTH,0,VU080,VU095,VU125
AK13,MGTREFCLK1P_221,NA,221,GTH,0,VU080,VU095,VU125
AK12,MGTREFCLK1N_221,NA,221,GTH,0,VU080,VU095,VU125
BA7,MGTHTXP2_221,NA,221,GTH,0,VU080,VU095,VU125
BA2,MGTHRXP2_221,NA,221,GTH,0,VU080,VU095,VU125
BA1,MGTHRXN2_221,NA,221,GTH,0,VU080,VU095,VU125
BA6,MGTHTXN2_221,NA,221,GTH,0,VU080,VU095,VU125
BD10,MGTRREF_RS,NA,NA,NA,NA,VU080,VU095,VU125
BD11,MGTAVTTRCAL_RS,NA,NA,NA,NA,VU080,VU095,VU125
BB9,MGTHTXP1_221,NA,221,GTH,0,VU080,VU095,VU125
BB4,MGTHRXP1_221,NA,221,GTH,0,VU080,VU095,VU125
BB3,MGTHRXN1_221,NA,221,GTH,0,VU080,VU095,VU125
BB8,MGTHTXN1_221,NA,221,GTH,0,VU080,VU095,VU125
AL11,MGTREFCLK0P_221,NA,221,GTH,0,VU080,VU095,VU125
AL10,MGTREFCLK0N_221,NA,221,GTH,0,VU080,VU095,VU125
BC7,MGTHTXP0_221,NA,221,GTH,0,VU080,VU095,VU125
BC2,MGTHRXP0_221,NA,221,GTH,0,VU080,VU095,VU125
BC1,MGTHRXN0_221,NA,221,GTH,0,VU080,VU095,VU125
BC6,MGTHTXN0_221,NA,221,GTH,0,VU080,VU095,VU125
AT9,MGTHTXP3_222,NA,222,GTH,0,VU080,VU095,VU125
AT4,MGTHRXP3_222,NA,222,GTH,0,VU080,VU095,VU125
AT3,MGTHRXN3_222,NA,222,GTH,0,VU080,VU095,VU125
AT8,MGTHTXN3_222,NA,222,GTH,0,VU080,VU095,VU125
AH13,MGTREFCLK1P_222,NA,222,GTH,0,VU080,VU095,VU125
AH12,MGTREFCLK1N_222,NA,222,GTH,0,VU080,VU095,VU125
AU7,MGTHTXP2_222,NA,222,GTH,0,VU080,VU095,VU125
AU2,MGTHRXP2_222,NA,222,GTH,0,VU080,VU095,VU125
AU1,MGTHRXN2_222,NA,222,GTH,0,VU080,VU095,VU125
AU6,MGTHTXN2_222,NA,222,GTH,0,VU080,VU095,VU125
AV9,MGTHTXP1_222,NA,222,GTH,0,VU080,VU095,VU125
AV4,MGTHRXP1_222,NA,222,GTH,0,VU080,VU095,VU125
AV3,MGTHRXN1_222,NA,222,GTH,0,VU080,VU095,VU125
AV8,MGTHTXN1_222,NA,222,GTH,0,VU080,VU095,VU125
AJ11,MGTREFCLK0P_222,NA,222,GTH,0,VU080,VU095,VU125
AJ10,MGTREFCLK0N_222,NA,222,GTH,0,VU080,VU095,VU125
AW7,MGTHTXP0_222,NA,222,GTH,0,VU080,VU095,VU125
AW2,MGTHRXP0_222,NA,222,GTH,0,VU080,VU095,VU125
AW1,MGTHRXN0_222,NA,222,GTH,0,VU080,VU095,VU125
AW6,MGTHTXN0_222,NA,222,GTH,0,VU080,VU095,VU125
AM9,MGTHTXP3_224,NA,224,GTH,1,NA,,
AM4,MGTHRXP3_224,NA,224,GTH,1,NA,,
AM3,MGTHRXN3_224,NA,224,GTH,1,NA,,
AM8,MGTHTXN3_224,NA,224,GTH,1,NA,,
AF13,MGTREFCLK1P_224,NA,224,GTH,1,NA,,
AF12,MGTREFCLK1N_224,NA,224,GTH,1,NA,,
AN7,MGTHTXP2_224,NA,224,GTH,1,NA,,
AN2,MGTHRXP2_224,NA,224,GTH,1,NA,,
AN1,MGTHRXN2_224,NA,224,GTH,1,NA,,
AN6,MGTHTXN2_224,NA,224,GTH,1,NA,,
AP9,MGTHTXP1_224,NA,224,GTH,1,NA,,
AP4,MGTHRXP1_224,NA,224,GTH,1,NA,,
AP3,MGTHRXN1_224,NA,224,GTH,1,NA,,
AP8,MGTHTXN1_224,NA,224,GTH,1,NA,,
AG11,MGTREFCLK0P_224,NA,224,GTH,1,NA,,
AG10,MGTREFCLK0N_224,NA,224,GTH,1,NA,,
AR7,MGTHTXP0_224,NA,224,GTH,1,NA,,
AR2,MGTHRXP0_224,NA,224,GTH,1,NA,,
AR1,MGTHRXN0_224,NA,224,GTH,1,NA,,
AR6,MGTHTXN0_224,NA,224,GTH,1,NA,,
AH9,MGTHTXP3_225,NA,225,GTH,1,NA,,
AH4,MGTHRXP3_225,NA,225,GTH,1,NA,,
AH3,MGTHRXN3_225,NA,225,GTH,1,NA,,
AH8,MGTHTXN3_225,NA,225,GTH,1,NA,,
AD13,MGTREFCLK1P_225,NA,225,GTH,1,NA,,
AD12,MGTREFCLK1N_225,NA,225,GTH,1,NA,,
AJ7,MGTHTXP2_225,NA,225,GTH,1,NA,,
AJ2,MGTHRXP2_225,NA,225,GTH,1,NA,,
AJ1,MGTHRXN2_225,NA,225,GTH,1,NA,,
AJ6,MGTHTXN2_225,NA,225,GTH,1,NA,,
AK9,MGTHTXP1_225,NA,225,GTH,1,NA,,
AK4,MGTHRXP1_225,NA,225,GTH,1,NA,,
AK3,MGTHRXN1_225,NA,225,GTH,1,NA,,
AK8,MGTHTXN1_225,NA,225,GTH,1,NA,,
AE11,MGTREFCLK0P_225,NA,225,GTH,1,NA,,
AE10,MGTREFCLK0N_225,NA,225,GTH,1,NA,,
AL7,MGTHTXP0_225,NA,225,GTH,1,NA,,
AL2,MGTHRXP0_225,NA,225,GTH,1,NA,,
AL1,MGTHRXN0_225,NA,225,GTH,1,NA,,
AL6,MGTHTXN0_225,NA,225,GTH,1,NA,,
AD9,MGTHTXP3_226,NA,226,GTH,1,NA,,
AD4,MGTHRXP3_226,NA,226,GTH,1,NA,,
AD3,MGTHRXN3_226,NA,226,GTH,1,NA,,
AD8,MGTHTXN3_226,NA,226,GTH,1,NA,,
AB13,MGTREFCLK1P_226,NA,226,GTH,1,NA,,
AB12,MGTREFCLK1N_226,NA,226,GTH,1,NA,,
AE7,MGTHTXP2_226,NA,226,GTH,1,NA,,
AE2,MGTHRXP2_226,NA,226,GTH,1,NA,,
AE1,MGTHRXN2_226,NA,226,GTH,1,NA,,
AE6,MGTHTXN2_226,NA,226,GTH,1,NA,,
AH6,MGTRREF_RC,NA,NA,NA,NA,NA,,
AH7,MGTAVTTRCAL_RC,NA,NA,NA,NA,NA,,
AF9,MGTHTXP1_226,NA,226,GTH,1,NA,,
AF4,MGTHRXP1_226,NA,226,GTH,1,NA,,
AF3,MGTHRXN1_226,NA,226,GTH,1,NA,,
AF8,MGTHTXN1_226,NA,226,GTH,1,NA,,
AC11,MGTREFCLK0P_226,NA,226,GTH,1,NA,,
AC10,MGTREFCLK0N_226,NA,226,GTH,1,NA,,
AG7,MGTHTXP0_226,NA,226,GTH,1,NA,,
AG2,MGTHRXP0_226,NA,226,GTH,1,NA,,
AG1,MGTHRXN0_226,NA,226,GTH,1,NA,,
AG6,MGTHTXN0_226,NA,226,GTH,1,NA,,
Y9,MGTHTXP3_227,NA,227,GTH,1,NA,,
Y4,MGTHRXP3_227,NA,227,GTH,1,NA,,
Y3,MGTHRXN3_227,NA,227,GTH,1,NA,,
Y8,MGTHTXN3_227,NA,227,GTH,1,NA,,
Y13,MGTREFCLK1P_227,NA,227,GTH,1,NA,,
Y12,MGTREFCLK1N_227,NA,227,GTH,1,NA,,
AA7,MGTHTXP2_227,NA,227,GTH,1,NA,,
AA2,MGTHRXP2_227,NA,227,GTH,1,NA,,
AA1,MGTHRXN2_227,NA,227,GTH,1,NA,,
AA6,MGTHTXN2_227,NA,227,GTH,1,NA,,
AB9,MGTHTXP1_227,NA,227,GTH,1,NA,,
AB4,MGTHRXP1_227,NA,227,GTH,1,NA,,
AB3,MGTHRXN1_227,NA,227,GTH,1,NA,,
AB8,MGTHTXN1_227,NA,227,GTH,1,NA,,
AA11,MGTREFCLK0P_227,NA,227,GTH,1,NA,,
AA10,MGTREFCLK0N_227,NA,227,GTH,1,NA,,
AC7,MGTHTXP0_227,NA,227,GTH,1,NA,,
AC2,MGTHRXP0_227,NA,227,GTH,1,NA,,
AC1,MGTHRXN0_227,NA,227,GTH,1,NA,,
AC6,MGTHTXN0_227,NA,227,GTH,1,NA,,
T9,MGTHTXP3_228,NA,228,GTH,1,NA,,
T4,MGTHRXP3_228,NA,228,GTH,1,NA,,
T3,MGTHRXN3_228,NA,228,GTH,1,NA,,
T8,MGTHTXN3_228,NA,228,GTH,1,NA,,
V13,MGTREFCLK1P_228,NA,228,GTH,1,NA,,
V12,MGTREFCLK1N_228,NA,228,GTH,1,NA,,
U7,MGTHTXP2_228,NA,228,GTH,1,NA,,
U2,MGTHRXP2_228,NA,228,GTH,1,NA,,
U1,MGTHRXN2_228,NA,228,GTH,1,NA,,
U6,MGTHTXN2_228,NA,228,GTH,1,NA,,
V9,MGTHTXP1_228,NA,228,GTH,1,NA,,
V4,MGTHRXP1_228,NA,228,GTH,1,NA,,
V3,MGTHRXN1_228,NA,228,GTH,1,NA,,
V8,MGTHTXN1_228,NA,228,GTH,1,NA,,
W11,MGTREFCLK0P_228,NA,228,GTH,1,NA,,
W10,MGTREFCLK0N_228,NA,228,GTH,1,NA,,
W7,MGTHTXP0_228,NA,228,GTH,1,NA,,
W2,MGTHRXP0_228,NA,228,GTH,1,NA,,
W1,MGTHRXN0_228,NA,228,GTH,1,NA,,
W6,MGTHTXN0_228,NA,228,GTH,1,NA,,
M9,MGTHTXP3_229,NA,229,GTH,2,NA,,
M4,MGTHRXP3_229,NA,229,GTH,2,NA,,
M3,MGTHRXN3_229,NA,229,GTH,2,NA,,
M8,MGTHTXN3_229,NA,229,GTH,2,NA,,
T13,MGTREFCLK1P_229,NA,229,GTH,2,NA,,
T12,MGTREFCLK1N_229,NA,229,GTH,2,NA,,
N7,MGTHTXP2_229,NA,229,GTH,2,NA,,
N2,MGTHRXP2_229,NA,229,GTH,2,NA,,
N1,MGTHRXN2_229,NA,229,GTH,2,NA,,
N6,MGTHTXN2_229,NA,229,GTH,2,NA,,
P9,MGTHTXP1_229,NA,229,GTH,2,NA,,
P4,MGTHRXP1_229,NA,229,GTH,2,NA,,
P3,MGTHRXN1_229,NA,229,GTH,2,NA,,
P8,MGTHTXN1_229,NA,229,GTH,2,NA,,
U11,MGTREFCLK0P_229,NA,229,GTH,2,NA,,
U10,MGTREFCLK0N_229,NA,229,GTH,2,NA,,
R7,MGTHTXP0_229,NA,229,GTH,2,NA,,
R2,MGTHRXP0_229,NA,229,GTH,2,NA,,
R1,MGTHRXN0_229,NA,229,GTH,2,NA,,
R6,MGTHTXN0_229,NA,229,GTH,2,NA,,
H9,MGTHTXP3_230,NA,230,GTH,2,NA,,
H4,MGTHRXP3_230,NA,230,GTH,2,NA,,
H3,MGTHRXN3_230,NA,230,GTH,2,NA,,
H8,MGTHTXN3_230,NA,230,GTH,2,NA,,
P13,MGTREFCLK1P_230,NA,230,GTH,2,NA,,
P12,MGTREFCLK1N_230,NA,230,GTH,2,NA,,
J7,MGTHTXP2_230,NA,230,GTH,2,NA,,
J2,MGTHRXP2_230,NA,230,GTH,2,NA,,
J1,MGTHRXN2_230,NA,230,GTH,2,NA,,
J6,MGTHTXN2_230,NA,230,GTH,2,NA,,
K9,MGTHTXP1_230,NA,230,GTH,2,NA,,
K4,MGTHRXP1_230,NA,230,GTH,2,NA,,
K3,MGTHRXN1_230,NA,230,GTH,2,NA,,
K8,MGTHTXN1_230,NA,230,GTH,2,NA,,
R11,MGTREFCLK0P_230,NA,230,GTH,2,NA,,
R10,MGTREFCLK0N_230,NA,230,GTH,2,NA,,
L7,MGTHTXP0_230,NA,230,GTH,2,NA,,
L2,MGTHRXP0_230,NA,230,GTH,2,NA,,
L1,MGTHRXN0_230,NA,230,GTH,2,NA,,
L6,MGTHTXN0_230,NA,230,GTH,2,NA,,
F13,MGTHTXP3_231,NA,231,GTH,2,NA,,
E16,MGTHRXP3_231,NA,231,GTH,2,NA,,
E15,MGTHRXN3_231,NA,231,GTH,2,NA,,
F12,MGTHTXN3_231,NA,231,GTH,2,NA,,
M13,MGTREFCLK1P_231,NA,231,GTH,2,NA,,
M12,MGTREFCLK1N_231,NA,231,GTH,2,NA,,
G11,MGTHTXP2_231,NA,231,GTH,2,NA,,
G16,MGTHRXP2_231,NA,231,GTH,2,NA,,
G15,MGTHRXN2_231,NA,231,GTH,2,NA,,
G10,MGTHTXN2_231,NA,231,GTH,2,NA,,
D6,MGTRREF_RN,NA,NA,NA,NA,NA,,
D7,MGTAVTTRCAL_RN,NA,NA,NA,NA,NA,,
F9,MGTHTXP1_231,NA,231,GTH,2,NA,,
F4,MGTHRXP1_231,NA,231,GTH,2,NA,,
F3,MGTHRXN1_231,NA,231,GTH,2,NA,,
F8,MGTHTXN1_231,NA,231,GTH,2,NA,,
N11,MGTREFCLK0P_231,NA,231,GTH,2,NA,,
N10,MGTREFCLK0N_231,NA,231,GTH,2,NA,,
G7,MGTHTXP0_231,NA,231,GTH,2,NA,,
G2,MGTHRXP0_231,NA,231,GTH,2,NA,,
G1,MGTHRXN0_231,NA,231,GTH,2,NA,,
G6,MGTHTXN0_231,NA,231,GTH,2,NA,,
A7,MGTHTXP3_232,NA,232,GTH,2,VU080,VU095,
B4,MGTHRXP3_232,NA,232,GTH,2,VU080,VU095,
B3,MGTHRXN3_232,NA,232,GTH,2,VU080,VU095,
A6,MGTHTXN3_232,NA,232,GTH,2,VU080,VU095,
K13,MGTREFCLK1P_232,NA,232,GTH,2,VU080,VU095,
K12,MGTREFCLK1N_232,NA,232,GTH,2,VU080,VU095,
C7,MGTHTXP2_232,NA,232,GTH,2,VU080,VU095,
C2,MGTHRXP2_232,NA,232,GTH,2,VU080,VU095,
C1,MGTHRXN2_232,NA,232,GTH,2,VU080,VU095,
C6,MGTHTXN2_232,NA,232,GTH,2,VU080,VU095,
E11,MGTHTXP1_232,NA,232,GTH,2,VU080,VU095,
D4,MGTHRXP1_232,NA,232,GTH,2,VU080,VU095,
D3,MGTHRXN1_232,NA,232,GTH,2,VU080,VU095,
E10,MGTHTXN1_232,NA,232,GTH,2,VU080,VU095,
L11,MGTREFCLK0P_232,NA,232,GTH,2,VU080,VU095,
L10,MGTREFCLK0N_232,NA,232,GTH,2,VU080,VU095,
E7,MGTHTXP0_232,NA,232,GTH,2,VU080,VU095,
E2,MGTHRXP0_232,NA,232,GTH,2,VU080,VU095,
E1,MGTHRXN0_232,NA,232,GTH,2,VU080,VU095,
E6,MGTHTXN0_232,NA,232,GTH,2,VU080,VU095,
A11,MGTHTXP3_233,NA,233,GTH,2,VU080,VU095,
A16,MGTHRXP3_233,NA,233,GTH,2,VU080,VU095,
A15,MGTHRXN3_233,NA,233,GTH,2,VU080,VU095,
A10,MGTHTXN3_233,NA,233,GTH,2,VU080,VU095,
H13,MGTREFCLK1P_233,NA,233,GTH,2,VU080,VU095,
H12,MGTREFCLK1N_233,NA,233,GTH,2,VU080,VU095,
B9,MGTHTXP2_233,NA,233,GTH,2,VU080,VU095,
B14,MGTHRXP2_233,NA,233,GTH,2,VU080,VU095,
B13,MGTHRXN2_233,NA,233,GTH,2,VU080,VU095,
B8,MGTHTXN2_233,NA,233,GTH,2,VU080,VU095,
C11,MGTHTXP1_233,NA,233,GTH,2,VU080,VU095,
C16,MGTHRXP1_233,NA,233,GTH,2,VU080,VU095,
C15,MGTHRXN1_233,NA,233,GTH,2,VU080,VU095,
C10,MGTHTXN1_233,NA,233,GTH,2,VU080,VU095,
J11,MGTREFCLK0P_233,NA,233,GTH,2,VU080,VU095,
J10,MGTREFCLK0N_233,NA,233,GTH,2,VU080,VU095,
D9,MGTHTXP0_233,NA,233,GTH,2,VU080,VU095,
D14,MGTHRXP0_233,NA,233,GTH,2,VU080,VU095,
D13,MGTHRXN0_233,NA,233,GTH,2,VU080,VU095,
D8,MGTHTXN0_233,NA,233,GTH,2,VU080,VU095,
A3,GND,NA,NA,NA,NA,NA,,
A5,GND,NA,NA,NA,NA,NA,,
A12,GND,NA,NA,NA,NA,NA,,
A13,GND,NA,NA,NA,NA,NA,,
A14,GND,NA,NA,NA,NA,NA,,
A17,GND,NA,NA,NA,NA,NA,,
A22,GND,NA,NA,NA,NA,NA,,
A30,GND,NA,NA,NA,NA,NA,,
A33,GND,NA,NA,NA,NA,NA,,
A34,GND,NA,NA,NA,NA,NA,,
A35,GND,NA,NA,NA,NA,NA,,
A42,GND,NA,NA,NA,NA,NA,,
A44,GND,NA,NA,NA,NA,NA,,
B2,GND,NA,NA,NA,NA,NA,,
B5,GND,NA,NA,NA,NA,NA,,
B6,GND,NA,NA,NA,NA,NA,,
B10,GND,NA,NA,NA,NA,NA,,
B12,GND,NA,NA,NA,NA,NA,,
B15,GND,NA,NA,NA,NA,NA,,
B16,GND,NA,NA,NA,NA,NA,,
B17,GND,NA,NA,NA,NA,NA,,
B19,GND,NA,NA,NA,NA,NA,,
B29,GND,NA,NA,NA,NA,NA,,
B30,GND,NA,NA,NA,NA,NA,,
B31,GND,NA,NA,NA,NA,NA,,
B32,GND,NA,NA,NA,NA,NA,,
B35,GND,NA,NA,NA,NA,NA,,
B37,GND,NA,NA,NA,NA,NA,,
B41,GND,NA,NA,NA,NA,NA,,
B42,GND,NA,NA,NA,NA,NA,,
B45,GND,NA,NA,NA,NA,NA,,
C3,GND,NA,NA,NA,NA,NA,,
C4,GND,NA,NA,NA,NA,NA,,
C5,GND,NA,NA,NA,NA,NA,,
C8,GND,NA,NA,NA,NA,NA,,
C12,GND,NA,NA,NA,NA,NA,,
C13,GND,NA,NA,NA,NA,NA,,
C14,GND,NA,NA,NA,NA,NA,,
C17,GND,NA,NA,NA,NA,NA,,
C26,GND,NA,NA,NA,NA,NA,,
C30,GND,NA,NA,NA,NA,NA,,
C33,GND,NA,NA,NA,NA,NA,,
C34,GND,NA,NA,NA,NA,NA,,
C35,GND,NA,NA,NA,NA,NA,,
C39,GND,NA,NA,NA,NA,NA,,
C42,GND,NA,NA,NA,NA,NA,,
C43,GND,NA,NA,NA,NA,NA,,
C44,GND,NA,NA,NA,NA,NA,,
D1,GND,NA,NA,NA,NA,NA,,
D2,GND,NA,NA,NA,NA,NA,,
D5,GND,NA,NA,NA,NA,NA,,
D11,GND,NA,NA,NA,NA,NA,,
D12,GND,NA,NA,NA,NA,NA,,
D15,GND,NA,NA,NA,NA,NA,,
D16,GND,NA,NA,NA,NA,NA,,
D17,GND,NA,NA,NA,NA,NA,,
D23,GND,NA,NA,NA,NA,NA,,
D30,GND,NA,NA,NA,NA,NA,,
D31,GND,NA,NA,NA,NA,NA,,
D32,GND,NA,NA,NA,NA,NA,,
D35,GND,NA,NA,NA,NA,NA,,
D36,GND,NA,NA,NA,NA,NA,,
D42,GND,NA,NA,NA,NA,NA,,
D45,GND,NA,NA,NA,NA,NA,,
D46,GND,NA,NA,NA,NA,NA,,
E3,GND,NA,NA,NA,NA,NA,,
E4,GND,NA,NA,NA,NA,NA,,
E5,GND,NA,NA,NA,NA,NA,,
E9,GND,NA,NA,NA,NA,NA,,
E12,GND,NA,NA,NA,NA,NA,,
E13,GND,NA,NA,NA,NA,NA,,
E14,GND,NA,NA,NA,NA,NA,,
E17,GND,NA,NA,NA,NA,NA,,
E20,GND,NA,NA,NA,NA,NA,,
E30,GND,NA,NA,NA,NA,NA,,
E33,GND,NA,NA,NA,NA,NA,,
E34,GND,NA,NA,NA,NA,NA,,
E35,GND,NA,NA,NA,NA,NA,,
E38,GND,NA,NA,NA,NA,NA,,
E42,GND,NA,NA,NA,NA,NA,,
E43,GND,NA,NA,NA,NA,NA,,
E44,GND,NA,NA,NA,NA,NA,,
F1,GND,NA,NA,NA,NA,NA,,
F2,GND,NA,NA,NA,NA,NA,,
F5,GND,NA,NA,NA,NA,NA,,
F6,GND,NA,NA,NA,NA,NA,,
F10,GND,NA,NA,NA,NA,NA,,
F14,GND,NA,NA,NA,NA,NA,,
F15,GND,NA,NA,NA,NA,NA,,
F16,GND,NA,NA,NA,NA,NA,,
F17,GND,NA,NA,NA,NA,NA,,
F27,GND,NA,NA,NA,NA,NA,,
F30,GND,NA,NA,NA,NA,NA,,
F31,GND,NA,NA,NA,NA,NA,,
F32,GND,NA,NA,NA,NA,NA,,
F33,GND,NA,NA,NA,NA,NA,,
F37,GND,NA,NA,NA,NA,NA,,
F41,GND,NA,NA,NA,NA,NA,,
F42,GND,NA,NA,NA,NA,NA,,
F45,GND,NA,NA,NA,NA,NA,,
F46,GND,NA,NA,NA,NA,NA,,
G3,GND,NA,NA,NA,NA,NA,,
G4,GND,NA,NA,NA,NA,NA,,
G5,GND,NA,NA,NA,NA,NA,,
G8,GND,NA,NA,NA,NA,NA,,
G12,GND,NA,NA,NA,NA,NA,,
G14,GND,NA,NA,NA,NA,NA,,
G17,GND,NA,NA,NA,NA,NA,,
G24,GND,NA,NA,NA,NA,NA,,
G30,GND,NA,NA,NA,NA,NA,,
G33,GND,NA,NA,NA,NA,NA,,
G35,GND,NA,NA,NA,NA,NA,,
G39,GND,NA,NA,NA,NA,NA,,
G42,GND,NA,NA,NA,NA,NA,,
G43,GND,NA,NA,NA,NA,NA,,
G44,GND,NA,NA,NA,NA,NA,,
H1,GND,NA,NA,NA,NA,NA,,
H2,GND,NA,NA,NA,NA,NA,,
H5,GND,NA,NA,NA,NA,NA,,
H7,GND,NA,NA,NA,NA,NA,,
H11,GND,NA,NA,NA,NA,NA,,
H14,GND,NA,NA,NA,NA,NA,,
H15,GND,NA,NA,NA,NA,NA,,
H16,GND,NA,NA,NA,NA,NA,,
H17,GND,NA,NA,NA,NA,NA,,
H21,GND,NA,NA,NA,NA,NA,,
H30,GND,NA,NA,NA,NA,NA,,
H31,GND,NA,NA,NA,NA,NA,,
H32,GND,NA,NA,NA,NA,NA,,
H33,GND,NA,NA,NA,NA,NA,,
H36,GND,NA,NA,NA,NA,NA,,
H40,GND,NA,NA,NA,NA,NA,,
H42,GND,NA,NA,NA,NA,NA,,
H45,GND,NA,NA,NA,NA,NA,,
H46,GND,NA,NA,NA,NA,NA,,
J3,GND,NA,NA,NA,NA,NA,,
J4,GND,NA,NA,NA,NA,NA,,
J5,GND,NA,NA,NA,NA,NA,,
J9,GND,NA,NA,NA,NA,NA,,
J13,GND,NA,NA,NA,NA,NA,,
J14,GND,NA,NA,NA,NA,NA,,
J18,GND,NA,NA,NA,NA,NA,,
J28,GND,NA,NA,NA,NA,NA,,
J33,GND,NA,NA,NA,NA,NA,,
J34,GND,NA,NA,NA,NA,NA,,
J38,GND,NA,NA,NA,NA,NA,,
J42,GND,NA,NA,NA,NA,NA,,
J43,GND,NA,NA,NA,NA,NA,,
J44,GND,NA,NA,NA,NA,NA,,
K1,GND,NA,NA,NA,NA,NA,,
K2,GND,NA,NA,NA,NA,NA,,
K5,GND,NA,NA,NA,NA,NA,,
K6,GND,NA,NA,NA,NA,NA,,
K10,GND,NA,NA,NA,NA,NA,,
K15,GND,NA,NA,NA,NA,NA,,
K25,GND,NA,NA,NA,NA,NA,,
K33,GND,NA,NA,NA,NA,NA,,
K37,GND,NA,NA,NA,NA,NA,,
K41,GND,NA,NA,NA,NA,NA,,
K42,GND,NA,NA,NA,NA,NA,,
K45,GND,NA,NA,NA,NA,NA,,
K46,GND,NA,NA,NA,NA,NA,,
L3,GND,NA,NA,NA,NA,NA,,
L4,GND,NA,NA,NA,NA,NA,,
L5,GND,NA,NA,NA,NA,NA,,
L8,GND,NA,NA,NA,NA,NA,,
L12,GND,NA,NA,NA,NA,NA,,
L14,GND,NA,NA,NA,NA,NA,,
L22,GND,NA,NA,NA,NA,NA,,
L32,GND,NA,NA,NA,NA,NA,,
L33,GND,NA,NA,NA,NA,NA,,
L35,GND,NA,NA,NA,NA,NA,,
L39,GND,NA,NA,NA,NA,NA,,
L42,GND,NA,NA,NA,NA,NA,,
L43,GND,NA,NA,NA,NA,NA,,
L44,GND,NA,NA,NA,NA,NA,,
M1,GND,NA,NA,NA,NA,NA,,
M2,GND,NA,NA,NA,NA,NA,,
M5,GND,NA,NA,NA,NA,NA,,
M7,GND,NA,NA,NA,NA,NA,,
M11,GND,NA,NA,NA,NA,NA,,
M19,GND,NA,NA,NA,NA,NA,,
M29,GND,NA,NA,NA,NA,NA,,
M33,GND,NA,NA,NA,NA,NA,,
M36,GND,NA,NA,NA,NA,NA,,
M40,GND,NA,NA,NA,NA,NA,,
M42,GND,NA,NA,NA,NA,NA,,
M45,GND,NA,NA,NA,NA,NA,,
M46,GND,NA,NA,NA,NA,NA,,
N3,GND,NA,NA,NA,NA,NA,,
N4,GND,NA,NA,NA,NA,NA,,
N5,GND,NA,NA,NA,NA,NA,,
N9,GND,NA,NA,NA,NA,NA,,
N13,GND,NA,NA,NA,NA,NA,,
N14,GND,NA,NA,NA,NA,NA,,
N16,GND,NA,NA,NA,NA,NA,,
N26,GND,NA,NA,NA,NA,NA,,
N33,GND,NA,NA,NA,NA,NA,,
N34,GND,NA,NA,NA,NA,NA,,
N38,GND,NA,NA,NA,NA,NA,,
N42,GND,NA,NA,NA,NA,NA,,
N43,GND,NA,NA,NA,NA,NA,,
N44,GND,NA,NA,NA,NA,NA,,
P1,GND,NA,NA,NA,NA,NA,,
P2,GND,NA,NA,NA,NA,NA,,
P5,GND,NA,NA,NA,NA,NA,,
P6,GND,NA,NA,NA,NA,NA,,
P10,GND,NA,NA,NA,NA,NA,,
P23,GND,NA,NA,NA,NA,NA,,
P29,GND,NA,NA,NA,NA,NA,,
P31,GND,NA,NA,NA,NA,NA,,
P33,GND,NA,NA,NA,NA,NA,,
P37,GND,NA,NA,NA,NA,NA,,
P41,GND,NA,NA,NA,NA,NA,,
P42,GND,NA,NA,NA,NA,NA,,
P45,GND,NA,NA,NA,NA,NA,,
P46,GND,NA,NA,NA,NA,NA,,
R3,GND,NA,NA,NA,NA,NA,,
R4,GND,NA,NA,NA,NA,NA,,
R5,GND,NA,NA,NA,NA,NA,,
R8,GND,NA,NA,NA,NA,NA,,
R12,GND,NA,NA,NA,NA,NA,,
R14,GND,NA,NA,NA,NA,NA,,
R16,GND,NA,NA,NA,NA,NA,,
R18,GND,NA,NA,NA,NA,NA,,
R20,GND,NA,NA,NA,NA,NA,,
R22,GND,NA,NA,NA,NA,NA,,
R24,GND,NA,NA,NA,NA,NA,,
R26,GND,NA,NA,NA,NA,NA,,
R28,GND,NA,NA,NA,NA,NA,,
R30,GND,NA,NA,NA,NA,NA,,
R32,GND,NA,NA,NA,NA,NA,,
R33,GND,NA,NA,NA,NA,NA,,
R35,GND,NA,NA,NA,NA,NA,,
R39,GND,NA,NA,NA,NA,NA,,
R42,GND,NA,NA,NA,NA,NA,,
R43,GND,NA,NA,NA,NA,NA,,
R44,GND,NA,NA,NA,NA,NA,,
T1,GND,NA,NA,NA,NA,NA,,
T2,GND,NA,NA,NA,NA,NA,,
T5,GND,NA,NA,NA,NA,NA,,
T7,GND,NA,NA,NA,NA,NA,,
T11,GND,NA,NA,NA,NA,NA,,
T15,GND,NA,NA,NA,NA,NA,,
T17,GND,NA,NA,NA,NA,NA,,
T19,GND,NA,NA,NA,NA,NA,,
T21,GND,NA,NA,NA,NA,NA,,
T23,GND,NA,NA,NA,NA,NA,,
T25,GND,NA,NA,NA,NA,NA,,
T27,GND,NA,NA,NA,NA,NA,,
T29,GND,NA,NA,NA,NA,NA,,
T31,GND,NA,NA,NA,NA,NA,,
T33,GND,NA,NA,NA,NA,NA,,
T36,GND,NA,NA,NA,NA,NA,,
T40,GND,NA,NA,NA,NA,NA,,
T42,GND,NA,NA,NA,NA,NA,,
T45,GND,NA,NA,NA,NA,NA,,
T46,GND,NA,NA,NA,NA,NA,,
U3,GND,NA,NA,NA,NA,NA,,
U4,GND,NA,NA,NA,NA,NA,,
U5,GND,NA,NA,NA,NA,NA,,
U9,GND,NA,NA,NA,NA,NA,,
U13,GND,NA,NA,NA,NA,NA,,
U14,GND,NA,NA,NA,NA,NA,,
U16,GND,NA,NA,NA,NA,NA,,
U18,GND,NA,NA,NA,NA,NA,,
U20,GND,NA,NA,NA,NA,NA,,
U22,GND,NA,NA,NA,NA,NA,,
U24,GND,NA,NA,NA,NA,NA,,
U26,GND,NA,NA,NA,NA,NA,,
U28,GND,NA,NA,NA,NA,NA,,
U30,GND,NA,NA,NA,NA,NA,,
U32,GND,NA,NA,NA,NA,NA,,
U33,GND,NA,NA,NA,NA,NA,,
U34,GND,NA,NA,NA,NA,NA,,
U38,GND,NA,NA,NA,NA,NA,,
U42,GND,NA,NA,NA,NA,NA,,
U43,GND,NA,NA,NA,NA,NA,,
U44,GND,NA,NA,NA,NA,NA,,
V1,GND,NA,NA,NA,NA,NA,,
V2,GND,NA,NA,NA,NA,NA,,
V5,GND,NA,NA,NA,NA,NA,,
V6,GND,NA,NA,NA,NA,NA,,
V10,GND,NA,NA,NA,NA,NA,,
V15,GND,NA,NA,NA,NA,NA,,
V17,GND,NA,NA,NA,NA,NA,,
V19,GND,NA,NA,NA,NA,NA,,
V21,GND,NA,NA,NA,NA,NA,,
V23,GND,NA,NA,NA,NA,NA,,
V25,GND,NA,NA,NA,NA,NA,,
V27,GND,NA,NA,NA,NA,NA,,
V29,GND,NA,NA,NA,NA,NA,,
V31,GND,NA,NA,NA,NA,NA,,
V33,GND,NA,NA,NA,NA,NA,,
V37,GND,NA,NA,NA,NA,NA,,
V41,GND,NA,NA,NA,NA,NA,,
V42,GND,NA,NA,NA,NA,NA,,
V45,GND,NA,NA,NA,NA,NA,,
V46,GND,NA,NA,NA,NA,NA,,
W3,GND,NA,NA,NA,NA,NA,,
W4,GND,NA,NA,NA,NA,NA,,
W5,GND,NA,NA,NA,NA,NA,,
W8,GND,NA,NA,NA,NA,NA,,
W12,GND,NA,NA,NA,NA,NA,,
W14,GND,NA,NA,NA,NA,NA,,
W16,GND,NA,NA,NA,NA,NA,,
W18,GND,NA,NA,NA,NA,NA,,
W20,GND,NA,NA,NA,NA,NA,,
W22,GND,NA,NA,NA,NA,NA,,
W24,GND,NA,NA,NA,NA,NA,,
W26,GND,NA,NA,NA,NA,NA,,
W28,GND,NA,NA,NA,NA,NA,,
W30,GND,NA,NA,NA,NA,NA,,
W32,GND,NA,NA,NA,NA,NA,,
W33,GND,NA,NA,NA,NA,NA,,
W35,GND,NA,NA,NA,NA,NA,,
W39,GND,NA,NA,NA,NA,NA,,
W42,GND,NA,NA,NA,NA,NA,,
W43,GND,NA,NA,NA,NA,NA,,
W44,GND,NA,NA,NA,NA,NA,,
Y1,GND,NA,NA,NA,NA,NA,,
Y2,GND,NA,NA,NA,NA,NA,,
Y5,GND,NA,NA,NA,NA,NA,,
Y7,GND,NA,NA,NA,NA,NA,,
Y11,GND,NA,NA,NA,NA,NA,,
Y15,GND,NA,NA,NA,NA,NA,,
Y17,GND,NA,NA,NA,NA,NA,,
Y19,GND,NA,NA,NA,NA,NA,,
Y21,GND,NA,NA,NA,NA,NA,,
Y23,GND,NA,NA,NA,NA,NA,,
Y25,GND,NA,NA,NA,NA,NA,,
Y27,GND,NA,NA,NA,NA,NA,,
Y29,GND,NA,NA,NA,NA,NA,,
Y31,GND,NA,NA,NA,NA,NA,,
Y33,GND,NA,NA,NA,NA,NA,,
Y36,GND,NA,NA,NA,NA,NA,,
Y40,GND,NA,NA,NA,NA,NA,,
Y42,GND,NA,NA,NA,NA,NA,,
Y45,GND,NA,NA,NA,NA,NA,,
Y46,GND,NA,NA,NA,NA,NA,,
AA3,GND,NA,NA,NA,NA,NA,,
AA4,GND,NA,NA,NA,NA,NA,,
AA5,GND,NA,NA,NA,NA,NA,,
AA9,GND,NA,NA,NA,NA,NA,,
AA13,GND,NA,NA,NA,NA,NA,,
AA14,GND,NA,NA,NA,NA,NA,,
AA15,GND,NA,NA,NA,NA,NA,,
AA16,GND,NA,NA,NA,NA,NA,,
AA18,GND,NA,NA,NA,NA,NA,,
AA20,GND,NA,NA,NA,NA,NA,,
AA22,GND,NA,NA,NA,NA,NA,,
AA24,GND,NA,NA,NA,NA,NA,,
AA26,GND,NA,NA,NA,NA,NA,,
AA28,GND,NA,NA,NA,NA,NA,,
AA30,GND,NA,NA,NA,NA,NA,,
AA32,GND,NA,NA,NA,NA,NA,,
AA33,GND,NA,NA,NA,NA,NA,,
AA34,GND,NA,NA,NA,NA,NA,,
AA38,GND,NA,NA,NA,NA,NA,,
AA42,GND,NA,NA,NA,NA,NA,,
AA43,GND,NA,NA,NA,NA,NA,,
AA44,GND,NA,NA,NA,NA,NA,,
AB1,GND,NA,NA,NA,NA,NA,,
AB2,GND,NA,NA,NA,NA,NA,,
AB5,GND,NA,NA,NA,NA,NA,,
AB6,GND,NA,NA,NA,NA,NA,,
AB10,GND,NA,NA,NA,NA,NA,,
AB17,GND,NA,NA,NA,NA,NA,,
AB21,GND,NA,NA,NA,NA,NA,,
AB23,GND,NA,NA,NA,NA,NA,,
AB25,GND,NA,NA,NA,NA,NA,,
AB27,GND,NA,NA,NA,NA,NA,,
AB29,GND,NA,NA,NA,NA,NA,,
AB31,GND,NA,NA,NA,NA,NA,,
AB33,GND,NA,NA,NA,NA,NA,,
AB37,GND,NA,NA,NA,NA,NA,,
AB41,GND,NA,NA,NA,NA,NA,,
AB42,GND,NA,NA,NA,NA,NA,,
AB45,GND,NA,NA,NA,NA,NA,,
AB46,GND,NA,NA,NA,NA,NA,,
AC3,GND,NA,NA,NA,NA,NA,,
AC4,GND,NA,NA,NA,NA,NA,,
AC5,GND,NA,NA,NA,NA,NA,,
AC8,GND,NA,NA,NA,NA,NA,,
AC12,GND,NA,NA,NA,NA,NA,,
AC16,GND,NA,NA,NA,NA,NA,,
AC18,GND,NA,NA,NA,NA,NA,,
AC22,GND,NA,NA,NA,NA,NA,,
AC24,GND,NA,NA,NA,NA,NA,,
AC26,GND,NA,NA,NA,NA,NA,,
AC28,GND,NA,NA,NA,NA,NA,,
AC30,GND,NA,NA,NA,NA,NA,,
AC32,GND,NA,NA,NA,NA,NA,,
AC33,GND,NA,NA,NA,NA,NA,,
AC35,GND,NA,NA,NA,NA,NA,,
AC39,GND,NA,NA,NA,NA,NA,,
AC42,GND,NA,NA,NA,NA,NA,,
AC43,GND,NA,NA,NA,NA,NA,,
AC44,GND,NA,NA,NA,NA,NA,,
AD1,GND,NA,NA,NA,NA,NA,,
AD2,GND,NA,NA,NA,NA,NA,,
AD5,GND,NA,NA,NA,NA,NA,,
AD7,GND,NA,NA,NA,NA,NA,,
AD11,GND,NA,NA,NA,NA,NA,,
AD14,GND,NA,NA,NA,NA,NA,,
AD17,GND,NA,NA,NA,NA,NA,,
AD21,GND,NA,NA,NA,NA,NA,,
AD23,GND,NA,NA,NA,NA,NA,,
AD25,GND,NA,NA,NA,NA,NA,,
AD27,GND,NA,NA,NA,NA,NA,,
AD29,GND,NA,NA,NA,NA,NA,,
AD31,GND,NA,NA,NA,NA,NA,,
AD33,GND,NA,NA,NA,NA,NA,,
AD36,GND,NA,NA,NA,NA,NA,,
AD40,GND,NA,NA,NA,NA,NA,,
AD42,GND,NA,NA,NA,NA,NA,,
AD45,GND,NA,NA,NA,NA,NA,,
AD46,GND,NA,NA,NA,NA,NA,,
AE3,GND,NA,NA,NA,NA,NA,,
AE4,GND,NA,NA,NA,NA,NA,,
AE5,GND,NA,NA,NA,NA,NA,,
AE9,GND,NA,NA,NA,NA,NA,,
AE13,GND,NA,NA,NA,NA,NA,,
AE16,GND,NA,NA,NA,NA,NA,,
AE18,GND,NA,NA,NA,NA,NA,,
AE22,GND,NA,NA,NA,NA,NA,,
AE24,GND,NA,NA,NA,NA,NA,,
AE26,GND,NA,NA,NA,NA,NA,,
AE28,GND,NA,NA,NA,NA,NA,,
AE30,GND,NA,NA,NA,NA,NA,,
AE32,GND,NA,NA,NA,NA,NA,,
AE33,GND,NA,NA,NA,NA,NA,,
AE34,GND,NA,NA,NA,NA,NA,,
AE38,GND,NA,NA,NA,NA,NA,,
AE42,GND,NA,NA,NA,NA,NA,,
AE43,GND,NA,NA,NA,NA,NA,,
AE44,GND,NA,NA,NA,NA,NA,,
AF1,GND,NA,NA,NA,NA,NA,,
AF2,GND,NA,NA,NA,NA,NA,,
AF5,GND,NA,NA,NA,NA,NA,,
AF6,GND,NA,NA,NA,NA,NA,,
AF10,GND,NA,NA,NA,NA,NA,,
AF17,GND,NA,NA,NA,NA,NA,,
AF19,GND,NA,NA,NA,NA,NA,,
AF21,GND,NA,NA,NA,NA,NA,,
AF23,GND,NA,NA,NA,NA,NA,,
AF25,GND,NA,NA,NA,NA,NA,,
AF27,GND,NA,NA,NA,NA,NA,,
AF29,GND,NA,NA,NA,NA,NA,,
AF31,GND,NA,NA,NA,NA,NA,,
AF33,GND,NA,NA,NA,NA,NA,,
AF37,GND,NA,NA,NA,NA,NA,,
AF41,GND,NA,NA,NA,NA,NA,,
AF42,GND,NA,NA,NA,NA,NA,,
AF45,GND,NA,NA,NA,NA,NA,,
AF46,GND,NA,NA,NA,NA,NA,,
AG3,GND,NA,NA,NA,NA,NA,,
AG4,GND,NA,NA,NA,NA,NA,,
AG5,GND,NA,NA,NA,NA,NA,,
AG8,GND,NA,NA,NA,NA,NA,,
AG12,GND,NA,NA,NA,NA,NA,,
AG14,GND,NA,NA,NA,NA,NA,,
AG15,GND,NA,NA,NA,NA,NA,,
AG16,GND,NA,NA,NA,NA,NA,,
AG18,GND,NA,NA,NA,NA,NA,,
AG20,GND,NA,NA,NA,NA,NA,,
AG22,GND,NA,NA,NA,NA,NA,,
AG24,GND,NA,NA,NA,NA,NA,,
AG26,GND,NA,NA,NA,NA,NA,,
AG28,GND,NA,NA,NA,NA,NA,,
AG30,GND,NA,NA,NA,NA,NA,,
AG32,GND,NA,NA,NA,NA,NA,,
AG33,GND,NA,NA,NA,NA,NA,,
AG35,GND,NA,NA,NA,NA,NA,,
AG39,GND,NA,NA,NA,NA,NA,,
AG42,GND,NA,NA,NA,NA,NA,,
AG43,GND,NA,NA,NA,NA,NA,,
AG44,GND,NA,NA,NA,NA,NA,,
AH1,GND,NA,NA,NA,NA,NA,,
AH2,GND,NA,NA,NA,NA,NA,,
AH5,GND,NA,NA,NA,NA,NA,,
AH11,GND,NA,NA,NA,NA,NA,,
AH15,GND,NA,NA,NA,NA,NA,,
AH17,GND,NA,NA,NA,NA,NA,,
AH19,GND,NA,NA,NA,NA,NA,,
AH21,GND,NA,NA,NA,NA,NA,,
AH23,GND,NA,NA,NA,NA,NA,,
AH25,GND,NA,NA,NA,NA,NA,,
AH27,GND,NA,NA,NA,NA,NA,,
AH29,GND,NA,NA,NA,NA,NA,,
AH31,GND,NA,NA,NA,NA,NA,,
AH33,GND,NA,NA,NA,NA,NA,,
AH36,GND,NA,NA,NA,NA,NA,,
AH42,GND,NA,NA,NA,NA,NA,,
AH45,GND,NA,NA,NA,NA,NA,,
AH46,GND,NA,NA,NA,NA,NA,,
AJ3,GND,NA,NA,NA,NA,NA,,
AJ4,GND,NA,NA,NA,NA,NA,,
AJ5,GND,NA,NA,NA,NA,NA,,
AJ9,GND,NA,NA,NA,NA,NA,,
AJ13,GND,NA,NA,NA,NA,NA,,
AJ14,GND,NA,NA,NA,NA,NA,,
AJ16,GND,NA,NA,NA,NA,NA,,
AJ18,GND,NA,NA,NA,NA,NA,,
AJ20,GND,NA,NA,NA,NA,NA,,
AJ22,GND,NA,NA,NA,NA,NA,,
AJ24,GND,NA,NA,NA,NA,NA,,
AJ26,GND,NA,NA,NA,NA,NA,,
AJ28,GND,NA,NA,NA,NA,NA,,
AJ30,GND,NA,NA,NA,NA,NA,,
AJ32,GND,NA,NA,NA,NA,NA,,
AJ33,GND,NA,NA,NA,NA,NA,,
AJ34,GND,NA,NA,NA,NA,NA,,
AJ38,GND,NA,NA,NA,NA,NA,,
AJ42,GND,NA,NA,NA,NA,NA,,
AJ43,GND,NA,NA,NA,NA,NA,,
AJ44,GND,NA,NA,NA,NA,NA,,
AK1,GND,NA,NA,NA,NA,NA,,
AK2,GND,NA,NA,NA,NA,NA,,
AK5,GND,NA,NA,NA,NA,NA,,
AK6,GND,NA,NA,NA,NA,NA,,
AK10,GND,NA,NA,NA,NA,NA,,
AK15,GND,NA,NA,NA,NA,NA,,
AK17,GND,NA,NA,NA,NA,NA,,
AK19,GND,NA,NA,NA,NA,NA,,
AK21,GND,NA,NA,NA,NA,NA,,
AK23,GND,NA,NA,NA,NA,NA,,
AK25,GND,NA,NA,NA,NA,NA,,
AK27,GND,NA,NA,NA,NA,NA,,
AK29,GND,NA,NA,NA,NA,NA,,
AK31,GND,NA,NA,NA,NA,NA,,
AK33,GND,NA,NA,NA,NA,NA,,
AK37,GND,NA,NA,NA,NA,NA,,
AK41,GND,NA,NA,NA,NA,NA,,
AK42,GND,NA,NA,NA,NA,NA,,
AK45,GND,NA,NA,NA,NA,NA,,
AK46,GND,NA,NA,NA,NA,NA,,
AL3,GND,NA,NA,NA,NA,NA,,
AL4,GND,NA,NA,NA,NA,NA,,
AL5,GND,NA,NA,NA,NA,NA,,
AL8,GND,NA,NA,NA,NA,NA,,
AL12,GND,NA,NA,NA,NA,NA,,
AL14,GND,NA,NA,NA,NA,NA,,
AL16,GND,NA,NA,NA,NA,NA,,
AL18,GND,NA,NA,NA,NA,NA,,
AL20,GND,NA,NA,NA,NA,NA,,
AL22,GND,NA,NA,NA,NA,NA,,
AL24,GND,NA,NA,NA,NA,NA,,
AL26,GND,NA,NA,NA,NA,NA,,
AL28,GND,NA,NA,NA,NA,NA,,
AL30,GND,NA,NA,NA,NA,NA,,
AL32,GND,NA,NA,NA,NA,NA,,
AL33,GND,NA,NA,NA,NA,NA,,
AL35,GND,NA,NA,NA,NA,NA,,
AL39,GND,NA,NA,NA,NA,NA,,
AL42,GND,NA,NA,NA,NA,NA,,
AL43,GND,NA,NA,NA,NA,NA,,
AL44,GND,NA,NA,NA,NA,NA,,
AM1,GND,NA,NA,NA,NA,NA,,
AM2,GND,NA,NA,NA,NA,NA,,
AM5,GND,NA,NA,NA,NA,NA,,
AM7,GND,NA,NA,NA,NA,NA,,
AM11,GND,NA,NA,NA,NA,NA,,
AM15,GND,NA,NA,NA,NA,NA,,
AM25,GND,NA,NA,NA,NA,NA,,
AM33,GND,NA,NA,NA,NA,NA,,
AM36,GND,NA,NA,NA,NA,NA,,
AM40,GND,NA,NA,NA,NA,NA,,
AM42,GND,NA,NA,NA,NA,NA,,
AM45,GND,NA,NA,NA,NA,NA,,
AM46,GND,NA,NA,NA,NA,NA,,
AN3,GND,NA,NA,NA,NA,NA,,
AN4,GND,NA,NA,NA,NA,NA,,
AN5,GND,NA,NA,NA,NA,NA,,
AN9,GND,NA,NA,NA,NA,NA,,
AN12,GND,NA,NA,NA,NA,NA,,
AN14,GND,NA,NA,NA,NA,NA,,
AN22,GND,NA,NA,NA,NA,NA,,
AN33,GND,NA,NA,NA,NA,NA,,
AN34,GND,NA,NA,NA,NA,NA,,
AN35,GND,NA,NA,NA,NA,NA,,
AN38,GND,NA,NA,NA,NA,NA,,
AN42,GND,NA,NA,NA,NA,NA,,
AN43,GND,NA,NA,NA,NA,NA,,
AN44,GND,NA,NA,NA,NA,NA,,
AP1,GND,NA,NA,NA,NA,NA,,
AP2,GND,NA,NA,NA,NA,NA,,
AP5,GND,NA,NA,NA,NA,NA,,
AP6,GND,NA,NA,NA,NA,NA,,
AP10,GND,NA,NA,NA,NA,NA,,
AP11,GND,NA,NA,NA,NA,NA,,
AP12,GND,NA,NA,NA,NA,NA,,
AP19,GND,NA,NA,NA,NA,NA,,
AP29,GND,NA,NA,NA,NA,NA,,
AP35,GND,NA,NA,NA,NA,NA,,
AP36,GND,NA,NA,NA,NA,NA,,
AP37,GND,NA,NA,NA,NA,NA,,
AP41,GND,NA,NA,NA,NA,NA,,
AP42,GND,NA,NA,NA,NA,NA,,
AP45,GND,NA,NA,NA,NA,NA,,
AP46,GND,NA,NA,NA,NA,NA,,
AR3,GND,NA,NA,NA,NA,NA,,
AR4,GND,NA,NA,NA,NA,NA,,
AR5,GND,NA,NA,NA,NA,NA,,
AR8,GND,NA,NA,NA,NA,NA,,
AR10,GND,NA,NA,NA,NA,NA,,
AR16,GND,NA,NA,NA,NA,NA,,
AR26,GND,NA,NA,NA,NA,NA,,
AR37,GND,NA,NA,NA,NA,NA,,
AR39,GND,NA,NA,NA,NA,NA,,
AR42,GND,NA,NA,NA,NA,NA,,
AR43,GND,NA,NA,NA,NA,NA,,
AR44,GND,NA,NA,NA,NA,NA,,
AT1,GND,NA,NA,NA,NA,NA,,
AT2,GND,NA,NA,NA,NA,NA,,
AT5,GND,NA,NA,NA,NA,NA,,
AT7,GND,NA,NA,NA,NA,NA,,
AT10,GND,NA,NA,NA,NA,NA,,
AT13,GND,NA,NA,NA,NA,NA,,
AT23,GND,NA,NA,NA,NA,NA,,
AT33,GND,NA,NA,NA,NA,NA,,
AT37,GND,NA,NA,NA,NA,NA,,
AT40,GND,NA,NA,NA,NA,NA,,
AT42,GND,NA,NA,NA,NA,NA,,
AT45,GND,NA,NA,NA,NA,NA,,
AT46,GND,NA,NA,NA,NA,NA,,
AU3,GND,NA,NA,NA,NA,NA,,
AU4,GND,NA,NA,NA,NA,NA,,
AU5,GND,NA,NA,NA,NA,NA,,
AU9,GND,NA,NA,NA,NA,NA,,
AU10,GND,NA,NA,NA,NA,NA,,
AU20,GND,NA,NA,NA,NA,NA,,
AU30,GND,NA,NA,NA,NA,NA,,
AU37,GND,NA,NA,NA,NA,NA,,
AU38,GND,NA,NA,NA,NA,NA,,
AU42,GND,NA,NA,NA,NA,NA,,
AU43,GND,NA,NA,NA,NA,NA,,
AU44,GND,NA,NA,NA,NA,NA,,
AV1,GND,NA,NA,NA,NA,NA,,
AV2,GND,NA,NA,NA,NA,NA,,
AV5,GND,NA,NA,NA,NA,NA,,
AV6,GND,NA,NA,NA,NA,NA,,
AV10,GND,NA,NA,NA,NA,NA,,
AV17,GND,NA,NA,NA,NA,NA,,
AV27,GND,NA,NA,NA,NA,NA,,
AV37,GND,NA,NA,NA,NA,NA,,
AV41,GND,NA,NA,NA,NA,NA,,
AV42,GND,NA,NA,NA,NA,NA,,
AV45,GND,NA,NA,NA,NA,NA,,
AV46,GND,NA,NA,NA,NA,NA,,
AW3,GND,NA,NA,NA,NA,NA,,
AW4,GND,NA,NA,NA,NA,NA,,
AW5,GND,NA,NA,NA,NA,NA,,
AW8,GND,NA,NA,NA,NA,NA,,
AW10,GND,NA,NA,NA,NA,NA,,
AW14,GND,NA,NA,NA,NA,NA,,
AW24,GND,NA,NA,NA,NA,NA,,
AW34,GND,NA,NA,NA,NA,NA,,
AW37,GND,NA,NA,NA,NA,NA,,
AW39,GND,NA,NA,NA,NA,NA,,
AW42,GND,NA,NA,NA,NA,NA,,
AW43,GND,NA,NA,NA,NA,NA,,
AW44,GND,NA,NA,NA,NA,NA,,
AY1,GND,NA,NA,NA,NA,NA,,
AY2,GND,NA,NA,NA,NA,NA,,
AY5,GND,NA,NA,NA,NA,NA,,
AY7,GND,NA,NA,NA,NA,NA,,
AY10,GND,NA,NA,NA,NA,NA,,
AY11,GND,NA,NA,NA,NA,NA,,
AY21,GND,NA,NA,NA,NA,NA,,
AY31,GND,NA,NA,NA,NA,NA,,
AY37,GND,NA,NA,NA,NA,NA,,
AY40,GND,NA,NA,NA,NA,NA,,
AY42,GND,NA,NA,NA,NA,NA,,
AY45,GND,NA,NA,NA,NA,NA,,
AY46,GND,NA,NA,NA,NA,NA,,
BA3,GND,NA,NA,NA,NA,NA,,
BA4,GND,NA,NA,NA,NA,NA,,
BA5,GND,NA,NA,NA,NA,NA,,
BA9,GND,NA,NA,NA,NA,NA,,
BA10,GND,NA,NA,NA,NA,NA,,
BA18,GND,NA,NA,NA,NA,NA,,
BA28,GND,NA,NA,NA,NA,NA,,
BA37,GND,NA,NA,NA,NA,NA,,
BA38,GND,NA,NA,NA,NA,NA,,
BA42,GND,NA,NA,NA,NA,NA,,
BA43,GND,NA,NA,NA,NA,NA,,
BA44,GND,NA,NA,NA,NA,NA,,
BB1,GND,NA,NA,NA,NA,NA,,
BB2,GND,NA,NA,NA,NA,NA,,
BB5,GND,NA,NA,NA,NA,NA,,
BB6,GND,NA,NA,NA,NA,NA,,
BB10,GND,NA,NA,NA,NA,NA,,
BB25,GND,NA,NA,NA,NA,NA,,
BB35,GND,NA,NA,NA,NA,NA,,
BB37,GND,NA,NA,NA,NA,NA,,
BB41,GND,NA,NA,NA,NA,NA,,
BB42,GND,NA,NA,NA,NA,NA,,
BB45,GND,NA,NA,NA,NA,NA,,
BB46,GND,NA,NA,NA,NA,NA,,
BC3,GND,NA,NA,NA,NA,NA,,
BC4,GND,NA,NA,NA,NA,NA,,
BC5,GND,NA,NA,NA,NA,NA,,
BC8,GND,NA,NA,NA,NA,NA,,
BC10,GND,NA,NA,NA,NA,NA,,
BC11,GND,NA,NA,NA,NA,NA,,
BC12,GND,NA,NA,NA,NA,NA,,
BC13,GND,NA,NA,NA,NA,NA,,
BC14,GND,NA,NA,NA,NA,NA,,
BC15,GND,NA,NA,NA,NA,NA,,
BC22,GND,NA,NA,NA,NA,NA,,
BC32,GND,NA,NA,NA,NA,NA,,
BC33,GND,NA,NA,NA,NA,NA,,
BC34,GND,NA,NA,NA,NA,NA,,
BC35,GND,NA,NA,NA,NA,NA,,
BC36,GND,NA,NA,NA,NA,NA,,
BC37,GND,NA,NA,NA,NA,NA,,
BC39,GND,NA,NA,NA,NA,NA,,
BC42,GND,NA,NA,NA,NA,NA,,
BC43,GND,NA,NA,NA,NA,NA,,
BC44,GND,NA,NA,NA,NA,NA,,
BD1,GND,NA,NA,NA,NA,NA,,
BD2,GND,NA,NA,NA,NA,NA,,
BD5,GND,NA,NA,NA,NA,NA,,
BD7,GND,NA,NA,NA,NA,NA,,
BD12,GND,NA,NA,NA,NA,NA,,
BD15,GND,NA,NA,NA,NA,NA,,
BD19,GND,NA,NA,NA,NA,NA,,
BD29,GND,NA,NA,NA,NA,NA,,
BD32,GND,NA,NA,NA,NA,NA,,
BD35,GND,NA,NA,NA,NA,NA,,
BD40,GND,NA,NA,NA,NA,NA,,
BD42,GND,NA,NA,NA,NA,NA,,
BD45,GND,NA,NA,NA,NA,NA,,
BD46,GND,NA,NA,NA,NA,NA,,
BE2,GND,NA,NA,NA,NA,NA,,
BE3,GND,NA,NA,NA,NA,NA,,
BE4,GND,NA,NA,NA,NA,NA,,
BE5,GND,NA,NA,NA,NA,NA,,
BE9,GND,NA,NA,NA,NA,NA,,
BE12,GND,NA,NA,NA,NA,NA,,
BE13,GND,NA,NA,NA,NA,NA,,
BE14,GND,NA,NA,NA,NA,NA,,
BE15,GND,NA,NA,NA,NA,NA,,
BE26,GND,NA,NA,NA,NA,NA,,
BE32,GND,NA,NA,NA,NA,NA,,
BE33,GND,NA,NA,NA,NA,NA,,
BE34,GND,NA,NA,NA,NA,NA,,
BE35,GND,NA,NA,NA,NA,NA,,
BE38,GND,NA,NA,NA,NA,NA,,
BE42,GND,NA,NA,NA,NA,NA,,
BE43,GND,NA,NA,NA,NA,NA,,
BE44,GND,NA,NA,NA,NA,NA,,
BE45,GND,NA,NA,NA,NA,NA,,
BF5,GND,NA,NA,NA,NA,NA,,
BF6,GND,NA,NA,NA,NA,NA,,
BF11,GND,NA,NA,NA,NA,NA,,
BF12,GND,NA,NA,NA,NA,NA,,
BF15,GND,NA,NA,NA,NA,NA,,
BF23,GND,NA,NA,NA,NA,NA,,
BF32,GND,NA,NA,NA,NA,NA,,
BF35,GND,NA,NA,NA,NA,NA,,
BF36,GND,NA,NA,NA,NA,NA,,
BF41,GND,NA,NA,NA,NA,NA,,
BF42,GND,NA,NA,NA,NA,NA,,
U35,MGTAVCC_LC,NA,NA,NA,NA,NA,,
V36,MGTAVCC_LC,NA,NA,NA,NA,NA,,
W34,MGTAVCC_LC,NA,NA,NA,NA,NA,,
W38,MGTAVCC_LC,NA,NA,NA,NA,NA,,
AA35,MGTAVCC_LC,NA,NA,NA,NA,NA,,
AC34,MGTAVCC_LC,NA,NA,NA,NA,NA,,
AD37,MGTAVCC_LC,NA,NA,NA,NA,NA,,
AE35,MGTAVCC_LC,NA,NA,NA,NA,NA,,
AF36,MGTAVCC_LC,NA,NA,NA,NA,NA,,
F36,MGTAVCC_LN,NA,NA,NA,NA,NA,,
G34,MGTAVCC_LN,NA,NA,NA,NA,NA,,
H37,MGTAVCC_LN,NA,NA,NA,NA,NA,,
K36,MGTAVCC_LN,NA,NA,NA,NA,NA,,
M37,MGTAVCC_LN,NA,NA,NA,NA,NA,,
N35,MGTAVCC_LN,NA,NA,NA,NA,NA,,
P36,MGTAVCC_LN,NA,NA,NA,NA,NA,,
R34,MGTAVCC_LN,NA,NA,NA,NA,NA,,
T37,MGTAVCC_LN,NA,NA,NA,NA,NA,,
AG34,MGTAVCC_LS,NA,NA,NA,NA,NA,,
AH37,MGTAVCC_LS,NA,NA,NA,NA,NA,,
AJ35,MGTAVCC_LS,NA,NA,NA,NA,NA,,
AL34,MGTAVCC_LS,NA,NA,NA,NA,NA,,
AL38,MGTAVCC_LS,NA,NA,NA,NA,NA,,
U12,MGTAVCC_RC,NA,NA,NA,NA,NA,,
V11,MGTAVCC_RC,NA,NA,NA,NA,NA,,
W9,MGTAVCC_RC,NA,NA,NA,NA,NA,,
W13,MGTAVCC_RC,NA,NA,NA,NA,NA,,
AA12,MGTAVCC_RC,NA,NA,NA,NA,NA,,
AC13,MGTAVCC_RC,NA,NA,NA,NA,NA,,
AD10,MGTAVCC_RC,NA,NA,NA,NA,NA,,
AE12,MGTAVCC_RC,NA,NA,NA,NA,NA,,
AF11,MGTAVCC_RC,NA,NA,NA,NA,NA,,
F11,MGTAVCC_RN,NA,NA,NA,NA,NA,,
G13,MGTAVCC_RN,NA,NA,NA,NA,NA,,
H10,MGTAVCC_RN,NA,NA,NA,NA,NA,,
K11,MGTAVCC_RN,NA,NA,NA,NA,NA,,
M10,MGTAVCC_RN,NA,NA,NA,NA,NA,,
N12,MGTAVCC_RN,NA,NA,NA,NA,NA,,
P11,MGTAVCC_RN,NA,NA,NA,NA,NA,,
R13,MGTAVCC_RN,NA,NA,NA,NA,NA,,
T10,MGTAVCC_RN,NA,NA,NA,NA,NA,,
AG13,MGTAVCC_RS,NA,NA,NA,NA,NA,,
AH10,MGTAVCC_RS,NA,NA,NA,NA,NA,,
AJ12,MGTAVCC_RS,NA,NA,NA,NA,NA,,
AL9,MGTAVCC_RS,NA,NA,NA,NA,NA,,
AL13,MGTAVCC_RS,NA,NA,NA,NA,NA,,
U39,MGTAVTT_LC,NA,NA,NA,NA,NA,,
V40,MGTAVTT_LC,NA,NA,NA,NA,NA,,
Y41,MGTAVTT_LC,NA,NA,NA,NA,NA,,
AA39,MGTAVTT_LC,NA,NA,NA,NA,NA,,
AB40,MGTAVTT_LC,NA,NA,NA,NA,NA,,
AC38,MGTAVTT_LC,NA,NA,NA,NA,NA,,
AD41,MGTAVTT_LC,NA,NA,NA,NA,NA,,
AE39,MGTAVTT_LC,NA,NA,NA,NA,NA,,
AF40,MGTAVTT_LC,NA,NA,NA,NA,NA,,
AG38,MGTAVTT_LC,NA,NA,NA,NA,NA,,
AJ39,MGTAVTT_LC,NA,NA,NA,NA,NA,,
AK40,MGTAVTT_LC,NA,NA,NA,NA,NA,,
AM41,MGTAVTT_LC,NA,NA,NA,NA,NA,,
AN39,MGTAVTT_LC,NA,NA,NA,NA,NA,,
AP40,MGTAVTT_LC,NA,NA,NA,NA,NA,,
AR38,MGTAVTT_LC,NA,NA,NA,NA,NA,,
AT41,MGTAVTT_LC,NA,NA,NA,NA,NA,,
A43,MGTAVTT_LN,NA,NA,NA,NA,NA,,
B36,MGTAVTT_LN,NA,NA,NA,NA,NA,,
B40,MGTAVTT_LN,NA,NA,NA,NA,NA,,
C38,MGTAVTT_LN,NA,NA,NA,NA,NA,,
D37,MGTAVTT_LN,NA,NA,NA,NA,NA,,
E39,MGTAVTT_LN,NA,NA,NA,NA,NA,,
F40,MGTAVTT_LN,NA,NA,NA,NA,NA,,
G38,MGTAVTT_LN,NA,NA,NA,NA,NA,,
H41,MGTAVTT_LN,NA,NA,NA,NA,NA,,
J39,MGTAVTT_LN,NA,NA,NA,NA,NA,,
K40,MGTAVTT_LN,NA,NA,NA,NA,NA,,
L38,MGTAVTT_LN,NA,NA,NA,NA,NA,,
M41,MGTAVTT_LN,NA,NA,NA,NA,NA,,
N39,MGTAVTT_LN,NA,NA,NA,NA,NA,,
P40,MGTAVTT_LN,NA,NA,NA,NA,NA,,
R38,MGTAVTT_LN,NA,NA,NA,NA,NA,,
T41,MGTAVTT_LN,NA,NA,NA,NA,NA,,
AU39,MGTAVTT_LS,NA,NA,NA,NA,NA,,
AV40,MGTAVTT_LS,NA,NA,NA,NA,NA,,
AW38,MGTAVTT_LS,NA,NA,NA,NA,NA,,
AY41,MGTAVTT_LS,NA,NA,NA,NA,NA,,
BA39,MGTAVTT_LS,NA,NA,NA,NA,NA,,
BB40,MGTAVTT_LS,NA,NA,NA,NA,NA,,
BC38,MGTAVTT_LS,NA,NA,NA,NA,NA,,
BD41,MGTAVTT_LS,NA,NA,NA,NA,NA,,
BE39,MGTAVTT_LS,NA,NA,NA,NA,NA,,
BF37,MGTAVTT_LS,NA,NA,NA,NA,NA,,
BF40,MGTAVTT_LS,NA,NA,NA,NA,NA,,
U8,MGTAVTT_RC,NA,NA,NA,NA,NA,,
V7,MGTAVTT_RC,NA,NA,NA,NA,NA,,
Y6,MGTAVTT_RC,NA,NA,NA,NA,NA,,
AA8,MGTAVTT_RC,NA,NA,NA,NA,NA,,
AB7,MGTAVTT_RC,NA,NA,NA,NA,NA,,
AC9,MGTAVTT_RC,NA,NA,NA,NA,NA,,
AD6,MGTAVTT_RC,NA,NA,NA,NA,NA,,
AE8,MGTAVTT_RC,NA,NA,NA,NA,NA,,
AF7,MGTAVTT_RC,NA,NA,NA,NA,NA,,
AG9,MGTAVTT_RC,NA,NA,NA,NA,NA,,
AJ8,MGTAVTT_RC,NA,NA,NA,NA,NA,,
AK7,MGTAVTT_RC,NA,NA,NA,NA,NA,,
AM6,MGTAVTT_RC,NA,NA,NA,NA,NA,,
AN8,MGTAVTT_RC,NA,NA,NA,NA,NA,,
AP7,MGTAVTT_RC,NA,NA,NA,NA,NA,,
AR9,MGTAVTT_RC,NA,NA,NA,NA,NA,,
AT6,MGTAVTT_RC,NA,NA,NA,NA,NA,,
A4,MGTAVTT_RN,NA,NA,NA,NA,NA,,
B7,MGTAVTT_RN,NA,NA,NA,NA,NA,,
B11,MGTAVTT_RN,NA,NA,NA,NA,NA,,
C9,MGTAVTT_RN,NA,NA,NA,NA,NA,,
D10,MGTAVTT_RN,NA,NA,NA,NA,NA,,
E8,MGTAVTT_RN,NA,NA,NA,NA,NA,,
F7,MGTAVTT_RN,NA,NA,NA,NA,NA,,
G9,MGTAVTT_RN,NA,NA,NA,NA,NA,,
H6,MGTAVTT_RN,NA,NA,NA,NA,NA,,
J8,MGTAVTT_RN,NA,NA,NA,NA,NA,,
K7,MGTAVTT_RN,NA,NA,NA,NA,NA,,
L9,MGTAVTT_RN,NA,NA,NA,NA,NA,,
M6,MGTAVTT_RN,NA,NA,NA,NA,NA,,
N8,MGTAVTT_RN,NA,NA,NA,NA,NA,,
P7,MGTAVTT_RN,NA,NA,NA,NA,NA,,
R9,MGTAVTT_RN,NA,NA,NA,NA,NA,,
T6,MGTAVTT_RN,NA,NA,NA,NA,NA,,
AU8,MGTAVTT_RS,NA,NA,NA,NA,NA,,
AV7,MGTAVTT_RS,NA,NA,NA,NA,NA,,
AW9,MGTAVTT_RS,NA,NA,NA,NA,NA,,
AY6,MGTAVTT_RS,NA,NA,NA,NA,NA,,
BA8,MGTAVTT_RS,NA,NA,NA,NA,NA,,
BB7,MGTAVTT_RS,NA,NA,NA,NA,NA,,
BC9,MGTAVTT_RS,NA,NA,NA,NA,NA,,
BD6,MGTAVTT_RS,NA,NA,NA,NA,NA,,
BE8,MGTAVTT_RS,NA,NA,NA,NA,NA,,
BF7,MGTAVTT_RS,NA,NA,NA,NA,NA,,
BF10,MGTAVTT_RS,NA,NA,NA,NA,NA,,
Y37,MGTVCCAUX_LC,NA,NA,NA,NA,NA,,
AB36,MGTVCCAUX_LC,NA,NA,NA,NA,NA,,
J35,MGTVCCAUX_LN,NA,NA,NA,NA,NA,,
L34,MGTVCCAUX_LN,NA,NA,NA,NA,NA,,
AK36,MGTVCCAUX_LS,NA,NA,NA,NA,NA,,
AM37,MGTVCCAUX_LS,NA,NA,NA,NA,NA,,
Y10,MGTVCCAUX_RC,NA,NA,NA,NA,NA,,
AB11,MGTVCCAUX_RC,NA,NA,NA,NA,NA,,
J12,MGTVCCAUX_RN,NA,NA,NA,NA,NA,,
L13,MGTVCCAUX_RN,NA,NA,NA,NA,NA,,
AK11,MGTVCCAUX_RS,NA,NA,NA,NA,NA,,
AM10,MGTVCCAUX_RS,NA,NA,NA,NA,NA,,
P32,VCCAUX,NA,NA,NA,NA,NA,,
T32,VCCAUX,NA,NA,NA,NA,NA,,
V32,VCCAUX,NA,NA,NA,NA,NA,,
Y32,VCCAUX,NA,NA,NA,NA,NA,,
AB32,VCCAUX,NA,NA,NA,NA,NA,,
AC31,VCCAUX,NA,NA,NA,NA,NA,,
AD32,VCCAUX,NA,NA,NA,NA,NA,,
AE31,VCCAUX,NA,NA,NA,NA,NA,,
AF32,VCCAUX,NA,NA,NA,NA,NA,,
AH32,VCCAUX,NA,NA,NA,NA,NA,,
AK32,VCCAUX,NA,NA,NA,NA,NA,,
R31,VCCAUX_IO,NA,NA,NA,NA,NA,,
U31,VCCAUX_IO,NA,NA,NA,NA,NA,,
W31,VCCAUX_IO,NA,NA,NA,NA,NA,,
Y30,VCCAUX_IO,NA,NA,NA,NA,NA,,
AA31,VCCAUX_IO,NA,NA,NA,NA,NA,,
AB30,VCCAUX_IO,NA,NA,NA,NA,NA,,
AD30,VCCAUX_IO,NA,NA,NA,NA,NA,,
AF30,VCCAUX_IO,NA,NA,NA,NA,NA,,
AG31,VCCAUX_IO,NA,NA,NA,NA,NA,,
AH30,VCCAUX_IO,NA,NA,NA,NA,NA,,
AJ31,VCCAUX_IO,NA,NA,NA,NA,NA,,
AK30,VCCAUX_IO,NA,NA,NA,NA,NA,,
AL31,VCCAUX_IO,NA,NA,NA,NA,NA,,
P26,VCCINT,NA,NA,NA,NA,NA,,
P28,VCCINT,NA,NA,NA,NA,NA,,
R15,VCCINT,NA,NA,NA,NA,NA,,
R17,VCCINT,NA,NA,NA,NA,NA,,
R19,VCCINT,NA,NA,NA,NA,NA,,
R21,VCCINT,NA,NA,NA,NA,NA,,
R23,VCCINT,NA,NA,NA,NA,NA,,
R25,VCCINT,NA,NA,NA,NA,NA,,
R27,VCCINT,NA,NA,NA,NA,NA,,
R29,VCCINT,NA,NA,NA,NA,NA,,
T16,VCCINT,NA,NA,NA,NA,NA,,
T18,VCCINT,NA,NA,NA,NA,NA,,
T20,VCCINT,NA,NA,NA,NA,NA,,
T22,VCCINT,NA,NA,NA,NA,NA,,
T24,VCCINT,NA,NA,NA,NA,NA,,
T26,VCCINT,NA,NA,NA,NA,NA,,
T28,VCCINT,NA,NA,NA,NA,NA,,
U15,VCCINT,NA,NA,NA,NA,NA,,
U17,VCCINT,NA,NA,NA,NA,NA,,
U19,VCCINT,NA,NA,NA,NA,NA,,
U21,VCCINT,NA,NA,NA,NA,NA,,
U23,VCCINT,NA,NA,NA,NA,NA,,
U25,VCCINT,NA,NA,NA,NA,NA,,
U27,VCCINT,NA,NA,NA,NA,NA,,
U29,VCCINT,NA,NA,NA,NA,NA,,
V18,VCCINT,NA,NA,NA,NA,NA,,
V20,VCCINT,NA,NA,NA,NA,NA,,
V22,VCCINT,NA,NA,NA,NA,NA,,
V24,VCCINT,NA,NA,NA,NA,NA,,
V26,VCCINT,NA,NA,NA,NA,NA,,
V28,VCCINT,NA,NA,NA,NA,NA,,
W19,VCCINT,NA,NA,NA,NA,NA,,
W21,VCCINT,NA,NA,NA,NA,NA,,
W23,VCCINT,NA,NA,NA,NA,NA,,
W25,VCCINT,NA,NA,NA,NA,NA,,
W27,VCCINT,NA,NA,NA,NA,NA,,
W29,VCCINT,NA,NA,NA,NA,NA,,
Y18,VCCINT,NA,NA,NA,NA,NA,,
Y20,VCCINT,NA,NA,NA,NA,NA,,
Y22,VCCINT,NA,NA,NA,NA,NA,,
Y24,VCCINT,NA,NA,NA,NA,NA,,
Y26,VCCINT,NA,NA,NA,NA,NA,,
Y28,VCCINT,NA,NA,NA,NA,NA,,
AA19,VCCINT,NA,NA,NA,NA,NA,,
AA21,VCCINT,NA,NA,NA,NA,NA,,
AA23,VCCINT,NA,NA,NA,NA,NA,,
AA25,VCCINT,NA,NA,NA,NA,NA,,
AA27,VCCINT,NA,NA,NA,NA,NA,,
AB18,VCCINT,NA,NA,NA,NA,NA,,
AB22,VCCINT,NA,NA,NA,NA,NA,,
AB24,VCCINT,NA,NA,NA,NA,NA,,
AB26,VCCINT,NA,NA,NA,NA,NA,,
AB28,VCCINT,NA,NA,NA,NA,NA,,
AC21,VCCINT,NA,NA,NA,NA,NA,,
AC23,VCCINT,NA,NA,NA,NA,NA,,
AC25,VCCINT,NA,NA,NA,NA,NA,,
AC27,VCCINT,NA,NA,NA,NA,NA,,
AD18,VCCINT,NA,NA,NA,NA,NA,,
AD22,VCCINT,NA,NA,NA,NA,NA,,
AD24,VCCINT,NA,NA,NA,NA,NA,,
AD26,VCCINT,NA,NA,NA,NA,NA,,
AD28,VCCINT,NA,NA,NA,NA,NA,,
AE21,VCCINT,NA,NA,NA,NA,NA,,
AE23,VCCINT,NA,NA,NA,NA,NA,,
AE25,VCCINT,NA,NA,NA,NA,NA,,
AE27,VCCINT,NA,NA,NA,NA,NA,,
AF18,VCCINT,NA,NA,NA,NA,NA,,
AF20,VCCINT,NA,NA,NA,NA,NA,,
AF22,VCCINT,NA,NA,NA,NA,NA,,
AF24,VCCINT,NA,NA,NA,NA,NA,,
AF26,VCCINT,NA,NA,NA,NA,NA,,
AF28,VCCINT,NA,NA,NA,NA,NA,,
AG19,VCCINT,NA,NA,NA,NA,NA,,
AG21,VCCINT,NA,NA,NA,NA,NA,,
AG23,VCCINT,NA,NA,NA,NA,NA,,
AG25,VCCINT,NA,NA,NA,NA,NA,,
AG27,VCCINT,NA,NA,NA,NA,NA,,
AH16,VCCINT,NA,NA,NA,NA,NA,,
AH18,VCCINT,NA,NA,NA,NA,NA,,
AH20,VCCINT,NA,NA,NA,NA,NA,,
AH22,VCCINT,NA,NA,NA,NA,NA,,
AH24,VCCINT,NA,NA,NA,NA,NA,,
AH26,VCCINT,NA,NA,NA,NA,NA,,
AH28,VCCINT,NA,NA,NA,NA,NA,,
AJ15,VCCINT,NA,NA,NA,NA,NA,,
AJ17,VCCINT,NA,NA,NA,NA,NA,,
AJ19,VCCINT,NA,NA,NA,NA,NA,,
AJ21,VCCINT,NA,NA,NA,NA,NA,,
AJ23,VCCINT,NA,NA,NA,NA,NA,,
AJ25,VCCINT,NA,NA,NA,NA,NA,,
AJ27,VCCINT,NA,NA,NA,NA,NA,,
AK16,VCCINT,NA,NA,NA,NA,NA,,
AK18,VCCINT,NA,NA,NA,NA,NA,,
AK20,VCCINT,NA,NA,NA,NA,NA,,
AK22,VCCINT,NA,NA,NA,NA,NA,,
AK24,VCCINT,NA,NA,NA,NA,NA,,
AK26,VCCINT,NA,NA,NA,NA,NA,,
AK28,VCCINT,NA,NA,NA,NA,NA,,
AL15,VCCINT,NA,NA,NA,NA,NA,,
AL17,VCCINT,NA,NA,NA,NA,NA,,
AL19,VCCINT,NA,NA,NA,NA,NA,,
AL21,VCCINT,NA,NA,NA,NA,NA,,
AL23,VCCINT,NA,NA,NA,NA,NA,,
AL25,VCCINT,NA,NA,NA,NA,NA,,
AL27,VCCINT,NA,NA,NA,NA,NA,,
P30,VCCINT_IO,NA,NA,NA,NA,NA,,
T30,VCCINT_IO,NA,NA,NA,NA,NA,,
V30,VCCINT_IO,NA,NA,NA,NA,NA,,
AA29,VCCINT_IO,NA,NA,NA,NA,NA,,
AC29,VCCINT_IO,NA,NA,NA,NA,NA,,
AE29,VCCINT_IO,NA,NA,NA,NA,NA,,
AG29,VCCINT_IO,NA,NA,NA,NA,NA,,
AJ29,VCCINT_IO,NA,NA,NA,NA,NA,,
AL29,VCCINT_IO,NA,NA,NA,NA,NA,,
AC15,VCCO_0,NA,0,NA,NA,NA,,
AE15,VCCO_0,NA,0,NA,NA,NA,,
AM20,VCCO_65,NA,65,NA,NA,NA,,
AR21,VCCO_65,NA,65,NA,NA,NA,,
AT18,VCCO_65,NA,65,NA,NA,NA,,
AW19,VCCO_65,NA,65,NA,NA,NA,,
BB20,VCCO_65,NA,65,NA,NA,NA,,
BF18,VCCO_65,NA,65,NA,NA,NA,,
AN27,VCCO_66,NA,66,NA,NA,NA,,
AP24,VCCO_66,NA,66,NA,NA,NA,,
AU25,VCCO_66,NA,66,NA,NA,NA,,
AV22,VCCO_66,NA,66,NA,NA,NA,,
BA23,VCCO_66,NA,66,NA,NA,NA,,
BD24,VCCO_66,NA,66,NA,NA,NA,,
BE21,VCCO_66,NA,66,NA,NA,NA,,
AM30,VCCO_67,NA,67,NA,NA,NA,,
AR31,VCCO_67,NA,67,NA,NA,NA,,
AT28,VCCO_67,NA,67,NA,NA,NA,,
AW29,VCCO_67,NA,67,NA,NA,NA,,
AY26,VCCO_67,NA,67,NA,NA,NA,,
BC27,VCCO_67,NA,67,NA,NA,NA,,
BF28,VCCO_67,NA,67,NA,NA,NA,,
AP34,VCCO_68,NA,68,NA,NA,NA,,
AU35,VCCO_68,NA,68,NA,NA,NA,,
AV32,VCCO_68,NA,68,NA,NA,NA,,
AY36,VCCO_68,NA,68,NA,NA,NA,,
BA33,VCCO_68,NA,68,NA,NA,NA,,
BB30,VCCO_68,NA,68,NA,NA,NA,,
BE31,VCCO_68,NA,68,NA,NA,NA,,
A27,VCCO_70,NA,70,NA,NA,NA,,
D28,VCCO_70,NA,70,NA,NA,NA,,
G29,VCCO_70,NA,70,NA,NA,NA,,
H26,VCCO_70,NA,70,NA,NA,NA,,
K30,VCCO_70,NA,70,NA,NA,NA,,
L27,VCCO_70,NA,70,NA,NA,NA,,
N31,VCCO_70,NA,70,NA,NA,NA,,
B24,VCCO_71,NA,71,NA,NA,NA,,
E25,VCCO_71,NA,71,NA,NA,NA,,
F22,VCCO_71,NA,71,NA,NA,NA,,
J23,VCCO_71,NA,71,NA,NA,NA,,
M24,VCCO_71,NA,71,NA,NA,NA,,
N21,VCCO_71,NA,71,NA,NA,NA,,
C21,VCCO_72,NA,72,NA,NA,NA,,
D18,VCCO_72,NA,72,NA,NA,NA,,
G19,VCCO_72,NA,72,NA,NA,NA,,
K20,VCCO_72,NA,72,NA,NA,NA,,
L17,VCCO_72,NA,72,NA,NA,NA,,
P18,VCCO_72,NA,72,NA,NA,NA,,
AN17,VCCO_84,NA,84,NA,NA,NA,,
AP14,VCCO_84,NA,84,NA,NA,NA,,
AR11,VCCO_84,NA,84,NA,NA,NA,,
AU15,VCCO_84,NA,84,NA,NA,NA,,
AV12,VCCO_94,NA,94,NA,NA,NA,,
AY16,VCCO_94,NA,94,NA,NA,NA,,
BA13,VCCO_94,NA,94,NA,NA,NA,,
BC17,VCCO_94,NA,94,NA,NA,NA,,
AB19,GNDADC,NA,NA,NA,NA,NA,,
AB20,VCCADC,NA,NA,NA,NA,NA,,
V16,VCCBRAM,NA,NA,NA,NA,NA,,
W15,VCCBRAM,NA,NA,NA,NA,NA,,
W17,VCCBRAM,NA,NA,NA,NA,NA,,
Y16,VCCBRAM,NA,NA,NA,NA,NA,,
AA17,VCCBRAM,NA,NA,NA,NA,NA,,
AC17,VCCBRAM,NA,NA,NA,NA,NA,,
AE17,VCCBRAM,NA,NA,NA,NA,NA,,
AG17,VCCBRAM,NA,NA,NA,NA,NA,,
A8,NC,NA,NA,NA,NA,NA,,
A9,NC,NA,NA,NA,NA,NA,,
A38,NC,NA,NA,NA,NA,NA,,
A39,NC,NA,NA,NA,NA,NA,,
,,,,,,,,
Total Number of Pins,2104,,,,,,,
