# Pin Out For ECP5-5G-85,,,,,,,,,,
# Revision 0.0,,,,,,,,,,
"# Revised Feb. 23, 2016",,,,,,,,,,
,,,,,,,,,,
PAD,Pin/Ball Function,Bank,Dual Function,Differential,High Speed,DQS,CABGA756,CABGA554,CABGA381,CSFBGA285
1,NC,-,-,-,-,-,-,-,-,-
2,NC,-,-,-,-,-,-,-,-,-
3,NC,-,-,-,-,-,-,-,-,-
4,NC,-,-,-,-,-,-,-,-,-
5,NC,-,-,-,-,-,-,-,-,-
6,PL11A,7,ULC_GPLL0T_IN,True_OF_PL11B,TRUE,LDQ17,C5,C2,A4,C12
7,PL11B,7,ULC_GPLL0C_IN,Comp_OF_PL11A,TRUE,LDQ17,D5,C1,A5,B12
8,VSSIO7,-,-,-,-,-,-,-,-,-
9,PL11C,7,-,True_OF_PL11D,-,LDQ17,C4,C4,B5,-
10,VCCIO7,-,-,-,-,-,-,-,-,-
11,PL11D,7,-,Comp_OF_PL11C,-,LDQ17,C3,C3,C5,-
12,PL14A,7,-,True_OF_PL14B,TRUE,LDQ17,D4,D4,C4,A12
13,VCCAUX,-,-,-,-,-,-,-,-,-
14,PL14C,7,-,True_OF_PL14D,-,LDQ17,F4,B1,A3,-
15,PL14B,7,-,Comp_OF_PL14A,TRUE,LDQ17,E4,D3,B4,-
16,VSS,-,-,-,-,-,-,-,-,-
17,PL14D,7,-,Comp_OF_PL14C,-,LDQ17,F5,B3,B3,-
18,PL17A,7,-,True_OF_PL17B,TRUE,LDQS17,B1,D2,E4,D13
19,VCC,-,-,-,-,-,-,-,-,-
20,PL17C,7,-,True_OF_PL17D,-,LDQ17,D3,E3,C3,-
21,PL17B,7,-,Comp_OF_PL17A,TRUE,LDQSN17,C2,E1,D5,C13
22,VSS,-,-,-,-,-,-,-,-,-
23,PL17D,7,-,Comp_OF_PL17C,-,LDQ17,D2,D1,D3,-
24,PL20A,7,-,True_OF_PL20B,TRUE,LDQ17,F3,F2,F4,-
25,VSSIO7,-,-,-,-,-,-,-,-,-
26,PL20C,7,-,True_OF_PL20D,-,LDQ17,C1,E4,E5,-
27,PL20B,7,-,Comp_OF_PL20A,TRUE,LDQ17,E3,F1,E3,-
28,VCCIO7,-,-,-,-,-,-,-,-,-
29,PL20D,7,-,Comp_OF_PL20C,-,LDQ17,D1,F3,F5,-
30,PL23A,7,-,True_OF_PL23B,TRUE,LDQ29,F2,-,-,-
31,VSSIO7,-,-,-,-,-,-,-,-,-
32,PL23C,7,-,True_OF_PL23D,-,LDQ29,F1,-,-,-
33,PL23B,7,-,Comp_OF_PL23A,TRUE,LDQ29,E1,-,-,-
34,VCCIO7,-,-,-,-,-,-,-,-,-
35,PL23D,7,-,Comp_OF_PL23C,-,LDQ29,H1,-,-,-
36,PL26A,7,-,True_OF_PL26B,TRUE,LDQ29,H2,-,-,-
37,VCCAUX,-,-,-,-,-,-,-,-,-
38,PL26C,7,-,True_OF_PL26D,-,LDQ29,J3,-,-,-
39,PL26B,7,-,Comp_OF_PL26A,TRUE,LDQ29,H3,-,-,-
40,VSS,-,-,-,-,-,-,-,-,-
41,PL26D,7,-,Comp_OF_PL26C,-,LDQ29,K3,-,-,-
42,PL29A,7,-,True_OF_PL29B,TRUE,LDQS29,K2,-,-,-
43,VCC,-,-,-,-,-,-,-,-,-
44,PL29C,7,-,True_OF_PL29D,-,LDQ29,K1,-,-,-
45,PL29B,7,-,Comp_OF_PL29A,TRUE,LDQSN29,J1,-,-,-
46,VSS,-,-,-,-,-,-,-,-,-
47,PL29D,7,-,Comp_OF_PL29C,-,LDQ29,L1,-,-,-
48,PL32A,7,-,True_OF_PL32B,TRUE,LDQ29,L2,-,-,-
49,VSSIO7,-,-,-,-,-,-,-,-,-
50,PL32C,7,-,True_OF_PL32D,-,LDQ29,J4,-,-,-
51,PL32B,7,-,Comp_OF_PL32A,TRUE,LDQ29,L3,-,-,-
52,VCCIO7,-,-,-,-,-,-,-,-,-
53,PL32D,7,-,Comp_OF_PL32C,-,LDQ29,K4,-,-,-
54,PL35A,7,-,True_OF_PL35B,TRUE,LDQ41,H6,F5,A2,B13
55,VSSIO7,-,-,-,-,-,-,-,-,-
56,PL35C,7,VREF1_7,True_OF_PL35D,-,LDQ41,J7,H5,B2,C15
57,PL35B,7,-,Comp_OF_PL35A,TRUE,LDQ41,H5,F4,B1,A13
58,VCCIO7,-,-,-,-,-,-,-,-,-
59,PL35D,7,-,Comp_OF_PL35C,-,LDQ41,J6,H6,C2,A15
60,PL38A,7,-,True_OF_PL38B,TRUE,LDQ41,K6,J6,C1,D15
61,VCCAUX,-,-,-,-,-,-,-,-,-
62,PL38C,7,-,True_OF_PL38D,-,LDQ41,K5,H4,D2,-
63,PL38B,7,-,Comp_OF_PL38A,TRUE,LDQ41,K7,K6,D1,D16
64,VSS,-,-,-,-,-,-,-,-,-
65,PL38D,7,-,Comp_OF_PL38C,-,LDQ41,L4,L5,E1,-
66,PL41A,7,GR_PCLK7_1,True_OF_PL41B,TRUE,LDQS41,N3,K5,H4,B15
67,VCC,-,-,-,-,-,-,-,-,-
68,PL41C,7,GR_PCLK7_0,True_OF_PL41D,-,LDQ41,L7,M6,H5,C16
69,PL41B,7,-,Comp_OF_PL41A,TRUE,LDQSN41,N4,J4,G5,A16
70,VSS,-,-,-,-,-,-,-,-,-
71,PL41D,7,-,Comp_OF_PL41C,-,LDQ41,L6,M4,H3,-
72,PL44A,7,PCLKT7_1,True_OF_PL44B,TRUE,LDQ41,N6,K4,G3,A17
73,VSSIO7,-,-,-,-,-,-,-,-,-
74,PL44C,7,PCLKT7_0,True_OF_PL44D,-,LDQ41,P6,N6,F2,B18
75,PL44B,7,PCLKC7_1,Comp_OF_PL44A,TRUE,LDQ41,N7,L4,F3,B17
76,VCCIO7,-,-,-,-,-,-,-,-,-
77,PL44D,7,PCLKC7_0,Comp_OF_PL44C,-,LDQ41,P7,N5,E2,C17
78,PL47A,6,PCLKT6_1,True_OF_PL47B,TRUE,LDQ53,P5,H3,G2,D17
79,VSSIO6,-,-,-,-,-,-,-,-,-
80,PL47C,6,PCLKT6_0,True_OF_PL47D,-,LDQ53,R7,H2,H2,D18
81,PL47B,6,PCLKC6_1,Comp_OF_PL47A,TRUE,LDQ53,P4,J3,F1,C18
82,VCCIO6,-,-,-,-,-,-,-,-,-
83,PL47D,6,PCLKC6_0,Comp_OF_PL47C,-,LDQ53,T7,H1,G1,F18
84,PL50A,6,GR_PCLK6_0,True_OF_PL50B,TRUE,LDQ53,R6,K2,J4,F17
85,VCCAUX,-,-,-,-,-,-,-,-,-
86,PL50C,6,GR_PCLK6_1,True_OF_PL50D,-,LDQ53,U6,K3,J3,F15
87,PL50B,6,-,Comp_OF_PL50A,TRUE,LDQ53,T6,J1,J5,F16
88,VSS,-,-,-,-,-,-,-,-,-
89,PL50D,6,-,Comp_OF_PL50C,-,LDQ53,U7,L3,K3,G16
90,PL53A,6,-,True_OF_PL53B,TRUE,LDQS53,R4,L2,K2,G18
91,VCC,-,-,-,-,-,-,-,-,-
92,PL53C,6,-,True_OF_PL53D,-,LDQ53,T4,K1,H1,-
93,PL53B,6,-,Comp_OF_PL53A,TRUE,LDQSN53,T5,M1,J1,H17
94,VSS,-,-,-,-,-,-,-,-,-
95,PL53D,6,-,Comp_OF_PL53C,-,LDQ53,U5,L1,K1,-
96,PL56A,6,-,True_OF_PL56B,TRUE,LDQ53,U4,N1,K4,G15
97,VSSIO6,-,-,-,-,-,-,-,-,-
98,PL56C,6,-,True_OF_PL56D,-,LDQ53,V6,N3,L4,H16
99,PL56B,6,VREF1_6,Comp_OF_PL56A,TRUE,LDQ53,V4,N2,K5,H15
100,VCCIO6,-,-,-,-,-,-,-,-,-
101,PL56D,6,-,Comp_OF_PL56C,-,LDQ53,V7,M3,L5,J16
102,PL59A,6,-,True_OF_PL59B,TRUE,LDQ65,P2,-,-,-
103,VSSIO6,-,-,-,-,-,-,-,-,-
104,PL59C,6,-,True_OF_PL59D,-,LDQ65,R3,-,-,-
105,PL59B,6,-,Comp_OF_PL59A,TRUE,LDQ65,P3,-,-,-
106,VCCIO6,-,-,-,-,-,-,-,-,-
107,PL59D,6,-,Comp_OF_PL59C,-,LDQ65,T3,-,-,-
108,PL62A,6,-,True_OF_PL62B,TRUE,LDQ65,N1,-,-,-
109,VCCAUX,-,-,-,-,-,-,-,-,-
110,PL62C,6,-,True_OF_PL62D,-,LDQ65,U2,-,-,-
111,PL62B,6,-,Comp_OF_PL62A,TRUE,LDQ65,P1,-,-,-
112,VSS,-,-,-,-,-,-,-,-,-
113,PL62D,6,-,Comp_OF_PL62C,-,LDQ65,U3,-,-,-
114,PL65A,6,-,True_OF_PL65B,TRUE,LDQS65,R1,-,-,-
115,VCC,-,-,-,-,-,-,-,-,-
116,PL65C,6,-,True_OF_PL65D,-,LDQ65,W3,-,-,-
117,PL65B,6,-,Comp_OF_PL65A,TRUE,LDQSN65,T2,-,-,-
118,VSS,-,-,-,-,-,-,-,-,-
119,PL65D,6,-,Comp_OF_PL65C,-,LDQ65,Y3,-,-,-
120,PL68A,6,-,True_OF_PL68B,TRUE,LDQ65,T1,-,-,-
121,VSSIO6,-,-,-,-,-,-,-,-,-
122,PL68C,6,-,True_OF_PL68D,-,LDQ65,V1,-,-,-
123,PL68B,6,-,Comp_OF_PL68A,TRUE,LDQ65,U1,-,-,-
124,VCCIO6,-,-,-,-,-,-,-,-,-
125,PL68D,6,-,Comp_OF_PL68C,-,LDQ65,W1,-,-,-
126,PL71A,6,-,True_OF_PL71B,TRUE,LDQ77,Y7,P4,-,-
127,VSSIO6,-,-,-,-,-,-,-,-,-
128,PL71C,6,-,True_OF_PL71D,-,LDQ77,Y5,P6,-,-
129,PL71B,6,-,Comp_OF_PL71A,TRUE,LDQ77,Y6,P5,-,-
130,VCCIO6,-,-,-,-,-,-,-,-,-
131,PL71D,6,-,Comp_OF_PL71C,-,LDQ77,W5,N4,-,-
132,PL74A,6,-,True_OF_PL74B,TRUE,LDQ77,Y4,R4,-,-
133,VCCAUX,-,-,-,-,-,-,-,-,-
134,PL74C,6,-,True_OF_PL74D,-,LDQ77,AB7,R6,-,-
135,PL74B,6,-,Comp_OF_PL74A,TRUE,LDQ77,W4,T5,-,-
136,VSS,-,-,-,-,-,-,-,-,-
137,PL74D,6,-,Comp_OF_PL74C,-,LDQ77,AC6,T4,-,-
138,PL77A,6,-,True_OF_PL77B,TRUE,LDQS77,AB5,V4,M5,-
139,VCC,-,-,-,-,-,-,-,-,-
140,PL77C,6,-,True_OF_PL77D,-,LDQ77,AC7,U6,-,-
141,PL77B,6,-,Comp_OF_PL77A,TRUE,LDQSN77,AB6,U5,-,-
142,VSS,-,-,-,-,-,-,-,-,-
143,PL77D,6,-,Comp_OF_PL77C,-,LDQ77,AD7,U4,-,-
144,PL80A,6,-,True_OF_PL80B,TRUE,LDQ77,AD6,W4,-,-
145,VSSIO6,-,-,-,-,-,-,-,-,-
146,PL80C,6,-,True_OF_PL80D,-,LDQ77,AE5,W5,-,-
147,PL80B,6,-,Comp_OF_PL80A,TRUE,LDQ77,AE6,V6,-,-
148,VCCIO6,-,-,-,-,-,-,-,-,-
149,PL80D,6,-,Comp_OF_PL80C,-,LDQ77,AE4,W6,-,-
150,PL83A,6,-,True_OF_PL83B,TRUE,LDQ89,AB3,T3,M4,-
151,VSSIO6,-,-,-,-,-,-,-,-,-
152,PL83C,6,-,True_OF_PL83D,-,LDQ89,AC5,R3,N4,J17
153,PL83B,6,-,Comp_OF_PL83A,TRUE,LDQ89,AB4,U3,N5,-
154,VCCIO6,-,-,-,-,-,-,-,-,-
155,PL83D,6,-,Comp_OF_PL83C,-,LDQ89,AD4,P3,P5,H18
156,PL86A,6,-,True_OF_PL86B,TRUE,LDQ89,W2,P2,N3,J18
157,VCCAUX,-,-,-,-,-,-,-,-,-
158,PL86C,6,-,True_OF_PL86D,-,LDQ89,AD3,T2,L3,K16
159,PL86B,6,-,Comp_OF_PL86A,TRUE,LDQ89,Y1,P1,M3,K18
160,VSS,-,-,-,-,-,-,-,-,-
161,PL86D,6,-,Comp_OF_PL86C,-,LDQ89,AE3,R1,L2,K15
162,PL89A,6,-,True_OF_PL89B,TRUE,LDQS89,AC3,V1,N2,K17
163,VCC,-,-,-,-,-,-,-,-,-
164,PL89C,6,-,True_OF_PL89D,-,LDQ89,AC2,U1,L1,L15
165,PL89B,6,-,Comp_OF_PL89A,TRUE,LDQSN89,AB2,U2,M1,L18
166,VSS,-,-,-,-,-,-,-,-,-
167,PL89D,6,-,Comp_OF_PL89C,-,LDQ89,AE2,T1,N1,L16
168,PL92A,6,-,True_OF_PL92B,TRUE,LDQ89,AB1,V3,P1,-
169,VSSIO6,-,-,-,-,-,-,-,-,-
170,PL92B,6,-,Comp_OF_PL92A,TRUE,LDQ89,AC1,W1,P2,-
171,VCCIO6,-,-,-,-,-,-,-,-,-
172,PL92C,6,LLC_GPLL0T_IN,True_OF_PL92D,-,LDQ89,AD1,W2,P3,M16
173,PL92D,6,LLC_GPLL0C_IN,Comp_OF_PL92C,-,LDQ89,AE1,W3,P4,M17
174,NC,-,-,-,-,-,-,-,-,-
175,NC,-,-,-,-,-,-,-,-,-
176,GND,-,-,-,-,-,-,-,-,-
177,VCC,-,-,-,-,-,-,-,-,-
178,VCC,-,-,-,-,-,-,-,-,-
179,VSS,-,-,-,-,-,-,-,-,-
180,PB4A,8,D7/IO7,True_OF_PB4B,-,-,AG1,AA1,R1,N15
181,PB6A,8,D5/MISO2/IO5,True_OF_PB6B,-,-,AJ1,AC1,U1,N17
182,VCC,-,-,-,-,-,-,-,-,-
183,PB4B,8,D6/IO6,Comp_OF_PB4A,-,-,AH1,AB1,T1,N16
184,PB6B,8,D4/MOSI2/IO4,Comp_OF_PB6A,-,-,AK1,AD1,V1,M18
185,VSS,-,-,-,-,-,-,-,-,-
186,PB9A,8,D3/IO3,True_OF_PB9B,-,-,AL1,AE1,W1,N18
187,PB11A,8,D1/MISO/IO1,True_OF_PB11B,-,-,AJ2,AD2,V2,T18
188,VSSIO8,-,-,-,-,-,-,-,-,-
189,PB9B,8,D2/IO2,Comp_OF_PB9A,-,-,AM2,AF2,Y2,R18
190,PB11B,8,D0/MOSI/IO0,Comp_OF_PB11A,-,-,AK2,AE2,W2,U18
191,VCCIO8,-,-,-,-,-,-,-,-,-
192,PB13A,8,SN/CSN,True_OF_PB13B,-,-,AG3,AB2,T2,R17
193,PB15A,8,HOLDN/DI/BUSY/CSSPIN/CEN,True_OF_PB15B,-,-,AJ3,AA2,R2,U17
194,VSSIO8,-,-,-,-,-,-,-,-,-
195,PB13B,8,CS1N,Comp_OF_PB13A,-,-,AH3,AC2,U2,T17
196,PB15B,8,DOUT/CSON,Comp_OF_PB15A,-,-,AK3,AB3,R3,V17
197,VCCIO8,-,-,-,-,-,-,-,-,-
198,PB18A,8,WRITEN,-,-,-,AL3,AD3,T3,R16
199,INITN,8,-,-,-,-,AG4,AF3,V3,V16
200,VCCAUX,-,-,-,-,-,-,-,-,-
201,CCLK,8,MCLK/SCK,-,-,-,AM3,AE3,U3,U16
202,PROGRAMN,8,-,-,-,-,AH4,AB4,W3,T15
203,VSS,-,-,-,-,-,-,-,-,-
204,DONE,8,-,-,-,-,AJ4,AC4,Y3,U15
205,CFG_1,8,-,-,-,-,AL4,AE4,T4,T14
206,VCC,-,-,-,-,-,-,-,-,-
207,CFG_2,8,-,-,-,-,AK4,AD4,R4,V15
208,CFG_0,8,-,-,-,-,AM4,AF4,U4,U14
209,VSS,-,-,-,-,-,-,-,-,-
210,TDO,40,-,-,-,-,AG5,AB5,V4,V14
211,TCK,40,-,-,-,-,AK5,AD5,T5,U13
212,VSSIO8,-,-,-,-,-,-,-,-,-
213,TDI,40,-,-,-,-,AJ5,AC5,R5,T13
214,TMS,40,-,-,-,-,AM5,AE5,U5,V13
215,VCCIO8,-,-,-,-,-,-,-,-,-
216,VCC,-,-,-,-,-,-,-,-,-
217,VCC,-,-,-,-,-,-,-,-,-
218,VSS,-,-,-,-,-,-,-,-,-
219,VSS,-,-,-,-,-,-,-,-,-
220,VCC,-,-,-,-,-,-,-,-,-
221,VCC,-,-,-,-,-,-,-,-,-
222,VSSA0_D0CH0,-,-,-,-,-,-,-,-,-
223,VCCATX0_D0CH0,-,-,-,-,-,-,-,-,-
224,HDTXP0_D0CH0,50,-,True_OF_HDTXN0_D0CH0,-,-,AK9,AD7,W4,V12
225,VCCHTX0_D0CH0,-,-,-,-,-,AC13,W10,T7,U12
226,HDTXN0_D0CH0,50,-,Comp_OF_HDTXP0_D0CH0,-,-,AK10,AD8,W5,V11
227,VSSA0_D0CH0,-,-,-,-,-,-,-,-,-
228,VCCARX0_D0CH0,-,-,-,-,-,-,-,-,-
229,HDRXP0_D0CH0,50,-,True_OF_HDRXN0_D0CH0,-,-,AM8,AF6,Y5,V9
230,VCCARX0_D0CH0,-,-,-,-,-,-,-,-,-
231,VCCHRX0_D0CH0,-,-,-,-,-,AC14,W11,T8,U8
232,HDRXN0_D0CH0,50,-,Comp_OF_HDRXP0_D0CH0,-,-,AM9,AF7,Y6,V8
233,VSSA0_D0CH0,-,-,-,-,-,-,-,-,-
234,VSSA1_D0CH1,-,-,-,-,-,-,-,-,-
235,HDRXP0_D0CH1,50,-,True_OF_HDRXN0_D0CH1,-,-,AM11,AF9,Y7,V6
236,VCCARX1_D0CH1,-,-,-,-,-,-,-,-,-
237,VCCHRX1_D0CH1,-,-,-,-,-,AC15,W12,T9,U6
238,HDRXN0_D0CH1,50,-,Comp_OF_HDRXP0_D0CH1,-,-,AM12,AF10,Y8,V5
239,VCCARX1_D0CH1,-,-,-,-,-,-,-,-,-
240,VSSA1_D0CH1,-,-,-,-,-,-,-,-,-
241,HDTXP0_D0CH1,50,-,True_OF_HDTXN0_D0CH1,-,-,AK12,AD10,W8,V3
242,VCCHTX1_D0CH1,-,-,-,-,-,AC16,W13,T10,T5
243,HDTXN0_D0CH1,50,-,Comp_OF_HDTXP0_D0CH1,-,-,AK13,AD11,W9,V2
244,VCCATX1_D0CH1,-,-,-,-,-,-,-,-,-
245,VSSA1_D0CH1,-,-,-,-,-,-,-,-,-
246,RESERVED,-,-,True_OF_ATSTN_D0,-,-,AK15,AD13,W10,-
247,VCCA_D0,-,-,-,-,-,-,-,-,-
248,RESERVED,-,-,Comp_OF_ATSTP_D0,-,-,AK16,AD14,W11,-
249,VSSA_D0,-,-,-,-,-,-,-,-,-
250,VSSA_D0,-,-,-,-,-,-,-,-,-
251,REFCLKP_D0,50,-,True_OF_REFCLKN_D0,-,-,AM14,AF12,Y11,U1
252,VCCA25_D0,-,-,-,-,-,-,-,-,-
253,REFCLKN_D0,50,-,Comp_OF_REFCLKP_D0,-,-,AM15,AF13,Y12,T1
254,VSSA0_D1CH0,-,-,-,-,-,-,-,-,-
255,VCCATX0_D1CH0,-,-,-,-,-,-,-,-,-
256,HDTXP0_D1CH0,51,-,True_OF_HDTXN0_D1CH0,-,-,AK18,AD16,W13,-
257,VCCHTX0_D1CH0,-,-,-,-,-,AC17,W14,T11,-
258,HDTXN0_D1CH0,51,-,Comp_OF_HDTXP0_D1CH0,-,-,AK19,AD17,W14,-
259,VSSA0_D1CH0,-,-,-,-,-,-,-,-,-
260,VCCARX0_D1CH0,-,-,-,-,-,-,-,-,-
261,HDRXP0_D1CH0,51,-,True_OF_HDRXN0_D1CH0,-,-,AM17,AF15,Y14,-
262,VCCARX0_D1CH0,-,-,-,-,-,-,-,-,-
263,VCCHRX0_D1CH0,-,-,-,-,-,AC18,W15,T12,-
264,HDRXN0_D1CH0,51,-,Comp_OF_HDRXP0_D1CH0,-,-,AM18,AF16,Y15,-
265,VSSA0_D1CH0,-,-,-,-,-,-,-,-,-
266,VSSA1_D1CH1,-,-,-,-,-,-,-,-,-
267,HDRXP0_D1CH1,51,-,True_OF_HDRXN0_D1CH1,-,-,AM20,AF18,Y16,-
268,VCCARX1_D1CH1,-,-,-,-,-,-,-,-,-
269,VCCHRX1_D1CH1,-,-,-,-,-,AC19,W16,T13,-
270,HDRXN0_D1CH1,51,-,Comp_OF_HDRXP0_D1CH1,-,-,AM21,AF19,Y17,-
271,VCCARX1_D1CH1,-,-,-,-,-,-,-,-,-
272,VSSA1_D1CH1,-,-,-,-,-,-,-,-,-
273,HDTXP0_D1CH1,51,-,True_OF_HDTXN0_D1CH1,-,-,AK21,AD19,W17,-
274,VCCHTX1_D1CH1,-,-,-,-,-,AC20,W17,T14,-
275,HDTXN0_D1CH1,51,-,Comp_OF_HDTXP0_D1CH1,-,-,AK22,AD20,W18,-
276,VCCATX1_D1CH1,-,-,-,-,-,-,-,-,-
277,VSSA1_D1CH1,-,-,-,-,-,-,-,-,-
278,RESERVED,-,-,True_OF_ATSTN_D1,-,-,AK24,AD22,-,-
279,VCCA_D1,-,-,-,-,-,-,-,-,-
280,RESERVED,-,-,Comp_OF_ATSTP_D1,-,-,AK25,AD23,-,-
281,VSSA_D1,-,-,-,-,-,-,-,-,-
282,VSSA_D1,-,-,-,-,-,-,-,-,-
283,REFCLKP_D1,51,-,True_OF_REFCLKN_D1,-,-,AM23,AF21,Y19,-
284,VCCA25_D1,-,-,-,-,-,-,-,-,-
285,REFCLKN_D1,51,-,Comp_OF_REFCLKP_D1,-,-,AM24,AF22,W20,-
286,VCC,-,-,-,-,-,-,-,-,-
287,VCC,-,-,-,-,-,-,-,-,-
288,VSS,-,-,-,-,-,-,-,-,-
289,VSS,-,-,-,-,-,-,-,-,-
290,PB96A,4,-,True_OF_PB96B,-,-,AM28,-,-,-
291,PB98A,4,-,True_OF_PB98B,-,-,AL28,-,-,-
292,VCC,-,-,-,-,-,-,-,-,-
293,PB96B,4,-,Comp_OF_PB96A,-,-,AM29,-,-,-
294,PB98B,4,-,Comp_OF_PB98A,-,-,AK28,-,-,-
295,VSS,-,-,-,-,-,-,-,-,-
296,PB101A,4,-,True_OF_PB101B,-,-,AK32,-,-,-
297,PB103A,4,-,True_OF_PB103B,-,-,AM30,-,-,-
298,VSSIO4,-,-,-,-,-,-,-,-,-
299,PB101B,4,-,Comp_OF_PB101A,-,-,AJ32,-,-,-
300,PB103B,4,-,Comp_OF_PB103A,-,-,AL30,-,-,-
301,VCCIO4,-,-,-,-,-,-,-,-,-
302,PB105A,4,-,True_OF_PB105B,-,-,AK31,-,-,-
303,PB107A,4,-,True_OF_PB107B,-,-,AM31,AA22,-,-
304,VSSIO4,-,-,-,-,-,-,-,-,-
305,PB105B,4,-,Comp_OF_PB105A,-,-,AJ31,-,-,-
306,PB107B,4,-,Comp_OF_PB107A,-,-,AL32,AA23,-,-
307,VCCIO4,-,-,-,-,-,-,-,-,-
308,PB110A,4,-,True_OF_PB110B,-,-,AG28,AB24,-,-
309,PB112A,4,-,True_OF_PB112B,-,-,AJ28,AB25,-,-
310,VCCAUX,-,-,-,-,-,-,-,-,-
311,PB110B,4,-,Comp_OF_PB110A,-,-,AG29,AA24,-,-
312,PB112B,4,-,Comp_OF_PB112A,-,-,AH28,AA25,-,-
313,VSS,-,-,-,-,-,-,-,-,-
314,PB114A,4,-,True_OF_PB114B,-,-,AH30,AE25,-,-
315,PB116A,4,-,True_OF_PB116B,-,-,AK29,AF25,-,-
316,VCC,-,-,-,-,-,-,-,-,-
317,PB114B,4,-,Comp_OF_PB114A,-,-,AG30,AD25,-,-
318,PB116B,4,-,Comp_OF_PB116A,-,-,AK30,AE26,-,-
319,VSS,-,-,-,-,-,-,-,-,-
320,PB119A,4,-,True_OF_PB119B,-,-,AH32,AD26,-,-
321,PB121A,4,-,True_OF_PB121B,-,-,AJ29,AB26,-,-
322,VSSIO4,-,-,-,-,-,-,-,-,-
323,PB119B,4,-,Comp_OF_PB119A,-,-,AG32,AC26,-,-
324,PB121B,4,-,Comp_OF_PB121A,-,-,AJ30,AA26,-,-
325,VCCIO4,-,-,-,-,-,-,-,-,-
326,VCC,-,-,-,-,-,-,-,-,-
327,VCC,-,-,-,-,-,-,-,-,-
328,VSS,-,-,-,-,-,-,-,-,-
329,GND,-,-,-,-,-,-,-,-,-
330,NC,-,-,-,-,-,-,-,-,-
331,NC,-,-,-,-,-,-,-,-,-
332,PR92D,3,LRC_GPLL0C_IN,Comp_OF_PR92C,-,RDQ89,AE32,W24,T17,N1
333,PR92C,3,LRC_GPLL0T_IN,True_OF_PR92D,-,RDQ89,AD32,W25,U16,M1
334,VCCIO3,-,-,-,-,-,-,-,-,-
335,PR92B,3,-,Comp_OF_PR92A,TRUE,RDQ89,AC32,W26,U17,-
336,VSSIO3,-,-,-,-,-,-,-,-,-
337,PR92A,3,-,True_OF_PR92B,TRUE,RDQ89,AB32,V24,U18,-
338,PR89D,3,-,Comp_OF_PR89C,-,RDQ89,AE31,T26,T18,N2
339,VSS,-,-,-,-,-,-,-,-,-
340,PR89B,3,-,Comp_OF_PR89A,TRUE,RDQSN89,AB31,U25,R18,L1
341,PR89C,3,-,True_OF_PR89D,-,RDQ89,AC31,U26,U19,M2
342,VCC,-,-,-,-,-,-,-,-,-
343,PR89A,3,-,True_OF_PR89B,TRUE,RDQS89,AC30,V26,T19,K2
344,PR86D,3,-,Comp_OF_PR86C,-,RDQ89,AE30,R26,U20,K1
345,VSS,-,-,-,-,-,-,-,-,-
346,PR86B,3,-,Comp_OF_PR86A,TRUE,RDQ89,Y32,P26,R20,L3
347,PR86C,3,-,True_OF_PR86D,-,RDQ89,AD30,T25,T20,K3
348,VCCAUX,-,-,-,-,-,-,-,-,-
349,PR86A,3,-,True_OF_PR86B,TRUE,RDQ89,W31,P25,P20,M3
350,PR83D,3,-,Comp_OF_PR83C,-,RDQ89,AD29,P24,P18,N3
351,VCCIO3,-,-,-,-,-,-,-,-,-
352,PR83B,3,-,Comp_OF_PR83A,TRUE,RDQ89,AB29,U24,N20,L4
353,PR83C,3,-,True_OF_PR83D,-,RDQ89,AC28,R24,P19,N4
354,VSSIO3,-,-,-,-,-,-,-,-,-
355,PR83A,3,-,True_OF_PR83B,TRUE,RDQ89,AB30,T24,N19,K4
356,PR80D,3,-,Comp_OF_PR80C,-,RDQ77,AE29,W21,-,-
357,VCCIO3,-,-,-,-,-,-,-,-,-
358,PR80B,3,-,Comp_OF_PR80A,TRUE,RDQ77,AE27,V21,-,-
359,PR80C,3,-,True_OF_PR80D,-,RDQ77,AE28,W22,-,-
360,VSSIO3,-,-,-,-,-,-,-,-,-
361,PR80A,3,-,True_OF_PR80B,TRUE,RDQ77,AD27,W23,-,-
362,PR77D,3,-,Comp_OF_PR77C,-,RDQ77,AD26,U23,-,-
363,VSS,-,-,-,-,-,-,-,-,-
364,PR77B,3,-,Comp_OF_PR77A,TRUE,RDQSN77,AB27,U22,-,-
365,PR77C,3,-,True_OF_PR77D,-,RDQ77,AC26,U21,-,-
366,VCC,-,-,-,-,-,-,-,-,-
367,PR77A,3,-,True_OF_PR77B,TRUE,RDQS77,AB28,V23,T16,-
368,PR74D,3,-,Comp_OF_PR74C,-,RDQ77,AC27,T23,-,-
369,VSS,-,-,-,-,-,-,-,-,-
370,PR74B,3,-,Comp_OF_PR74A,TRUE,RDQ77,W29,T22,-,-
371,PR74C,3,-,True_OF_PR74D,-,RDQ77,AB26,R21,-,-
372,VCCAUX,-,-,-,-,-,-,-,-,-
373,PR74A,3,-,True_OF_PR74B,TRUE,RDQ77,Y29,R23,-,-
374,PR71D,3,-,Comp_OF_PR71C,-,RDQ77,W28,N23,-,-
375,VCCIO3,-,-,-,-,-,-,-,-,-
376,PR71B,3,-,Comp_OF_PR71A,TRUE,RDQ77,Y27,P22,-,-
377,PR71C,3,-,True_OF_PR71D,-,RDQ77,Y28,P21,-,-
378,VSSIO3,-,-,-,-,-,-,-,-,-
379,PR71A,3,-,True_OF_PR71B,TRUE,RDQ77,Y26,P23,-,-
380,PR68D,3,-,Comp_OF_PR68C,-,RDQ65,W32,-,-,-
381,VCCIO3,-,-,-,-,-,-,-,-,-
382,PR68B,3,-,Comp_OF_PR68A,TRUE,RDQ65,U32,-,-,-
383,PR68C,3,-,True_OF_PR68D,-,RDQ65,V32,-,-,-
384,VSSIO3,-,-,-,-,-,-,-,-,-
385,PR68A,3,-,True_OF_PR68B,TRUE,RDQ65,T32,-,-,-
386,PR65D,3,-,Comp_OF_PR65C,-,RDQ65,Y30,-,-,-
387,VSS,-,-,-,-,-,-,-,-,-
388,PR65B,3,-,Comp_OF_PR65A,TRUE,RDQSN65,T31,-,-,-
389,PR65C,3,-,True_OF_PR65D,-,RDQ65,W30,-,-,-
390,VCC,-,-,-,-,-,-,-,-,-
391,PR65A,3,-,True_OF_PR65B,TRUE,RDQS65,R32,-,-,-
392,PR62D,3,-,Comp_OF_PR62C,-,RDQ65,U30,-,-,-
393,VSS,-,-,-,-,-,-,-,-,-
394,PR62B,3,-,Comp_OF_PR62A,TRUE,RDQ65,P32,-,-,-
395,PR62C,3,-,True_OF_PR62D,-,RDQ65,U31,-,-,-
396,VCCAUX,-,-,-,-,-,-,-,-,-
397,PR62A,3,-,True_OF_PR62B,TRUE,RDQ65,N32,-,-,-
398,PR59D,3,-,Comp_OF_PR59C,-,RDQ65,T30,-,-,-
399,VCCIO3,-,-,-,-,-,-,-,-,-
400,PR59B,3,-,Comp_OF_PR59A,TRUE,RDQ65,P30,-,-,-
401,PR59C,3,-,True_OF_PR59D,-,RDQ65,R30,-,-,-
402,VSSIO3,-,-,-,-,-,-,-,-,-
403,PR59A,3,-,True_OF_PR59B,TRUE,RDQ65,P31,-,-,-
404,PR56D,3,-,Comp_OF_PR56C,-,RDQ53,V26,M24,R17,H1
405,VCCIO3,-,-,-,-,-,-,-,-,-
406,PR56B,3,VREF1_3,Comp_OF_PR56A,TRUE,RDQ53,V29,N25,P16,J1
407,PR56C,3,-,True_OF_PR56D,-,RDQ53,V27,N24,R16,F1
408,VSSIO3,-,-,-,-,-,-,-,-,-
409,PR56A,3,-,True_OF_PR56B,TRUE,RDQ53,U29,N26,N17,J2
410,PR53D,3,-,Comp_OF_PR53C,-,RDQ53,U28,L26,P17,-
411,VSS,-,-,-,-,-,-,-,-,-
412,PR53B,3,-,Comp_OF_PR53A,TRUE,RDQSN53,T28,M26,M17,G1
413,PR53C,3,-,True_OF_PR53D,-,RDQ53,T29,K26,N18,-
414,VCC,-,-,-,-,-,-,-,-,-
415,PR53A,3,-,True_OF_PR53B,TRUE,RDQS53,R29,L25,N16,F2
416,PR50D,3,-,Comp_OF_PR50C,-,RDQ53,U26,L24,M18,H2
417,VSS,-,-,-,-,-,-,-,-,-
418,PR50B,3,-,Comp_OF_PR50A,TRUE,RDQ53,T27,J26,L17,G3
419,PR50C,3,GR_PCLK3_1,True_OF_PR50D,-,RDQ53,U27,K24,L18,J3
420,VCCAUX,-,-,-,-,-,-,-,-,-
421,PR50A,3,GR_PCLK3_0,True_OF_PR50B,TRUE,RDQ53,R27,K25,L16,H3
422,PR47D,3,PCLKC3_0,Comp_OF_PR47C,-,RDQ53,T26,H26,M19,F3
423,VCCIO3,-,-,-,-,-,-,-,-,-
424,PR47B,3,PCLKC3_1,Comp_OF_PR47A,TRUE,RDQ53,P29,J24,M20,G4
425,PR47C,3,PCLKT3_0,True_OF_PR47D,-,RDQ53,R26,H25,L19,F4
426,VSSIO3,-,-,-,-,-,-,-,-,-
427,PR47A,3,PCLKT3_1,True_OF_PR47B,TRUE,RDQ53,P28,H24,L20,H4
428,PR44D,2,PCLKC2_0,Comp_OF_PR44C,-,RDQ41,P26,N22,K20,D1
429,VCCIO2,-,-,-,-,-,-,-,-,-
430,PR44B,2,PCLKC2_1,Comp_OF_PR44A,TRUE,RDQ41,N26,L23,K19,B1
431,PR44C,2,PCLKT2_0,True_OF_PR44D,-,RDQ41,P27,N21,J20,C1
432,VSSIO2,-,-,-,-,-,-,-,-,-
433,PR44A,2,PCLKT2_1,True_OF_PR44B,TRUE,RDQ41,N27,K23,J19,D2
434,PR41D,2,-,Comp_OF_PR41C,-,RDQ41,L27,M23,K18,-
435,VSS,-,-,-,-,-,-,-,-,-
436,PR41B,2,-,Comp_OF_PR41A,TRUE,RDQSN41,N29,J23,H20,B2
437,PR41C,2,GR_PCLK2_0,True_OF_PR41D,-,RDQ41,L26,M21,J18,A2
438,VCC,-,-,-,-,-,-,-,-,-
439,PR41A,2,GR_PCLK2_1,True_OF_PR41B,TRUE,RDQS41,N30,K22,G19,A3
440,PR38D,2,-,Comp_OF_PR38C,-,RDQ41,L29,L22,G20,-
441,VSS,-,-,-,-,-,-,-,-,-
442,PR38B,2,-,Comp_OF_PR38A,TRUE,RDQ41,K26,K21,F19,C2
443,PR38C,2,-,True_OF_PR38D,-,RDQ41,K28,H23,F20,-
444,VCCAUX,-,-,-,-,-,-,-,-,-
445,PR38A,2,-,True_OF_PR38B,TRUE,RDQ41,K27,J21,E20,D3
446,PR35D,2,-,Comp_OF_PR35C,-,RDQ41,J27,H21,E19,C3
447,VCCIO2,-,-,-,-,-,-,-,-,-
448,PR35B,2,-,Comp_OF_PR35A,TRUE,RDQ41,H28,F23,D19,C4
449,PR35C,2,VREF1_2,True_OF_PR35D,-,RDQ41,J26,H22,D20,B4
450,VSSIO2,-,-,-,-,-,-,-,-,-
451,PR35A,2,-,True_OF_PR35B,TRUE,RDQ41,H27,F22,C20,D4
452,PR32D,2,-,Comp_OF_PR32C,-,RDQ29,K29,-,-,-
453,VCCIO2,-,-,-,-,-,-,-,-,-
454,PR32B,2,-,Comp_OF_PR32A,TRUE,RDQ29,L30,-,-,-
455,PR32C,2,-,True_OF_PR32D,-,RDQ29,J29,-,-,-
456,VSSIO2,-,-,-,-,-,-,-,-,-
457,PR32A,2,-,True_OF_PR32B,TRUE,RDQ29,L31,-,-,-
458,PR29D,2,-,Comp_OF_PR29C,-,RDQ29,L32,-,-,-
459,VSS,-,-,-,-,-,-,-,-,-
460,PR29B,2,-,Comp_OF_PR29A,TRUE,RDQSN29,J32,-,K17,-
461,PR29C,2,-,True_OF_PR29D,-,RDQ29,K32,-,-,-
462,VCC,-,-,-,-,-,-,-,-,-
463,PR29A,2,-,True_OF_PR29B,TRUE,RDQS29,K31,-,K16,-
464,PR26D,2,-,Comp_OF_PR26C,-,RDQ29,K30,-,-,-
465,VSS,-,-,-,-,-,-,-,-,-
466,PR26B,2,-,Comp_OF_PR26A,TRUE,RDQ29,H30,-,-,-
467,PR26C,2,-,True_OF_PR26D,-,RDQ29,J30,-,-,-
468,VCCAUX,-,-,-,-,-,-,-,-,-
469,PR26A,2,-,True_OF_PR26B,TRUE,RDQ29,H31,-,-,-
470,PR23D,2,-,Comp_OF_PR23C,-,RDQ29,H32,-,-,-
471,VCCIO2,-,-,-,-,-,-,-,-,-
472,PR23B,2,-,Comp_OF_PR23A,TRUE,RDQ29,E32,-,-,-
473,PR23C,2,-,True_OF_PR23D,-,RDQ29,F32,-,-,-
474,VSSIO2,-,-,-,-,-,-,-,-,-
475,PR23A,2,-,True_OF_PR23B,TRUE,RDQ29,F31,-,-,-
476,PR20D,2,-,Comp_OF_PR20C,-,RDQ17,D32,F24,J16,-
477,VCCIO2,-,-,-,-,-,-,-,-,-
478,PR20B,2,-,Comp_OF_PR20A,TRUE,RDQ17,E30,F26,H17,A4
479,PR20C,2,-,True_OF_PR20D,-,RDQ17,C32,E23,J17,-
480,VSSIO2,-,-,-,-,-,-,-,-,-
481,PR20A,2,-,True_OF_PR20B,TRUE,RDQ17,F30,F25,H18,A6
482,PR17D,2,-,Comp_OF_PR17C,-,RDQ17,D31,D26,H16,-
483,VSS,-,-,-,-,-,-,-,-,-
484,PR17B,2,-,Comp_OF_PR17A,TRUE,RDQSN17,C31,E26,G18,A7
485,PR17C,2,-,True_OF_PR17D,-,RDQ17,D30,E24,G16,-
486,VCC,-,-,-,-,-,-,-,-,-
487,PR17A,2,-,True_OF_PR17B,TRUE,RDQS17,B32,D25,F17,B6
488,PR14D,2,-,Comp_OF_PR14C,-,RDQ17,F28,B24,F18,-
489,VSS,-,-,-,-,-,-,-,-,-
490,PR14B,2,-,Comp_OF_PR14A,TRUE,RDQ17,E29,D24,E17,C6
491,PR14C,2,-,True_OF_PR14D,-,RDQ17,F29,B26,E18,-
492,VCCAUX,-,-,-,-,-,-,-,-,-
493,PR14A,2,-,True_OF_PR14B,TRUE,RDQ17,D29,D23,D18,D6
494,PR11D,2,-,Comp_OF_PR11C,-,RDQ17,C30,C24,F16,-
495,VCCIO2,-,-,-,-,-,-,-,-,-
496,PR11C,2,-,True_OF_PR11D,-,RDQ17,C29,C23,E16,-
497,VSSIO2,-,-,-,-,-,-,-,-,-
498,PR11B,2,URC_GPLL0C_IN,Comp_OF_PR11A,TRUE,RDQ17,D28,C26,D17,B7
499,PR11A,2,URC_GPLL0T_IN,True_OF_PR11B,TRUE,RDQ17,C28,C25,C18,C7
500,NC,-,-,-,-,-,-,-,-,-
501,NC,-,-,-,-,-,-,-,-,-
502,NC,-,-,-,-,-,-,-,-,-
503,NC,-,-,-,-,-,-,-,-,-
504,NC,-,-,-,-,-,-,-,-,-
505,GND,-,-,-,-,-,-,-,-,-
506,VCC,-,-,-,-,-,-,-,-,-
507,VSS,-,-,-,-,-,-,-,-,-
508,VCC,-,-,-,-,-,-,-,-,-
509,PT121B,1,URC_GPLL1C_IN,Comp_OF_PT121A,-,-,B30,A25,B20,C8
510,VCCIO1,-,-,-,-,-,-,-,-,-
511,PT119B,1,-,Comp_OF_PT119A,-,-,A31,B23,B19,-
512,PT121A,1,URC_GPLL1T_IN,True_OF_PT121B,-,-,B29,A24,A19,B8
513,VSSIO1,-,-,-,-,-,-,-,-,-
514,PT119A,1,-,True_OF_PT119B,-,-,A30,A23,A18,-
515,PT116B,1,-,Comp_OF_PT116A,-,-,A29,D22,B18,-
516,VSS,-,-,-,-,-,-,-,-,-
517,PT114B,1,-,Comp_OF_PT114A,-,-,D26,E21,C17,-
518,PT116A,1,-,True_OF_PT116B,-,-,A28,C22,A17,-
519,VCC,-,-,-,-,-,-,-,-,-
520,PT114A,1,-,True_OF_PT114B,-,-,C26,D21,B17,-
521,PT112B,1,-,Comp_OF_PT112A,-,-,B26,C21,D16,-
522,VSS,-,-,-,-,-,-,-,-,-
523,PT110B,1,-,Comp_OF_PT110A,-,-,F25,A22,B16,-
524,PT112A,1,-,True_OF_PT112B,-,-,A26,B21,C16,-
525,VCCAUX,-,-,-,-,-,-,-,-,-
526,PT110A,1,-,True_OF_PT110B,-,-,E25,A21,A16,-
527,PT107B,1,-,Comp_OF_PT107A,-,-,D25,A19,E15,-
528,VCCIO1,-,-,-,-,-,-,-,-,-
529,PT105B,1,-,Comp_OF_PT105A,-,-,B25,B19,C15,-
530,PT107A,1,-,True_OF_PT107B,-,-,C25,A18,D15,-
531,VSSIO1,-,-,-,-,-,-,-,-,-
532,PT105A,1,-,True_OF_PT105B,-,-,A25,C19,B15,-
533,PT103B,1,-,Comp_OF_PT103A,-,-,F24,D19,-,-
534,VCCIO1,-,-,-,-,-,-,-,-,-
535,PT101B,1,-,Comp_OF_PT101A,-,-,C24,D18,-,-
536,PT103A,1,-,True_OF_PT103B,-,-,D24,E19,A15,-
537,VSSIO1,-,-,-,-,-,-,-,-,-
538,PT101A,1,-,True_OF_PT101B,-,-,A24,C18,-,-
539,PT98B,1,-,Comp_OF_PT98A,-,-,F23,E17,-,-
540,VSS,-,-,-,-,-,-,-,-,-
541,PT96B,1,-,Comp_OF_PT96A,-,-,D23,C17,-,-
542,PT98A,1,-,True_OF_PT98B,-,-,E23,D17,-,-
543,VCC,-,-,-,-,-,-,-,-,-
544,PT96A,1,-,True_OF_PT96B,-,-,C23,B17,-,-
545,PT94B,1,-,Comp_OF_PT94A,-,-,B23,-,-,-
546,VSS,-,-,-,-,-,-,-,-,-
547,PT92B,1,-,Comp_OF_PT92A,-,-,F22,-,-,-
548,PT94A,1,-,True_OF_PT94B,-,-,A23,-,-,-
549,VCCAUX,-,-,-,-,-,-,-,-,-
550,PT92A,1,-,True_OF_PT92B,-,-,E22,-,-,-
551,PT89B,1,-,Comp_OF_PT89A,-,-,D22,-,-,-
552,VCCIO1,-,-,-,-,-,-,-,-,-
553,PT87B,1,-,Comp_OF_PT87A,-,-,B22,-,-,-
554,PT89A,1,-,True_OF_PT89B,-,-,C22,-,-,-
555,VSSIO1,-,-,-,-,-,-,-,-,-
556,PT87A,1,-,True_OF_PT87B,-,-,A22,-,-,-
557,PT85B,1,-,Comp_OF_PT85A,-,-,F20,A17,E14,-
558,VCCIO1,-,-,-,-,-,-,-,-,-
559,PT83B,1,-,Comp_OF_PT83A,-,-,C20,C16,C14,-
560,PT85A,1,-,True_OF_PT85B,-,-,D20,A16,D14,-
561,VSSIO1,-,-,-,-,-,-,-,-,-
562,PT83A,1,-,True_OF_PT83B,-,-,A20,B16,A14,-
563,PT80B,1,-,Comp_OF_PT80A,-,-,F19,E16,E13,-
564,VSS,-,-,-,-,-,-,-,-,-
565,PT78B,1,-,Comp_OF_PT78A,-,-,D19,A15,C13,-
566,PT80A,1,-,True_OF_PT80B,-,-,E19,D16,D13,-
567,VCC,-,-,-,-,-,-,-,-,-
568,PT78A,1,-,True_OF_PT78B,-,-,C19,A14,B13,-
569,PT76B,1,-,Comp_OF_PT76A,-,-,B19,B14,A13,-
570,VCCIO1,-,-,-,-,-,-,-,-,-
571,PT74B,1,GR_PCLK1_1,Comp_OF_PT74A,-,-,F18,C14,E12,-
572,PT76A,1,-,True_OF_PT76B,-,-,A19,B13,A12,-
573,VSSIO1,-,-,-,-,-,-,-,-,-
574,PT74A,1,GR_PCLK1_0,True_OF_PT74B,-,-,D18,C13,D12,-
575,PT71B,1,PCLKC1_0,Comp_OF_PT71A,-,-,C18,D14,C12,A8
576,VSS,-,-,-,-,-,-,-,-,-
577,PT69B,1,PCLKC1_1,Comp_OF_PT69A,-,-,F17,E14,E11,C9
578,PT71A,1,PCLKT1_0,True_OF_PT71B,-,-,A18,D13,B12,A9
579,VCC,-,-,-,-,-,-,-,-,-
580,PT69A,1,PCLKT1_1,True_OF_PT69B,-,-,E17,E13,D11,B9
581,VSS,-,-,-,-,-,-,-,-,-
582,VCC,-,-,-,-,-,-,-,-,-
583,PT65B,0,PCLKC0_0,Comp_OF_PT65A,-,-,D17,A13,C11,C10
584,VCCIO0,-,-,-,-,-,-,-,-,-
585,PT63B,0,PCLKC0_1,Comp_OF_PT63A,-,-,B17,D11,A11,A10
586,PT65A,0,PCLKT0_0,True_OF_PT65B,-,-,C17,A12,B11,B10
587,VSSIO0,-,-,-,-,-,-,-,-,-
588,PT63A,0,PCLKT0_1,True_OF_PT63B,-,-,A17,E11,A10,A11
589,PT60B,0,GR_PCLK0_0,Comp_OF_PT60A,-,-,A16,B11,B10,-
590,VSS,-,-,-,-,-,-,-,-,-
591,PT58B,0,-,Comp_OF_PT58A,-,-,C16,A11,C10,-
592,PT60A,0,GR_PCLK0_1,True_OF_PT60B,-,-,B16,C11,A9,-
593,VCC,-,-,-,-,-,-,-,-,-
594,PT58A,0,-,True_OF_PT58B,-,-,D16,A10,B9,-
595,PT56B,0,-,Comp_OF_PT56A,-,-,E16,B10,E10,-
596,VSS,-,-,-,-,-,-,-,-,-
597,PT54B,0,-,Comp_OF_PT54A,-,-,A15,D10,-,-
598,PT56A,0,-,True_OF_PT56B,-,-,F16,C10,D10,-
599,VCCAUX,-,-,-,-,-,-,-,-,-
600,PT54A,0,-,True_OF_PT54B,-,-,C15,E10,C9,-
601,PT51B,0,-,Comp_OF_PT51A,-,-,D15,C9,-,-
602,VCCIO0,-,-,-,-,-,-,-,-,-
603,PT49B,0,-,Comp_OF_PT49A,-,-,A14,D8,-,-
604,PT51A,0,-,True_OF_PT51B,-,-,F15,D9,-,-
605,VSSIO0,-,-,-,-,-,-,-,-,-
606,PT49A,0,-,True_OF_PT49B,-,-,B14,E8,-,-
607,PT47B,0,-,Comp_OF_PT47A,-,-,C14,-,-,-
608,VCCIO0,-,-,-,-,-,-,-,-,-
609,PT45B,0,-,Comp_OF_PT45A,-,-,E14,-,-,-
610,PT47A,0,-,True_OF_PT47B,-,-,D14,-,-,-
611,VSSIO0,-,-,-,-,-,-,-,-,-
612,PT45A,0,-,True_OF_PT45B,-,-,F14,-,-,-
613,PT42B,0,-,Comp_OF_PT42A,-,-,A13,-,-,-
614,VSS,-,-,-,-,-,-,-,-,-
615,PT40B,0,-,Comp_OF_PT40A,-,-,D13,-,-,-
616,PT42A,0,-,True_OF_PT42B,-,-,C13,-,-,-
617,VCC,-,-,-,-,-,-,-,-,-
618,PT40A,0,-,True_OF_PT40B,-,-,F13,-,-,-
619,PT38B,0,-,Comp_OF_PT38A,-,-,A11,-,-,-
620,VSS,-,-,-,-,-,-,-,-,-
621,PT36B,0,-,Comp_OF_PT36A,-,-,C11,-,-,-
622,PT38A,0,-,True_OF_PT38B,-,-,B11,-,-,-
623,VCCAUX,-,-,-,-,-,-,-,-,-
624,PT36A,0,-,True_OF_PT36B,-,-,D11,-,-,-
625,PT33B,0,-,Comp_OF_PT33A,-,-,E11,-,-,-
626,VCCIO0,-,-,-,-,-,-,-,-,-
627,PT31B,0,-,Comp_OF_PT31A,-,-,A10,-,-,-
628,PT33A,0,-,True_OF_PT33B,-,-,F11,-,-,-
629,VSSIO0,-,-,-,-,-,-,-,-,-
630,PT31A,0,-,True_OF_PT31B,-,-,B10,-,-,-
631,PT29B,0,-,Comp_OF_PT29A,-,-,C10,-,-,-
632,VCCIO0,-,-,-,-,-,-,-,-,-
633,PT27B,0,-,Comp_OF_PT27A,-,-,E10,-,-,-
634,PT29A,0,-,True_OF_PT29B,-,-,D10,-,-,-
635,VSSIO0,-,-,-,-,-,-,-,-,-
636,PT27A,0,-,True_OF_PT27B,-,-,F10,-,-,-
637,PT24B,0,-,Comp_OF_PT24A,-,-,A9,-,-,-
638,VSS,-,-,-,-,-,-,-,-,-
639,PT22B,0,-,Comp_OF_PT22A,-,-,D9,-,-,-
640,PT24A,0,-,True_OF_PT24B,-,-,C9,-,-,-
641,VCC,-,-,-,-,-,-,-,-,-
642,PT22A,0,-,True_OF_PT22B,-,-,F9,-,-,-
643,PT20B,0,-,Comp_OF_PT20A,-,-,A8,C8,E9,-
644,VSS,-,-,-,-,-,-,-,-,-
645,PT18B,0,-,Comp_OF_PT18A,-,-,C8,A9,A8,-
646,PT20A,0,-,True_OF_PT20B,-,-,B8,B8,D9,-
647,VCCAUX,-,-,-,-,-,-,-,-,-
648,PT18A,0,-,True_OF_PT18B,-,-,D8,A8,A7,-
649,PT15B,0,-,Comp_OF_PT15A,-,-,E8,A6,B8,-
650,VCCIO0,-,-,-,-,-,-,-,-,-
651,PT13B,0,-,Comp_OF_PT13A,-,-,A7,B6,D8,-
652,PT15A,0,-,True_OF_PT15B,-,-,F8,A5,C8,-
653,VSSIO0,-,-,-,-,-,-,-,-,-
654,PT13A,0,-,True_OF_PT13B,-,-,B7,C6,E8,-
655,PT11B,0,-,Comp_OF_PT11A,-,-,C7,D6,C7,-
656,VCCIO0,-,-,-,-,-,-,-,-,-
657,PT9B,0,-,Comp_OF_PT9A,-,-,A5,C5,D7,-
658,PT11A,0,-,True_OF_PT11B,-,-,D7,E6,C6,-
659,VSSIO0,-,-,-,-,-,-,-,-,-
660,PT9A,0,-,True_OF_PT9B,-,-,A4,D5,E7,-
661,PT6B,0,-,Comp_OF_PT6A,-,-,A3,A4,D6,-
662,VSS,-,-,-,-,-,-,-,-,-
663,PT4B,0,ULC_GPLL1C_IN,Comp_OF_PT4A,-,-,B4,A3,B6,C11
664,PT6A,0,-,True_OF_PT6B,-,-,A2,B4,E6,-
665,VCC,-,-,-,-,-,-,-,-,-
666,PT4A,0,ULC_GPLL1T_IN,True_OF_PT4B,-,-,B3,A2,A6,B11
667,VSS,-,-,-,-,-,-,-,-,-
668,VCC,-,-,-,-,-,-,-,-,-
669,VCC,-,-,-,-,-,-,-,-,-
670,GND,-,-,-,-,-,-,-,-,-
0,NC,-,-,-,-,-,-,F19,-,-
0,GND,-,-,-,-,-,B31,B25,C19,G2
0,GND,-,-,-,-,-,E31,E25,H19,L2
0,GND,-,-,-,-,-,J31,J25,R19,B3
0,GND,-,-,-,-,-,N31,M25,G17,E5
0,GND,-,-,-,-,-,R31,R25,M16,F5
0,GND,-,-,-,-,-,V31,V25,G15,K5
0,GND,-,-,-,-,-,Y31,AC25,K15,L5
0,GND,-,-,-,-,-,AD31,B22,N15,F6
0,GND,-,-,-,-,-,AH31,E22,B14,G6
0,GND,-,-,-,-,-,AL31,J22,F14,H6
0,GND,-,-,-,-,-,AH29,M22,G14,J6
0,GND,-,-,-,-,-,AL29,R22,J14,K6
0,GND,-,-,-,-,-,B28,V22,K14,L6
0,GND,-,-,-,-,-,E28,H19,M14,M6
0,GND,-,-,-,-,-,J28,B18,N14,E7
0,GND,-,-,-,-,-,N28,E18,P14,F7
0,GND,-,-,-,-,-,R28,J18,F13,G7
0,GND,-,-,-,-,-,V28,K18,G13,H7
0,GND,-,-,-,-,-,AD28,L18,P13,J7
0,GND,-,-,-,-,-,B24,M18,G12,K7
0,GND,-,-,-,-,-,E24,N18,J12,L7
0,GND,-,-,-,-,-,K23,P18,K12,M7
0,GND,-,-,-,-,-,L23,R18,L12,N7
0,GND,-,-,-,-,-,K22,T18,M12,E8
0,GND,-,-,-,-,-,L22,U18,P12,F8
0,GND,-,-,-,-,-,M22,W18,G11,G8
0,GND,-,-,-,-,-,N22,J17,J11,H8
0,GND,-,-,-,-,-,P22,K17,K11,J8
0,GND,-,-,-,-,-,R22,U17,L11,K8
0,GND,-,-,-,-,-,T22,V17,M11,L8
0,GND,-,-,-,-,-,U22,J16,P11,M8
0,GND,-,-,-,-,-,V22,L16,G10,N8
0,GND,-,-,-,-,-,W22,M16,J10,E9
0,GND,-,-,-,-,-,Y22,N16,K10,F9
0,GND,-,-,-,-,-,AA22,P16,L10,G9
0,GND,-,-,-,-,-,AB22,R16,M10,H9
0,GND,-,-,-,-,-,L21,U16,G9,J9
0,GND,-,-,-,-,-,AB21,V16,J9,K9
0,GND,-,-,-,-,-,AC21,B15,K9,L9
0,GND,-,-,-,-,-,B20,E15,L9,M9
0,GND,-,-,-,-,-,E20,J15,M9,N9
0,GND,-,-,-,-,-,L20,L15,F8,E10
0,GND,-,-,-,-,-,N20,M15,G8,F10
0,GND,-,-,-,-,-,P20,N15,P8,G10
0,GND,-,-,-,-,-,R20,P15,B7,H10
0,GND,-,-,-,-,-,T20,R15,F7,J10
0,GND,-,-,-,-,-,U20,U15,G7,K10
0,GND,-,-,-,-,-,V20,V15,J7,L10
0,GND,-,-,-,-,-,W20,J14,K7,M10
0,GND,-,-,-,-,-,Y20,L14,M7,N10
0,GND,-,-,-,-,-,AB20,M14,N7,E11
0,GND,-,-,-,-,-,L19,N14,P7,F11
0,GND,-,-,-,-,-,N19,P14,G6,G11
0,GND,-,-,-,-,-,P19,R14,K6,H11
0,GND,-,-,-,-,-,R19,U14,N6,J11
0,GND,-,-,-,-,-,T19,V14,D4,K11
0,GND,-,-,-,-,-,U19,J13,G4,L11
0,GND,-,-,-,-,-,V19,L13,J2,M11
0,GND,-,-,-,-,-,W19,M13,M2,N11
0,GND,-,-,-,-,-,Y19,N13,-,E12
0,GND,-,-,-,-,-,AB19,P13,-,F12
0,GND,-,-,-,-,-,B18,R13,-,G12
0,GND,-,-,-,-,-,E18,U13,-,H12
0,GND,-,-,-,-,-,L18,V13,-,J12
0,GND,-,-,-,-,-,N18,B12,-,K12
0,GND,-,-,-,-,-,P18,E12,-,L12
0,GND,-,-,-,-,-,R18,J12,-,M12
0,GND,-,-,-,-,-,T18,L12,-,N12
0,GND,-,-,-,-,-,U18,M12,-,F13
0,GND,-,-,-,-,-,V18,N12,-,G13
0,GND,-,-,-,-,-,W18,P12,-,H13
0,GND,-,-,-,-,-,Y18,R12,-,J13
0,GND,-,-,-,-,-,AB18,U12,-,K13
0,GND,-,-,-,-,-,L17,V12,-,L13
0,GND,-,-,-,-,-,N17,J11,-,M13
0,GND,-,-,-,-,-,P17,L11,-,E14
0,GND,-,-,-,-,-,R17,M11,-,F14
0,GND,-,-,-,-,-,T17,N11,-,K14
0,GND,-,-,-,-,-,U17,P11,-,L14
0,GND,-,-,-,-,-,V17,R11,-,B16
0,GND,-,-,-,-,-,W17,U11,-,T16
0,GND,-,-,-,-,-,Y17,J10,-,G17
0,GND,-,-,-,-,-,AB17,K10,-,L17
0,GND,-,-,-,-,-,L16,U10,-,-
0,GND,-,-,-,-,-,N16,B9,-,-
0,GND,-,-,-,-,-,P16,E9,-,-
0,GND,-,-,-,-,-,R16,H9,-,-
0,GND,-,-,-,-,-,T16,J9,-,-
0,GND,-,-,-,-,-,U16,K9,-,-
0,GND,-,-,-,-,-,V16,L9,-,-
0,GND,-,-,-,-,-,W16,M9,-,-
0,GND,-,-,-,-,-,Y16,N9,-,-
0,GND,-,-,-,-,-,AB16,P9,-,-
0,GND,-,-,-,-,-,B15,R9,-,-
0,GND,-,-,-,-,-,E15,T9,-,-
0,GND,-,-,-,-,-,L15,U9,-,-
0,GND,-,-,-,-,-,N15,V9,-,-
0,GND,-,-,-,-,-,P15,W9,-,-
0,GND,-,-,-,-,-,R15,H8,-,-
0,GND,-,-,-,-,-,T15,J8,-,-
0,GND,-,-,-,-,-,U15,B5,-,-
0,GND,-,-,-,-,-,V15,E5,-,-
0,GND,-,-,-,-,-,W15,J5,-,-
0,GND,-,-,-,-,-,Y15,M5,-,-
0,GND,-,-,-,-,-,AB15,R5,-,-
0,GND,-,-,-,-,-,L14,V5,-,-
0,GND,-,-,-,-,-,N14,AC3,-,-
0,GND,-,-,-,-,-,P14,B2,-,-
0,GND,-,-,-,-,-,R14,E2,-,-
0,GND,-,-,-,-,-,T14,J2,-,-
0,GND,-,-,-,-,-,U14,M2,-,-
0,GND,-,-,-,-,-,V14,R2,-,-
0,GND,-,-,-,-,-,W14,V2,-,-
0,GND,-,-,-,-,-,Y14,-,-,-
0,GND,-,-,-,-,-,AB14,-,-,-
0,GND,-,-,-,-,-,B13,-,-,-
0,GND,-,-,-,-,-,E13,-,-,-
0,GND,-,-,-,-,-,L13,-,-,-
0,GND,-,-,-,-,-,N13,-,-,-
0,GND,-,-,-,-,-,P13,-,-,-
0,GND,-,-,-,-,-,R13,-,-,-
0,GND,-,-,-,-,-,T13,-,-,-
0,GND,-,-,-,-,-,U13,-,-,-
0,GND,-,-,-,-,-,V13,-,-,-
0,GND,-,-,-,-,-,W13,-,-,-
0,GND,-,-,-,-,-,Y13,-,-,-
0,GND,-,-,-,-,-,AB11,-,-,-
0,GND,-,-,-,-,-,L12,-,-,-
0,GND,-,-,-,-,-,AB12,-,-,-
0,GND,-,-,-,-,-,AC12,-,-,-
0,GND,-,-,-,-,-,K11,-,-,-
0,GND,-,-,-,-,-,L11,-,-,-
0,GND,-,-,-,-,-,M11,-,-,-
0,GND,-,-,-,-,-,N11,-,-,-
0,GND,-,-,-,-,-,P11,-,-,-
0,GND,-,-,-,-,-,R11,-,-,-
0,GND,-,-,-,-,-,T11,-,-,-
0,GND,-,-,-,-,-,U11,-,-,-
0,GND,-,-,-,-,-,V11,-,-,-
0,GND,-,-,-,-,-,W11,-,-,-
0,GND,-,-,-,-,-,Y11,-,-,-
0,GND,-,-,-,-,-,AA11,-,-,-
0,GND,-,-,-,-,-,AB13,-,-,-
0,GND,-,-,-,-,-,K10,-,-,-
0,GND,-,-,-,-,-,L10,-,-,-
0,GND,-,-,-,-,-,B9,-,-,-
0,GND,-,-,-,-,-,E9,-,-,-
0,GND,-,-,-,-,-,B5,-,-,-
0,GND,-,-,-,-,-,E5,-,-,-
0,GND,-,-,-,-,-,J5,-,-,-
0,GND,-,-,-,-,-,N5,-,-,-
0,GND,-,-,-,-,-,R5,-,-,-
0,GND,-,-,-,-,-,V5,-,-,-
0,GND,-,-,-,-,-,AD5,-,-,-
0,GND,-,-,-,-,-,AH5,-,-,-
0,GND,-,-,-,-,-,AL5,-,-,-
0,GND,-,-,-,-,-,B2,-,-,-
0,GND,-,-,-,-,-,E2,-,-,-
0,GND,-,-,-,-,-,J2,-,-,-
0,GND,-,-,-,-,-,N2,-,-,-
0,GND,-,-,-,-,-,R2,-,-,-
0,GND,-,-,-,-,-,V2,-,-,-
0,GND,-,-,-,-,-,Y2,-,-,-
0,GND,-,-,-,-,-,AD2,-,-,-
0,GND,-,-,-,-,-,AH2,-,-,-
0,GND,-,-,-,-,-,AL2,-,-,-
0,GND,-,-,-,-,-,-,-,-,-
0,GND,-,-,-,-,-,-,-,-,-
0,GND,-,-,-,-,-,-,-,-,-
0,GND,-,-,-,-,-,-,-,-,-
0,GND,-,-,-,-,-,-,-,-,-
0,GND,-,-,-,-,-,-,-,-,-
0,GND,-,-,-,-,-,-,-,-,-
0,GND,-,-,-,-,-,-,-,-,-
0,GND,-,-,-,-,-,-,-,-,-
0,GND,-,-,-,-,-,-,-,-,-
0,GND,-,-,-,-,-,-,-,-,-
0,GND,-,-,-,-,-,-,-,-,-
0,GND,-,-,-,-,-,-,-,-,-
0,GND,-,-,-,-,-,-,-,-,-
0,VCC,-,-,-,-,-,M21,L17,H13,J4
0,VCC,-,-,-,-,-,N21,M17,J13,M4
0,VCC,-,-,-,-,-,P21,N17,K13,J5
0,VCC,-,-,-,-,-,R21,P17,L13,P7
0,VCC,-,-,-,-,-,T21,R17,M13,D8
0,VCC,-,-,-,-,-,U21,T17,N13,D9
0,VCC,-,-,-,-,-,V21,K16,H12,P9
0,VCC,-,-,-,-,-,W21,T16,N12,D10
0,VCC,-,-,-,-,-,Y21,K15,H11,D11
0,VCC,-,-,-,-,-,AA21,T15,N11,P11
0,VCC,-,-,-,-,-,M20,K14,H10,J14
0,VCC,-,-,-,-,-,AA20,T14,N10,J15
0,VCC,-,-,-,-,-,M19,K13,H9,M15
0,VCC,-,-,-,-,-,AA19,T13,N9,-
0,VCC,-,-,-,-,-,M18,K12,H8,-
0,VCC,-,-,-,-,-,AA18,T12,J8,-
0,VCC,-,-,-,-,-,M17,K11,K8,-
0,VCC,-,-,-,-,-,AA17,T11,L8,-
0,VCC,-,-,-,-,-,M16,L10,M8,-
0,VCC,-,-,-,-,-,AA16,M10,N8,-
0,VCC,-,-,-,-,-,M15,N10,-,-
0,VCC,-,-,-,-,-,AA15,P10,-,-
0,VCC,-,-,-,-,-,M14,R10,-,-
0,VCC,-,-,-,-,-,AA14,T10,-,-
0,VCC,-,-,-,-,-,M13,-,-,-
0,VCC,-,-,-,-,-,AA13,-,-,-
0,VCC,-,-,-,-,-,M12,-,-,-
0,VCC,-,-,-,-,-,N12,-,-,-
0,VCC,-,-,-,-,-,P12,-,-,-
0,VCC,-,-,-,-,-,R12,-,-,-
0,VCC,-,-,-,-,-,T12,-,-,-
0,VCC,-,-,-,-,-,U12,-,-,-
0,VCC,-,-,-,-,-,V12,-,-,-
0,VCC,-,-,-,-,-,W12,-,-,-
0,VCC,-,-,-,-,-,Y12,-,-,-
0,VCC,-,-,-,-,-,AA12,-,-,-
0,VCC,-,-,-,-,-,-,-,-,-
0,VCC,-,-,-,-,-,-,-,-,-
0,VCC,-,-,-,-,-,-,-,-,-
0,VCC,-,-,-,-,-,-,-,-,-
0,VCCAUX,-,-,-,-,-,N23,K19,F15,E6
0,VCCAUX,-,-,-,-,-,Y23,T19,P15,N6
0,VCCAUX,-,-,-,-,-,AC22,W19,F6,E13
0,VCCAUX,-,-,-,-,-,K20,H17,P6,P13
0,VCCAUX,-,-,-,-,-,K13,H14,-,-
0,VCCAUX,-,-,-,-,-,AC11,H11,-,-
0,VCCAUX,-,-,-,-,-,N10,L8,-,-
0,VCCAUX,-,-,-,-,-,Y10,T8,-,-
0,VCCAUX,-,-,-,-,-,-,W8,-,-
0,VCCAUX,-,-,-,-,-,-,-,-,-
0,VCCAUX,-,-,-,-,-,-,-,-,-
0,VCCAUX,-,-,-,-,-,-,-,-,-
0,VCCAUX,-,-,-,-,-,-,-,-,-
0,VCCAUX,-,-,-,-,-,-,-,-,-
0,VCCAUX,-,-,-,-,-,-,-,-,-
0,VCCAUX,-,-,-,-,-,-,-,-,-
0,VCCAUX,-,-,-,-,-,-,-,-,-
0,VCCAUX,-,-,-,-,-,-,-,-,-
0,VCCAUX,-,-,-,-,-,-,-,-,-
0,VCCAUX,-,-,-,-,-,-,-,-,-
0,VCCAUX,-,-,-,-,-,-,-,-,-
0,VCCAUX,-,-,-,-,-,-,-,-,-
0,VCCAUX,-,-,-,-,-,-,-,-,-
0,VCCAUX,-,-,-,-,-,-,-,-,-
0,VCCAUX,-,-,-,-,-,-,-,-,-
0,VCCAUX,-,-,-,-,-,-,-,-,-
0,VCCAUX,-,-,-,-,-,-,-,-,-
0,VCCAUX,-,-,-,-,-,-,-,-,-
0,VCCIO0,0,-,-,-,-,K16,H13,F10,D12
0,VCCIO0,0,-,-,-,-,K15,H12,F9,-
0,VCCIO0,0,-,-,-,-,K14,H10,-,-
0,VCCIO0,0,-,-,-,-,K12,-,-,-
0,VCCIO0,0,-,-,-,-,-,-,-,-
0,VCCIO0,0,-,-,-,-,-,-,-,-
0,VCCIO1,1,-,-,-,-,K21,H18,F12,D7
0,VCCIO1,1,-,-,-,-,K19,H16,F11,-
0,VCCIO1,1,-,-,-,-,K18,H15,-,-
0,VCCIO1,1,-,-,-,-,K17,-,-,-
0,VCCIO1,1,-,-,-,-,-,-,-,-
0,VCCIO1,1,-,-,-,-,-,-,-,-
0,VCCIO2,2,-,-,-,-,M23,J19,H15,G5
0,VCCIO2,2,-,-,-,-,P23,L19,J15,H5
0,VCCIO2,2,-,-,-,-,R23,M19,H14,-
0,VCCIO2,2,-,-,-,-,T23,N19,-,-
0,VCCIO2,2,-,-,-,-,-,-,-,-
0,VCCIO2,2,-,-,-,-,-,-,-,-
0,VCCIO2,2,-,-,-,-,-,-,-,-
0,VCCIO2,2,-,-,-,-,-,-,-,-
0,VCCIO3,3,-,-,-,-,U23,P19,L15,M5
0,VCCIO3,3,-,-,-,-,V23,R19,M15,N5
0,VCCIO3,3,-,-,-,-,W23,U19,L14,-
0,VCCIO3,3,-,-,-,-,AA23,-,-,-
0,VCCIO3,3,-,-,-,-,-,-,-,-
0,VCCIO3,3,-,-,-,-,-,-,-,-
0,VCCIO3,3,-,-,-,-,-,-,-,-
0,VCCIO3,3,-,-,-,-,-,-,-,-
0,VCCIO4,4,-,-,-,-,AB23,V19,-,-
0,VCCIO4,4,-,-,-,-,AC23,V18,-,-
0,VCCIO4,4,-,-,-,-,-,-,-,-
0,VCCIO4,4,-,-,-,-,-,-,-,-
0,VCCIO4,4,-,-,-,-,-,-,-,-
0,GND,-,GND,-,-,-,AH26,AC24,V20,R1
0,GND,-,GND,-,-,-,AJ26,AD24,V19,R2
0,GND,-,GND,-,-,-,AK26,AE24,W19,T2
0,GND,-,GND,-,-,-,AL26,AF24,V16,U2
0,GND,-,GND,-,-,-,AM26,AB23,W16,T3
0,GND,-,GND,-,-,-,AH25,AB22,V15,U3
0,GND,-,GND,-,-,-,AH24,AE22,W15,T4
0,GND,-,GND,-,-,-,AL24,AB21,U14,U4
0,GND,-,GND,-,-,-,AF23,AC21,V14,V4
0,GND,-,GND,-,-,-,AG23,AD21,U13,U5
0,GND,-,GND,-,-,-,AH23,AE21,V13,P6
0,GND,-,GND,-,-,-,AJ23,AA20,U12,T6
0,GND,-,GND,-,-,-,AK23,AE19,V12,T7
0,GND,-,GND,-,-,-,AL23,AA18,W12,U7
0,GND,-,GND,-,-,-,AL21,AB18,U11,V7
0,GND,-,GND,-,-,-,AF20,AC18,U10,P8
0,GND,-,GND,-,-,-,AG20,AD18,U9,T8
0,GND,-,GND,-,-,-,AH20,AE18,V9,T9
0,GND,-,GND,-,-,-,AJ20,AA17,U8,U9
0,GND,-,GND,-,-,-,AK20,AE16,V8,T10
0,GND,-,GND,-,-,-,AL20,AA15,U7,U10
0,GND,-,GND,-,-,-,AF19,AB15,V7,V10
0,GND,-,GND,-,-,-,AL18,AC15,W7,T11
0,GND,-,GND,-,-,-,AF17,AD15,V6,U11
0,GND,-,GND,-,-,-,AG17,AE15,W6,P12
0,GND,-,GND,-,-,-,AH17,AA14,V5,T12
0,GND,-,GND,-,-,-,AJ17,AB14,-,-
0,GND,-,GND,-,-,-,AK17,AA13,-,-
0,GND,-,GND,-,-,-,AL17,AB13,-,-
0,GND,-,GND,-,-,-,AF16,AE13,-,-
0,GND,-,GND,-,-,-,AG16,AA12,-,-
0,GND,-,GND,-,-,-,AH16,AB12,-,-
0,GND,-,GND,-,-,-,AF15,AC12,-,-
0,GND,-,GND,-,-,-,AG15,AD12,-,-
0,GND,-,GND,-,-,-,AH15,AE12,-,-
0,GND,-,GND,-,-,-,AL15,AA10,-,-
0,GND,-,GND,-,-,-,AF14,AE10,-,-
0,GND,-,GND,-,-,-,AG14,AA9,-,-
0,GND,-,GND,-,-,-,AH14,AB9,-,-
0,GND,-,GND,-,-,-,AJ14,AC9,-,-
0,GND,-,GND,-,-,-,AK14,AD9,-,-
0,GND,-,GND,-,-,-,AL14,AE9,-,-
0,GND,-,GND,-,-,-,AF12,AA7,-,-
0,GND,-,GND,-,-,-,AL12,AE7,-,-
0,GND,-,GND,-,-,-,AF11,AB6,-,-
0,GND,-,GND,-,-,-,AG11,AC6,-,-
0,GND,-,GND,-,-,-,AH11,AD6,-,-
0,GND,-,GND,-,-,-,AJ11,AE6,-,-
0,GND,-,GND,-,-,-,AK11,AF5,-,-
0,GND,-,GND,-,-,-,AL11,-,-,-
0,GND,-,GND,-,-,-,AL9,-,-,-
0,GND,-,GND,-,-,-,AH8,-,-,-
0,GND,-,GND,-,-,-,AJ8,-,-,-
0,GND,-,GND,-,-,-,AK8,-,-,-
0,GND,-,GND,-,-,-,AL8,-,-,-
0,GND,-,GND,-,-,-,AH7,-,-,-
0,GND,-,GND,-,-,-,AJ7,-,-,-
0,GND,-,GND,-,-,-,AK7,-,-,-
0,GND,-,GND,-,-,-,AL7,-,-,-
0,GND,-,GND,-,-,-,AM7,-,-,-
0,GND,-,GND,-,-,-,-,-,-,-
0,GND,-,GND,-,-,-,-,-,-,-
0,GND,-,GND,-,-,-,-,-,-,-
0,GND,-,GND,-,-,-,-,-,-,-
0,VCCA0,-,-,-,-,-,AJ13,AC11,T6,P10
0,VCCA0,-,-,-,-,-,AG12,AB10,U6,R10
0,VCCA0,-,-,-,-,-,AH12,AC10,-,-
0,VCCA0,-,-,-,-,-,AJ12,AC8,-,-
0,VCCA0,-,-,-,-,-,AJ10,AB7,-,-
0,VCCA0,-,-,-,-,-,AG9,AC7,-,-
0,VCCA0,-,-,-,-,-,AH9,-,-,-
0,VCCA0,-,-,-,-,-,AJ9,-,-,-
0,VCCA0,-,-,-,-,-,-,-,-,-
0,VCCA0,-,-,-,-,-,-,-,-,-
0,VCCA0,-,-,-,-,-,-,-,-,-
0,VCCA1,-,-,-,-,-,AF22,AB20,T15,-
0,VCCA1,-,-,-,-,-,AG22,AC20,U15,-
0,VCCA1,-,-,-,-,-,AH22,AC19,-,-
0,VCCA1,-,-,-,-,-,AJ22,AB17,-,-
0,VCCA1,-,-,-,-,-,AJ21,AC17,-,-
0,VCCA1,-,-,-,-,-,AG19,AC16,-,-
0,VCCA1,-,-,-,-,-,AH19,-,-,-
0,VCCA1,-,-,-,-,-,AJ19,-,-,-
0,VCCA1,-,-,-,-,-,AJ18,-,-,-
0,VCCA1,-,-,-,-,-,-,-,-,-
0,VCCA1,-,-,-,-,-,-,-,-,-
0,VCCAUXA0,-,-,-,-,-,AJ16,AC14,V11,R3
0,VCCAUXA0,-,-,-,-,-,AJ15,AC13,V10,P5
0,VCCAUXA0,-,-,-,-,-,-,-,-,-
0,VCCAUXA0,-,-,-,-,-,-,-,-,-
0,VCCAUXA0,-,-,-,-,-,-,-,-,-
0,VCCAUXA0,-,-,-,-,-,-,-,-,-
0,VCCAUXA1,-,-,-,-,-,AJ25,AC23,V18,-
0,VCCAUXA1,-,-,-,-,-,AJ24,AC22,V17,-
0,VCCAUXA1,-,-,-,-,-,-,-,-,-
0,VCCAUXA1,-,-,-,-,-,-,-,-,-
0,VCCAUXA1,-,-,-,-,-,-,-,-,-
0,VCCAUXA1,-,-,-,-,-,-,-,-,-
0,VCCIO8,8,-,-,-,-,AB10,V11,P10,N13
0,VCCIO8,8,-,-,-,-,AC10,V10,P9,P14
0,VCCIO8,8,-,-,-,-,-,-,-,-
0,VCCIO8,8,-,-,-,-,-,-,-,-
0,VCCIO8,8,-,-,-,-,-,-,-,-
0,VCCIO6,6,-,-,-,-,U10,P8,L7,M14
0,VCCIO6,6,-,-,-,-,V10,R8,L6,N14
0,VCCIO6,6,-,-,-,-,W10,U8,M6,-
0,VCCIO6,6,-,-,-,-,AA10,V8,-,-
0,VCCIO6,6,-,-,-,-,-,-,-,-
0,VCCIO6,6,-,-,-,-,-,-,-,-
0,VCCIO6,6,-,-,-,-,-,-,-,-
0,VCCIO6,6,-,-,-,-,-,-,-,-
0,VCCIO7,7,-,-,-,-,M10,K8,H7,G14
0,VCCIO7,7,-,-,-,-,P10,M8,H6,H14
0,VCCIO7,7,-,-,-,-,R10,N8,J6,-
0,VCCIO7,7,-,-,-,-,T10,-,-,-
0,VCCIO7,7,-,-,-,-,-,-,-,-
0,VCCIO7,7,-,-,-,-,-,-,-,-
0,VCCIO7,7,-,-,-,-,-,-,-,-
0,VCCIO7,7,-,-,-,-,-,-,-,-
0,NC,-,-,-,-,-,AG31,F18,-,-
0,NC,-,-,-,-,-,V30,F17,-,-
0,NC,-,-,-,-,-,H29,C15,-,-
0,NC,-,-,-,-,-,AC29,D15,-,-
0,NC,-,-,-,-,-,L28,F15,-,-
0,NC,-,-,-,-,-,W27,F14,-,-
0,NC,-,-,-,-,-,E26,F13,-,-
0,NC,-,-,-,-,-,AE26,C12,-,-
0,NC,-,-,-,-,-,G24,D12,-,-
0,NC,-,-,-,-,-,AG24,F12,-,-
0,NC,-,-,-,-,-,G23,F10,-,-
0,NC,-,-,-,-,-,G22,F9,-,-
0,NC,-,-,-,-,-,G19,F8,-,-
0,NC,-,-,-,-,-,G18,AA5,-,-
0,NC,-,-,-,-,-,G17,AA4,-,-
0,NC,-,-,-,-,-,G16,AA3,-,-
0,NC,-,-,-,-,-,G15,-,-,-
0,NC,-,-,-,-,-,G14,-,-,-
0,NC,-,-,-,-,-,G11,-,-,-
0,NC,-,-,-,-,-,G10,-,-,-
0,NC,-,-,-,-,-,G9,-,-,-
0,NC,-,-,-,-,-,E7,-,-,-
0,NC,-,-,-,-,-,AE7,-,-,-
0,NC,-,-,-,-,-,W6,-,-,-
0,NC,-,-,-,-,-,L5,-,-,-
0,NC,-,-,-,-,-,H4,-,-,-
0,NC,-,-,-,-,-,AC4,-,-,-
0,NC,-,-,-,-,-,V3,-,-,-
0,NC,-,-,-,-,-,AG2,-,-,-
0,NC,-,-,-,-,-,-,-,-,-
0,NC,-,-,-,-,-,-,-,-,-
0,NC,-,-,-,-,-,-,-,-,-
0,NC,-,-,-,-,-,-,-,-,-
0,NC,-,-,-,-,-,-,-,-,-
0,NC,-,-,-,-,-,-,-,-,-
0,NC,-,-,-,-,-,-,-,-,-
0,NC,-,-,-,-,-,-,-,-,-
0,NC,-,-,-,-,-,-,-,-,-
0,NC,-,-,-,-,-,-,-,-,-
0,NC,-,-,-,-,-,-,-,-,-
0,NC,-,-,-,-,-,-,-,-,-
0,NC,-,-,-,-,-,-,-,-,-
0,NC,-,-,-,-,-,-,-,-,-
