Device/Package xczu11egffvb1517 10/12/2015 16:09:50,,,,,,
,,,,,,
Pin,Pin Name,Memory Byte Group,Bank,I/O Type,Super Logic Region,No-Connect
AB21,DXN,NA,NA,NA,NA,NA
W22,VCCADC,NA,NA,NA,NA,NA
W21,GNDADC,NA,NA,NA,NA,NA
AB22,DXP,NA,NA,NA,NA,NA
AA22,VREFP,NA,NA,NA,NA,NA
Y21,VREFN,NA,NA,NA,NA,NA
Y22,VP,NA,NA,NA,NA,NA
AA21,VN,NA,NA,NA,NA,NA
AH17,PUDC_B_0,NA,0,CONFIG,NA,NA
AH18,POR_OVERRIDE,NA,NA,NA,NA,NA
A20,IO_L24N_T3U_N11_71,3U,71,HP,NA,NA
A21,IO_L24P_T3U_N10_71,3U,71,HP,NA,NA
A22,IO_L23N_T3U_N9_71,3U,71,HP,NA,NA
P21,IO_L23P_T3U_N8_71,3U,71,HP,NA,NA
B19,IO_L22N_T3U_N7_DBC_AD0N_71,3U,71,HP,NA,NA
B20,IO_L22P_T3U_N6_DBC_AD0P_71,3U,71,HP,NA,NA
B21,IO_L21N_T3L_N5_AD8N_71,3L,71,HP,NA,NA
P22,IO_L21P_T3L_N4_AD8P_71,3L,71,HP,NA,NA
C19,IO_L20N_T3L_N3_AD1N_71,3L,71,HP,NA,NA
C21,IO_L20P_T3L_N2_AD1P_71,3L,71,HP,NA,NA
C22,IO_L19N_T3L_N1_DBC_AD9N_71,3L,71,HP,NA,NA
P20,IO_L19P_T3L_N0_DBC_AD9P_71,3L,71,HP,NA,NA
D19,IO_T3U_N12_71,3U,71,HP,NA,NA
D20,IO_T2U_N12_71,2U,71,HP,NA,NA
D21,IO_L18N_T2U_N11_AD2N_71,2U,71,HP,NA,NA
D22,IO_L18P_T2U_N10_AD2P_71,2U,71,HP,NA,NA
E19,IO_L17N_T2U_N9_AD10N_71,2U,71,HP,NA,NA
E20,IO_L17P_T2U_N8_AD10P_71,2U,71,HP,NA,NA
E22,IO_L16N_T2U_N7_QBC_AD3N_71,2U,71,HP,NA,NA
F20,IO_L16P_T2U_N6_QBC_AD3P_71,2U,71,HP,NA,NA
F21,IO_L15N_T2L_N5_AD11N_71,2L,71,HP,NA,NA
F22,IO_L15P_T2L_N4_AD11P_71,2L,71,HP,NA,NA
G19,IO_L14N_T2L_N3_GC_71,2L,71,HP,NA,NA
G20,IO_L14P_T2L_N2_GC_71,2L,71,HP,NA,NA
G21,IO_L13N_T2L_N1_GC_QBC_71,2L,71,HP,NA,NA
H19,IO_L13P_T2L_N0_GC_QBC_71,2L,71,HP,NA,NA
H21,IO_L12N_T1U_N11_GC_71,1U,71,HP,NA,NA
H22,IO_L12P_T1U_N10_GC_71,1U,71,HP,NA,NA
J19,IO_L11N_T1U_N9_GC_71,1U,71,HP,NA,NA
J20,IO_L11P_T1U_N8_GC_71,1U,71,HP,NA,NA
J22,IO_L10N_T1U_N7_QBC_AD4N_71,1U,71,HP,NA,NA
K22,IO_L10P_T1U_N6_QBC_AD4P_71,1U,71,HP,NA,NA
K19,IO_L9N_T1L_N5_AD12N_71,1L,71,HP,NA,NA
K20,IO_L9P_T1L_N4_AD12P_71,1L,71,HP,NA,NA
L22,IO_L8N_T1L_N3_AD5N_71,1L,71,HP,NA,NA
K23,IO_L8P_T1L_N2_AD5P_71,1L,71,HP,NA,NA
L20,IO_L7N_T1L_N1_QBC_AD13N_71,1L,71,HP,NA,NA
M21,IO_L7P_T1L_N0_QBC_AD13P_71,1L,71,HP,NA,NA
L21,IO_T1U_N12_71,1U,71,HP,NA,NA
L23,IO_T0U_N12_VRP_71,0U,71,HP,NA,NA
M19,IO_L6N_T0U_N11_AD6N_71,0U,71,HP,NA,NA
M20,IO_L6P_T0U_N10_AD6P_71,0U,71,HP,NA,NA
A23,IO_L5N_T0U_N9_AD14N_71,0U,71,HP,NA,NA
N17,IO_L5P_T0U_N8_AD14P_71,0U,71,HP,NA,NA
N19,IO_L4N_T0U_N7_DBC_AD7N_71,0U,71,HP,NA,NA
N20,IO_L4P_T0U_N6_DBC_AD7P_71,0U,71,HP,NA,NA
N18,IO_L3N_T0L_N5_AD15N_71,0L,71,HP,NA,NA
P17,IO_L3P_T0L_N4_AD15P_71,0L,71,HP,NA,NA
N21,IO_L2N_T0L_N3_71,0L,71,HP,NA,NA
N22,IO_L2P_T0L_N2_71,0L,71,HP,NA,NA
M23,IO_L1N_T0L_N1_DBC_71,0L,71,HP,NA,NA
P19,IO_L1P_T0L_N0_DBC_71,0L,71,HP,NA,NA
J21,VREF_71,NA,71,HP,NA,NA
A25,IO_L24N_T3U_N11_70,3U,70,HP,NA,NA
A26,IO_L24P_T3U_N10_70,3U,70,HP,NA,NA
A27,IO_L23N_T3U_N9_70,3U,70,HP,NA,NA
A28,IO_L23P_T3U_N8_70,3U,70,HP,NA,NA
B24,IO_L22N_T3U_N7_DBC_AD0N_70,3U,70,HP,NA,NA
B25,IO_L22P_T3U_N6_DBC_AD0P_70,3U,70,HP,NA,NA
B26,IO_L21N_T3L_N5_AD8N_70,3L,70,HP,NA,NA
B28,IO_L21P_T3L_N4_AD8P_70,3L,70,HP,NA,NA
C24,IO_L20N_T3L_N3_AD1N_70,3L,70,HP,NA,NA
C26,IO_L20P_T3L_N2_AD1P_70,3L,70,HP,NA,NA
C27,IO_L19N_T3L_N1_DBC_AD9N_70,3L,70,HP,NA,NA
C28,IO_L19P_T3L_N0_DBC_AD9P_70,3L,70,HP,NA,NA
D24,IO_T3U_N12_70,3U,70,HP,NA,NA
D25,IO_T2U_N12_70,2U,70,HP,NA,NA
D26,IO_L18N_T2U_N11_AD2N_70,2U,70,HP,NA,NA
D27,IO_L18P_T2U_N10_AD2P_70,2U,70,HP,NA,NA
E23,IO_L17N_T2U_N9_AD10N_70,2U,70,HP,NA,NA
E24,IO_L17P_T2U_N8_AD10P_70,2U,70,HP,NA,NA
E25,IO_L16N_T2U_N7_QBC_AD3N_70,2U,70,HP,NA,NA
E27,IO_L16P_T2U_N6_QBC_AD3P_70,2U,70,HP,NA,NA
F23,IO_L15N_T2L_N5_AD11N_70,2L,70,HP,NA,NA
F25,IO_L15P_T2L_N4_AD11P_70,2L,70,HP,NA,NA
F26,IO_L14N_T2L_N3_GC_70,2L,70,HP,NA,NA
F27,IO_L14P_T2L_N2_GC_70,2L,70,HP,NA,NA
G23,IO_L13N_T2L_N1_GC_QBC_70,2L,70,HP,NA,NA
G24,IO_L13P_T2L_N0_GC_QBC_70,2L,70,HP,NA,NA
G25,IO_L12N_T1U_N11_GC_70,1U,70,HP,NA,NA
G26,IO_L12P_T1U_N10_GC_70,1U,70,HP,NA,NA
H23,IO_L11N_T1U_N9_GC_70,1U,70,HP,NA,NA
H24,IO_L11P_T1U_N8_GC_70,1U,70,HP,NA,NA
H26,IO_L10N_T1U_N7_QBC_AD4N_70,1U,70,HP,NA,NA
H27,IO_L10P_T1U_N6_QBC_AD4P_70,1U,70,HP,NA,NA
J24,IO_L9N_T1L_N5_AD12N_70,1L,70,HP,NA,NA
J25,IO_L9P_T1L_N4_AD12P_70,1L,70,HP,NA,NA
J26,IO_L8N_T1L_N3_AD5N_70,1L,70,HP,NA,NA
J27,IO_L8P_T1L_N2_AD5P_70,1L,70,HP,NA,NA
P26,IO_L7N_T1L_N1_QBC_AD13N_70,1L,70,HP,NA,NA
P25,IO_L7P_T1L_N0_QBC_AD13P_70,1L,70,HP,NA,NA
K25,IO_T1U_N12_70,1U,70,HP,NA,NA
K27,IO_T0U_N12_VRP_70,0U,70,HP,NA,NA
P24,IO_L6N_T0U_N11_AD6N_70,0U,70,HP,NA,NA
L25,IO_L6P_T0U_N10_AD6P_70,0U,70,HP,NA,NA
L26,IO_L5N_T0U_N9_AD14N_70,0U,70,HP,NA,NA
N23,IO_L5P_T0U_N8_AD14P_70,0U,70,HP,NA,NA
M24,IO_L4N_T0U_N7_DBC_AD7N_70,0U,70,HP,NA,NA
P23,IO_L4P_T0U_N6_DBC_AD7P_70,0U,70,HP,NA,NA
M25,IO_L3N_T0L_N5_AD15N_70,0L,70,HP,NA,NA
M26,IO_L3P_T0L_N4_AD15P_70,0L,70,HP,NA,NA
B23,IO_L2N_T0L_N3_70,0L,70,HP,NA,NA
N24,IO_L2P_T0L_N2_70,0L,70,HP,NA,NA
N26,IO_L1N_T0L_N1_DBC_70,0L,70,HP,NA,NA
C23,IO_L1P_T0L_N0_DBC_70,0L,70,HP,NA,NA
K24,VREF_70,NA,70,HP,NA,NA
A30,IO_L24N_T3U_N11_69,3U,69,HP,NA,NA
A31,IO_L24P_T3U_N10_69,3U,69,HP,NA,NA
A32,IO_L23N_T3U_N9_69,3U,69,HP,NA,NA
A33,IO_L23P_T3U_N8_69,3U,69,HP,NA,NA
N28,IO_L22N_T3U_N7_DBC_AD0N_69,3U,69,HP,NA,NA
L28,IO_L22P_T3U_N6_DBC_AD0P_69,3U,69,HP,NA,NA
B29,IO_L21N_T3L_N5_AD8N_69,3L,69,HP,NA,NA
B30,IO_L21P_T3L_N4_AD8P_69,3L,69,HP,NA,NA
B31,IO_L20N_T3L_N3_AD1N_69,3L,69,HP,NA,NA
B33,IO_L20P_T3L_N2_AD1P_69,3L,69,HP,NA,NA
B34,IO_L19N_T3L_N1_DBC_AD9N_69,3L,69,HP,NA,NA
N29,IO_L19P_T3L_N0_DBC_AD9P_69,3L,69,HP,NA,NA
L27,IO_T3U_N12_69,3U,69,HP,NA,NA
C29,IO_T2U_N12_69,2U,69,HP,NA,NA
C31,IO_L18N_T2U_N11_AD2N_69,2U,69,HP,NA,NA
C32,IO_L18P_T2U_N10_AD2P_69,2U,69,HP,NA,NA
C33,IO_L17N_T2U_N9_AD10N_69,2U,69,HP,NA,NA
C34,IO_L17P_T2U_N8_AD10P_69,2U,69,HP,NA,NA
M28,IO_L16N_T2U_N7_QBC_AD3N_69,2U,69,HP,NA,NA
D29,IO_L16P_T2U_N6_QBC_AD3P_69,2U,69,HP,NA,NA
D30,IO_L15N_T2L_N5_AD11N_69,2L,69,HP,NA,NA
D31,IO_L15P_T2L_N4_AD11P_69,2L,69,HP,NA,NA
D32,IO_L14N_T2L_N3_GC_69,2L,69,HP,NA,NA
P27,IO_L14P_T2L_N2_GC_69,2L,69,HP,NA,NA
M30,IO_L13N_T2L_N1_GC_QBC_69,2L,69,HP,NA,NA
M29,IO_L13P_T2L_N0_GC_QBC_69,2L,69,HP,NA,NA
E28,IO_L12N_T1U_N11_GC_69,1U,69,HP,NA,NA
E29,IO_L12P_T1U_N10_GC_69,1U,69,HP,NA,NA
E30,IO_L11N_T1U_N9_GC_69,1U,69,HP,NA,NA
E32,IO_L11P_T1U_N8_GC_69,1U,69,HP,NA,NA
E33,IO_L10N_T1U_N7_QBC_AD4N_69,1U,69,HP,NA,NA
F28,IO_L10P_T1U_N6_QBC_AD4P_69,1U,69,HP,NA,NA
F30,IO_L9N_T1L_N5_AD12N_69,1L,69,HP,NA,NA
F31,IO_L9P_T1L_N4_AD12P_69,1L,69,HP,NA,NA
F32,IO_L8N_T1L_N3_AD5N_69,1L,69,HP,NA,NA
F33,IO_L8P_T1L_N2_AD5P_69,1L,69,HP,NA,NA
G28,IO_L7N_T1L_N1_QBC_AD13N_69,1L,69,HP,NA,NA
G29,IO_L7P_T1L_N0_QBC_AD13P_69,1L,69,HP,NA,NA
G30,IO_T1U_N12_69,1U,69,HP,NA,NA
G31,IO_T0U_N12_VRP_69,0U,69,HP,NA,NA
G33,IO_L6N_T0U_N11_AD6N_69,0U,69,HP,NA,NA
H28,IO_L6P_T0U_N10_AD6P_69,0U,69,HP,NA,NA
H29,IO_L5N_T0U_N9_AD14N_69,0U,69,HP,NA,NA
H31,IO_L5P_T0U_N8_AD14P_69,0U,69,HP,NA,NA
H32,IO_L4N_T0U_N7_DBC_AD7N_69,0U,69,HP,NA,NA
J31,IO_L4P_T0U_N6_DBC_AD7P_69,0U,69,HP,NA,NA
K30,IO_L3N_T0L_N5_AD15N_69,0L,69,HP,NA,NA
J30,IO_L3P_T0L_N4_AD15P_69,0L,69,HP,NA,NA
K28,IO_L2N_T0L_N3_69,0L,69,HP,NA,NA
K29,IO_L2P_T0L_N2_69,0L,69,HP,NA,NA
L30,IO_L1N_T0L_N1_DBC_69,0L,69,HP,NA,NA
N27,IO_L1P_T0L_N0_DBC_69,0L,69,HP,NA,NA
J29,VREF_69,NA,69,HP,NA,NA
C37,IO_L24N_T3U_N11_68,3U,68,HP,NA,NA
C38,IO_L24P_T3U_N10_68,3U,68,HP,NA,NA
C39,IO_L23N_T3U_N9_68,3U,68,HP,NA,NA
A37,IO_L23P_T3U_N8_68,3U,68,HP,NA,NA
D37,IO_L22N_T3U_N7_DBC_AD0N_68,3U,68,HP,NA,NA
F35,IO_L22P_T3U_N6_DBC_AD0P_68,3U,68,HP,NA,NA
F36,IO_L21N_T3L_N5_AD8N_68,3L,68,HP,NA,NA
F37,IO_L21P_T3L_N4_AD8P_68,3L,68,HP,NA,NA
J34,IO_L20N_T3L_N3_AD1N_68,3L,68,HP,NA,NA
E37,IO_L20P_T3L_N2_AD1P_68,3L,68,HP,NA,NA
G34,IO_L19N_T3L_N1_DBC_AD9N_68,3L,68,HP,NA,NA
G35,IO_L19P_T3L_N0_DBC_AD9P_68,3L,68,HP,NA,NA
G36,IO_T3U_N12_68,3U,68,HP,NA,NA
K37,IO_T2U_N12_68,2U,68,HP,NA,NA
J35,IO_L18N_T2U_N11_AD2N_68,2U,68,HP,NA,NA
G38,IO_L18P_T2U_N10_AD2P_68,2U,68,HP,NA,NA
K35,IO_L17N_T2U_N9_AD10N_68,2U,68,HP,NA,NA
G39,IO_L17P_T2U_N8_AD10P_68,2U,68,HP,NA,NA
B38,IO_L16N_T2U_N7_QBC_AD3N_68,2U,68,HP,NA,NA
K32,IO_L16P_T2U_N6_QBC_AD3P_68,2U,68,HP,NA,NA
K33,IO_L15N_T2L_N5_AD11N_68,2L,68,HP,NA,NA
K34,IO_L15P_T2L_N4_AD11P_68,2L,68,HP,NA,NA
J36,IO_L14N_T2L_N3_GC_68,2L,68,HP,NA,NA
D39,IO_L14P_T2L_N2_GC_68,2L,68,HP,NA,NA
K38,IO_L13N_T2L_N1_GC_QBC_68,2L,68,HP,NA,NA
K39,IO_L13P_T2L_N0_GC_QBC_68,2L,68,HP,NA,NA
J37,IO_L12N_T1U_N11_GC_68,1U,68,HP,NA,NA
H39,IO_L12P_T1U_N10_GC_68,1U,68,HP,NA,NA
E39,IO_L11N_T1U_N9_GC_68,1U,68,HP,NA,NA
H36,IO_L11P_T1U_N8_GC_68,1U,68,HP,NA,NA
H37,IO_L10N_T1U_N7_QBC_AD4N_68,1U,68,HP,NA,NA
H38,IO_L10P_T1U_N6_QBC_AD4P_68,1U,68,HP,NA,NA
H34,IO_L9N_T1L_N5_AD12N_68,1L,68,HP,NA,NA
E34,IO_L9P_T1L_N4_AD12P_68,1L,68,HP,NA,NA
E35,IO_L8N_T1L_N3_AD5N_68,1L,68,HP,NA,NA
H33,IO_L8P_T1L_N2_AD5P_68,1L,68,HP,NA,NA
J39,IO_L7N_T1L_N1_QBC_AD13N_68,1L,68,HP,NA,NA
A38,IO_L7P_T1L_N0_QBC_AD13P_68,1L,68,HP,NA,NA
M31,IO_T1U_N12_68,1U,68,HP,NA,NA
A36,IO_T0U_N12_VRP_68,0U,68,HP,NA,NA
J32,IO_L6N_T0U_N11_AD6N_68,0U,68,HP,NA,NA
L31,IO_L6P_T0U_N10_AD6P_68,0U,68,HP,NA,NA
F38,IO_L5N_T0U_N9_AD14N_68,0U,68,HP,NA,NA
L32,IO_L5P_T0U_N8_AD14P_68,0U,68,HP,NA,NA
L33,IO_L4N_T0U_N7_DBC_AD7N_68,0U,68,HP,NA,NA
B36,IO_L4P_T0U_N6_DBC_AD7P_68,0U,68,HP,NA,NA
C36,IO_L3N_T0L_N5_AD15N_68,0L,68,HP,NA,NA
E38,IO_L3P_T0L_N4_AD15P_68,0L,68,HP,NA,NA
A35,IO_L2N_T0L_N3_68,0L,68,HP,NA,NA
B35,IO_L2P_T0L_N2_68,0L,68,HP,NA,NA
D36,IO_L1N_T0L_N1_DBC_68,0L,68,HP,NA,NA
D34,IO_L1P_T0L_N0_DBC_68,0L,68,HP,NA,NA
D35,VREF_68,NA,68,HP,NA,NA
R37,IO_L24N_T3U_N11_67,3U,67,HP,NA,NA
R38,IO_L24P_T3U_N10_67,3U,67,HP,NA,NA
R39,IO_L23N_T3U_N9_67,3U,67,HP,NA,NA
M38,IO_L23P_T3U_N8_67,3U,67,HP,NA,NA
M39,IO_L22N_T3U_N7_DBC_AD0N_67,3U,67,HP,NA,NA
P39,IO_L22P_T3U_N6_DBC_AD0P_67,3U,67,HP,NA,NA
N32,IO_L21N_T3L_N5_AD8N_67,3L,67,HP,NA,NA
N33,IO_L21P_T3L_N4_AD8P_67,3L,67,HP,NA,NA
N34,IO_L20N_T3L_N3_AD1N_67,3L,67,HP,NA,NA
N36,IO_L20P_T3L_N2_AD1P_67,3L,67,HP,NA,NA
N37,IO_L19N_T3L_N1_DBC_AD9N_67,3L,67,HP,NA,NA
N38,IO_L19P_T3L_N0_DBC_AD9P_67,3L,67,HP,NA,NA
N39,IO_T3U_N12_67,3U,67,HP,NA,NA
M35,IO_T2U_N12_67,2U,67,HP,NA,NA
M36,IO_L18N_T2U_N11_AD2N_67,2U,67,HP,NA,NA
P31,IO_L18P_T2U_N10_AD2P_67,2U,67,HP,NA,NA
P32,IO_L17N_T2U_N9_AD10N_67,2U,67,HP,NA,NA
L38,IO_L17P_T2U_N8_AD10P_67,2U,67,HP,NA,NA
P34,IO_L16N_T2U_N7_QBC_AD3N_67,2U,67,HP,NA,NA
P35,IO_L16P_T2U_N6_QBC_AD3P_67,2U,67,HP,NA,NA
P36,IO_L15N_T2L_N5_AD11N_67,2L,67,HP,NA,NA
P37,IO_L15P_T2L_N4_AD11P_67,2L,67,HP,NA,NA
T36,IO_L14N_T2L_N3_GC_67,2L,67,HP,NA,NA
T37,IO_L14P_T2L_N2_GC_67,2L,67,HP,NA,NA
T38,IO_L13N_T2L_N1_GC_QBC_67,2L,67,HP,NA,NA
U30,IO_L13P_T2L_N0_GC_QBC_67,2L,67,HP,NA,NA
L36,IO_L12N_T1U_N11_GC_67,1U,67,HP,NA,NA
R29,IO_L12P_T1U_N10_GC_67,1U,67,HP,NA,NA
U38,IO_L11N_T1U_N9_GC_67,1U,67,HP,NA,NA
M34,IO_L11P_T1U_N8_GC_67,1U,67,HP,NA,NA
L35,IO_L10N_T1U_N7_QBC_AD4N_67,1U,67,HP,NA,NA
M33,IO_L10P_T1U_N6_QBC_AD4P_67,1U,67,HP,NA,NA
N31,IO_L9N_T1L_N5_AD12N_67,1L,67,HP,NA,NA
R30,IO_L9P_T1L_N4_AD12P_67,1L,67,HP,NA,NA
T30,IO_L8N_T1L_N3_AD5N_67,1L,67,HP,NA,NA
T31,IO_L8P_T1L_N2_AD5P_67,1L,67,HP,NA,NA
L37,IO_L7N_T1L_N1_QBC_AD13N_67,1L,67,HP,NA,NA
U31,IO_L7P_T1L_N0_QBC_AD13P_67,1L,67,HP,NA,NA
U39,IO_T1U_N12_67,1U,67,HP,NA,NA
U35,IO_T0U_N12_VRP_67,0U,67,HP,NA,NA
T29,IO_L6N_T0U_N11_AD6N_67,0U,67,HP,NA,NA
P30,IO_L6P_T0U_N10_AD6P_67,0U,67,HP,NA,NA
U34,IO_L5N_T0U_N9_AD14N_67,0U,67,HP,NA,NA
T32,IO_L5P_T0U_N8_AD14P_67,0U,67,HP,NA,NA
U33,IO_L4N_T0U_N7_DBC_AD7N_67,0U,67,HP,NA,NA
U36,IO_L4P_T0U_N6_DBC_AD7P_67,0U,67,HP,NA,NA
T33,IO_L3N_T0L_N5_AD15N_67,0L,67,HP,NA,NA
R32,IO_L3P_T0L_N4_AD15P_67,0L,67,HP,NA,NA
R33,IO_L2N_T0L_N3_67,0L,67,HP,NA,NA
R34,IO_L2P_T0L_N2_67,0L,67,HP,NA,NA
R35,IO_L1N_T0L_N1_DBC_67,0L,67,HP,NA,NA
T35,IO_L1P_T0L_N0_DBC_67,0L,67,HP,NA,NA
P29,VREF_67,NA,67,HP,NA,NA
AU20,IO_L24N_T3U_N11_66,3U,66,HP,NA,NA
AK13,IO_L24P_T3U_N10_66,3U,66,HP,NA,NA
AJ17,IO_L23N_T3U_N9_66,3U,66,HP,NA,NA
AV19,IO_L23P_T3U_N8_66,3U,66,HP,NA,NA
AR19,IO_L22N_T3U_N7_DBC_AD0N_66,3U,66,HP,NA,NA
AW19,IO_L22P_T3U_N6_DBC_AD0P_66,3U,66,HP,NA,NA
AT20,IO_L21N_T3L_N5_AD8N_66,3L,66,HP,NA,NA
AK14,IO_L21P_T3L_N4_AD8P_66,3L,66,HP,NA,NA
AK15,IO_L20N_T3L_N3_AD1N_66,3L,66,HP,NA,NA
AK17,IO_L20P_T3L_N2_AD1P_66,3L,66,HP,NA,NA
AK18,IO_L19N_T3L_N1_DBC_AD9N_66,3L,66,HP,NA,NA
AK19,IO_L19P_T3L_N0_DBC_AD9P_66,3L,66,HP,NA,NA
AL15,IO_T3U_N12_66,3U,66,HP,NA,NA
AL16,IO_T2U_N12_66,2U,66,HP,NA,NA
AL17,IO_L18N_T2U_N11_AD2N_66,2U,66,HP,NA,NA
AL18,IO_L18P_T2U_N10_AD2P_66,2U,66,HP,NA,NA
AM14,IO_L17N_T2U_N9_AD10N_66,2U,66,HP,NA,NA
AM15,IO_L17P_T2U_N8_AD10P_66,2U,66,HP,NA,NA
AM16,IO_L16N_T2U_N7_QBC_AD3N_66,2U,66,HP,NA,NA
AM18,IO_L16P_T2U_N6_QBC_AD3P_66,2U,66,HP,NA,NA
AM19,IO_L15N_T2L_N5_AD11N_66,2L,66,HP,NA,NA
AN14,IO_L15P_T2L_N4_AD11P_66,2L,66,HP,NA,NA
AN16,IO_L14N_T2L_N3_GC_66,2L,66,HP,NA,NA
AP17,IO_L14P_T2L_N2_GC_66,2L,66,HP,NA,NA
AN17,IO_L13N_T2L_N1_GC_QBC_66,2L,66,HP,NA,NA
AN19,IO_L13P_T2L_N0_GC_QBC_66,2L,66,HP,NA,NA
AP14,IO_L12N_T1U_N11_GC_66,1U,66,HP,NA,NA
AP15,IO_L12P_T1U_N10_GC_66,1U,66,HP,NA,NA
AP16,IO_L11N_T1U_N9_GC_66,1U,66,HP,NA,NA
AR17,IO_L11P_T1U_N8_GC_66,1U,66,HP,NA,NA
AP19,IO_L10N_T1U_N7_QBC_AD4N_66,1U,66,HP,NA,NA
AR14,IO_L10P_T1U_N6_QBC_AD4P_66,1U,66,HP,NA,NA
AR15,IO_L9N_T1L_N5_AD12N_66,1L,66,HP,NA,NA
AR18,IO_L9P_T1L_N4_AD12P_66,1L,66,HP,NA,NA
AT18,IO_L8N_T1L_N3_AD5N_66,1L,66,HP,NA,NA
AU19,IO_L8P_T1L_N2_AD5P_66,1L,66,HP,NA,NA
AT15,IO_L7N_T1L_N1_QBC_AD13N_66,1L,66,HP,NA,NA
AT16,IO_L7P_T1L_N0_QBC_AD13P_66,1L,66,HP,NA,NA
AT17,IO_T1U_N12_66,1U,66,HP,NA,NA
AU18,IO_T0U_N12_VRP_66,0U,66,HP,NA,NA
AU14,IO_L6N_T0U_N11_AD6N_66,0U,66,HP,NA,NA
AU15,IO_L6P_T0U_N10_AD6P_66,0U,66,HP,NA,NA
AU16,IO_L5N_T0U_N9_AD14N_66,0U,66,HP,NA,NA
AV18,IO_L5P_T0U_N8_AD14P_66,0U,66,HP,NA,NA
AJ19,IO_L4N_T0U_N7_DBC_AD7N_66,0U,66,HP,NA,NA
AV14,IO_L4P_T0U_N6_DBC_AD7P_66,0U,66,HP,NA,NA
AV16,IO_L3N_T0L_N5_AD15N_66,0L,66,HP,NA,NA
AW17,IO_L3P_T0L_N4_AD15P_66,0L,66,HP,NA,NA
AV17,IO_L2N_T0L_N3_66,0L,66,HP,NA,NA
AW14,IO_L2P_T0L_N2_66,0L,66,HP,NA,NA
AW15,IO_L1N_T0L_N1_DBC_66,0L,66,HP,NA,NA
AW16,IO_L1P_T0L_N0_DBC_66,0L,66,HP,NA,NA
AN18,VREF_66,NA,66,HP,NA,NA
AL13,IO_L24N_T3U_N11_PERSTN0_65,3U,65,HP,NA,NA
AK8,IO_L24P_T3U_N10_PERSTN1_I2C_SDA_65,3U,65,HP,NA,NA
AK9,IO_L23N_T3U_N9_65,3U,65,HP,NA,NA
AK10,IO_L23P_T3U_N8_I2C_SCLK_65,3U,65,HP,NA,NA
AM13,IO_L22N_T3U_N7_DBC_AD0N_65,3U,65,HP,NA,NA
AK12,IO_L22P_T3U_N6_DBC_AD0P_65,3U,65,HP,NA,NA
AL8,IO_L21N_T3L_N5_AD8N_65,3L,65,HP,NA,NA
AL10,IO_L21P_T3L_N4_AD8P_65,3L,65,HP,NA,NA
AL11,IO_L20N_T3L_N3_AD1N_65,3L,65,HP,NA,NA
AL12,IO_L20P_T3L_N2_AD1P_65,3L,65,HP,NA,NA
AJ11,IO_L19N_T3L_N1_DBC_AD9N_65,3L,65,HP,NA,NA
AM8,IO_L19P_T3L_N0_DBC_AD9P_65,3L,65,HP,NA,NA
AM9,IO_T3U_N12_65,3U,65,HP,NA,NA
AM10,IO_T2U_N12_65,2U,65,HP,NA,NA
AM11,IO_L18N_T2U_N11_AD2N_65,2U,65,HP,NA,NA
AJ10,IO_L18P_T2U_N10_AD2P_65,2U,65,HP,NA,NA
AN8,IO_L17N_T2U_N9_AD10N_65,2U,65,HP,NA,NA
AN9,IO_L17P_T2U_N8_AD10P_65,2U,65,HP,NA,NA
AN11,IO_L16N_T2U_N7_QBC_AD3N_65,2U,65,HP,NA,NA
AP12,IO_L16P_T2U_N6_QBC_AD3P_65,2U,65,HP,NA,NA
AN12,IO_L15N_T2L_N5_AD11N_65,2L,65,HP,NA,NA
AP9,IO_L15P_T2L_N4_AD11P_65,2L,65,HP,NA,NA
AP10,IO_L14N_T2L_N3_GC_65,2L,65,HP,NA,NA
AP11,IO_L14P_T2L_N2_GC_65,2L,65,HP,NA,NA
AR12,IO_L13N_T2L_N1_GC_QBC_65,2L,65,HP,NA,NA
AR7,IO_L13P_T2L_N0_GC_QBC_65,2L,65,HP,NA,NA
AR8,IO_L12N_T1U_N11_GC_65,1U,65,HP,NA,NA
AR9,IO_L12P_T1U_N10_GC_65,1U,65,HP,NA,NA
AR10,IO_L11N_T1U_N9_GC_65,1U,65,HP,NA,NA
AR13,IO_L11P_T1U_N8_GC_65,1U,65,HP,NA,NA
AT13,IO_L10N_T1U_N7_QBC_AD4N_65,1U,65,HP,NA,NA
AT7,IO_L10P_T1U_N6_QBC_AD4P_65,1U,65,HP,NA,NA
AT8,IO_L9N_T1L_N5_AD12N_65,1L,65,HP,NA,NA
AT10,IO_L9P_T1L_N4_AD12P_65,1L,65,HP,NA,NA
AT11,IO_L8N_T1L_N3_AD5N_65,1L,65,HP,NA,NA
AT12,IO_L8P_T1L_N2_AD5P_65,1L,65,HP,NA,NA
AU13,IO_L7N_T1L_N1_QBC_AD13N_65,1L,65,HP,NA,NA
AU8,IO_L7P_T1L_N0_QBC_AD13P_65,1L,65,HP,NA,NA
AU9,IO_T1U_N12_65,1U,65,HP,NA,NA
AU10,IO_T0U_N12_VRP_65,0U,65,HP,NA,NA
AU11,IO_L6N_T0U_N11_AD6N_65,0U,65,HP,NA,NA
AV13,IO_L6P_T0U_N10_AD6P_65,0U,65,HP,NA,NA
AV7,IO_L5N_T0U_N9_AD14N_65,0U,65,HP,NA,NA
AV8,IO_L5P_T0U_N8_AD14P_65,0U,65,HP,NA,NA
AV9,IO_L4N_T0U_N7_DBC_AD7N_65,0U,65,HP,NA,NA
AV11,IO_L4P_T0U_N6_DBC_AD7P_SMBALERT_65,0U,65,HP,NA,NA
AW12,IO_L3N_T0L_N5_AD15N_65,0L,65,HP,NA,NA
AV12,IO_L3P_T0L_N4_AD15P_65,0L,65,HP,NA,NA
AW7,IO_L2N_T0L_N3_65,0L,65,HP,NA,NA
AW9,IO_L2P_T0L_N2_65,0L,65,HP,NA,NA
AW10,IO_L1N_T0L_N1_DBC_65,0L,65,HP,NA,NA
AW11,IO_L1P_T0L_N0_DBC_65,0L,65,HP,NA,NA
AN13,VREF_65,NA,65,HP,NA,NA
AK1,IO_L24N_T3U_N11_64,3U,64,HP,NA,NA
AK2,IO_L24P_T3U_N10_64,3U,64,HP,NA,NA
AK3,IO_L23N_T3U_N9_64,3U,64,HP,NA,NA
AK4,IO_L23P_T3U_N8_64,3U,64,HP,NA,NA
AK5,IO_L22N_T3U_N7_DBC_AD0N_64,3U,64,HP,NA,NA
AK6,IO_L22P_T3U_N6_DBC_AD0P_64,3U,64,HP,NA,NA
AK7,IO_L21N_T3L_N5_AD8N_64,3L,64,HP,NA,NA
AL1,IO_L21P_T3L_N4_AD8P_64,3L,64,HP,NA,NA
AL2,IO_L20N_T3L_N3_AD1N_64,3L,64,HP,NA,NA
AL3,IO_L20P_T3L_N2_AD1P_64,3L,64,HP,NA,NA
AL5,IO_L19N_T3L_N1_DBC_AD9N_64,3L,64,HP,NA,NA
AL6,IO_L19P_T3L_N0_DBC_AD9P_64,3L,64,HP,NA,NA
AL7,IO_T3U_N12_64,3U,64,HP,NA,NA
AM1,IO_T2U_N12_64,2U,64,HP,NA,NA
AM3,IO_L18N_T2U_N11_AD2N_64,2U,64,HP,NA,NA
AM4,IO_L18P_T2U_N10_AD2P_64,2U,64,HP,NA,NA
AM5,IO_L17N_T2U_N9_AD10N_64,2U,64,HP,NA,NA
AM6,IO_L17P_T2U_N8_AD10P_64,2U,64,HP,NA,NA
AN1,IO_L16N_T2U_N7_QBC_AD3N_64,2U,64,HP,NA,NA
AN2,IO_L16P_T2U_N6_QBC_AD3P_64,2U,64,HP,NA,NA
AN3,IO_L15N_T2L_N5_AD11N_64,2L,64,HP,NA,NA
AN4,IO_L15P_T2L_N4_AD11P_64,2L,64,HP,NA,NA
AN6,IO_L14N_T2L_N3_GC_64,2L,64,HP,NA,NA
AN7,IO_L14P_T2L_N2_GC_64,2L,64,HP,NA,NA
AP1,IO_L13N_T2L_N1_GC_QBC_64,2L,64,HP,NA,NA
AP2,IO_L13P_T2L_N0_GC_QBC_64,2L,64,HP,NA,NA
AP4,IO_L12N_T1U_N11_GC_64,1U,64,HP,NA,NA
AR5,IO_L12P_T1U_N10_GC_64,1U,64,HP,NA,NA
AP5,IO_L11N_T1U_N9_GC_64,1U,64,HP,NA,NA
AP7,IO_L11P_T1U_N8_GC_64,1U,64,HP,NA,NA
AR2,IO_L10N_T1U_N7_QBC_AD4N_64,1U,64,HP,NA,NA
AR3,IO_L10P_T1U_N6_QBC_AD4P_64,1U,64,HP,NA,NA
AR4,IO_L9N_T1L_N5_AD12N_64,1L,64,HP,NA,NA
AT5,IO_L9P_T1L_N4_AD12P_64,1L,64,HP,NA,NA
AT1,IO_L8N_T1L_N3_AD5N_64,1L,64,HP,NA,NA
AT2,IO_L8P_T1L_N2_AD5P_64,1L,64,HP,NA,NA
AT3,IO_L7N_T1L_N1_QBC_AD13N_64,1L,64,HP,NA,NA
AT6,IO_L7P_T1L_N0_QBC_AD13P_64,1L,64,HP,NA,NA
AU6,IO_T1U_N12_64,1U,64,HP,NA,NA
AU1,IO_T0U_N12_VRP_64,0U,64,HP,NA,NA
AU2,IO_L6N_T0U_N11_AD6N_64,0U,64,HP,NA,NA
AU3,IO_L6P_T0U_N10_AD6P_64,0U,64,HP,NA,NA
AU4,IO_L5N_T0U_N9_AD14N_64,0U,64,HP,NA,NA
AU5,IO_L5P_T0U_N8_AD14P_64,0U,64,HP,NA,NA
AV6,IO_L4N_T0U_N7_DBC_AD7N_64,0U,64,HP,NA,NA
AV2,IO_L4P_T0U_N6_DBC_AD7P_64,0U,64,HP,NA,NA
AV3,IO_L3N_T0L_N5_AD15N_64,0L,64,HP,NA,NA
AV4,IO_L3P_T0L_N4_AD15P_64,0L,64,HP,NA,NA
AW6,IO_L2N_T0L_N3_64,0L,64,HP,NA,NA
AW3,IO_L2P_T0L_N2_64,0L,64,HP,NA,NA
AW4,IO_L1N_T0L_N1_DBC_64,0L,64,HP,NA,NA
AW5,IO_L1P_T0L_N0_DBC_64,0L,64,HP,NA,NA
AP6,VREF_64,NA,64,HP,NA,NA
M13,IO_L12N_AD0N_90,NA,90,HD,NA,NA
L13,IO_L12P_AD0P_90,NA,90,HD,NA,NA
N12,IO_L11N_AD1N_90,NA,90,HD,NA,NA
N14,IO_L11P_AD1P_90,NA,90,HD,NA,NA
L12,IO_L10N_AD2N_90,NA,90,HD,NA,NA
N16,IO_L10P_AD2P_90,NA,90,HD,NA,NA
M16,IO_L9N_AD3N_90,NA,90,HD,NA,NA
M14,IO_L9P_AD3P_90,NA,90,HD,NA,NA
P12,IO_L8N_HDGC_AD4N_90,NA,90,HD,NA,NA
P16,IO_L8P_HDGC_AD4P_90,NA,90,HD,NA,NA
P14,IO_L7N_HDGC_AD5N_90,NA,90,HD,NA,NA
P15,IO_L7P_HDGC_AD5P_90,NA,90,HD,NA,NA
R16,IO_L6N_HDGC_AD6N_90,NA,90,HD,NA,NA
R12,IO_L6P_HDGC_AD6P_90,NA,90,HD,NA,NA
R13,IO_L5N_HDGC_AD7N_90,NA,90,HD,NA,NA
R14,IO_L5P_HDGC_AD7P_90,NA,90,HD,NA,NA
R15,IO_L4N_AD8N_90,NA,90,HD,NA,NA
T12,IO_L4P_AD8P_90,NA,90,HD,NA,NA
T13,IO_L3N_AD9N_90,NA,90,HD,NA,NA
T15,IO_L3P_AD9P_90,NA,90,HD,NA,NA
M15,IO_L2N_AD10N_90,NA,90,HD,NA,NA
T16,IO_L2P_AD10P_90,NA,90,HD,NA,NA
N13,IO_L1N_AD11N_90,NA,90,HD,NA,NA
M12,IO_L1P_AD11P_90,NA,90,HD,NA,NA
AC12,IO_L12N_AD8N_89,NA,89,HD,NA,NA
AC13,IO_L12P_AD8P_89,NA,89,HD,NA,NA
U15,IO_L11N_AD9N_89,NA,89,HD,NA,NA
V13,IO_L11P_AD9P_89,NA,89,HD,NA,NA
W15,IO_L10N_AD10N_89,NA,89,HD,NA,NA
U13,IO_L10P_AD10P_89,NA,89,HD,NA,NA
W12,IO_L9N_AD11N_89,NA,89,HD,NA,NA
W14,IO_L9P_AD11P_89,NA,89,HD,NA,NA
V14,IO_L8N_HDGC_89,NA,89,HD,NA,NA
U12,IO_L8P_HDGC_89,NA,89,HD,NA,NA
Y12,IO_L7N_HDGC_89,NA,89,HD,NA,NA
Y13,IO_L7P_HDGC_89,NA,89,HD,NA,NA
Y14,IO_L6N_HDGC_89,NA,89,HD,NA,NA
Y15,IO_L6P_HDGC_89,NA,89,HD,NA,NA
AA12,IO_L5N_HDGC_89,NA,89,HD,NA,NA
AA13,IO_L5P_HDGC_89,NA,89,HD,NA,NA
AA15,IO_L4N_AD12N_89,NA,89,HD,NA,NA
U14,IO_L4P_AD12P_89,NA,89,HD,NA,NA
AB12,IO_L3N_AD13N_89,NA,89,HD,NA,NA
AB13,IO_L3P_AD13P_89,NA,89,HD,NA,NA
AB14,IO_L2N_AD14N_89,NA,89,HD,NA,NA
AB15,IO_L2P_AD14P_89,NA,89,HD,NA,NA
AC14,IO_L1N_AD15N_89,NA,89,HD,NA,NA
V12,IO_L1P_AD15P_89,NA,89,HD,NA,NA
AG16,IO_L12N_AD0N_88,NA,88,HD,NA,NA
AF16,IO_L12P_AD0P_88,NA,88,HD,NA,NA
AJ12,IO_L11N_AD1N_88,NA,88,HD,NA,NA
AD12,IO_L11P_AD1P_88,NA,88,HD,NA,NA
AJ14,IO_L10N_AD2N_88,NA,88,HD,NA,NA
AJ15,IO_L10P_AD2P_88,NA,88,HD,NA,NA
AJ16,IO_L9N_AD3N_88,NA,88,HD,NA,NA
AE12,IO_L9P_AD3P_88,NA,88,HD,NA,NA
AE13,IO_L8N_HDGC_AD4N_88,NA,88,HD,NA,NA
AE14,IO_L8P_HDGC_AD4P_88,NA,88,HD,NA,NA
AE15,IO_L7N_HDGC_AD5N_88,NA,88,HD,NA,NA
AF12,IO_L7P_HDGC_AD5P_88,NA,88,HD,NA,NA
AF13,IO_L6N_HDGC_AD6N_88,NA,88,HD,NA,NA
AF15,IO_L6P_HDGC_AD6P_88,NA,88,HD,NA,NA
AD14,IO_L5N_HDGC_AD7N_88,NA,88,HD,NA,NA
AG12,IO_L5P_HDGC_AD7P_88,NA,88,HD,NA,NA
AG13,IO_L4N_AD8N_88,NA,88,HD,NA,NA
AG14,IO_L4P_AD8P_88,NA,88,HD,NA,NA
AG15,IO_L3N_AD9N_88,NA,88,HD,NA,NA
AD15,IO_L3P_AD9P_88,NA,88,HD,NA,NA
AH12,IO_L2N_AD10N_88,NA,88,HD,NA,NA
AH13,IO_L2P_AD10P_88,NA,88,HD,NA,NA
AH14,IO_L1N_AD11N_88,NA,88,HD,NA,NA
AH16,IO_L1P_AD11P_88,NA,88,HD,NA,NA
AH3,MGTHRXN0_224,NA,224,GTH,NA,NA
AG1,MGTHRXN1_224,NA,224,GTH,NA,NA
AF3,MGTHRXN2_224,NA,224,GTH,NA,NA
AE1,MGTHRXN3_224,NA,224,GTH,NA,NA
AH4,MGTHRXP0_224,NA,224,GTH,NA,NA
AG2,MGTHRXP1_224,NA,224,GTH,NA,NA
AF4,MGTHRXP2_224,NA,224,GTH,NA,NA
AE2,MGTHRXP3_224,NA,224,GTH,NA,NA
AH7,MGTHTXN0_224,NA,224,GTH,NA,NA
AG5,MGTHTXN1_224,NA,224,GTH,NA,NA
AF7,MGTHTXN2_224,NA,224,GTH,NA,NA
AE5,MGTHTXN3_224,NA,224,GTH,NA,NA
AH8,MGTHTXP0_224,NA,224,GTH,NA,NA
AG6,MGTHTXP1_224,NA,224,GTH,NA,NA
AF8,MGTHTXP2_224,NA,224,GTH,NA,NA
AE6,MGTHTXP3_224,NA,224,GTH,NA,NA
AG9,MGTREFCLK0N_224,NA,224,GTH,NA,NA
AG10,MGTREFCLK0P_224,NA,224,GTH,NA,NA
AE9,MGTREFCLK1N_224,NA,224,GTH,NA,NA
AE10,MGTREFCLK1P_224,NA,224,GTH,NA,NA
AD3,MGTHRXN0_225,NA,225,GTH,NA,NA
AC1,MGTHRXN1_225,NA,225,GTH,NA,NA
AB3,MGTHRXN2_225,NA,225,GTH,NA,NA
AA1,MGTHRXN3_225,NA,225,GTH,NA,NA
AD4,MGTHRXP0_225,NA,225,GTH,NA,NA
AC2,MGTHRXP1_225,NA,225,GTH,NA,NA
AB4,MGTHRXP2_225,NA,225,GTH,NA,NA
AA2,MGTHRXP3_225,NA,225,GTH,NA,NA
AD7,MGTHTXN0_225,NA,225,GTH,NA,NA
AC5,MGTHTXN1_225,NA,225,GTH,NA,NA
AB7,MGTHTXN2_225,NA,225,GTH,NA,NA
AA5,MGTHTXN3_225,NA,225,GTH,NA,NA
AD8,MGTHTXP0_225,NA,225,GTH,NA,NA
AC6,MGTHTXP1_225,NA,225,GTH,NA,NA
AB8,MGTHTXP2_225,NA,225,GTH,NA,NA
AA6,MGTHTXP3_225,NA,225,GTH,NA,NA
AC9,MGTREFCLK0N_225,NA,225,GTH,NA,NA
AC10,MGTREFCLK0P_225,NA,225,GTH,NA,NA
AA9,MGTREFCLK1N_225,NA,225,GTH,NA,NA
AA10,MGTREFCLK1P_225,NA,225,GTH,NA,NA
Y3,MGTHRXN0_226,NA,226,GTH,NA,NA
W1,MGTHRXN1_226,NA,226,GTH,NA,NA
V3,MGTHRXN2_226,NA,226,GTH,NA,NA
U1,MGTHRXN3_226,NA,226,GTH,NA,NA
Y4,MGTHRXP0_226,NA,226,GTH,NA,NA
W2,MGTHRXP1_226,NA,226,GTH,NA,NA
V4,MGTHRXP2_226,NA,226,GTH,NA,NA
U2,MGTHRXP3_226,NA,226,GTH,NA,NA
Y7,MGTHTXN0_226,NA,226,GTH,NA,NA
W5,MGTHTXN1_226,NA,226,GTH,NA,NA
V7,MGTHTXN2_226,NA,226,GTH,NA,NA
U5,MGTHTXN3_226,NA,226,GTH,NA,NA
Y8,MGTHTXP0_226,NA,226,GTH,NA,NA
W6,MGTHTXP1_226,NA,226,GTH,NA,NA
V8,MGTHTXP2_226,NA,226,GTH,NA,NA
U6,MGTHTXP3_226,NA,226,GTH,NA,NA
W9,MGTREFCLK0N_226,NA,226,GTH,NA,NA
W10,MGTREFCLK0P_226,NA,226,GTH,NA,NA
U9,MGTREFCLK1N_226,NA,226,GTH,NA,NA
U10,MGTREFCLK1P_226,NA,226,GTH,NA,NA
V10,MGTRREF_R,NA,NA,NA,NA,NA
V9,MGTAVTTRCAL_R,NA,NA,NA,NA,NA
T3,MGTHRXN0_227,NA,227,GTH,NA,NA
R1,MGTHRXN1_227,NA,227,GTH,NA,NA
P3,MGTHRXN2_227,NA,227,GTH,NA,NA
N1,MGTHRXN3_227,NA,227,GTH,NA,NA
T4,MGTHRXP0_227,NA,227,GTH,NA,NA
R2,MGTHRXP1_227,NA,227,GTH,NA,NA
P4,MGTHRXP2_227,NA,227,GTH,NA,NA
N2,MGTHRXP3_227,NA,227,GTH,NA,NA
T7,MGTHTXN0_227,NA,227,GTH,NA,NA
R5,MGTHTXN1_227,NA,227,GTH,NA,NA
P7,MGTHTXN2_227,NA,227,GTH,NA,NA
N5,MGTHTXN3_227,NA,227,GTH,NA,NA
T8,MGTHTXP0_227,NA,227,GTH,NA,NA
R6,MGTHTXP1_227,NA,227,GTH,NA,NA
P8,MGTHTXP2_227,NA,227,GTH,NA,NA
N6,MGTHTXP3_227,NA,227,GTH,NA,NA
R9,MGTREFCLK0N_227,NA,227,GTH,NA,NA
R10,MGTREFCLK0P_227,NA,227,GTH,NA,NA
N9,MGTREFCLK1N_227,NA,227,GTH,NA,NA
N10,MGTREFCLK1P_227,NA,227,GTH,NA,NA
AT21,PS_MIO0,NA,500,PSMIO,NA,NA
AL22,PS_MIO1,NA,500,PSMIO,NA,NA
AV21,PS_MIO10,NA,500,PSMIO,NA,NA
AV22,PS_MIO11,NA,500,PSMIO,NA,NA
AL23,PS_MIO12,NA,500,PSMIO,NA,NA
AM23,PS_MIO13,NA,500,PSMIO,NA,NA
AR20,PS_MIO14,NA,500,PSMIO,NA,NA
AW21,PS_MIO15,NA,500,PSMIO,NA,NA
AW22,PS_MIO16,NA,500,PSMIO,NA,NA
AN23,PS_MIO17,NA,500,PSMIO,NA,NA
AT23,PS_MIO18,NA,500,PSMIO,NA,NA
AU23,PS_MIO19,NA,500,PSMIO,NA,NA
AN22,PS_MIO2,NA,500,PSMIO,NA,NA
AP20,PS_MIO20,NA,500,PSMIO,NA,NA
AV23,PS_MIO21,NA,500,PSMIO,NA,NA
AP22,PS_MIO22,NA,500,PSMIO,NA,NA
AR23,PS_MIO23,NA,500,PSMIO,NA,NA
AP21,PS_MIO24,NA,500,PSMIO,NA,NA
AM21,PS_MIO25,NA,500,PSMIO,NA,NA
AW20,PS_MIO3,NA,500,PSMIO,NA,NA
AR22,PS_MIO4,NA,500,PSMIO,NA,NA
AN21,PS_MIO5,NA,500,PSMIO,NA,NA
AT22,PS_MIO6,NA,500,PSMIO,NA,NA
AM20,PS_MIO7,NA,500,PSMIO,NA,NA
AL21,PS_MIO8,NA,500,PSMIO,NA,NA
AU21,PS_MIO9,NA,500,PSMIO,NA,NA
AG28,VCC_PSADC,NA,NA,NA,NA,NA
AG29,GND_PSADC,NA,NA,NA,NA,NA
AJ20,PS_MIO26,NA,501,PSMIO,NA,NA
AJ21,PS_MIO27,NA,501,PSMIO,NA,NA
AJ22,PS_MIO28,NA,501,PSMIO,NA,NA
AK20,PS_MIO29,NA,501,PSMIO,NA,NA
AH21,PS_MIO30,NA,501,PSMIO,NA,NA
AH22,PS_MIO31,NA,501,PSMIO,NA,NA
AH23,PS_MIO32,NA,501,PSMIO,NA,NA
AJ24,PS_MIO33,NA,501,PSMIO,NA,NA
AJ25,PS_MIO34,NA,501,PSMIO,NA,NA
AH24,PS_MIO35,NA,501,PSMIO,NA,NA
AK23,PS_MIO36,NA,501,PSMIO,NA,NA
AK24,PS_MIO37,NA,501,PSMIO,NA,NA
AL25,PS_MIO38,NA,501,PSMIO,NA,NA
AK22,PS_MIO39,NA,501,PSMIO,NA,NA
AG20,PS_MIO40,NA,501,PSMIO,NA,NA
AG21,PS_MIO41,NA,501,PSMIO,NA,NA
AG23,PS_MIO42,NA,501,PSMIO,NA,NA
AG24,PS_MIO43,NA,501,PSMIO,NA,NA
AG25,PS_MIO44,NA,501,PSMIO,NA,NA
AL20,PS_MIO45,NA,501,PSMIO,NA,NA
AF21,PS_MIO46,NA,501,PSMIO,NA,NA
AF22,PS_MIO47,NA,501,PSMIO,NA,NA
AF23,PS_MIO48,NA,501,PSMIO,NA,NA
AF24,PS_MIO49,NA,501,PSMIO,NA,NA
AF25,PS_MIO50,NA,501,PSMIO,NA,NA
AK25,PS_MIO51,NA,501,PSMIO,NA,NA
W34,PS_MIO52,NA,502,PSMIO,NA,NA
V36,PS_MIO53,NA,502,PSMIO,NA,NA
V37,PS_MIO54,NA,502,PSMIO,NA,NA
Y32,PS_MIO55,NA,502,PSMIO,NA,NA
Y33,PS_MIO56,NA,502,PSMIO,NA,NA
Y34,PS_MIO57,NA,502,PSMIO,NA,NA
V38,PS_MIO58,NA,502,PSMIO,NA,NA
Y30,PS_MIO59,NA,502,PSMIO,NA,NA
W35,PS_MIO60,NA,502,PSMIO,NA,NA
W36,PS_MIO61,NA,502,PSMIO,NA,NA
W37,PS_MIO62,NA,502,PSMIO,NA,NA
Y36,PS_MIO63,NA,502,PSMIO,NA,NA
V39,PS_MIO64,NA,502,PSMIO,NA,NA
Y29,PS_MIO65,NA,502,PSMIO,NA,NA
W39,PS_MIO66,NA,502,PSMIO,NA,NA
W30,PS_MIO67,NA,502,PSMIO,NA,NA
W31,PS_MIO68,NA,502,PSMIO,NA,NA
W32,PS_MIO69,NA,502,PSMIO,NA,NA
V34,PS_MIO70,NA,502,PSMIO,NA,NA
Y39,PS_MIO71,NA,502,PSMIO,NA,NA
V31,PS_MIO72,NA,502,PSMIO,NA,NA
V32,PS_MIO73,NA,502,PSMIO,NA,NA
V33,PS_MIO74,NA,502,PSMIO,NA,NA
Y35,PS_MIO75,NA,502,PSMIO,NA,NA
Y38,PS_MIO76,NA,502,PSMIO,NA,NA
Y37,PS_MIO77,NA,502,PSMIO,NA,NA
V26,PS_DONE,NA,503,PSCONFIG,NA,NA
V29,PS_ERROR_OUT,NA,503,PSCONFIG,NA,NA
Y28,PS_ERROR_STATUS,NA,503,PSCONFIG,NA,NA
AC28,PS_INIT_B,NA,503,PSCONFIG,NA,NA
AB26,PS_JTAG_TCK,NA,503,PSCONFIG,NA,NA
AB28,PS_JTAG_TDI,NA,503,PSCONFIG,NA,NA
AA27,PS_JTAG_TDO,NA,503,PSCONFIG,NA,NA
AA26,PS_JTAG_TMS,NA,503,PSCONFIG,NA,NA
U26,PS_MODE0,NA,503,PSCONFIG,NA,NA
U28,PS_MODE1,NA,503,PSCONFIG,NA,NA
V27,PS_MODE2,NA,503,PSCONFIG,NA,NA
V28,PS_MODE3,NA,503,PSCONFIG,NA,NA
W26,PS_PADI,NA,503,PSCONFIG,NA,NA
W27,PS_PADO,NA,503,PSCONFIG,NA,NA
AA28,PS_POR_B,NA,503,PSCONFIG,NA,NA
Y27,PS_PROG_B,NA,503,PSCONFIG,NA,NA
W29,PS_REF_CLK,NA,503,PSCONFIG,NA,NA
U29,PS_SRST_B,NA,503,PSCONFIG,NA,NA
AW34,PS_DDR_A0,NA,504,PSDDR,NA,NA
AW35,PS_DDR_A1,NA,504,PSDDR,NA,NA
AP32,PS_DDR_A10,NA,504,PSDDR,NA,NA
AL33,PS_DDR_A11,NA,504,PSDDR,NA,NA
AM31,PS_DDR_A12,NA,504,PSDDR,NA,NA
AL26,PS_DDR_A13,NA,504,PSDDR,NA,NA
AP31,PS_DDR_A14,NA,504,PSDDR,NA,NA
AW30,PS_DDR_A15,NA,504,PSDDR,NA,NA
AU25,PS_DDR_A16,NA,504,PSDDR,NA,NA
AT31,PS_DDR_A17,NA,504,PSDDR,NA,NA
AP29,PS_DDR_A2,NA,504,PSDDR,NA,NA
AW31,PS_DDR_A3,NA,504,PSDDR,NA,NA
AN24,PS_DDR_A4,NA,504,PSDDR,NA,NA
AM25,PS_DDR_A5,NA,504,PSDDR,NA,NA
AV32,PS_DDR_A6,NA,504,PSDDR,NA,NA
AR32,PS_DDR_A7,NA,504,PSDDR,NA,NA
AL31,PS_DDR_A8,NA,504,PSDDR,NA,NA
AP24,PS_DDR_A9,NA,504,PSDDR,NA,NA
AH32,PS_DDR_ACT_N,NA,504,PSDDR,NA,NA
AP27,PS_DDR_ALERT_N,NA,504,PSDDR,NA,NA
AR39,PS_DDR_BA0,NA,504,PSDDR,NA,NA
AR29,PS_DDR_BA1,NA,504,PSDDR,NA,NA
AN32,PS_DDR_BG0,NA,504,PSDDR,NA,NA
AK33,PS_DDR_BG1,NA,504,PSDDR,NA,NA
AR30,PS_DDR_CK0,NA,504,PSDDR,NA,NA
AJ32,PS_DDR_CK1,NA,504,PSDDR,NA,NA
AW32,PS_DDR_CKE0,NA,504,PSDDR,NA,NA
AP39,PS_DDR_CKE1,NA,504,PSDDR,NA,NA
AV31,PS_DDR_CK_N0,NA,504,PSDDR,NA,NA
AP30,PS_DDR_CK_N1,NA,504,PSDDR,NA,NA
AT32,PS_DDR_CS_N0,NA,504,PSDDR,NA,NA
AT35,PS_DDR_CS_N1,NA,504,PSDDR,NA,NA
AU39,PS_DDR_DM0,NA,504,PSDDR,NA,NA
AP25,PS_DDR_DM1,NA,504,PSDDR,NA,NA
AN27,PS_DDR_DM2,NA,504,PSDDR,NA,NA
AU26,PS_DDR_DM3,NA,504,PSDDR,NA,NA
AN36,PS_DDR_DM4,NA,504,PSDDR,NA,NA
AK35,PS_DDR_DM5,NA,504,PSDDR,NA,NA
AP36,PS_DDR_DM6,NA,504,PSDDR,NA,NA
AK39,PS_DDR_DM7,NA,504,PSDDR,NA,NA
AT33,PS_DDR_DM8,NA,504,PSDDR,NA,NA
AH34,PS_DDR_DQ0,NA,504,PSDDR,NA,NA
AH36,PS_DDR_DQ1,NA,504,PSDDR,NA,NA
AH38,PS_DDR_DQ10,NA,504,PSDDR,NA,NA
AH33,PS_DDR_DQ11,NA,504,PSDDR,NA,NA
AN29,PS_DDR_DQ12,NA,504,PSDDR,NA,NA
AR25,PS_DDR_DQ13,NA,504,PSDDR,NA,NA
AT25,PS_DDR_DQ14,NA,504,PSDDR,NA,NA
AP26,PS_DDR_DQ15,NA,504,PSDDR,NA,NA
AN28,PS_DDR_DQ16,NA,504,PSDDR,NA,NA
AM26,PS_DDR_DQ17,NA,504,PSDDR,NA,NA
AU30,PS_DDR_DQ18,NA,504,PSDDR,NA,NA
AT28,PS_DDR_DQ19,NA,504,PSDDR,NA,NA
AH31,PS_DDR_DQ2,NA,504,PSDDR,NA,NA
AV27,PS_DDR_DQ20,NA,504,PSDDR,NA,NA
AU28,PS_DDR_DQ21,NA,504,PSDDR,NA,NA
AW26,PS_DDR_DQ22,NA,504,PSDDR,NA,NA
AU31,PS_DDR_DQ23,NA,504,PSDDR,NA,NA
AW27,PS_DDR_DQ24,NA,504,PSDDR,NA,NA
AV28,PS_DDR_DQ25,NA,504,PSDDR,NA,NA
AT26,PS_DDR_DQ26,NA,504,PSDDR,NA,NA
AW29,PS_DDR_DQ27,NA,504,PSDDR,NA,NA
AL30,PS_DDR_DQ28,NA,504,PSDDR,NA,NA
AL28,PS_DDR_DQ29,NA,504,PSDDR,NA,NA
AN39,PS_DDR_DQ3,NA,504,PSDDR,NA,NA
AR27,PS_DDR_DQ30,NA,504,PSDDR,NA,NA
AM30,PS_DDR_DQ31,NA,504,PSDDR,NA,NA
AM36,PS_DDR_DQ32,NA,504,PSDDR,NA,NA
AM35,PS_DDR_DQ33,NA,504,PSDDR,NA,NA
AM34,PS_DDR_DQ34,NA,504,PSDDR,NA,NA
AM33,PS_DDR_DQ35,NA,504,PSDDR,NA,NA
AP35,PS_DDR_DQ36,NA,504,PSDDR,NA,NA
AR34,PS_DDR_DQ37,NA,504,PSDDR,NA,NA
AR35,PS_DDR_DQ38,NA,504,PSDDR,NA,NA
AP34,PS_DDR_DQ39,NA,504,PSDDR,NA,NA
AV24,PS_DDR_DQ4,NA,504,PSDDR,NA,NA
AT27,PS_DDR_DQ40,NA,504,PSDDR,NA,NA
AL32,PS_DDR_DQ41,NA,504,PSDDR,NA,NA
AL35,PS_DDR_DQ42,NA,504,PSDDR,NA,NA
AL36,PS_DDR_DQ43,NA,504,PSDDR,NA,NA
AJ31,PS_DDR_DQ44,NA,504,PSDDR,NA,NA
AV39,PS_DDR_DQ45,NA,504,PSDDR,NA,NA
AJ34,PS_DDR_DQ46,NA,504,PSDDR,NA,NA
AJ35,PS_DDR_DQ47,NA,504,PSDDR,NA,NA
AN38,PS_DDR_DQ48,NA,504,PSDDR,NA,NA
AU33,PS_DDR_DQ49,NA,504,PSDDR,NA,NA
AW25,PS_DDR_DQ5,NA,504,PSDDR,NA,NA
AV34,PS_DDR_DQ50,NA,504,PSDDR,NA,NA
AN37,PS_DDR_DQ51,NA,504,PSDDR,NA,NA
AV33,PS_DDR_DQ52,NA,504,PSDDR,NA,NA
AR38,PS_DDR_DQ53,NA,504,PSDDR,NA,NA
AT37,PS_DDR_DQ54,NA,504,PSDDR,NA,NA
AT36,PS_DDR_DQ55,NA,504,PSDDR,NA,NA
AM38,PS_DDR_DQ56,NA,504,PSDDR,NA,NA
AU34,PS_DDR_DQ57,NA,504,PSDDR,NA,NA
AL37,PS_DDR_DQ58,NA,504,PSDDR,NA,NA
AL38,PS_DDR_DQ59,NA,504,PSDDR,NA,NA
AL27,PS_DDR_DQ6,NA,504,PSDDR,NA,NA
AJ36,PS_DDR_DQ60,NA,504,PSDDR,NA,NA
AJ37,PS_DDR_DQ61,NA,504,PSDDR,NA,NA
AJ39,PS_DDR_DQ62,NA,504,PSDDR,NA,NA
AM24,PS_DDR_DQ63,NA,504,PSDDR,NA,NA
AV36,PS_DDR_DQ64,NA,504,PSDDR,NA,NA
AW36,PS_DDR_DQ65,NA,504,PSDDR,NA,NA
AW37,PS_DDR_DQ66,NA,504,PSDDR,NA,NA
AW38,PS_DDR_DQ67,NA,504,PSDDR,NA,NA
AU36,PS_DDR_DQ68,NA,504,PSDDR,NA,NA
AU38,PS_DDR_DQ69,NA,504,PSDDR,NA,NA
AN26,PS_DDR_DQ7,NA,504,PSDDR,NA,NA
AR33,PS_DDR_DQ70,NA,504,PSDDR,NA,NA
AT38,PS_DDR_DQ71,NA,504,PSDDR,NA,NA
AH39,PS_DDR_DQ8,NA,504,PSDDR,NA,NA
AN31,PS_DDR_DQ9,NA,504,PSDDR,NA,NA
AW24,PS_DDR_DQS_N0,NA,504,PSDDR,NA,NA
AR24,PS_DDR_DQS_N1,NA,504,PSDDR,NA,NA
AU29,PS_DDR_DQS_N2,NA,504,PSDDR,NA,NA
AR28,PS_DDR_DQS_N3,NA,504,PSDDR,NA,NA
AN34,PS_DDR_DQS_N4,NA,504,PSDDR,NA,NA
AK34,PS_DDR_DQS_N5,NA,504,PSDDR,NA,NA
AR37,PS_DDR_DQS_N6,NA,504,PSDDR,NA,NA
AK38,PS_DDR_DQS_N7,NA,504,PSDDR,NA,NA
AV38,PS_DDR_DQS_N8,NA,504,PSDDR,NA,NA
AH37,PS_DDR_DQS_P0,NA,504,PSDDR,NA,NA
AU24,PS_DDR_DQS_P1,NA,504,PSDDR,NA,NA
AV26,PS_DDR_DQS_P2,NA,504,PSDDR,NA,NA
AV29,PS_DDR_DQS_P3,NA,504,PSDDR,NA,NA
AN33,PS_DDR_DQS_P4,NA,504,PSDDR,NA,NA
AK32,PS_DDR_DQS_P5,NA,504,PSDDR,NA,NA
AP37,PS_DDR_DQS_P6,NA,504,PSDDR,NA,NA
AK37,PS_DDR_DQS_P7,NA,504,PSDDR,NA,NA
AV37,PS_DDR_DQS_P8,NA,504,PSDDR,NA,NA
AU35,PS_DDR_ODT0,NA,504,PSDDR,NA,NA
AM39,PS_DDR_ODT1,NA,504,PSDDR,NA,NA
AM28,PS_DDR_PARITY,NA,504,PSDDR,NA,NA
AM29,PS_DDR_RAM_RST_N,NA,504,PSDDR,NA,NA
AT30,PS_DDR_ZQ,NA,504,PSDDR,NA,NA
AF39,PS_MGTRRXN0_505,NA,505,PSGTR,NA,NA
AE37,PS_MGTRRXN1_505,NA,505,PSGTR,NA,NA
AD39,PS_MGTRRXN2_505,NA,505,PSGTR,NA,NA
AC37,PS_MGTRRXN3_505,NA,505,PSGTR,NA,NA
AF38,PS_MGTRRXP0_505,NA,505,PSGTR,NA,NA
AE36,PS_MGTRRXP1_505,NA,505,PSGTR,NA,NA
AD38,PS_MGTRRXP2_505,NA,505,PSGTR,NA,NA
AC36,PS_MGTRRXP3_505,NA,505,PSGTR,NA,NA
AF35,PS_MGTRTXN0_505,NA,505,PSGTR,NA,NA
AE33,PS_MGTRTXN1_505,NA,505,PSGTR,NA,NA
AD35,PS_MGTRTXN2_505,NA,505,PSGTR,NA,NA
AC33,PS_MGTRTXN3_505,NA,505,PSGTR,NA,NA
AF34,PS_MGTRTXP0_505,NA,505,PSGTR,NA,NA
AE32,PS_MGTRTXP1_505,NA,505,PSGTR,NA,NA
AD34,PS_MGTRTXP2_505,NA,505,PSGTR,NA,NA
AC32,PS_MGTRTXP3_505,NA,505,PSGTR,NA,NA
AD31,PS_MGTREFCLK0N_505,NA,505,PSGTR,NA,NA
AD30,PS_MGTREFCLK0P_505,NA,505,PSGTR,NA,NA
AB31,PS_MGTREFCLK1N_505,NA,505,PSGTR,NA,NA
AB30,PS_MGTREFCLK1P_505,NA,505,PSGTR,NA,NA
AB35,PS_MGTREFCLK2N_505,NA,505,PSGTR,NA,NA
AB34,PS_MGTREFCLK2P_505,NA,505,PSGTR,NA,NA
AB39,PS_MGTREFCLK3N_505,NA,505,PSGTR,NA,NA
AB38,PS_MGTREFCLK3P_505,NA,505,PSGTR,NA,NA
AF33,PS_MGTRREF_505,NA,NA,NA,NA,NA
AL4,VCCO_64,NA,64,NA,NA,NA
AM7,VCCO_64,NA,64,NA,NA,NA
AN5,VCCO_64,NA,64,NA,NA,NA
AL9,VCCO_65,NA,65,NA,NA,NA
AM12,VCCO_65,NA,65,NA,NA,NA
AN10,VCCO_65,NA,65,NA,NA,NA
AL14,VCCO_66,NA,66,NA,NA,NA
AM17,VCCO_66,NA,66,NA,NA,NA
AN15,VCCO_66,NA,66,NA,NA,NA
M32,VCCO_67,NA,67,NA,NA,NA
P33,VCCO_67,NA,67,NA,NA,NA
R31,VCCO_67,NA,67,NA,NA,NA
H35,VCCO_68,NA,68,NA,NA,NA
J33,VCCO_68,NA,68,NA,NA,NA
K36,VCCO_68,NA,68,NA,NA,NA
E31,VCCO_69,NA,69,NA,NA,NA
F29,VCCO_69,NA,69,NA,NA,NA
H30,VCCO_69,NA,69,NA,NA,NA
H25,VCCO_70,NA,70,NA,NA,NA
J23,VCCO_70,NA,70,NA,NA,NA
K26,VCCO_70,NA,70,NA,NA,NA
G22,VCCO_71,NA,71,NA,NA,NA
H20,VCCO_71,NA,71,NA,NA,NA
L19,VCCO_71,NA,71,NA,NA,NA
AD13,VCCO_88,NA,88,NA,NA,NA
AF14,VCCO_88,NA,88,NA,NA,NA
AA14,VCCO_89,NA,89,NA,NA,NA
W13,VCCO_89,NA,89,NA,NA,NA
P13,VCCO_90,NA,90,NA,NA,NA
T14,VCCO_90,NA,90,NA,NA,NA
AM22,VCCO_PSIO0_500,NA,500,NA,NA,NA
AN20,VCCO_PSIO0_500,NA,500,NA,NA,NA
AJ23,VCCO_PSIO1_501,NA,501,NA,NA,NA
AK21,VCCO_PSIO1_501,NA,501,NA,NA,NA
W33,VCCO_PSIO2_502,NA,502,NA,NA,NA
Y31,VCCO_PSIO2_502,NA,502,NA,NA,NA
AB27,VCCO_PSIO3_503,NA,503,NA,NA,NA
W28,VCCO_PSIO3_503,NA,503,NA,NA,NA
AJ33,VCCO_PSDDR_504,NA,504,NA,NA,NA
AL34,VCCO_PSDDR_504,NA,504,NA,NA,NA
AN30,VCCO_PSDDR_504,NA,504,NA,NA,NA
AN35,VCCO_PSDDR_504,NA,504,NA,NA,NA
AR31,VCCO_PSDDR_504,NA,504,NA,NA,NA
AR36,VCCO_PSDDR_504,NA,504,NA,NA,NA
AU32,VCCO_PSDDR_504,NA,504,NA,NA,NA
A14,GND,NA,NA,NA,NA,NA
A19,GND,NA,NA,NA,NA,NA
A24,GND,NA,NA,NA,NA,NA
A29,GND,NA,NA,NA,NA,NA
A34,GND,NA,NA,NA,NA,NA
A4,GND,NA,NA,NA,NA,NA
A9,GND,NA,NA,NA,NA,NA
AA11,GND,NA,NA,NA,NA,NA
AA19,GND,NA,NA,NA,NA,NA
AA23,GND,NA,NA,NA,NA,NA
AA25,GND,NA,NA,NA,NA,NA
AA29,GND,NA,NA,NA,NA,NA
AA3,GND,NA,NA,NA,NA,NA
AA30,GND,NA,NA,NA,NA,NA
AA31,GND,NA,NA,NA,NA,NA
AA32,GND,NA,NA,NA,NA,NA
AA33,GND,NA,NA,NA,NA,NA
AA34,GND,NA,NA,NA,NA,NA
AA35,GND,NA,NA,NA,NA,NA
AA36,GND,NA,NA,NA,NA,NA
AA37,GND,NA,NA,NA,NA,NA
AA38,GND,NA,NA,NA,NA,NA
AA39,GND,NA,NA,NA,NA,NA
AA4,GND,NA,NA,NA,NA,NA
AA7,GND,NA,NA,NA,NA,NA
AB1,GND,NA,NA,NA,NA,NA
AB11,GND,NA,NA,NA,NA,NA
AB18,GND,NA,NA,NA,NA,NA
AB2,GND,NA,NA,NA,NA,NA
AB20,GND,NA,NA,NA,NA,NA
AB24,GND,NA,NA,NA,NA,NA
AB29,GND,NA,NA,NA,NA,NA
AB33,GND,NA,NA,NA,NA,NA
AB36,GND,NA,NA,NA,NA,NA
AB37,GND,NA,NA,NA,NA,NA
AB5,GND,NA,NA,NA,NA,NA
AB9,GND,NA,NA,NA,NA,NA
AC11,GND,NA,NA,NA,NA,NA
AC15,GND,NA,NA,NA,NA,NA
AC17,GND,NA,NA,NA,NA,NA
AC19,GND,NA,NA,NA,NA,NA
AC21,GND,NA,NA,NA,NA,NA
AC23,GND,NA,NA,NA,NA,NA
AC25,GND,NA,NA,NA,NA,NA
AC29,GND,NA,NA,NA,NA,NA
AC3,GND,NA,NA,NA,NA,NA
AC30,GND,NA,NA,NA,NA,NA
AC31,GND,NA,NA,NA,NA,NA
AC35,GND,NA,NA,NA,NA,NA
AC38,GND,NA,NA,NA,NA,NA
AC39,GND,NA,NA,NA,NA,NA
AC4,GND,NA,NA,NA,NA,NA
AC7,GND,NA,NA,NA,NA,NA
AD1,GND,NA,NA,NA,NA,NA
AD11,GND,NA,NA,NA,NA,NA
AD18,GND,NA,NA,NA,NA,NA
AD2,GND,NA,NA,NA,NA,NA
AD20,GND,NA,NA,NA,NA,NA
AD22,GND,NA,NA,NA,NA,NA
AD24,GND,NA,NA,NA,NA,NA
AD28,GND,NA,NA,NA,NA,NA
AD29,GND,NA,NA,NA,NA,NA
AD33,GND,NA,NA,NA,NA,NA
AD36,GND,NA,NA,NA,NA,NA
AD37,GND,NA,NA,NA,NA,NA
AD5,GND,NA,NA,NA,NA,NA
AD9,GND,NA,NA,NA,NA,NA
AE11,GND,NA,NA,NA,NA,NA
AE16,GND,NA,NA,NA,NA,NA
AE19,GND,NA,NA,NA,NA,NA
AE21,GND,NA,NA,NA,NA,NA
AE23,GND,NA,NA,NA,NA,NA
AE25,GND,NA,NA,NA,NA,NA
AE26,GND,NA,NA,NA,NA,NA
AE29,GND,NA,NA,NA,NA,NA
AE3,GND,NA,NA,NA,NA,NA
AE30,GND,NA,NA,NA,NA,NA
AE31,GND,NA,NA,NA,NA,NA
AE35,GND,NA,NA,NA,NA,NA
AE38,GND,NA,NA,NA,NA,NA
AE39,GND,NA,NA,NA,NA,NA
AE4,GND,NA,NA,NA,NA,NA
AE7,GND,NA,NA,NA,NA,NA
AF1,GND,NA,NA,NA,NA,NA
AF11,GND,NA,NA,NA,NA,NA
AF18,GND,NA,NA,NA,NA,NA
AF2,GND,NA,NA,NA,NA,NA
AF20,GND,NA,NA,NA,NA,NA
AF31,GND,NA,NA,NA,NA,NA
AF32,GND,NA,NA,NA,NA,NA
AF36,GND,NA,NA,NA,NA,NA
AF37,GND,NA,NA,NA,NA,NA
AF5,GND,NA,NA,NA,NA,NA
AF9,GND,NA,NA,NA,NA,NA
AG11,GND,NA,NA,NA,NA,NA
AG19,GND,NA,NA,NA,NA,NA
AG22,GND,NA,NA,NA,NA,NA
AG27,GND,NA,NA,NA,NA,NA
AG3,GND,NA,NA,NA,NA,NA
AG32,GND,NA,NA,NA,NA,NA
AG33,GND,NA,NA,NA,NA,NA
AG34,GND,NA,NA,NA,NA,NA
AG35,GND,NA,NA,NA,NA,NA
AG36,GND,NA,NA,NA,NA,NA
AG37,GND,NA,NA,NA,NA,NA
AG38,GND,NA,NA,NA,NA,NA
AG39,GND,NA,NA,NA,NA,NA
AG4,GND,NA,NA,NA,NA,NA
AG7,GND,NA,NA,NA,NA,NA
AH1,GND,NA,NA,NA,NA,NA
AH10,GND,NA,NA,NA,NA,NA
AH11,GND,NA,NA,NA,NA,NA
AH15,GND,NA,NA,NA,NA,NA
AH2,GND,NA,NA,NA,NA,NA
AH20,GND,NA,NA,NA,NA,NA
AH25,GND,NA,NA,NA,NA,NA
AH30,GND,NA,NA,NA,NA,NA
AH35,GND,NA,NA,NA,NA,NA
AH5,GND,NA,NA,NA,NA,NA
AH9,GND,NA,NA,NA,NA,NA
AJ1,GND,NA,NA,NA,NA,NA
AJ13,GND,NA,NA,NA,NA,NA
AJ18,GND,NA,NA,NA,NA,NA
AJ2,GND,NA,NA,NA,NA,NA
AJ28,GND,NA,NA,NA,NA,NA
AJ3,GND,NA,NA,NA,NA,NA
AJ38,GND,NA,NA,NA,NA,NA
AJ4,GND,NA,NA,NA,NA,NA
AJ5,GND,NA,NA,NA,NA,NA
AJ6,GND,NA,NA,NA,NA,NA
AJ7,GND,NA,NA,NA,NA,NA
AJ8,GND,NA,NA,NA,NA,NA
AJ9,GND,NA,NA,NA,NA,NA
AK11,GND,NA,NA,NA,NA,NA
AK16,GND,NA,NA,NA,NA,NA
AK26,GND,NA,NA,NA,NA,NA
AK31,GND,NA,NA,NA,NA,NA
AK36,GND,NA,NA,NA,NA,NA
AL19,GND,NA,NA,NA,NA,NA
AL24,GND,NA,NA,NA,NA,NA
AL29,GND,NA,NA,NA,NA,NA
AL39,GND,NA,NA,NA,NA,NA
AM2,GND,NA,NA,NA,NA,NA
AM27,GND,NA,NA,NA,NA,NA
AM32,GND,NA,NA,NA,NA,NA
AM37,GND,NA,NA,NA,NA,NA
AN25,GND,NA,NA,NA,NA,NA
AP13,GND,NA,NA,NA,NA,NA
AP18,GND,NA,NA,NA,NA,NA
AP23,GND,NA,NA,NA,NA,NA
AP28,GND,NA,NA,NA,NA,NA
AP3,GND,NA,NA,NA,NA,NA
AP33,GND,NA,NA,NA,NA,NA
AP38,GND,NA,NA,NA,NA,NA
AP8,GND,NA,NA,NA,NA,NA
AR1,GND,NA,NA,NA,NA,NA
AR11,GND,NA,NA,NA,NA,NA
AR16,GND,NA,NA,NA,NA,NA
AR21,GND,NA,NA,NA,NA,NA
AR26,GND,NA,NA,NA,NA,NA
AR6,GND,NA,NA,NA,NA,NA
AT14,GND,NA,NA,NA,NA,NA
AT19,GND,NA,NA,NA,NA,NA
AT24,GND,NA,NA,NA,NA,NA
AT29,GND,NA,NA,NA,NA,NA
AT34,GND,NA,NA,NA,NA,NA
AT39,GND,NA,NA,NA,NA,NA
AT4,GND,NA,NA,NA,NA,NA
AT9,GND,NA,NA,NA,NA,NA
AU12,GND,NA,NA,NA,NA,NA
AU17,GND,NA,NA,NA,NA,NA
AU22,GND,NA,NA,NA,NA,NA
AU27,GND,NA,NA,NA,NA,NA
AU37,GND,NA,NA,NA,NA,NA
AU7,GND,NA,NA,NA,NA,NA
AV1,GND,NA,NA,NA,NA,NA
AV10,GND,NA,NA,NA,NA,NA
AV15,GND,NA,NA,NA,NA,NA
AV20,GND,NA,NA,NA,NA,NA
AV25,GND,NA,NA,NA,NA,NA
AV30,GND,NA,NA,NA,NA,NA
AV35,GND,NA,NA,NA,NA,NA
AV5,GND,NA,NA,NA,NA,NA
AW13,GND,NA,NA,NA,NA,NA
AW18,GND,NA,NA,NA,NA,NA
AW2,GND,NA,NA,NA,NA,NA
AW23,GND,NA,NA,NA,NA,NA
AW28,GND,NA,NA,NA,NA,NA
AW33,GND,NA,NA,NA,NA,NA
AW8,GND,NA,NA,NA,NA,NA
B12,GND,NA,NA,NA,NA,NA
B17,GND,NA,NA,NA,NA,NA
B2,GND,NA,NA,NA,NA,NA
B22,GND,NA,NA,NA,NA,NA
B27,GND,NA,NA,NA,NA,NA
B32,GND,NA,NA,NA,NA,NA
B37,GND,NA,NA,NA,NA,NA
B39,GND,NA,NA,NA,NA,NA
B7,GND,NA,NA,NA,NA,NA
C10,GND,NA,NA,NA,NA,NA
C15,GND,NA,NA,NA,NA,NA
C20,GND,NA,NA,NA,NA,NA
C25,GND,NA,NA,NA,NA,NA
C30,GND,NA,NA,NA,NA,NA
C35,GND,NA,NA,NA,NA,NA
C5,GND,NA,NA,NA,NA,NA
D13,GND,NA,NA,NA,NA,NA
D18,GND,NA,NA,NA,NA,NA
D23,GND,NA,NA,NA,NA,NA
D28,GND,NA,NA,NA,NA,NA
D3,GND,NA,NA,NA,NA,NA
D33,GND,NA,NA,NA,NA,NA
D38,GND,NA,NA,NA,NA,NA
D8,GND,NA,NA,NA,NA,NA
E1,GND,NA,NA,NA,NA,NA
E11,GND,NA,NA,NA,NA,NA
E16,GND,NA,NA,NA,NA,NA
E21,GND,NA,NA,NA,NA,NA
E26,GND,NA,NA,NA,NA,NA
E36,GND,NA,NA,NA,NA,NA
E6,GND,NA,NA,NA,NA,NA
F14,GND,NA,NA,NA,NA,NA
F19,GND,NA,NA,NA,NA,NA
F24,GND,NA,NA,NA,NA,NA
F34,GND,NA,NA,NA,NA,NA
F39,GND,NA,NA,NA,NA,NA
F4,GND,NA,NA,NA,NA,NA
F9,GND,NA,NA,NA,NA,NA
G2,GND,NA,NA,NA,NA,NA
G27,GND,NA,NA,NA,NA,NA
G32,GND,NA,NA,NA,NA,NA
G37,GND,NA,NA,NA,NA,NA
G7,GND,NA,NA,NA,NA,NA
J18,GND,NA,NA,NA,NA,NA
J28,GND,NA,NA,NA,NA,NA
J38,GND,NA,NA,NA,NA,NA
K1,GND,NA,NA,NA,NA,NA
K11,GND,NA,NA,NA,NA,NA
K16,GND,NA,NA,NA,NA,NA
K21,GND,NA,NA,NA,NA,NA
K31,GND,NA,NA,NA,NA,NA
L14,GND,NA,NA,NA,NA,NA
L24,GND,NA,NA,NA,NA,NA
L29,GND,NA,NA,NA,NA,NA
L34,GND,NA,NA,NA,NA,NA
L39,GND,NA,NA,NA,NA,NA
M1,GND,NA,NA,NA,NA,NA
M10,GND,NA,NA,NA,NA,NA
M11,GND,NA,NA,NA,NA,NA
M17,GND,NA,NA,NA,NA,NA
M2,GND,NA,NA,NA,NA,NA
M22,GND,NA,NA,NA,NA,NA
M27,GND,NA,NA,NA,NA,NA
M3,GND,NA,NA,NA,NA,NA
M37,GND,NA,NA,NA,NA,NA
M4,GND,NA,NA,NA,NA,NA
M5,GND,NA,NA,NA,NA,NA
M6,GND,NA,NA,NA,NA,NA
M7,GND,NA,NA,NA,NA,NA
M8,GND,NA,NA,NA,NA,NA
M9,GND,NA,NA,NA,NA,NA
N11,GND,NA,NA,NA,NA,NA
N15,GND,NA,NA,NA,NA,NA
N25,GND,NA,NA,NA,NA,NA
N3,GND,NA,NA,NA,NA,NA
N30,GND,NA,NA,NA,NA,NA
N35,GND,NA,NA,NA,NA,NA
N4,GND,NA,NA,NA,NA,NA
N7,GND,NA,NA,NA,NA,NA
P1,GND,NA,NA,NA,NA,NA
P11,GND,NA,NA,NA,NA,NA
P18,GND,NA,NA,NA,NA,NA
P2,GND,NA,NA,NA,NA,NA
P28,GND,NA,NA,NA,NA,NA
P38,GND,NA,NA,NA,NA,NA
P5,GND,NA,NA,NA,NA,NA
P9,GND,NA,NA,NA,NA,NA
R11,GND,NA,NA,NA,NA,NA
R17,GND,NA,NA,NA,NA,NA
R19,GND,NA,NA,NA,NA,NA
R21,GND,NA,NA,NA,NA,NA
R23,GND,NA,NA,NA,NA,NA
R25,GND,NA,NA,NA,NA,NA
R27,GND,NA,NA,NA,NA,NA
R3,GND,NA,NA,NA,NA,NA
R36,GND,NA,NA,NA,NA,NA
R4,GND,NA,NA,NA,NA,NA
R7,GND,NA,NA,NA,NA,NA
T1,GND,NA,NA,NA,NA,NA
T11,GND,NA,NA,NA,NA,NA
T18,GND,NA,NA,NA,NA,NA
T2,GND,NA,NA,NA,NA,NA
T20,GND,NA,NA,NA,NA,NA
T22,GND,NA,NA,NA,NA,NA
T24,GND,NA,NA,NA,NA,NA
T26,GND,NA,NA,NA,NA,NA
T28,GND,NA,NA,NA,NA,NA
T34,GND,NA,NA,NA,NA,NA
T39,GND,NA,NA,NA,NA,NA
T5,GND,NA,NA,NA,NA,NA
T9,GND,NA,NA,NA,NA,NA
U11,GND,NA,NA,NA,NA,NA
U19,GND,NA,NA,NA,NA,NA
U21,GND,NA,NA,NA,NA,NA
U23,GND,NA,NA,NA,NA,NA
U25,GND,NA,NA,NA,NA,NA
U27,GND,NA,NA,NA,NA,NA
U3,GND,NA,NA,NA,NA,NA
U32,GND,NA,NA,NA,NA,NA
U37,GND,NA,NA,NA,NA,NA
U4,GND,NA,NA,NA,NA,NA
U7,GND,NA,NA,NA,NA,NA
V1,GND,NA,NA,NA,NA,NA
V11,GND,NA,NA,NA,NA,NA
V15,GND,NA,NA,NA,NA,NA
V18,GND,NA,NA,NA,NA,NA
V2,GND,NA,NA,NA,NA,NA
V20,GND,NA,NA,NA,NA,NA
V22,GND,NA,NA,NA,NA,NA
V24,GND,NA,NA,NA,NA,NA
V30,GND,NA,NA,NA,NA,NA
V35,GND,NA,NA,NA,NA,NA
V5,GND,NA,NA,NA,NA,NA
W11,GND,NA,NA,NA,NA,NA
W17,GND,NA,NA,NA,NA,NA
W19,GND,NA,NA,NA,NA,NA
W23,GND,NA,NA,NA,NA,NA
W25,GND,NA,NA,NA,NA,NA
W3,GND,NA,NA,NA,NA,NA
W38,GND,NA,NA,NA,NA,NA
W4,GND,NA,NA,NA,NA,NA
W7,GND,NA,NA,NA,NA,NA
Y1,GND,NA,NA,NA,NA,NA
Y11,GND,NA,NA,NA,NA,NA
Y16,GND,NA,NA,NA,NA,NA
Y18,GND,NA,NA,NA,NA,NA
Y2,GND,NA,NA,NA,NA,NA
Y20,GND,NA,NA,NA,NA,NA
Y24,GND,NA,NA,NA,NA,NA
Y26,GND,NA,NA,NA,NA,NA
Y5,GND,NA,NA,NA,NA,NA
Y9,GND,NA,NA,NA,NA,NA
AD10,MGTAVCC_R,NA,NA,NA,NA,NA
AE8,MGTAVCC_R,NA,NA,NA,NA,NA
AF10,MGTAVCC_R,NA,NA,NA,NA,NA
AG8,MGTAVCC_R,NA,NA,NA,NA,NA
N8,MGTAVCC_R,NA,NA,NA,NA,NA
P10,MGTAVCC_R,NA,NA,NA,NA,NA
R8,MGTAVCC_R,NA,NA,NA,NA,NA
T10,MGTAVCC_R,NA,NA,NA,NA,NA
AA8,MGTAVTT_R,NA,NA,NA,NA,NA
AB6,MGTAVTT_R,NA,NA,NA,NA,NA
AC8,MGTAVTT_R,NA,NA,NA,NA,NA
AD6,MGTAVTT_R,NA,NA,NA,NA,NA
AF6,MGTAVTT_R,NA,NA,NA,NA,NA
AH6,MGTAVTT_R,NA,NA,NA,NA,NA
P6,MGTAVTT_R,NA,NA,NA,NA,NA
T6,MGTAVTT_R,NA,NA,NA,NA,NA
U8,MGTAVTT_R,NA,NA,NA,NA,NA
V6,MGTAVTT_R,NA,NA,NA,NA,NA
W8,MGTAVTT_R,NA,NA,NA,NA,NA
Y6,MGTAVTT_R,NA,NA,NA,NA,NA
AB10,MGTVCCAUX_R,NA,NA,NA,NA,NA
Y10,MGTVCCAUX_R,NA,NA,NA,NA,NA
AB32,PS_MGTRAVCC,NA,NA,NA,NA,NA
AD32,PS_MGTRAVCC,NA,NA,NA,NA,NA
AC34,PS_MGTRAVTT,NA,NA,NA,NA,NA
AE34,PS_MGTRAVTT,NA,NA,NA,NA,NA
U16,VCCAUX,NA,NA,NA,NA,NA
V16,VCCAUX,NA,NA,NA,NA,NA
AA16,VCCAUX_IO,NA,NA,NA,NA,NA
AB16,VCCAUX_IO,NA,NA,NA,NA,NA
AC16,VCCAUX_IO,NA,NA,NA,NA,NA
AD16,VCCAUX_IO,NA,NA,NA,NA,NA
W16,VCCAUX_IO,NA,NA,NA,NA,NA
AD17,VCCBRAM,NA,NA,NA,NA,NA
AE17,VCCBRAM,NA,NA,NA,NA,NA
AF17,VCCBRAM,NA,NA,NA,NA,NA
AG17,VCCBRAM,NA,NA,NA,NA,NA
AA18,VCCINT,NA,NA,NA,NA,NA
AA20,VCCINT,NA,NA,NA,NA,NA
AA24,VCCINT,NA,NA,NA,NA,NA
AB19,VCCINT,NA,NA,NA,NA,NA
AB23,VCCINT,NA,NA,NA,NA,NA
AB25,VCCINT,NA,NA,NA,NA,NA
AC18,VCCINT,NA,NA,NA,NA,NA
AC20,VCCINT,NA,NA,NA,NA,NA
AC22,VCCINT,NA,NA,NA,NA,NA
AC24,VCCINT,NA,NA,NA,NA,NA
AD19,VCCINT,NA,NA,NA,NA,NA
AD21,VCCINT,NA,NA,NA,NA,NA
AD23,VCCINT,NA,NA,NA,NA,NA
AD25,VCCINT,NA,NA,NA,NA,NA
AE18,VCCINT,NA,NA,NA,NA,NA
AE20,VCCINT,NA,NA,NA,NA,NA
AE22,VCCINT,NA,NA,NA,NA,NA
AE24,VCCINT,NA,NA,NA,NA,NA
AF19,VCCINT,NA,NA,NA,NA,NA
AG18,VCCINT,NA,NA,NA,NA,NA
AH19,VCCINT,NA,NA,NA,NA,NA
R18,VCCINT,NA,NA,NA,NA,NA
R20,VCCINT,NA,NA,NA,NA,NA
R22,VCCINT,NA,NA,NA,NA,NA
R24,VCCINT,NA,NA,NA,NA,NA
R26,VCCINT,NA,NA,NA,NA,NA
R28,VCCINT,NA,NA,NA,NA,NA
T19,VCCINT,NA,NA,NA,NA,NA
T21,VCCINT,NA,NA,NA,NA,NA
T23,VCCINT,NA,NA,NA,NA,NA
T25,VCCINT,NA,NA,NA,NA,NA
T27,VCCINT,NA,NA,NA,NA,NA
U18,VCCINT,NA,NA,NA,NA,NA
U20,VCCINT,NA,NA,NA,NA,NA
U22,VCCINT,NA,NA,NA,NA,NA
U24,VCCINT,NA,NA,NA,NA,NA
V19,VCCINT,NA,NA,NA,NA,NA
V21,VCCINT,NA,NA,NA,NA,NA
V23,VCCINT,NA,NA,NA,NA,NA
V25,VCCINT,NA,NA,NA,NA,NA
W18,VCCINT,NA,NA,NA,NA,NA
W20,VCCINT,NA,NA,NA,NA,NA
W24,VCCINT,NA,NA,NA,NA,NA
Y19,VCCINT,NA,NA,NA,NA,NA
Y23,VCCINT,NA,NA,NA,NA,NA
Y25,VCCINT,NA,NA,NA,NA,NA
AA17,VCCINT_IO,NA,NA,NA,NA,NA
AB17,VCCINT_IO,NA,NA,NA,NA,NA
T17,VCCINT_IO,NA,NA,NA,NA,NA
U17,VCCINT_IO,NA,NA,NA,NA,NA
V17,VCCINT_IO,NA,NA,NA,NA,NA
Y17,VCCINT_IO,NA,NA,NA,NA,NA
AF29,VCC_PSAUX,NA,NA,NA,NA,NA
AF30,VCC_PSAUX,NA,NA,NA,NA,NA
AG30,VCC_PSAUX,NA,NA,NA,NA,NA
AG31,VCC_PSAUX,NA,NA,NA,NA,NA
AD26,VCC_PSBATT,NA,NA,NA,NA,NA
AE27,VCC_PSDDR_PLL,NA,NA,NA,NA,NA
AE28,VCC_PSDDR_PLL,NA,NA,NA,NA,NA
AH28,VCC_PSINTFP,NA,NA,NA,NA,NA
AH29,VCC_PSINTFP,NA,NA,NA,NA,NA
AJ26,VCC_PSINTFP,NA,NA,NA,NA,NA
AJ27,VCC_PSINTFP,NA,NA,NA,NA,NA
AJ29,VCC_PSINTFP,NA,NA,NA,NA,NA
AK27,VCC_PSINTFP,NA,NA,NA,NA,NA
AK28,VCC_PSINTFP,NA,NA,NA,NA,NA
AJ30,VCC_PSINTFP_DDR,NA,NA,NA,NA,NA
AK29,VCC_PSINTFP_DDR,NA,NA,NA,NA,NA
AK30,VCC_PSINTFP_DDR,NA,NA,NA,NA,NA
AF26,VCC_PSINTLP,NA,NA,NA,NA,NA
AF27,VCC_PSINTLP,NA,NA,NA,NA,NA
AF28,VCC_PSINTLP,NA,NA,NA,NA,NA
AG26,VCC_PSINTLP,NA,NA,NA,NA,NA
AH26,VCC_PSINTLP,NA,NA,NA,NA,NA
AH27,VCC_PSINTLP,NA,NA,NA,NA,NA
AC26,VCC_PSPLL,NA,NA,NA,NA,NA
AC27,VCC_PSPLL,NA,NA,NA,NA,NA
AD27,VCC_PSPLL,NA,NA,NA,NA,NA
A10,NC,NA,NA,NA,NA,NA
A11,NC,NA,NA,NA,NA,NA
A12,NC,NA,NA,NA,NA,NA
A13,NC,NA,NA,NA,NA,NA
A15,NC,NA,NA,NA,NA,NA
A16,NC,NA,NA,NA,NA,NA
A17,NC,NA,NA,NA,NA,NA
A18,NC,NA,NA,NA,NA,NA
A2,NC,NA,NA,NA,NA,NA
A3,NC,NA,NA,NA,NA,NA
A5,NC,NA,NA,NA,NA,NA
A6,NC,NA,NA,NA,NA,NA
A7,NC,NA,NA,NA,NA,NA
A8,NC,NA,NA,NA,NA,NA
B1,NC,NA,NA,NA,NA,NA
B10,NC,NA,NA,NA,NA,NA
B11,NC,NA,NA,NA,NA,NA
B13,NC,NA,NA,NA,NA,NA
B14,NC,NA,NA,NA,NA,NA
B15,NC,NA,NA,NA,NA,NA
B16,NC,NA,NA,NA,NA,NA
B18,NC,NA,NA,NA,NA,NA
B3,NC,NA,NA,NA,NA,NA
B4,NC,NA,NA,NA,NA,NA
B5,NC,NA,NA,NA,NA,NA
B6,NC,NA,NA,NA,NA,NA
B8,NC,NA,NA,NA,NA,NA
B9,NC,NA,NA,NA,NA,NA
C1,NC,NA,NA,NA,NA,NA
C11,NC,NA,NA,NA,NA,NA
C12,NC,NA,NA,NA,NA,NA
C13,NC,NA,NA,NA,NA,NA
C14,NC,NA,NA,NA,NA,NA
C16,NC,NA,NA,NA,NA,NA
C17,NC,NA,NA,NA,NA,NA
C18,NC,NA,NA,NA,NA,NA
C2,NC,NA,NA,NA,NA,NA
C3,NC,NA,NA,NA,NA,NA
C4,NC,NA,NA,NA,NA,NA
C6,NC,NA,NA,NA,NA,NA
C7,NC,NA,NA,NA,NA,NA
C8,NC,NA,NA,NA,NA,NA
C9,NC,NA,NA,NA,NA,NA
D1,NC,NA,NA,NA,NA,NA
D10,NC,NA,NA,NA,NA,NA
D11,NC,NA,NA,NA,NA,NA
D12,NC,NA,NA,NA,NA,NA
D14,NC,NA,NA,NA,NA,NA
D15,NC,NA,NA,NA,NA,NA
D16,NC,NA,NA,NA,NA,NA
D17,NC,NA,NA,NA,NA,NA
D2,NC,NA,NA,NA,NA,NA
D4,NC,NA,NA,NA,NA,NA
D5,NC,NA,NA,NA,NA,NA
D6,NC,NA,NA,NA,NA,NA
D7,NC,NA,NA,NA,NA,NA
D9,NC,NA,NA,NA,NA,NA
E10,NC,NA,NA,NA,NA,NA
E12,NC,NA,NA,NA,NA,NA
E13,NC,NA,NA,NA,NA,NA
E14,NC,NA,NA,NA,NA,NA
E15,NC,NA,NA,NA,NA,NA
E17,NC,NA,NA,NA,NA,NA
E18,NC,NA,NA,NA,NA,NA
E2,NC,NA,NA,NA,NA,NA
E3,NC,NA,NA,NA,NA,NA
E4,NC,NA,NA,NA,NA,NA
E5,NC,NA,NA,NA,NA,NA
E7,NC,NA,NA,NA,NA,NA
E8,NC,NA,NA,NA,NA,NA
E9,NC,NA,NA,NA,NA,NA
F1,NC,NA,NA,NA,NA,NA
F10,NC,NA,NA,NA,NA,NA
F11,NC,NA,NA,NA,NA,NA
F12,NC,NA,NA,NA,NA,NA
F13,NC,NA,NA,NA,NA,NA
F15,NC,NA,NA,NA,NA,NA
F16,NC,NA,NA,NA,NA,NA
F17,NC,NA,NA,NA,NA,NA
F18,NC,NA,NA,NA,NA,NA
F2,NC,NA,NA,NA,NA,NA
F3,NC,NA,NA,NA,NA,NA
F5,NC,NA,NA,NA,NA,NA
F6,NC,NA,NA,NA,NA,NA
F7,NC,NA,NA,NA,NA,NA
F8,NC,NA,NA,NA,NA,NA
G1,NC,NA,NA,NA,NA,NA
G10,NC,NA,NA,NA,NA,NA
G11,NC,NA,NA,NA,NA,NA
G12,NC,NA,NA,NA,NA,NA
G13,NC,NA,NA,NA,NA,NA
G14,NC,NA,NA,NA,NA,NA
G15,NC,NA,NA,NA,NA,NA
G16,NC,NA,NA,NA,NA,NA
G17,NC,NA,NA,NA,NA,NA
G18,NC,NA,NA,NA,NA,NA
G3,NC,NA,NA,NA,NA,NA
G4,NC,NA,NA,NA,NA,NA
G5,NC,NA,NA,NA,NA,NA
G6,NC,NA,NA,NA,NA,NA
G8,NC,NA,NA,NA,NA,NA
G9,NC,NA,NA,NA,NA,NA
H1,NC,NA,NA,NA,NA,NA
H10,NC,NA,NA,NA,NA,NA
H11,NC,NA,NA,NA,NA,NA
H12,NC,NA,NA,NA,NA,NA
H13,NC,NA,NA,NA,NA,NA
H14,NC,NA,NA,NA,NA,NA
H15,NC,NA,NA,NA,NA,NA
H16,NC,NA,NA,NA,NA,NA
H17,NC,NA,NA,NA,NA,NA
H18,NC,NA,NA,NA,NA,NA
H2,NC,NA,NA,NA,NA,NA
H3,NC,NA,NA,NA,NA,NA
H4,NC,NA,NA,NA,NA,NA
H5,NC,NA,NA,NA,NA,NA
H6,NC,NA,NA,NA,NA,NA
H7,NC,NA,NA,NA,NA,NA
H8,NC,NA,NA,NA,NA,NA
H9,NC,NA,NA,NA,NA,NA
J1,NC,NA,NA,NA,NA,NA
J10,NC,NA,NA,NA,NA,NA
J11,NC,NA,NA,NA,NA,NA
J12,NC,NA,NA,NA,NA,NA
J13,NC,NA,NA,NA,NA,NA
J14,NC,NA,NA,NA,NA,NA
J15,NC,NA,NA,NA,NA,NA
J16,NC,NA,NA,NA,NA,NA
J17,NC,NA,NA,NA,NA,NA
J2,NC,NA,NA,NA,NA,NA
J3,NC,NA,NA,NA,NA,NA
J4,NC,NA,NA,NA,NA,NA
J5,NC,NA,NA,NA,NA,NA
J6,NC,NA,NA,NA,NA,NA
J7,NC,NA,NA,NA,NA,NA
J8,NC,NA,NA,NA,NA,NA
J9,NC,NA,NA,NA,NA,NA
K10,NC,NA,NA,NA,NA,NA
K12,NC,NA,NA,NA,NA,NA
K13,NC,NA,NA,NA,NA,NA
K14,NC,NA,NA,NA,NA,NA
K15,NC,NA,NA,NA,NA,NA
K17,NC,NA,NA,NA,NA,NA
K18,NC,NA,NA,NA,NA,NA
K2,NC,NA,NA,NA,NA,NA
K3,NC,NA,NA,NA,NA,NA
K4,NC,NA,NA,NA,NA,NA
K5,NC,NA,NA,NA,NA,NA
K6,NC,NA,NA,NA,NA,NA
K7,NC,NA,NA,NA,NA,NA
K8,NC,NA,NA,NA,NA,NA
K9,NC,NA,NA,NA,NA,NA
L1,NC,NA,NA,NA,NA,NA
L10,NC,NA,NA,NA,NA,NA
L11,NC,NA,NA,NA,NA,NA
L15,NC,NA,NA,NA,NA,NA
L16,NC,NA,NA,NA,NA,NA
L17,NC,NA,NA,NA,NA,NA
L18,NC,NA,NA,NA,NA,NA
L2,NC,NA,NA,NA,NA,NA
L3,NC,NA,NA,NA,NA,NA
L4,NC,NA,NA,NA,NA,NA
L5,NC,NA,NA,NA,NA,NA
L6,NC,NA,NA,NA,NA,NA
L7,NC,NA,NA,NA,NA,NA
L8,NC,NA,NA,NA,NA,NA
L9,NC,NA,NA,NA,NA,NA
M18,NC,NA,NA,NA,NA,NA
,,,,,,
Total Number of Pins, 1517,,,,,,
