Device/Package xc7a200tffg1156 4/30/2012 11:18:32,,,,,,,
,,,,,,,
Pin,Pin Name,Memory Byte Group,Bank,VCCAUX Group,Super Logic Region,I/O Type,No-Connect
W17,DXN_0,NA,0,NA,NA,CONFIG,NA
T18,VCCADC_0,NA,0,NA,NA,CONFIG,NA
T17,GNDADC_0,NA,0,NA,NA,CONFIG,NA
W18,DXP_0,NA,0,NA,NA,CONFIG,NA
U17,VREFN_0,NA,0,NA,NA,CONFIG,NA
V18,VREFP_0,NA,0,NA,NA,CONFIG,NA
U18,VP_0,NA,0,NA,NA,CONFIG,NA
V17,VN_0,NA,0,NA,NA,CONFIG,NA
K13,VCCBATT_0,NA,0,NA,NA,CONFIG,NA
W11,CCLK_0,NA,0,NA,NA,CONFIG,NA
AE12,TCK_0,NA,0,NA,NA,CONFIG,NA
AE13,TMS_0,NA,0,NA,NA,CONFIG,NA
AD13,TDO_0,NA,0,NA,NA,CONFIG,NA
AE14,TDI_0,NA,0,NA,NA,CONFIG,NA
V11,INIT_B_0,NA,0,NA,NA,CONFIG,NA
N11,PROGRAM_B_0,NA,0,NA,NA,CONFIG,NA
M12,CFGBVS_0,NA,0,NA,NA,CONFIG,NA
P11,DONE_0,NA,0,NA,NA,CONFIG,NA
K21,M2_0,NA,0,NA,NA,CONFIG,NA
L22,M0_0,NA,0,NA,NA,CONFIG,NA
K22,M1_0,NA,0,NA,NA,CONFIG,NA
AJ24,IO_0_12,NA,12,NA,NA,HR,NA
AL34,IO_L1P_T0_12,0,12,NA,NA,HR,NA
AM34,IO_L1N_T0_12,0,12,NA,NA,HR,NA
AJ33,IO_L2P_T0_12,0,12,NA,NA,HR,NA
AJ34,IO_L2N_T0_12,0,12,NA,NA,HR,NA
AN34,IO_L3P_T0_DQS_12,0,12,NA,NA,HR,NA
AP34,IO_L3N_T0_DQS_12,0,12,NA,NA,HR,NA
AK33,IO_L4P_T0_12,0,12,NA,NA,HR,NA
AL33,IO_L4N_T0_12,0,12,NA,NA,HR,NA
AN33,IO_L5P_T0_12,0,12,NA,NA,HR,NA
AP33,IO_L5N_T0_12,0,12,NA,NA,HR,NA
AL32,IO_L6P_T0_12,0,12,NA,NA,HR,NA
AM32,IO_L6N_T0_VREF_12,0,12,NA,NA,HR,NA
AJ31,IO_L7P_T1_12,1,12,NA,NA,HR,NA
AK32,IO_L7N_T1_12,1,12,NA,NA,HR,NA
AM31,IO_L8P_T1_12,1,12,NA,NA,HR,NA
AN32,IO_L8N_T1_12,1,12,NA,NA,HR,NA
AJ30,IO_L9P_T1_DQS_12,1,12,NA,NA,HR,NA
AK31,IO_L9N_T1_DQS_12,1,12,NA,NA,HR,NA
AN31,IO_L10P_T1_12,1,12,NA,NA,HR,NA
AP31,IO_L10N_T1_12,1,12,NA,NA,HR,NA
AJ29,IO_L11P_T1_SRCC_12,1,12,NA,NA,HR,NA
AK30,IO_L11N_T1_SRCC_12,1,12,NA,NA,HR,NA
AL30,IO_L12P_T1_MRCC_12,1,12,NA,NA,HR,NA
AM30,IO_L12N_T1_MRCC_12,1,12,NA,NA,HR,NA
AL28,IO_L13P_T2_MRCC_12,2,12,NA,NA,HR,NA
AL29,IO_L13N_T2_MRCC_12,2,12,NA,NA,HR,NA
AJ28,IO_L14P_T2_SRCC_12,2,12,NA,NA,HR,NA
AK28,IO_L14N_T2_SRCC_12,2,12,NA,NA,HR,NA
AP29,IO_L15P_T2_DQS_12,2,12,NA,NA,HR,NA
AP30,IO_L15N_T2_DQS_12,2,12,NA,NA,HR,NA
AM29,IO_L16P_T2_12,2,12,NA,NA,HR,NA
AN29,IO_L16N_T2_12,2,12,NA,NA,HR,NA
AN28,IO_L17P_T2_12,2,12,NA,NA,HR,NA
AP28,IO_L17N_T2_12,2,12,NA,NA,HR,NA
AK27,IO_L18P_T2_12,2,12,NA,NA,HR,NA
AL27,IO_L18N_T2_12,2,12,NA,NA,HR,NA
AJ25,IO_L19P_T3_12,3,12,NA,NA,HR,NA
AK25,IO_L19N_T3_VREF_12,3,12,NA,NA,HR,NA
AJ26,IO_L20P_T3_12,3,12,NA,NA,HR,NA
AK26,IO_L20N_T3_12,3,12,NA,NA,HR,NA
AM26,IO_L21P_T3_DQS_12,3,12,NA,NA,HR,NA
AN26,IO_L21N_T3_DQS_12,3,12,NA,NA,HR,NA
AM27,IO_L22P_T3_12,3,12,NA,NA,HR,NA
AN27,IO_L22N_T3_12,3,12,NA,NA,HR,NA
AL25,IO_L23P_T3_12,3,12,NA,NA,HR,NA
AM25,IO_L23N_T3_12,3,12,NA,NA,HR,NA
AP25,IO_L24P_T3_12,3,12,NA,NA,HR,NA
AP26,IO_L24N_T3_12,3,12,NA,NA,HR,NA
AL24,IO_25_12,NA,12,NA,NA,HR,NA
AD23,IO_0_13,NA,13,NA,NA,HR,NA
AF34,IO_L1P_T0_13,0,13,NA,NA,HR,NA
AG34,IO_L1N_T0_13,0,13,NA,NA,HR,NA
AD33,IO_L2P_T0_13,0,13,NA,NA,HR,NA
AD34,IO_L2N_T0_13,0,13,NA,NA,HR,NA
AH33,IO_L3P_T0_DQS_13,0,13,NA,NA,HR,NA
AH34,IO_L3N_T0_DQS_13,0,13,NA,NA,HR,NA
AE33,IO_L4P_T0_13,0,13,NA,NA,HR,NA
AF33,IO_L4N_T0_13,0,13,NA,NA,HR,NA
AG32,IO_L5P_T0_13,0,13,NA,NA,HR,NA
AH32,IO_L5N_T0_13,0,13,NA,NA,HR,NA
AE32,IO_L6P_T0_13,0,13,NA,NA,HR,NA
AF32,IO_L6N_T0_VREF_13,0,13,NA,NA,HR,NA
AD31,IO_L7P_T1_13,1,13,NA,NA,HR,NA
AE31,IO_L7N_T1_13,1,13,NA,NA,HR,NA
AD30,IO_L8P_T1_13,1,13,NA,NA,HR,NA
AE30,IO_L8N_T1_13,1,13,NA,NA,HR,NA
AD28,IO_L9P_T1_DQS_13,1,13,NA,NA,HR,NA
AD29,IO_L9N_T1_DQS_13,1,13,NA,NA,HR,NA
AG31,IO_L10P_T1_13,1,13,NA,NA,HR,NA
AH31,IO_L10N_T1_13,1,13,NA,NA,HR,NA
AF29,IO_L11P_T1_SRCC_13,1,13,NA,NA,HR,NA
AF30,IO_L11N_T1_SRCC_13,1,13,NA,NA,HR,NA
AG29,IO_L12P_T1_MRCC_13,1,13,NA,NA,HR,NA
AG30,IO_L12N_T1_MRCC_13,1,13,NA,NA,HR,NA
AH28,IO_L13P_T2_MRCC_13,2,13,NA,NA,HR,NA
AH29,IO_L13N_T2_MRCC_13,2,13,NA,NA,HR,NA
AE28,IO_L14P_T2_SRCC_13,2,13,NA,NA,HR,NA
AF28,IO_L14N_T2_SRCC_13,2,13,NA,NA,HR,NA
AD26,IO_L15P_T2_DQS_13,2,13,NA,NA,HR,NA
AE26,IO_L15N_T2_DQS_13,2,13,NA,NA,HR,NA
AC26,IO_L16P_T2_13,2,13,NA,NA,HR,NA
AC27,IO_L16N_T2_13,2,13,NA,NA,HR,NA
AG27,IO_L17P_T2_13,2,13,NA,NA,HR,NA
AH27,IO_L17N_T2_13,2,13,NA,NA,HR,NA
AE27,IO_L18P_T2_13,2,13,NA,NA,HR,NA
AF27,IO_L18N_T2_13,2,13,NA,NA,HR,NA
AG26,IO_L19P_T3_13,3,13,NA,NA,HR,NA
AH26,IO_L19N_T3_VREF_13,3,13,NA,NA,HR,NA
AE23,IO_L20P_T3_13,3,13,NA,NA,HR,NA
AF23,IO_L20N_T3_13,3,13,NA,NA,HR,NA
AG24,IO_L21P_T3_DQS_13,3,13,NA,NA,HR,NA
AH24,IO_L21N_T3_DQS_13,3,13,NA,NA,HR,NA
AC24,IO_L22P_T3_13,3,13,NA,NA,HR,NA
AD24,IO_L22N_T3_13,3,13,NA,NA,HR,NA
AF25,IO_L23P_T3_13,3,13,NA,NA,HR,NA
AG25,IO_L23N_T3_13,3,13,NA,NA,HR,NA
AD25,IO_L24P_T3_13,3,13,NA,NA,HR,NA
AE25,IO_L24N_T3_13,3,13,NA,NA,HR,NA
AF24,IO_25_13,NA,13,NA,NA,HR,NA
V24,IO_0_14,NA,14,NA,NA,HR,NA
V28,IO_L1P_T0_D00_MOSI_14,0,14,NA,NA,HR,NA
V29,IO_L1N_T0_D01_DIN_14,0,14,NA,NA,HR,NA
V26,IO_L2P_T0_D02_14,0,14,NA,NA,HR,NA
V27,IO_L2N_T0_D03_14,0,14,NA,NA,HR,NA
W26,IO_L3P_T0_DQS_PUDC_B_14,0,14,NA,NA,HR,NA
Y26,IO_L3N_T0_DQS_EMCCLK_14,0,14,NA,NA,HR,NA
W28,IO_L4P_T0_D04_14,0,14,NA,NA,HR,NA
W29,IO_L4N_T0_D05_14,0,14,NA,NA,HR,NA
W25,IO_L5P_T0_D06_14,0,14,NA,NA,HR,NA
Y25,IO_L5N_T0_D07_14,0,14,NA,NA,HR,NA
Y27,IO_L6P_T0_FCS_B_14,0,14,NA,NA,HR,NA
Y28,IO_L6N_T0_D08_VREF_14,0,14,NA,NA,HR,NA
V31,IO_L7P_T1_D09_14,1,14,NA,NA,HR,NA
V32,IO_L7N_T1_D10_14,1,14,NA,NA,HR,NA
W33,IO_L8P_T1_D11_14,1,14,NA,NA,HR,NA
W34,IO_L8N_T1_D12_14,1,14,NA,NA,HR,NA
V33,IO_L9P_T1_DQS_14,1,14,NA,NA,HR,NA
V34,IO_L9N_T1_DQS_D13_14,1,14,NA,NA,HR,NA
Y32,IO_L10P_T1_D14_14,1,14,NA,NA,HR,NA
Y33,IO_L10N_T1_D15_14,1,14,NA,NA,HR,NA
W30,IO_L11P_T1_SRCC_14,1,14,NA,NA,HR,NA
W31,IO_L11N_T1_SRCC_14,1,14,NA,NA,HR,NA
Y30,IO_L12P_T1_MRCC_14,1,14,NA,NA,HR,NA
Y31,IO_L12N_T1_MRCC_14,1,14,NA,NA,HR,NA
AA30,IO_L13P_T2_MRCC_14,2,14,NA,NA,HR,NA
AB30,IO_L13N_T2_MRCC_14,2,14,NA,NA,HR,NA
AB31,IO_L14P_T2_SRCC_14,2,14,NA,NA,HR,NA
AB32,IO_L14N_T2_SRCC_14,2,14,NA,NA,HR,NA
AC33,IO_L15P_T2_DQS_RDWR_B_14,2,14,NA,NA,HR,NA
AC34,IO_L15N_T2_DQS_DOUT_CSO_B_14,2,14,NA,NA,HR,NA
AA32,IO_L16P_T2_CSI_B_14,2,14,NA,NA,HR,NA
AA33,IO_L16N_T2_A15_D31_14,2,14,NA,NA,HR,NA
AC31,IO_L17P_T2_A14_D30_14,2,14,NA,NA,HR,NA
AC32,IO_L17N_T2_A13_D29_14,2,14,NA,NA,HR,NA
AA34,IO_L18P_T2_A12_D28_14,2,14,NA,NA,HR,NA
AB34,IO_L18N_T2_A11_D27_14,2,14,NA,NA,HR,NA
AC28,IO_L19P_T3_A10_D26_14,3,14,NA,NA,HR,NA
AC29,IO_L19N_T3_A09_D25_VREF_14,3,14,NA,NA,HR,NA
AA27,IO_L20P_T3_A08_D24_14,3,14,NA,NA,HR,NA
AA28,IO_L20N_T3_A07_D23_14,3,14,NA,NA,HR,NA
AB26,IO_L21P_T3_DQS_14,3,14,NA,NA,HR,NA
AB27,IO_L21N_T3_DQS_A06_D22_14,3,14,NA,NA,HR,NA
AA29,IO_L22P_T3_A05_D21_14,3,14,NA,NA,HR,NA
AB29,IO_L22N_T3_A04_D20_14,3,14,NA,NA,HR,NA
AA24,IO_L23P_T3_A03_D19_14,3,14,NA,NA,HR,NA
AA25,IO_L23N_T3_A02_D18_14,3,14,NA,NA,HR,NA
AB24,IO_L24P_T3_A01_D17_14,3,14,NA,NA,HR,NA
AB25,IO_L24N_T3_A00_D16_14,3,14,NA,NA,HR,NA
W24,IO_25_14,NA,14,NA,NA,HR,NA
T24,IO_0_15,NA,15,NA,NA,HR,NA
R26,IO_L1P_T0_AD0P_15,0,15,NA,NA,HR,NA
P26,IO_L1N_T0_AD0N_15,0,15,NA,NA,HR,NA
N26,IO_L2P_T0_AD8P_15,0,15,NA,NA,HR,NA
M27,IO_L2N_T0_AD8N_15,0,15,NA,NA,HR,NA
U25,IO_L3P_T0_DQS_AD1P_15,0,15,NA,NA,HR,NA
T25,IO_L3N_T0_DQS_AD1N_15,0,15,NA,NA,HR,NA
P24,IO_L4P_T0_15,0,15,NA,NA,HR,NA
N24,IO_L4N_T0_15,0,15,NA,NA,HR,NA
U26,IO_L5P_T0_AD9P_15,0,15,NA,NA,HR,NA
U27,IO_L5N_T0_AD9N_15,0,15,NA,NA,HR,NA
R25,IO_L6P_T0_15,0,15,NA,NA,HR,NA
P25,IO_L6N_T0_VREF_15,0,15,NA,NA,HR,NA
T27,IO_L7P_T1_AD2P_15,1,15,NA,NA,HR,NA
R27,IO_L7N_T1_AD2N_15,1,15,NA,NA,HR,NA
N27,IO_L8P_T1_AD10P_15,1,15,NA,NA,HR,NA
N28,IO_L8N_T1_AD10N_15,1,15,NA,NA,HR,NA
T28,IO_L9P_T1_DQS_AD3P_15,1,15,NA,NA,HR,NA
R28,IO_L9N_T1_DQS_AD3N_15,1,15,NA,NA,HR,NA
N29,IO_L10P_T1_AD11P_15,1,15,NA,NA,HR,NA
M29,IO_L10N_T1_AD11N_15,1,15,NA,NA,HR,NA
U29,IO_L11P_T1_SRCC_15,1,15,NA,NA,HR,NA
T29,IO_L11N_T1_SRCC_15,1,15,NA,NA,HR,NA
P28,IO_L12P_T1_MRCC_15,1,15,NA,NA,HR,NA
P29,IO_L12N_T1_MRCC_15,1,15,NA,NA,HR,NA
R30,IO_L13P_T2_MRCC_15,2,15,NA,NA,HR,NA
P30,IO_L13N_T2_MRCC_15,2,15,NA,NA,HR,NA
U30,IO_L14P_T2_SRCC_15,2,15,NA,NA,HR,NA
T30,IO_L14N_T2_SRCC_15,2,15,NA,NA,HR,NA
M30,IO_L15P_T2_DQS_15,2,15,NA,NA,HR,NA
M31,IO_L15N_T2_DQS_ADV_B_15,2,15,NA,NA,HR,NA
R31,IO_L16P_T2_A28_15,2,15,NA,NA,HR,NA
P31,IO_L16N_T2_A27_15,2,15,NA,NA,HR,NA
N31,IO_L17P_T2_A26_15,2,15,NA,NA,HR,NA
M32,IO_L17N_T2_A25_15,2,15,NA,NA,HR,NA
U31,IO_L18P_T2_A24_15,2,15,NA,NA,HR,NA
U32,IO_L18N_T2_A23_15,2,15,NA,NA,HR,NA
T32,IO_L19P_T3_A22_15,3,15,NA,NA,HR,NA
R32,IO_L19N_T3_A21_VREF_15,3,15,NA,NA,HR,NA
N32,IO_L20P_T3_A20_15,3,15,NA,NA,HR,NA
N33,IO_L20N_T3_A19_15,3,15,NA,NA,HR,NA
T33,IO_L21P_T3_DQS_15,3,15,NA,NA,HR,NA
R33,IO_L21N_T3_DQS_A18_15,3,15,NA,NA,HR,NA
N34,IO_L22P_T3_A17_15,3,15,NA,NA,HR,NA
M34,IO_L22N_T3_A16_15,3,15,NA,NA,HR,NA
U34,IO_L23P_T3_FOE_B_15,3,15,NA,NA,HR,NA
T34,IO_L23N_T3_FWE_B_15,3,15,NA,NA,HR,NA
P33,IO_L24P_T3_RS1_15,3,15,NA,NA,HR,NA
P34,IO_L24N_T3_RS0_15,3,15,NA,NA,HR,NA
U24,IO_25_15,NA,15,NA,NA,HR,NA
L23,IO_0_16,NA,16,NA,NA,HR,NA
M24,IO_L1P_T0_16,0,16,NA,NA,HR,NA
L24,IO_L1N_T0_16,0,16,NA,NA,HR,NA
K23,IO_L2P_T0_16,0,16,NA,NA,HR,NA
J23,IO_L2N_T0_16,0,16,NA,NA,HR,NA
G24,IO_L3P_T0_DQS_16,0,16,NA,NA,HR,NA
G25,IO_L3N_T0_DQS_16,0,16,NA,NA,HR,NA
K25,IO_L4P_T0_16,0,16,NA,NA,HR,NA
J25,IO_L4N_T0_16,0,16,NA,NA,HR,NA
M25,IO_L5P_T0_16,0,16,NA,NA,HR,NA
L25,IO_L5N_T0_16,0,16,NA,NA,HR,NA
J24,IO_L6P_T0_16,0,16,NA,NA,HR,NA
H24,IO_L6N_T0_VREF_16,0,16,NA,NA,HR,NA
H27,IO_L7P_T1_16,1,16,NA,NA,HR,NA
G27,IO_L7N_T1_16,1,16,NA,NA,HR,NA
H26,IO_L8P_T1_16,1,16,NA,NA,HR,NA
G26,IO_L8N_T1_16,1,16,NA,NA,HR,NA
L27,IO_L9P_T1_DQS_16,1,16,NA,NA,HR,NA
K27,IO_L9N_T1_DQS_16,1,16,NA,NA,HR,NA
K26,IO_L10P_T1_16,1,16,NA,NA,HR,NA
J26,IO_L10N_T1_16,1,16,NA,NA,HR,NA
L28,IO_L11P_T1_SRCC_16,1,16,NA,NA,HR,NA
K28,IO_L11N_T1_SRCC_16,1,16,NA,NA,HR,NA
J28,IO_L12P_T1_MRCC_16,1,16,NA,NA,HR,NA
H28,IO_L12N_T1_MRCC_16,1,16,NA,NA,HR,NA
J29,IO_L13P_T2_MRCC_16,2,16,NA,NA,HR,NA
H29,IO_L13N_T2_MRCC_16,2,16,NA,NA,HR,NA
K30,IO_L14P_T2_SRCC_16,2,16,NA,NA,HR,NA
J30,IO_L14N_T2_SRCC_16,2,16,NA,NA,HR,NA
G29,IO_L15P_T2_DQS_16,2,16,NA,NA,HR,NA
G30,IO_L15N_T2_DQS_16,2,16,NA,NA,HR,NA
K31,IO_L16P_T2_16,2,16,NA,NA,HR,NA
J31,IO_L16N_T2_16,2,16,NA,NA,HR,NA
H31,IO_L17P_T2_16,2,16,NA,NA,HR,NA
G31,IO_L17N_T2_16,2,16,NA,NA,HR,NA
L29,IO_L18P_T2_16,2,16,NA,NA,HR,NA
L30,IO_L18N_T2_16,2,16,NA,NA,HR,NA
H32,IO_L19P_T3_16,3,16,NA,NA,HR,NA
G32,IO_L19N_T3_VREF_16,3,16,NA,NA,HR,NA
K33,IO_L20P_T3_16,3,16,NA,NA,HR,NA
J34,IO_L20N_T3_16,3,16,NA,NA,HR,NA
H33,IO_L21P_T3_DQS_16,3,16,NA,NA,HR,NA
G34,IO_L21N_T3_DQS_16,3,16,NA,NA,HR,NA
L32,IO_L22P_T3_16,3,16,NA,NA,HR,NA
K32,IO_L22N_T3_16,3,16,NA,NA,HR,NA
J33,IO_L23P_T3_16,3,16,NA,NA,HR,NA
H34,IO_L23N_T3_16,3,16,NA,NA,HR,NA
L33,IO_L24P_T3_16,3,16,NA,NA,HR,NA
L34,IO_L24N_T3_16,3,16,NA,NA,HR,NA
M26,IO_25_16,NA,16,NA,NA,HR,NA
F24,NC,NA,NOPAD/UNCONNECTED,NA,NA,NA,NA
D24,NC,NA,NOPAD/UNCONNECTED,NA,NA,NA,NA
D25,NC,NA,NOPAD/UNCONNECTED,NA,NA,NA,NA
B27,NC,NA,NOPAD/UNCONNECTED,NA,NA,NA,NA
A27,NC,NA,NOPAD/UNCONNECTED,NA,NA,NA,NA
C26,NC,NA,NOPAD/UNCONNECTED,NA,NA,NA,NA
B26,NC,NA,NOPAD/UNCONNECTED,NA,NA,NA,NA
B25,NC,NA,NOPAD/UNCONNECTED,NA,NA,NA,NA
A25,NC,NA,NOPAD/UNCONNECTED,NA,NA,NA,NA
E26,NC,NA,NOPAD/UNCONNECTED,NA,NA,NA,NA
D26,NC,NA,NOPAD/UNCONNECTED,NA,NA,NA,NA
F25,NC,NA,NOPAD/UNCONNECTED,NA,NA,NA,NA
E25,NC,NA,NOPAD/UNCONNECTED,NA,NA,NA,NA
C29,NC,NA,NOPAD/UNCONNECTED,NA,NA,NA,NA
B29,NC,NA,NOPAD/UNCONNECTED,NA,NA,NA,NA
A28,NC,NA,NOPAD/UNCONNECTED,NA,NA,NA,NA
A29,NC,NA,NOPAD/UNCONNECTED,NA,NA,NA,NA
E27,NC,NA,NOPAD/UNCONNECTED,NA,NA,NA,NA
E28,NC,NA,NOPAD/UNCONNECTED,NA,NA,NA,NA
C27,NC,NA,NOPAD/UNCONNECTED,NA,NA,NA,NA
C28,NC,NA,NOPAD/UNCONNECTED,NA,NA,NA,NA
F28,NC,NA,NOPAD/UNCONNECTED,NA,NA,NA,NA
F29,NC,NA,NOPAD/UNCONNECTED,NA,NA,NA,NA
D28,NC,NA,NOPAD/UNCONNECTED,NA,NA,NA,NA
D29,NC,NA,NOPAD/UNCONNECTED,NA,NA,NA,NA
E30,NC,NA,NOPAD/UNCONNECTED,NA,NA,NA,NA
D30,NC,NA,NOPAD/UNCONNECTED,NA,NA,NA,NA
F30,NC,NA,NOPAD/UNCONNECTED,NA,NA,NA,NA
E31,NC,NA,NOPAD/UNCONNECTED,NA,NA,NA,NA
B30,NC,NA,NOPAD/UNCONNECTED,NA,NA,NA,NA
A30,NC,NA,NOPAD/UNCONNECTED,NA,NA,NA,NA
D31,NC,NA,NOPAD/UNCONNECTED,NA,NA,NA,NA
C31,NC,NA,NOPAD/UNCONNECTED,NA,NA,NA,NA
B31,NC,NA,NOPAD/UNCONNECTED,NA,NA,NA,NA
A32,NC,NA,NOPAD/UNCONNECTED,NA,NA,NA,NA
C32,NC,NA,NOPAD/UNCONNECTED,NA,NA,NA,NA
B32,NC,NA,NOPAD/UNCONNECTED,NA,NA,NA,NA
F32,NC,NA,NOPAD/UNCONNECTED,NA,NA,NA,NA
E32,NC,NA,NOPAD/UNCONNECTED,NA,NA,NA,NA
A33,NC,NA,NOPAD/UNCONNECTED,NA,NA,NA,NA
A34,NC,NA,NOPAD/UNCONNECTED,NA,NA,NA,NA
D33,NC,NA,NOPAD/UNCONNECTED,NA,NA,NA,NA
C33,NC,NA,NOPAD/UNCONNECTED,NA,NA,NA,NA
C34,NC,NA,NOPAD/UNCONNECTED,NA,NA,NA,NA
B34,NC,NA,NOPAD/UNCONNECTED,NA,NA,NA,NA
E33,NC,NA,NOPAD/UNCONNECTED,NA,NA,NA,NA
D34,NC,NA,NOPAD/UNCONNECTED,NA,NA,NA,NA
F33,NC,NA,NOPAD/UNCONNECTED,NA,NA,NA,NA
F34,NC,NA,NOPAD/UNCONNECTED,NA,NA,NA,NA
F27,NC,NA,NOPAD/UNCONNECTED,NA,NA,NA,NA
AJ9,IO_0_32,NA,32,NA,NA,HR,NA
AN1,IO_L1P_T0_32,0,32,NA,NA,HR,NA
AP1,IO_L1N_T0_32,0,32,NA,NA,HR,NA
AK2,IO_L2P_T0_32,0,32,NA,NA,HR,NA
AK1,IO_L2N_T0_32,0,32,NA,NA,HR,NA
AM2,IO_L3P_T0_DQS_32,0,32,NA,NA,HR,NA
AN2,IO_L3N_T0_DQS_32,0,32,NA,NA,HR,NA
AL2,IO_L4P_T0_32,0,32,NA,NA,HR,NA
AM1,IO_L4N_T0_32,0,32,NA,NA,HR,NA
AN3,IO_L5P_T0_32,0,32,NA,NA,HR,NA
AP3,IO_L5N_T0_32,0,32,NA,NA,HR,NA
AK3,IO_L6P_T0_32,0,32,NA,NA,HR,NA
AL3,IO_L6N_T0_VREF_32,0,32,NA,NA,HR,NA
AN4,IO_L7P_T1_32,1,32,NA,NA,HR,NA
AP4,IO_L7N_T1_32,1,32,NA,NA,HR,NA
AJ5,IO_L8P_T1_32,1,32,NA,NA,HR,NA
AK5,IO_L8N_T1_32,1,32,NA,NA,HR,NA
AP6,IO_L9P_T1_DQS_32,1,32,NA,NA,HR,NA
AP5,IO_L9N_T1_DQS_32,1,32,NA,NA,HR,NA
AL4,IO_L10P_T1_32,1,32,NA,NA,HR,NA
AM4,IO_L10N_T1_32,1,32,NA,NA,HR,NA
AL5,IO_L11P_T1_SRCC_32,1,32,NA,NA,HR,NA
AM5,IO_L11N_T1_SRCC_32,1,32,NA,NA,HR,NA
AJ6,IO_L12P_T1_MRCC_32,1,32,NA,NA,HR,NA
AK6,IO_L12N_T1_MRCC_32,1,32,NA,NA,HR,NA
AK7,IO_L13P_T2_MRCC_32,2,32,NA,NA,HR,NA
AL7,IO_L13N_T2_MRCC_32,2,32,NA,NA,HR,NA
AM7,IO_L14P_T2_SRCC_32,2,32,NA,NA,HR,NA
AM6,IO_L14N_T2_SRCC_32,2,32,NA,NA,HR,NA
AJ8,IO_L15P_T2_DQS_32,2,32,NA,NA,HR,NA
AK8,IO_L15N_T2_DQS_32,2,32,NA,NA,HR,NA
AN8,IO_L16P_T2_32,2,32,NA,NA,HR,NA
AP8,IO_L16N_T2_32,2,32,NA,NA,HR,NA
AN7,IO_L17P_T2_32,2,32,NA,NA,HR,NA
AN6,IO_L17N_T2_32,2,32,NA,NA,HR,NA
AN9,IO_L18P_T2_32,2,32,NA,NA,HR,NA
AP9,IO_L18N_T2_32,2,32,NA,NA,HR,NA
AJ10,IO_L19P_T3_32,3,32,NA,NA,HR,NA
AK10,IO_L19N_T3_VREF_32,3,32,NA,NA,HR,NA
AP11,IO_L20P_T3_32,3,32,NA,NA,HR,NA
AP10,IO_L20N_T3_32,3,32,NA,NA,HR,NA
AL9,IO_L21P_T3_DQS_32,3,32,NA,NA,HR,NA
AM9,IO_L21N_T3_DQS_32,3,32,NA,NA,HR,NA
AM11,IO_L22P_T3_32,3,32,NA,NA,HR,NA
AN11,IO_L22N_T3_32,3,32,NA,NA,HR,NA
AJ11,IO_L23P_T3_32,3,32,NA,NA,HR,NA
AK11,IO_L23N_T3_32,3,32,NA,NA,HR,NA
AL10,IO_L24P_T3_32,3,32,NA,NA,HR,NA
AM10,IO_L24N_T3_32,3,32,NA,NA,HR,NA
AL8,IO_25_32,NA,32,NA,NA,HR,NA
AC11,IO_0_33,NA,33,NA,NA,HR,NA
AG1,IO_L1P_T0_33,0,33,NA,NA,HR,NA
AH1,IO_L1N_T0_33,0,33,NA,NA,HR,NA
AD1,IO_L2P_T0_33,0,33,NA,NA,HR,NA
AE1,IO_L2N_T0_33,0,33,NA,NA,HR,NA
AH2,IO_L3P_T0_DQS_33,0,33,NA,NA,HR,NA
AJ1,IO_L3N_T0_DQS_33,0,33,NA,NA,HR,NA
AE2,IO_L4P_T0_33,0,33,NA,NA,HR,NA
AF2,IO_L4N_T0_33,0,33,NA,NA,HR,NA
AF3,IO_L5P_T0_33,0,33,NA,NA,HR,NA
AG2,IO_L5N_T0_33,0,33,NA,NA,HR,NA
AH3,IO_L6P_T0_33,0,33,NA,NA,HR,NA
AJ3,IO_L6N_T0_VREF_33,0,33,NA,NA,HR,NA
AF4,IO_L7P_T1_33,1,33,NA,NA,HR,NA
AG4,IO_L7N_T1_33,1,33,NA,NA,HR,NA
AD5,IO_L8P_T1_33,1,33,NA,NA,HR,NA
AD4,IO_L8N_T1_33,1,33,NA,NA,HR,NA
AH4,IO_L9P_T1_DQS_33,1,33,NA,NA,HR,NA
AJ4,IO_L9N_T1_DQS_33,1,33,NA,NA,HR,NA
AD3,IO_L10P_T1_33,1,33,NA,NA,HR,NA
AE3,IO_L10N_T1_33,1,33,NA,NA,HR,NA
AG6,IO_L11P_T1_SRCC_33,1,33,NA,NA,HR,NA
AG5,IO_L11N_T1_SRCC_33,1,33,NA,NA,HR,NA
AE5,IO_L12P_T1_MRCC_33,1,33,NA,NA,HR,NA
AF5,IO_L12N_T1_MRCC_33,1,33,NA,NA,HR,NA
AD6,IO_L13P_T2_MRCC_33,2,33,NA,NA,HR,NA
AE6,IO_L13N_T2_MRCC_33,2,33,NA,NA,HR,NA
AF7,IO_L14P_T2_SRCC_33,2,33,NA,NA,HR,NA
AG7,IO_L14N_T2_SRCC_33,2,33,NA,NA,HR,NA
AD9,IO_L15P_T2_DQS_33,2,33,NA,NA,HR,NA
AD8,IO_L15N_T2_DQS_33,2,33,NA,NA,HR,NA
AE8,IO_L16P_T2_33,2,33,NA,NA,HR,NA
AE7,IO_L16N_T2_33,2,33,NA,NA,HR,NA
AH7,IO_L17P_T2_33,2,33,NA,NA,HR,NA
AH6,IO_L17N_T2_33,2,33,NA,NA,HR,NA
AF9,IO_L18P_T2_33,2,33,NA,NA,HR,NA
AF8,IO_L18N_T2_33,2,33,NA,NA,HR,NA
AH9,IO_L19P_T3_33,3,33,NA,NA,HR,NA
AH8,IO_L19N_T3_VREF_33,3,33,NA,NA,HR,NA
AF12,IO_L20P_T3_33,3,33,NA,NA,HR,NA
AG12,IO_L20N_T3_33,3,33,NA,NA,HR,NA
AG10,IO_L21P_T3_DQS_33,3,33,NA,NA,HR,NA
AG9,IO_L21N_T3_DQS_33,3,33,NA,NA,HR,NA
AD11,IO_L22P_T3_33,3,33,NA,NA,HR,NA
AE11,IO_L22N_T3_33,3,33,NA,NA,HR,NA
AG11,IO_L23P_T3_33,3,33,NA,NA,HR,NA
AH11,IO_L23N_T3_33,3,33,NA,NA,HR,NA
AD10,IO_L24P_T3_33,3,33,NA,NA,HR,NA
AE10,IO_L24N_T3_33,3,33,NA,NA,HR,NA
AF10,IO_25_33,NA,33,NA,NA,HR,NA
Y11,IO_0_34,NA,34,NA,NA,HR,NA
W10,IO_L1P_T0_34,0,34,NA,NA,HR,NA
Y10,IO_L1N_T0_34,0,34,NA,NA,HR,NA
V9,IO_L2P_T0_34,0,34,NA,NA,HR,NA
V8,IO_L2N_T0_34,0,34,NA,NA,HR,NA
W9,IO_L3P_T0_DQS_34,0,34,NA,NA,HR,NA
W8,IO_L3N_T0_DQS_34,0,34,NA,NA,HR,NA
V7,IO_L4P_T0_34,0,34,NA,NA,HR,NA
V6,IO_L4N_T0_34,0,34,NA,NA,HR,NA
Y8,IO_L5P_T0_34,0,34,NA,NA,HR,NA
Y7,IO_L5N_T0_34,0,34,NA,NA,HR,NA
W6,IO_L6P_T0_34,0,34,NA,NA,HR,NA
Y6,IO_L6N_T0_VREF_34,0,34,NA,NA,HR,NA
W1,IO_L7P_T1_34,1,34,NA,NA,HR,NA
Y1,IO_L7N_T1_34,1,34,NA,NA,HR,NA
V2,IO_L8P_T1_34,1,34,NA,NA,HR,NA
V1,IO_L8N_T1_34,1,34,NA,NA,HR,NA
Y3,IO_L9P_T1_DQS_34,1,34,NA,NA,HR,NA
Y2,IO_L9N_T1_DQS_34,1,34,NA,NA,HR,NA
V3,IO_L10P_T1_34,1,34,NA,NA,HR,NA
W3,IO_L10N_T1_34,1,34,NA,NA,HR,NA
V4,IO_L11P_T1_SRCC_34,1,34,NA,NA,HR,NA
W4,IO_L11N_T1_SRCC_34,1,34,NA,NA,HR,NA
W5,IO_L12P_T1_MRCC_34,1,34,NA,NA,HR,NA
Y5,IO_L12N_T1_MRCC_34,1,34,NA,NA,HR,NA
AA5,IO_L13P_T2_MRCC_34,2,34,NA,NA,HR,NA
AA4,IO_L13N_T2_MRCC_34,2,34,NA,NA,HR,NA
AB5,IO_L14P_T2_SRCC_34,2,34,NA,NA,HR,NA
AB4,IO_L14N_T2_SRCC_34,2,34,NA,NA,HR,NA
AB2,IO_L15P_T2_DQS_34,2,34,NA,NA,HR,NA
AB1,IO_L15N_T2_DQS_34,2,34,NA,NA,HR,NA
AA3,IO_L16P_T2_34,2,34,NA,NA,HR,NA
AA2,IO_L16N_T2_34,2,34,NA,NA,HR,NA
AC2,IO_L17P_T2_34,2,34,NA,NA,HR,NA
AC1,IO_L17N_T2_34,2,34,NA,NA,HR,NA
AC4,IO_L18P_T2_34,2,34,NA,NA,HR,NA
AC3,IO_L18N_T2_34,2,34,NA,NA,HR,NA
AA8,IO_L19P_T3_34,3,34,NA,NA,HR,NA
AA7,IO_L19N_T3_VREF_34,3,34,NA,NA,HR,NA
AC7,IO_L20P_T3_34,3,34,NA,NA,HR,NA
AC6,IO_L20N_T3_34,3,34,NA,NA,HR,NA
AB7,IO_L21P_T3_DQS_34,3,34,NA,NA,HR,NA
AB6,IO_L21N_T3_DQS_34,3,34,NA,NA,HR,NA
AC9,IO_L22P_T3_34,3,34,NA,NA,HR,NA
AC8,IO_L22N_T3_34,3,34,NA,NA,HR,NA
AA10,IO_L23P_T3_34,3,34,NA,NA,HR,NA
AA9,IO_L23N_T3_34,3,34,NA,NA,HR,NA
AB10,IO_L24P_T3_34,3,34,NA,NA,HR,NA
AB9,IO_L24N_T3_34,3,34,NA,NA,HR,NA
AB11,IO_25_34,NA,34,NA,NA,HR,NA
R11,IO_0_35,NA,35,NA,NA,HR,NA
M7,IO_L1P_T0_AD4P_35,0,35,NA,NA,HR,NA
M6,IO_L1N_T0_AD4N_35,0,35,NA,NA,HR,NA
N9,IO_L2P_T0_AD12P_35,0,35,NA,NA,HR,NA
M9,IO_L2N_T0_AD12N_35,0,35,NA,NA,HR,NA
N8,IO_L3P_T0_DQS_AD5P_35,0,35,NA,NA,HR,NA
N7,IO_L3N_T0_DQS_AD5N_35,0,35,NA,NA,HR,NA
M11,IO_L4P_T0_35,0,35,NA,NA,HR,NA
M10,IO_L4N_T0_35,0,35,NA,NA,HR,NA
P9,IO_L5P_T0_AD13P_35,0,35,NA,NA,HR,NA
P8,IO_L5N_T0_AD13N_35,0,35,NA,NA,HR,NA
P6,IO_L6P_T0_35,0,35,NA,NA,HR,NA
N6,IO_L6N_T0_VREF_35,0,35,NA,NA,HR,NA
N1,IO_L7P_T1_AD6P_35,1,35,NA,NA,HR,NA
M1,IO_L7N_T1_AD6N_35,1,35,NA,NA,HR,NA
M5,IO_L8P_T1_AD14P_35,1,35,NA,NA,HR,NA
M4,IO_L8N_T1_AD14N_35,1,35,NA,NA,HR,NA
R1,IO_L9P_T1_DQS_AD7P_35,1,35,NA,NA,HR,NA
P1,IO_L9N_T1_DQS_AD7N_35,1,35,NA,NA,HR,NA
N3,IO_L10P_T1_AD15P_35,1,35,NA,NA,HR,NA
N2,IO_L10N_T1_AD15N_35,1,35,NA,NA,HR,NA
P4,IO_L11P_T1_SRCC_35,1,35,NA,NA,HR,NA
P3,IO_L11N_T1_SRCC_35,1,35,NA,NA,HR,NA
P5,IO_L12P_T1_MRCC_35,1,35,NA,NA,HR,NA
N4,IO_L12N_T1_MRCC_35,1,35,NA,NA,HR,NA
R6,IO_L13P_T2_MRCC_35,2,35,NA,NA,HR,NA
R5,IO_L13N_T2_MRCC_35,2,35,NA,NA,HR,NA
T5,IO_L14P_T2_SRCC_35,2,35,NA,NA,HR,NA
T4,IO_L14N_T2_SRCC_35,2,35,NA,NA,HR,NA
R3,IO_L15P_T2_DQS_35,2,35,NA,NA,HR,NA
R2,IO_L15N_T2_DQS_35,2,35,NA,NA,HR,NA
U2,IO_L16P_T2_35,2,35,NA,NA,HR,NA
U1,IO_L16N_T2_35,2,35,NA,NA,HR,NA
T3,IO_L17P_T2_35,2,35,NA,NA,HR,NA
T2,IO_L17N_T2_35,2,35,NA,NA,HR,NA
U5,IO_L18P_T2_35,2,35,NA,NA,HR,NA
U4,IO_L18N_T2_35,2,35,NA,NA,HR,NA
R8,IO_L19P_T3_35,3,35,NA,NA,HR,NA
R7,IO_L19N_T3_VREF_35,3,35,NA,NA,HR,NA
R10,IO_L20P_T3_35,3,35,NA,NA,HR,NA
P10,IO_L20N_T3_35,3,35,NA,NA,HR,NA
U10,IO_L21P_T3_DQS_35,3,35,NA,NA,HR,NA
T10,IO_L21N_T3_DQS_35,3,35,NA,NA,HR,NA
U7,IO_L22P_T3_35,3,35,NA,NA,HR,NA
U6,IO_L22N_T3_35,3,35,NA,NA,HR,NA
T8,IO_L23P_T3_35,3,35,NA,NA,HR,NA
T7,IO_L23N_T3_35,3,35,NA,NA,HR,NA
U9,IO_L24P_T3_35,3,35,NA,NA,HR,NA
T9,IO_L24N_T3_35,3,35,NA,NA,HR,NA
U11,IO_25_35,NA,35,NA,NA,HR,NA
H12,IO_0_36,NA,36,NA,NA,HR,NA
L12,IO_L1P_T0_36,0,36,NA,NA,HR,NA
K12,IO_L1N_T0_36,0,36,NA,NA,HR,NA
G10,IO_L2P_T0_36,0,36,NA,NA,HR,NA
G9,IO_L2N_T0_36,0,36,NA,NA,HR,NA
K11,IO_L3P_T0_DQS_36,0,36,NA,NA,HR,NA
J11,IO_L3N_T0_DQS_36,0,36,NA,NA,HR,NA
H11,IO_L4P_T0_36,0,36,NA,NA,HR,NA
G11,IO_L4N_T0_36,0,36,NA,NA,HR,NA
L10,IO_L5P_T0_36,0,36,NA,NA,HR,NA
L9,IO_L5N_T0_36,0,36,NA,NA,HR,NA
K10,IO_L6P_T0_36,0,36,NA,NA,HR,NA
J10,IO_L6N_T0_VREF_36,0,36,NA,NA,HR,NA
J9,IO_L7P_T1_36,1,36,NA,NA,HR,NA
J8,IO_L7N_T1_36,1,36,NA,NA,HR,NA
H9,IO_L8P_T1_36,1,36,NA,NA,HR,NA
H8,IO_L8N_T1_36,1,36,NA,NA,HR,NA
L8,IO_L9P_T1_DQS_36,1,36,NA,NA,HR,NA
K8,IO_L9N_T1_DQS_36,1,36,NA,NA,HR,NA
G7,IO_L10P_T1_36,1,36,NA,NA,HR,NA
G6,IO_L10N_T1_36,1,36,NA,NA,HR,NA
K7,IO_L11P_T1_SRCC_36,1,36,NA,NA,HR,NA
K6,IO_L11N_T1_SRCC_36,1,36,NA,NA,HR,NA
H7,IO_L12P_T1_MRCC_36,1,36,NA,NA,HR,NA
H6,IO_L12N_T1_MRCC_36,1,36,NA,NA,HR,NA
G5,IO_L13P_T2_MRCC_36,2,36,NA,NA,HR,NA
G4,IO_L13N_T2_MRCC_36,2,36,NA,NA,HR,NA
J6,IO_L14P_T2_SRCC_36,2,36,NA,NA,HR,NA
J5,IO_L14N_T2_SRCC_36,2,36,NA,NA,HR,NA
F3,IO_L15P_T2_DQS_36,2,36,NA,NA,HR,NA
F2,IO_L15N_T2_DQS_36,2,36,NA,NA,HR,NA
L5,IO_L16P_T2_36,2,36,NA,NA,HR,NA
K5,IO_L16N_T2_36,2,36,NA,NA,HR,NA
H4,IO_L17P_T2_36,2,36,NA,NA,HR,NA
H3,IO_L17N_T2_36,2,36,NA,NA,HR,NA
J4,IO_L18P_T2_36,2,36,NA,NA,HR,NA
J3,IO_L18N_T2_36,2,36,NA,NA,HR,NA
L4,IO_L19P_T3_36,3,36,NA,NA,HR,NA
L3,IO_L19N_T3_VREF_36,3,36,NA,NA,HR,NA
H2,IO_L20P_T3_36,3,36,NA,NA,HR,NA
G2,IO_L20N_T3_36,3,36,NA,NA,HR,NA
K1,IO_L21P_T3_DQS_36,3,36,NA,NA,HR,NA
J1,IO_L21N_T3_DQS_36,3,36,NA,NA,HR,NA
H1,IO_L22P_T3_36,3,36,NA,NA,HR,NA
G1,IO_L22N_T3_36,3,36,NA,NA,HR,NA
M2,IO_L23P_T3_36,3,36,NA,NA,HR,NA
L2,IO_L23N_T3_36,3,36,NA,NA,HR,NA
K3,IO_L24P_T3_36,3,36,NA,NA,HR,NA
K2,IO_L24N_T3_36,3,36,NA,NA,HR,NA
L7,IO_25_36,NA,36,NA,NA,HR,NA
F10,NC,NA,NOPAD/UNCONNECTED,NA,NA,NA,NA
C11,NC,NA,NOPAD/UNCONNECTED,NA,NA,NA,NA
B11,NC,NA,NOPAD/UNCONNECTED,NA,NA,NA,NA
E11,NC,NA,NOPAD/UNCONNECTED,NA,NA,NA,NA
D11,NC,NA,NOPAD/UNCONNECTED,NA,NA,NA,NA
B9,NC,NA,NOPAD/UNCONNECTED,NA,NA,NA,NA
A9,NC,NA,NOPAD/UNCONNECTED,NA,NA,NA,NA
B10,NC,NA,NOPAD/UNCONNECTED,NA,NA,NA,NA
A10,NC,NA,NOPAD/UNCONNECTED,NA,NA,NA,NA
E10,NC,NA,NOPAD/UNCONNECTED,NA,NA,NA,NA
D10,NC,NA,NOPAD/UNCONNECTED,NA,NA,NA,NA
D9,NC,NA,NOPAD/UNCONNECTED,NA,NA,NA,NA
C9,NC,NA,NOPAD/UNCONNECTED,NA,NA,NA,NA
B7,NC,NA,NOPAD/UNCONNECTED,NA,NA,NA,NA
B6,NC,NA,NOPAD/UNCONNECTED,NA,NA,NA,NA
A8,NC,NA,NOPAD/UNCONNECTED,NA,NA,NA,NA
A7,NC,NA,NOPAD/UNCONNECTED,NA,NA,NA,NA
F9,NC,NA,NOPAD/UNCONNECTED,NA,NA,NA,NA
F8,NC,NA,NOPAD/UNCONNECTED,NA,NA,NA,NA
D8,NC,NA,NOPAD/UNCONNECTED,NA,NA,NA,NA
C8,NC,NA,NOPAD/UNCONNECTED,NA,NA,NA,NA
E8,NC,NA,NOPAD/UNCONNECTED,NA,NA,NA,NA
E7,NC,NA,NOPAD/UNCONNECTED,NA,NA,NA,NA
C7,NC,NA,NOPAD/UNCONNECTED,NA,NA,NA,NA
C6,NC,NA,NOPAD/UNCONNECTED,NA,NA,NA,NA
D6,NC,NA,NOPAD/UNCONNECTED,NA,NA,NA,NA
D5,NC,NA,NOPAD/UNCONNECTED,NA,NA,NA,NA
E6,NC,NA,NOPAD/UNCONNECTED,NA,NA,NA,NA
E5,NC,NA,NOPAD/UNCONNECTED,NA,NA,NA,NA
B4,NC,NA,NOPAD/UNCONNECTED,NA,NA,NA,NA
A4,NC,NA,NOPAD/UNCONNECTED,NA,NA,NA,NA
B5,NC,NA,NOPAD/UNCONNECTED,NA,NA,NA,NA
A5,NC,NA,NOPAD/UNCONNECTED,NA,NA,NA,NA
D4,NC,NA,NOPAD/UNCONNECTED,NA,NA,NA,NA
C4,NC,NA,NOPAD/UNCONNECTED,NA,NA,NA,NA
F5,NC,NA,NOPAD/UNCONNECTED,NA,NA,NA,NA
F4,NC,NA,NOPAD/UNCONNECTED,NA,NA,NA,NA
D3,NC,NA,NOPAD/UNCONNECTED,NA,NA,NA,NA
C3,NC,NA,NOPAD/UNCONNECTED,NA,NA,NA,NA
A3,NC,NA,NOPAD/UNCONNECTED,NA,NA,NA,NA
A2,NC,NA,NOPAD/UNCONNECTED,NA,NA,NA,NA
C2,NC,NA,NOPAD/UNCONNECTED,NA,NA,NA,NA
B2,NC,NA,NOPAD/UNCONNECTED,NA,NA,NA,NA
C1,NC,NA,NOPAD/UNCONNECTED,NA,NA,NA,NA
B1,NC,NA,NOPAD/UNCONNECTED,NA,NA,NA,NA
E1,NC,NA,NOPAD/UNCONNECTED,NA,NA,NA,NA
D1,NC,NA,NOPAD/UNCONNECTED,NA,NA,NA,NA
E3,NC,NA,NOPAD/UNCONNECTED,NA,NA,NA,NA
E2,NC,NA,NOPAD/UNCONNECTED,NA,NA,NA,NA
F7,NC,NA,NOPAD/UNCONNECTED,NA,NA,NA,NA
AN13,MGTPTXP3_113,NA,113,NA,NA,GTP,NA
AJ13,MGTPRXP3_113,NA,113,NA,NA,GTP,NA
AP13,MGTPTXN3_113,NA,113,NA,NA,GTP,NA
AK13,MGTPRXN3_113,NA,113,NA,NA,GTP,NA
AL14,MGTPTXP2_113,NA,113,NA,NA,GTP,NA
AJ15,MGTPRXP2_113,NA,113,NA,NA,GTP,NA
AM14,MGTPTXN2_113,NA,113,NA,NA,GTP,NA
AK15,MGTPRXN2_113,NA,113,NA,NA,GTP,NA
AG14,MGTREFCLK0P_113,NA,113,NA,NA,GTP,NA
AH14,MGTREFCLK0N_113,NA,113,NA,NA,GTP,NA
AH16,MGTREFCLK1N_113,NA,113,NA,NA,GTP,NA
AG16,MGTREFCLK1P_113,NA,113,NA,NA,GTP,NA
AN15,MGTPTXP1_113,NA,113,NA,NA,GTP,NA
AL16,MGTPRXP1_113,NA,113,NA,NA,GTP,NA
AP15,MGTPTXN1_113,NA,113,NA,NA,GTP,NA
AM16,MGTPRXN1_113,NA,113,NA,NA,GTP,NA
AN17,MGTPTXP0_113,NA,113,NA,NA,GTP,NA
AJ17,MGTPRXP0_113,NA,113,NA,NA,GTP,NA
AP17,MGTPTXN0_113,NA,113,NA,NA,GTP,NA
AK17,MGTPRXN0_113,NA,113,NA,NA,GTP,NA
B17,MGTPTXP3_116,NA,116,NA,NA,GTP,NA
F17,MGTPRXP3_116,NA,116,NA,NA,GTP,NA
A17,MGTPTXN3_116,NA,116,NA,NA,GTP,NA
E17,MGTPRXN3_116,NA,116,NA,NA,GTP,NA
B15,MGTPTXP2_116,NA,116,NA,NA,GTP,NA
D16,MGTPRXP2_116,NA,116,NA,NA,GTP,NA
A15,MGTPTXN2_116,NA,116,NA,NA,GTP,NA
C16,MGTPRXN2_116,NA,116,NA,NA,GTP,NA
H16,MGTREFCLK0P_116,NA,116,NA,NA,GTP,NA
G16,MGTREFCLK0N_116,NA,116,NA,NA,GTP,NA
G14,MGTREFCLK1N_116,NA,116,NA,NA,GTP,NA
H14,MGTREFCLK1P_116,NA,116,NA,NA,GTP,NA
D14,MGTPTXP1_116,NA,116,NA,NA,GTP,NA
F15,MGTPRXP1_116,NA,116,NA,NA,GTP,NA
C14,MGTPTXN1_116,NA,116,NA,NA,GTP,NA
E15,MGTPRXN1_116,NA,116,NA,NA,GTP,NA
B13,MGTPTXP0_116,NA,116,NA,NA,GTP,NA
F13,MGTPRXP0_116,NA,116,NA,NA,GTP,NA
A13,MGTPTXN0_116,NA,116,NA,NA,GTP,NA
E13,MGTPRXN0_116,NA,116,NA,NA,GTP,NA
AN23,MGTPTXP3_213,NA,213,NA,NA,GTP,NA
AJ21,MGTPRXP3_213,NA,213,NA,NA,GTP,NA
AP23,MGTPTXN3_213,NA,213,NA,NA,GTP,NA
AK21,MGTPRXN3_213,NA,213,NA,NA,GTP,NA
AL22,MGTPTXP2_213,NA,213,NA,NA,GTP,NA
AL20,MGTPRXP2_213,NA,213,NA,NA,GTP,NA
AM22,MGTPTXN2_213,NA,213,NA,NA,GTP,NA
AM20,MGTPRXN2_213,NA,213,NA,NA,GTP,NA
AH20,MGTREFCLK0N_213,NA,213,NA,NA,GTP,NA
AG20,MGTREFCLK0P_213,NA,213,NA,NA,GTP,NA
AH22,MGTRREF_213,NA,213,NA,NA,GTP,NA
AG18,MGTREFCLK1P_213,NA,213,NA,NA,GTP,NA
AH18,MGTREFCLK1N_213,NA,213,NA,NA,GTP,NA
AN21,MGTPTXP1_213,NA,213,NA,NA,GTP,NA
AJ19,MGTPRXP1_213,NA,213,NA,NA,GTP,NA
AP21,MGTPTXN1_213,NA,213,NA,NA,GTP,NA
AK19,MGTPRXN1_213,NA,213,NA,NA,GTP,NA
AN19,MGTPTXP0_213,NA,213,NA,NA,GTP,NA
AL18,MGTPRXP0_213,NA,213,NA,NA,GTP,NA
AP19,MGTPTXN0_213,NA,213,NA,NA,GTP,NA
AM18,MGTPRXN0_213,NA,213,NA,NA,GTP,NA
B19,MGTPTXP3_216,NA,216,NA,NA,GTP,NA
D18,MGTPRXP3_216,NA,216,NA,NA,GTP,NA
A19,MGTPTXN3_216,NA,216,NA,NA,GTP,NA
C18,MGTPRXN3_216,NA,216,NA,NA,GTP,NA
B21,MGTPTXP2_216,NA,216,NA,NA,GTP,NA
F19,MGTPRXP2_216,NA,216,NA,NA,GTP,NA
A21,MGTPTXN2_216,NA,216,NA,NA,GTP,NA
E19,MGTPRXN2_216,NA,216,NA,NA,GTP,NA
G18,MGTREFCLK0N_216,NA,216,NA,NA,GTP,NA
H18,MGTREFCLK0P_216,NA,216,NA,NA,GTP,NA
G22,MGTRREF_216,NA,216,NA,NA,GTP,NA
H20,MGTREFCLK1P_216,NA,216,NA,NA,GTP,NA
G20,MGTREFCLK1N_216,NA,216,NA,NA,GTP,NA
D22,MGTPTXP1_216,NA,216,NA,NA,GTP,NA
D20,MGTPRXP1_216,NA,216,NA,NA,GTP,NA
C22,MGTPTXN1_216,NA,216,NA,NA,GTP,NA
C20,MGTPRXN1_216,NA,216,NA,NA,GTP,NA
B23,MGTPTXP0_216,NA,216,NA,NA,GTP,NA
F21,MGTPRXP0_216,NA,216,NA,NA,GTP,NA
A23,MGTPTXN0_216,NA,216,NA,NA,GTP,NA
E21,MGTPRXN0_216,NA,216,NA,NA,GTP,NA
AG15,MGTAVCC_G10,NA,NA,NA,NA,NA,NA
AG17,MGTAVCC_G10,NA,NA,NA,NA,NA,NA
AG19,MGTAVCC_G10,NA,NA,NA,NA,NA,NA
AG21,MGTAVCC_G10,NA,NA,NA,NA,NA,NA
AJ14,MGTAVCC_G10,NA,NA,NA,NA,NA,NA
AJ16,MGTAVCC_G10,NA,NA,NA,NA,NA,NA
AJ18,MGTAVCC_G10,NA,NA,NA,NA,NA,NA
AJ20,MGTAVCC_G10,NA,NA,NA,NA,NA,NA
F14,MGTAVCC_G11,NA,NA,NA,NA,NA,NA
F16,MGTAVCC_G11,NA,NA,NA,NA,NA,NA
F18,MGTAVCC_G11,NA,NA,NA,NA,NA,NA
F20,MGTAVCC_G11,NA,NA,NA,NA,NA,NA
H15,MGTAVCC_G11,NA,NA,NA,NA,NA,NA
H17,MGTAVCC_G11,NA,NA,NA,NA,NA,NA
H19,MGTAVCC_G11,NA,NA,NA,NA,NA,NA
H21,MGTAVCC_G11,NA,NA,NA,NA,NA,NA
AJ22,MGTAVTT_G10,NA,NA,NA,NA,NA,NA
AL13,MGTAVTT_G10,NA,NA,NA,NA,NA,NA
AL15,MGTAVTT_G10,NA,NA,NA,NA,NA,NA
AL17,MGTAVTT_G10,NA,NA,NA,NA,NA,NA
AL19,MGTAVTT_G10,NA,NA,NA,NA,NA,NA
AL21,MGTAVTT_G10,NA,NA,NA,NA,NA,NA
AN14,MGTAVTT_G10,NA,NA,NA,NA,NA,NA
AN16,MGTAVTT_G10,NA,NA,NA,NA,NA,NA
AN18,MGTAVTT_G10,NA,NA,NA,NA,NA,NA
AN20,MGTAVTT_G10,NA,NA,NA,NA,NA,NA
AN22,MGTAVTT_G10,NA,NA,NA,NA,NA,NA
B14,MGTAVTT_G11,NA,NA,NA,NA,NA,NA
B16,MGTAVTT_G11,NA,NA,NA,NA,NA,NA
B18,MGTAVTT_G11,NA,NA,NA,NA,NA,NA
B20,MGTAVTT_G11,NA,NA,NA,NA,NA,NA
B22,MGTAVTT_G11,NA,NA,NA,NA,NA,NA
D13,MGTAVTT_G11,NA,NA,NA,NA,NA,NA
D15,MGTAVTT_G11,NA,NA,NA,NA,NA,NA
D17,MGTAVTT_G11,NA,NA,NA,NA,NA,NA
D19,MGTAVTT_G11,NA,NA,NA,NA,NA,NA
D21,MGTAVTT_G11,NA,NA,NA,NA,NA,NA
F22,MGTAVTT_G11,NA,NA,NA,NA,NA,NA
A1,GND,NA,NA,NA,NA,NA,NA
A11,GND,NA,NA,NA,NA,NA,NA
A12,GND,NA,NA,NA,NA,NA,NA
A14,GND,NA,NA,NA,NA,NA,NA
A16,GND,NA,NA,NA,NA,NA,NA
A18,GND,NA,NA,NA,NA,NA,NA
A20,GND,NA,NA,NA,NA,NA,NA
A22,GND,NA,NA,NA,NA,NA,NA
A24,GND,NA,NA,NA,NA,NA,NA
A26,GND,NA,NA,NA,NA,NA,NA
B8,GND,NA,NA,NA,NA,NA,NA
B12,GND,NA,NA,NA,NA,NA,NA
B24,GND,NA,NA,NA,NA,NA,NA
B33,GND,NA,NA,NA,NA,NA,NA
C5,GND,NA,NA,NA,NA,NA,NA
C12,GND,NA,NA,NA,NA,NA,NA
C13,GND,NA,NA,NA,NA,NA,NA
C15,GND,NA,NA,NA,NA,NA,NA
C17,GND,NA,NA,NA,NA,NA,NA
C19,GND,NA,NA,NA,NA,NA,NA
C21,GND,NA,NA,NA,NA,NA,NA
C23,GND,NA,NA,NA,NA,NA,NA
C24,GND,NA,NA,NA,NA,NA,NA
C30,GND,NA,NA,NA,NA,NA,NA
D2,GND,NA,NA,NA,NA,NA,NA
D12,GND,NA,NA,NA,NA,NA,NA
D23,GND,NA,NA,NA,NA,NA,NA
D27,GND,NA,NA,NA,NA,NA,NA
E9,GND,NA,NA,NA,NA,NA,NA
E12,GND,NA,NA,NA,NA,NA,NA
E14,GND,NA,NA,NA,NA,NA,NA
E16,GND,NA,NA,NA,NA,NA,NA
E18,GND,NA,NA,NA,NA,NA,NA
E20,GND,NA,NA,NA,NA,NA,NA
E22,GND,NA,NA,NA,NA,NA,NA
E23,GND,NA,NA,NA,NA,NA,NA
E24,GND,NA,NA,NA,NA,NA,NA
E34,GND,NA,NA,NA,NA,NA,NA
F6,GND,NA,NA,NA,NA,NA,NA
F12,GND,NA,NA,NA,NA,NA,NA
F23,GND,NA,NA,NA,NA,NA,NA
F31,GND,NA,NA,NA,NA,NA,NA
G3,GND,NA,NA,NA,NA,NA,NA
G12,GND,NA,NA,NA,NA,NA,NA
G13,GND,NA,NA,NA,NA,NA,NA
G15,GND,NA,NA,NA,NA,NA,NA
G17,GND,NA,NA,NA,NA,NA,NA
G19,GND,NA,NA,NA,NA,NA,NA
G21,GND,NA,NA,NA,NA,NA,NA
G23,GND,NA,NA,NA,NA,NA,NA
G28,GND,NA,NA,NA,NA,NA,NA
H10,GND,NA,NA,NA,NA,NA,NA
H13,GND,NA,NA,NA,NA,NA,NA
H22,GND,NA,NA,NA,NA,NA,NA
H23,GND,NA,NA,NA,NA,NA,NA
H25,GND,NA,NA,NA,NA,NA,NA
J7,GND,NA,NA,NA,NA,NA,NA
J13,GND,NA,NA,NA,NA,NA,NA
J14,GND,NA,NA,NA,NA,NA,NA
J15,GND,NA,NA,NA,NA,NA,NA
J16,GND,NA,NA,NA,NA,NA,NA
J17,GND,NA,NA,NA,NA,NA,NA
J18,GND,NA,NA,NA,NA,NA,NA
J19,GND,NA,NA,NA,NA,NA,NA
J20,GND,NA,NA,NA,NA,NA,NA
J21,GND,NA,NA,NA,NA,NA,NA
J22,GND,NA,NA,NA,NA,NA,NA
J32,GND,NA,NA,NA,NA,NA,NA
K4,GND,NA,NA,NA,NA,NA,NA
K15,GND,NA,NA,NA,NA,NA,NA
K17,GND,NA,NA,NA,NA,NA,NA
K19,GND,NA,NA,NA,NA,NA,NA
K29,GND,NA,NA,NA,NA,NA,NA
L1,GND,NA,NA,NA,NA,NA,NA
L11,GND,NA,NA,NA,NA,NA,NA
L14,GND,NA,NA,NA,NA,NA,NA
L16,GND,NA,NA,NA,NA,NA,NA
L18,GND,NA,NA,NA,NA,NA,NA
L20,GND,NA,NA,NA,NA,NA,NA
L26,GND,NA,NA,NA,NA,NA,NA
M8,GND,NA,NA,NA,NA,NA,NA
M13,GND,NA,NA,NA,NA,NA,NA
M15,GND,NA,NA,NA,NA,NA,NA
M17,GND,NA,NA,NA,NA,NA,NA
M19,GND,NA,NA,NA,NA,NA,NA
M21,GND,NA,NA,NA,NA,NA,NA
M23,GND,NA,NA,NA,NA,NA,NA
M33,GND,NA,NA,NA,NA,NA,NA
N5,GND,NA,NA,NA,NA,NA,NA
N12,GND,NA,NA,NA,NA,NA,NA
N14,GND,NA,NA,NA,NA,NA,NA
N16,GND,NA,NA,NA,NA,NA,NA
N18,GND,NA,NA,NA,NA,NA,NA
N20,GND,NA,NA,NA,NA,NA,NA
N22,GND,NA,NA,NA,NA,NA,NA
N30,GND,NA,NA,NA,NA,NA,NA
P2,GND,NA,NA,NA,NA,NA,NA
P13,GND,NA,NA,NA,NA,NA,NA
P15,GND,NA,NA,NA,NA,NA,NA
P17,GND,NA,NA,NA,NA,NA,NA
P19,GND,NA,NA,NA,NA,NA,NA
P21,GND,NA,NA,NA,NA,NA,NA
P23,GND,NA,NA,NA,NA,NA,NA
P27,GND,NA,NA,NA,NA,NA,NA
R9,GND,NA,NA,NA,NA,NA,NA
R12,GND,NA,NA,NA,NA,NA,NA
R14,GND,NA,NA,NA,NA,NA,NA
R16,GND,NA,NA,NA,NA,NA,NA
R18,GND,NA,NA,NA,NA,NA,NA
R20,GND,NA,NA,NA,NA,NA,NA
R22,GND,NA,NA,NA,NA,NA,NA
R24,GND,NA,NA,NA,NA,NA,NA
R34,GND,NA,NA,NA,NA,NA,NA
T6,GND,NA,NA,NA,NA,NA,NA
T13,GND,NA,NA,NA,NA,NA,NA
T15,GND,NA,NA,NA,NA,NA,NA
T19,GND,NA,NA,NA,NA,NA,NA
T21,GND,NA,NA,NA,NA,NA,NA
T23,GND,NA,NA,NA,NA,NA,NA
T31,GND,NA,NA,NA,NA,NA,NA
U3,GND,NA,NA,NA,NA,NA,NA
U12,GND,NA,NA,NA,NA,NA,NA
U14,GND,NA,NA,NA,NA,NA,NA
U16,GND,NA,NA,NA,NA,NA,NA
U20,GND,NA,NA,NA,NA,NA,NA
U22,GND,NA,NA,NA,NA,NA,NA
U28,GND,NA,NA,NA,NA,NA,NA
V10,GND,NA,NA,NA,NA,NA,NA
V13,GND,NA,NA,NA,NA,NA,NA
V15,GND,NA,NA,NA,NA,NA,NA
V19,GND,NA,NA,NA,NA,NA,NA
V21,GND,NA,NA,NA,NA,NA,NA
V23,GND,NA,NA,NA,NA,NA,NA
V25,GND,NA,NA,NA,NA,NA,NA
W7,GND,NA,NA,NA,NA,NA,NA
W12,GND,NA,NA,NA,NA,NA,NA
W14,GND,NA,NA,NA,NA,NA,NA
W16,GND,NA,NA,NA,NA,NA,NA
W20,GND,NA,NA,NA,NA,NA,NA
W22,GND,NA,NA,NA,NA,NA,NA
W32,GND,NA,NA,NA,NA,NA,NA
Y4,GND,NA,NA,NA,NA,NA,NA
Y13,GND,NA,NA,NA,NA,NA,NA
Y15,GND,NA,NA,NA,NA,NA,NA
Y17,GND,NA,NA,NA,NA,NA,NA
Y19,GND,NA,NA,NA,NA,NA,NA
Y21,GND,NA,NA,NA,NA,NA,NA
Y23,GND,NA,NA,NA,NA,NA,NA
Y29,GND,NA,NA,NA,NA,NA,NA
AA1,GND,NA,NA,NA,NA,NA,NA
AA11,GND,NA,NA,NA,NA,NA,NA
AA12,GND,NA,NA,NA,NA,NA,NA
AA14,GND,NA,NA,NA,NA,NA,NA
AA16,GND,NA,NA,NA,NA,NA,NA
AA18,GND,NA,NA,NA,NA,NA,NA
AA20,GND,NA,NA,NA,NA,NA,NA
AA22,GND,NA,NA,NA,NA,NA,NA
AA26,GND,NA,NA,NA,NA,NA,NA
AB8,GND,NA,NA,NA,NA,NA,NA
AB13,GND,NA,NA,NA,NA,NA,NA
AB15,GND,NA,NA,NA,NA,NA,NA
AB17,GND,NA,NA,NA,NA,NA,NA
AB19,GND,NA,NA,NA,NA,NA,NA
AB21,GND,NA,NA,NA,NA,NA,NA
AB23,GND,NA,NA,NA,NA,NA,NA
AB33,GND,NA,NA,NA,NA,NA,NA
AC5,GND,NA,NA,NA,NA,NA,NA
AC12,GND,NA,NA,NA,NA,NA,NA
AC14,GND,NA,NA,NA,NA,NA,NA
AC16,GND,NA,NA,NA,NA,NA,NA
AC18,GND,NA,NA,NA,NA,NA,NA
AC20,GND,NA,NA,NA,NA,NA,NA
AC22,GND,NA,NA,NA,NA,NA,NA
AC30,GND,NA,NA,NA,NA,NA,NA
AD2,GND,NA,NA,NA,NA,NA,NA
AD15,GND,NA,NA,NA,NA,NA,NA
AD17,GND,NA,NA,NA,NA,NA,NA
AD19,GND,NA,NA,NA,NA,NA,NA
AD21,GND,NA,NA,NA,NA,NA,NA
AD27,GND,NA,NA,NA,NA,NA,NA
AE9,GND,NA,NA,NA,NA,NA,NA
AE16,GND,NA,NA,NA,NA,NA,NA
AE18,GND,NA,NA,NA,NA,NA,NA
AE20,GND,NA,NA,NA,NA,NA,NA
AE22,GND,NA,NA,NA,NA,NA,NA
AE24,GND,NA,NA,NA,NA,NA,NA
AE34,GND,NA,NA,NA,NA,NA,NA
AF6,GND,NA,NA,NA,NA,NA,NA
AF13,GND,NA,NA,NA,NA,NA,NA
AF14,GND,NA,NA,NA,NA,NA,NA
AF15,GND,NA,NA,NA,NA,NA,NA
AF16,GND,NA,NA,NA,NA,NA,NA
AF17,GND,NA,NA,NA,NA,NA,NA
AF18,GND,NA,NA,NA,NA,NA,NA
AF19,GND,NA,NA,NA,NA,NA,NA
AF20,GND,NA,NA,NA,NA,NA,NA
AF21,GND,NA,NA,NA,NA,NA,NA
AF22,GND,NA,NA,NA,NA,NA,NA
AF31,GND,NA,NA,NA,NA,NA,NA
AG3,GND,NA,NA,NA,NA,NA,NA
AG13,GND,NA,NA,NA,NA,NA,NA
AG22,GND,NA,NA,NA,NA,NA,NA
AG23,GND,NA,NA,NA,NA,NA,NA
AG28,GND,NA,NA,NA,NA,NA,NA
AH10,GND,NA,NA,NA,NA,NA,NA
AH12,GND,NA,NA,NA,NA,NA,NA
AH13,GND,NA,NA,NA,NA,NA,NA
AH15,GND,NA,NA,NA,NA,NA,NA
AH17,GND,NA,NA,NA,NA,NA,NA
AH19,GND,NA,NA,NA,NA,NA,NA
AH21,GND,NA,NA,NA,NA,NA,NA
AH23,GND,NA,NA,NA,NA,NA,NA
AH25,GND,NA,NA,NA,NA,NA,NA
AJ7,GND,NA,NA,NA,NA,NA,NA
AJ12,GND,NA,NA,NA,NA,NA,NA
AJ23,GND,NA,NA,NA,NA,NA,NA
AJ32,GND,NA,NA,NA,NA,NA,NA
AK4,GND,NA,NA,NA,NA,NA,NA
AK12,GND,NA,NA,NA,NA,NA,NA
AK14,GND,NA,NA,NA,NA,NA,NA
AK16,GND,NA,NA,NA,NA,NA,NA
AK18,GND,NA,NA,NA,NA,NA,NA
AK20,GND,NA,NA,NA,NA,NA,NA
AK22,GND,NA,NA,NA,NA,NA,NA
AK23,GND,NA,NA,NA,NA,NA,NA
AK24,GND,NA,NA,NA,NA,NA,NA
AK29,GND,NA,NA,NA,NA,NA,NA
AL1,GND,NA,NA,NA,NA,NA,NA
AL11,GND,NA,NA,NA,NA,NA,NA
AL12,GND,NA,NA,NA,NA,NA,NA
AL23,GND,NA,NA,NA,NA,NA,NA
AL26,GND,NA,NA,NA,NA,NA,NA
AM8,GND,NA,NA,NA,NA,NA,NA
AM12,GND,NA,NA,NA,NA,NA,NA
AM13,GND,NA,NA,NA,NA,NA,NA
AM15,GND,NA,NA,NA,NA,NA,NA
AM17,GND,NA,NA,NA,NA,NA,NA
AM19,GND,NA,NA,NA,NA,NA,NA
AM21,GND,NA,NA,NA,NA,NA,NA
AM23,GND,NA,NA,NA,NA,NA,NA
AM24,GND,NA,NA,NA,NA,NA,NA
AM33,GND,NA,NA,NA,NA,NA,NA
AN5,GND,NA,NA,NA,NA,NA,NA
AN12,GND,NA,NA,NA,NA,NA,NA
AN24,GND,NA,NA,NA,NA,NA,NA
AN30,GND,NA,NA,NA,NA,NA,NA
AP2,GND,NA,NA,NA,NA,NA,NA
AP12,GND,NA,NA,NA,NA,NA,NA
AP14,GND,NA,NA,NA,NA,NA,NA
AP16,GND,NA,NA,NA,NA,NA,NA
AP18,GND,NA,NA,NA,NA,NA,NA
AP20,GND,NA,NA,NA,NA,NA,NA
AP22,GND,NA,NA,NA,NA,NA,NA
AP24,GND,NA,NA,NA,NA,NA,NA
AP27,GND,NA,NA,NA,NA,NA,NA
K14,VCCINT,NA,NA,NA,NA,NA,NA
K16,VCCINT,NA,NA,NA,NA,NA,NA
K18,VCCINT,NA,NA,NA,NA,NA,NA
K20,VCCINT,NA,NA,NA,NA,NA,NA
L15,VCCINT,NA,NA,NA,NA,NA,NA
L17,VCCINT,NA,NA,NA,NA,NA,NA
L19,VCCINT,NA,NA,NA,NA,NA,NA
L21,VCCINT,NA,NA,NA,NA,NA,NA
M14,VCCINT,NA,NA,NA,NA,NA,NA
M16,VCCINT,NA,NA,NA,NA,NA,NA
M18,VCCINT,NA,NA,NA,NA,NA,NA
N15,VCCINT,NA,NA,NA,NA,NA,NA
N17,VCCINT,NA,NA,NA,NA,NA,NA
N19,VCCINT,NA,NA,NA,NA,NA,NA
P14,VCCINT,NA,NA,NA,NA,NA,NA
P16,VCCINT,NA,NA,NA,NA,NA,NA
P18,VCCINT,NA,NA,NA,NA,NA,NA
R15,VCCINT,NA,NA,NA,NA,NA,NA
R17,VCCINT,NA,NA,NA,NA,NA,NA
R19,VCCINT,NA,NA,NA,NA,NA,NA
T14,VCCINT,NA,NA,NA,NA,NA,NA
T16,VCCINT,NA,NA,NA,NA,NA,NA
U15,VCCINT,NA,NA,NA,NA,NA,NA
U19,VCCINT,NA,NA,NA,NA,NA,NA
V14,VCCINT,NA,NA,NA,NA,NA,NA
V16,VCCINT,NA,NA,NA,NA,NA,NA
W15,VCCINT,NA,NA,NA,NA,NA,NA
W19,VCCINT,NA,NA,NA,NA,NA,NA
Y14,VCCINT,NA,NA,NA,NA,NA,NA
Y16,VCCINT,NA,NA,NA,NA,NA,NA
Y18,VCCINT,NA,NA,NA,NA,NA,NA
AA15,VCCINT,NA,NA,NA,NA,NA,NA
AA17,VCCINT,NA,NA,NA,NA,NA,NA
AA19,VCCINT,NA,NA,NA,NA,NA,NA
AB14,VCCINT,NA,NA,NA,NA,NA,NA
AB16,VCCINT,NA,NA,NA,NA,NA,NA
AB18,VCCINT,NA,NA,NA,NA,NA,NA
AC15,VCCINT,NA,NA,NA,NA,NA,NA
AC17,VCCINT,NA,NA,NA,NA,NA,NA
AC19,VCCINT,NA,NA,NA,NA,NA,NA
AD14,VCCINT,NA,NA,NA,NA,NA,NA
AD16,VCCINT,NA,NA,NA,NA,NA,NA
AD18,VCCINT,NA,NA,NA,NA,NA,NA
AD20,VCCINT,NA,NA,NA,NA,NA,NA
AD22,VCCINT,NA,NA,NA,NA,NA,NA
AE15,VCCINT,NA,NA,NA,NA,NA,NA
AE17,VCCINT,NA,NA,NA,NA,NA,NA
AE19,VCCINT,NA,NA,NA,NA,NA,NA
AE21,VCCINT,NA,NA,NA,NA,NA,NA
M22,VCCAUX,NA,NA,NA,NA,NA,NA
N13,VCCAUX,NA,NA,NA,NA,NA,NA
N23,VCCAUX,NA,NA,NA,NA,NA,NA
P12,VCCAUX,NA,NA,NA,NA,NA,NA
P22,VCCAUX,NA,NA,NA,NA,NA,NA
R13,VCCAUX,NA,NA,NA,NA,NA,NA
R23,VCCAUX,NA,NA,NA,NA,NA,NA
T12,VCCAUX,NA,NA,NA,NA,NA,NA
T22,VCCAUX,NA,NA,NA,NA,NA,NA
U13,VCCAUX,NA,NA,NA,NA,NA,NA
U23,VCCAUX,NA,NA,NA,NA,NA,NA
V12,VCCAUX,NA,NA,NA,NA,NA,NA
V22,VCCAUX,NA,NA,NA,NA,NA,NA
W13,VCCAUX,NA,NA,NA,NA,NA,NA
W23,VCCAUX,NA,NA,NA,NA,NA,NA
Y12,VCCAUX,NA,NA,NA,NA,NA,NA
Y22,VCCAUX,NA,NA,NA,NA,NA,NA
AA13,VCCAUX,NA,NA,NA,NA,NA,NA
AA23,VCCAUX,NA,NA,NA,NA,NA,NA
AB12,VCCAUX,NA,NA,NA,NA,NA,NA
AB22,VCCAUX,NA,NA,NA,NA,NA,NA
AC13,VCCAUX,NA,NA,NA,NA,NA,NA
AC23,VCCAUX,NA,NA,NA,NA,NA,NA
AD12,VCCAUX,NA,NA,NA,NA,NA,NA
L13,VCCO_0,NA,0,NA,NA,NA,NA
T11,VCCO_0,NA,0,NA,NA,NA,NA
AJ27,VCCO_12,NA,12,NA,NA,NA,NA
AK34,VCCO_12,NA,12,NA,NA,NA,NA
AL31,VCCO_12,NA,12,NA,NA,NA,NA
AM28,VCCO_12,NA,12,NA,NA,NA,NA
AN25,VCCO_12,NA,12,NA,NA,NA,NA
AP32,VCCO_12,NA,12,NA,NA,NA,NA
AC25,VCCO_13,NA,13,NA,NA,NA,NA
AD32,VCCO_13,NA,13,NA,NA,NA,NA
AE29,VCCO_13,NA,13,NA,NA,NA,NA
AF26,VCCO_13,NA,13,NA,NA,NA,NA
AG33,VCCO_13,NA,13,NA,NA,NA,NA
AH30,VCCO_13,NA,13,NA,NA,NA,NA
V30,VCCO_14,NA,14,NA,NA,NA,NA
W27,VCCO_14,NA,14,NA,NA,NA,NA
Y24,VCCO_14,NA,14,NA,NA,NA,NA
Y34,VCCO_14,NA,14,NA,NA,NA,NA
AA31,VCCO_14,NA,14,NA,NA,NA,NA
AB28,VCCO_14,NA,14,NA,NA,NA,NA
M28,VCCO_15,NA,15,NA,NA,NA,NA
N25,VCCO_15,NA,15,NA,NA,NA,NA
P32,VCCO_15,NA,15,NA,NA,NA,NA
R29,VCCO_15,NA,15,NA,NA,NA,NA
T26,VCCO_15,NA,15,NA,NA,NA,NA
U33,VCCO_15,NA,15,NA,NA,NA,NA
G33,VCCO_16,NA,16,NA,NA,NA,NA
H30,VCCO_16,NA,16,NA,NA,NA,NA
J27,VCCO_16,NA,16,NA,NA,NA,NA
K24,VCCO_16,NA,16,NA,NA,NA,NA
K34,VCCO_16,NA,16,NA,NA,NA,NA
L31,VCCO_16,NA,16,NA,NA,NA,NA
A31,VCCO_17,NA,17,NA,NA,NA,NA
B28,VCCO_17,NA,17,NA,NA,NA,NA
C25,VCCO_17,NA,17,NA,NA,NA,NA
D32,VCCO_17,NA,17,NA,NA,NA,NA
E29,VCCO_17,NA,17,NA,NA,NA,NA
F26,VCCO_17,NA,17,NA,NA,NA,NA
AJ2,VCCO_32,NA,32,NA,NA,NA,NA
AK9,VCCO_32,NA,32,NA,NA,NA,NA
AL6,VCCO_32,NA,32,NA,NA,NA,NA
AM3,VCCO_32,NA,32,NA,NA,NA,NA
AN10,VCCO_32,NA,32,NA,NA,NA,NA
AP7,VCCO_32,NA,32,NA,NA,NA,NA
AD7,VCCO_33,NA,33,NA,NA,NA,NA
AE4,VCCO_33,NA,33,NA,NA,NA,NA
AF1,VCCO_33,NA,33,NA,NA,NA,NA
AF11,VCCO_33,NA,33,NA,NA,NA,NA
AG8,VCCO_33,NA,33,NA,NA,NA,NA
AH5,VCCO_33,NA,33,NA,NA,NA,NA
V5,VCCO_34,NA,34,NA,NA,NA,NA
W2,VCCO_34,NA,34,NA,NA,NA,NA
Y9,VCCO_34,NA,34,NA,NA,NA,NA
AA6,VCCO_34,NA,34,NA,NA,NA,NA
AB3,VCCO_34,NA,34,NA,NA,NA,NA
AC10,VCCO_34,NA,34,NA,NA,NA,NA
M3,VCCO_35,NA,35,NA,NA,NA,NA
N10,VCCO_35,NA,35,NA,NA,NA,NA
P7,VCCO_35,NA,35,NA,NA,NA,NA
R4,VCCO_35,NA,35,NA,NA,NA,NA
T1,VCCO_35,NA,35,NA,NA,NA,NA
U8,VCCO_35,NA,35,NA,NA,NA,NA
F1,VCCO_36,NA,36,NA,NA,NA,NA
G8,VCCO_36,NA,36,NA,NA,NA,NA
H5,VCCO_36,NA,36,NA,NA,NA,NA
J2,VCCO_36,NA,36,NA,NA,NA,NA
J12,VCCO_36,NA,36,NA,NA,NA,NA
K9,VCCO_36,NA,36,NA,NA,NA,NA
L6,VCCO_36,NA,36,NA,NA,NA,NA
A6,VCCO_37,NA,37,NA,NA,NA,NA
B3,VCCO_37,NA,37,NA,NA,NA,NA
C10,VCCO_37,NA,37,NA,NA,NA,NA
D7,VCCO_37,NA,37,NA,NA,NA,NA
E4,VCCO_37,NA,37,NA,NA,NA,NA
F11,VCCO_37,NA,37,NA,NA,NA,NA
M20,VCCBRAM,NA,NA,NA,NA,NA,NA
N21,VCCBRAM,NA,NA,NA,NA,NA,NA
P20,VCCBRAM,NA,NA,NA,NA,NA,NA
R21,VCCBRAM,NA,NA,NA,NA,NA,NA
T20,VCCBRAM,NA,NA,NA,NA,NA,NA
U21,VCCBRAM,NA,NA,NA,NA,NA,NA
V20,VCCBRAM,NA,NA,NA,NA,NA,NA
W21,VCCBRAM,NA,NA,NA,NA,NA,NA
Y20,VCCBRAM,NA,NA,NA,NA,NA,NA
AA21,VCCBRAM,NA,NA,NA,NA,NA,NA
AB20,VCCBRAM,NA,NA,NA,NA,NA,NA
AC21,VCCBRAM,NA,NA,NA,NA,NA,NA
,,,,,,,
Total Number of Pins, 1156,,,,,,,
